acd_name,openalex_author_id,openalex_work_id,author_position,is_corresponding,_link_key
Dr Aakriti  Gupta,A5016354767,W2131039992,first,False,Dr Aakriti  Gupta|W2131039992
Dr Aakriti  Gupta,A5016354767,W2066443369,first,True,Dr Aakriti  Gupta|W2066443369
Dr Aakriti  Gupta,A5016354767,W1857449875,first,False,Dr Aakriti  Gupta|W1857449875
Dr Aakriti  Gupta,A5016354767,W3023980205,first,True,Dr Aakriti  Gupta|W3023980205
Dr Aakriti  Gupta,A5016354767,W2345641474,first,True,Dr Aakriti  Gupta|W2345641474
Dr Aakriti  Gupta,A5016354767,W1906331985,first,False,Dr Aakriti  Gupta|W1906331985
Dr Aakriti  Gupta,A5016354767,W2652202789,middle,False,Dr Aakriti  Gupta|W2652202789
Dr Aakriti  Gupta,A5016354767,W2496158973,first,False,Dr Aakriti  Gupta|W2496158973
Dr Aakriti  Gupta,A5016354767,W2171045894,middle,False,Dr Aakriti  Gupta|W2171045894
Dr Aakriti  Gupta,A5016354767,W2315184940,middle,False,Dr Aakriti  Gupta|W2315184940
Dr Aakriti  Gupta,A5016354767,W3170525497,middle,False,Dr Aakriti  Gupta|W3170525497
Dr Aakriti  Gupta,A5016354767,W4206668002,first,False,Dr Aakriti  Gupta|W4206668002
Dr Adam Robert Andrew Daunton,A5081386231,W2285201826,middle,False,Dr Adam Robert Andrew Daunton|W2285201826
Dr Adam Robert Andrew Daunton,A5081386231,W2148752090,first,False,Dr Adam Robert Andrew Daunton|W2148752090
Dr Adam Robert Andrew Daunton,A5081386231,W2254494621,middle,False,Dr Adam Robert Andrew Daunton|W2254494621
Dr Adam Robert Andrew Daunton,A5081386231,W4280521508,middle,False,Dr Adam Robert Andrew Daunton|W4280521508
Dr Adam Robert Andrew Daunton,A5081386231,W2419426707,middle,False,Dr Adam Robert Andrew Daunton|W2419426707
Dr Adam Robert Andrew Daunton,A5081386231,W4365443687,first,True,Dr Adam Robert Andrew Daunton|W4365443687
Dr Adam Robert Andrew Daunton,A5081386231,W3214846869,middle,False,Dr Adam Robert Andrew Daunton|W3214846869
Dr Adam Robert Andrew Daunton,A5081386231,W2923983356,first,True,Dr Adam Robert Andrew Daunton|W2923983356
Dr Adam Robert Andrew Daunton,A5081386231,W2941083404,first,True,Dr Adam Robert Andrew Daunton|W2941083404
Dr Adam Robert Andrew Daunton,A5081386231,W4248128364,middle,False,Dr Adam Robert Andrew Daunton|W4248128364
Dr Adam Robert Andrew Daunton,A5081386231,W2905341416,first,False,Dr Adam Robert Andrew Daunton|W2905341416
Dr Adam Robert Andrew Daunton,A5081386231,W2204122738,first,False,Dr Adam Robert Andrew Daunton|W2204122738
Dr Adam Robert Andrew Daunton,A5081386231,W4414673637,middle,False,Dr Adam Robert Andrew Daunton|W4414673637
Dr Adam Robert Andrew Daunton,A5081386231,W4411732702,last,False,Dr Adam Robert Andrew Daunton|W4411732702
Dr Adam Robert Andrew Daunton,A5081386231,W3022715455,first,False,Dr Adam Robert Andrew Daunton|W3022715455
Dr Adam Robert Andrew Daunton,A5081386231,W2145940123,first,False,Dr Adam Robert Andrew Daunton|W2145940123
Dr Adam Robert Andrew Daunton,A5081386231,W2599120744,middle,False,Dr Adam Robert Andrew Daunton|W2599120744
Dr Adam Robert Andrew Daunton,A5081386231,W2179345136,first,False,Dr Adam Robert Andrew Daunton|W2179345136
Dr Adam Robert Andrew Daunton,A5081386231,W2884866367,first,True,Dr Adam Robert Andrew Daunton|W2884866367
Dr Adam Robert Andrew Daunton,A5081386231,W2268044987,first,False,Dr Adam Robert Andrew Daunton|W2268044987
Dr Adam Robert Andrew Daunton,A5081386231,W2523517156,first,False,Dr Adam Robert Andrew Daunton|W2523517156
Dr Adam Robert Andrew Daunton,A5081386231,W2558256750,first,False,Dr Adam Robert Andrew Daunton|W2558256750
Dr Adam Robert Andrew Daunton,A5081386231,W3135899335,first,True,Dr Adam Robert Andrew Daunton|W3135899335
Dr Adam Robert Andrew Daunton,A5081386231,W3201163399,first,True,Dr Adam Robert Andrew Daunton|W3201163399
Dr Adam Robert Andrew Daunton,A5081386231,W4214833069,middle,False,Dr Adam Robert Andrew Daunton|W4214833069
Dr Adam Robert Andrew Daunton,A5081386231,W4214859140,middle,False,Dr Adam Robert Andrew Daunton|W4214859140
Dr Adam Robert Andrew Daunton,A5081386231,W4317615546,middle,False,Dr Adam Robert Andrew Daunton|W4317615546
Dr Adam Robert Andrew Daunton,A5081386231,W4319334426,last,False,Dr Adam Robert Andrew Daunton|W4319334426
Dr Adam Robert Andrew Daunton,A5081386231,W4376871992,last,False,Dr Adam Robert Andrew Daunton|W4376871992
Dr Adam Robert Andrew Daunton,A5081386231,W4385752394,last,False,Dr Adam Robert Andrew Daunton|W4385752394
Dr Adam Robert Andrew Daunton,A5081386231,W4385971707,last,False,Dr Adam Robert Andrew Daunton|W4385971707
Dr Adam Robert Andrew Daunton,A5081386231,W4390016124,first,True,Dr Adam Robert Andrew Daunton|W4390016124
Dr Adam Robert Andrew Daunton,A5081386231,W655741039,last,False,Dr Adam Robert Andrew Daunton|W655741039
Dr Adam Robert Andrew Daunton,A5081386231,W7125831133,middle,False,Dr Adam Robert Andrew Daunton|W7125831133
Dr Adam Robert Andrew Daunton,A5081386231,W7128953473,middle,False,Dr Adam Robert Andrew Daunton|W7128953473
Dr Adam Robert Andrew Daunton,A5081386231,W7160621322,middle,False,Dr Adam Robert Andrew Daunton|W7160621322
Dr Adam Thomas Sheridan,A5031507930,W2139525078,middle,False,Dr Adam Thomas Sheridan|W2139525078
Dr Adam Thomas Sheridan,A5031507930,W2005111710,first,False,Dr Adam Thomas Sheridan|W2005111710
Dr Adam Thomas Sheridan,A5031507930,W2147549045,middle,True,Dr Adam Thomas Sheridan|W2147549045
Dr Adam Thomas Sheridan,A5031507930,W4392357250,last,False,Dr Adam Thomas Sheridan|W4392357250
Dr Adam Thomas Sheridan,A5031507930,W2052210809,middle,False,Dr Adam Thomas Sheridan|W2052210809
Dr Adam Thomas Sheridan,A5031507930,W2076495295,middle,False,Dr Adam Thomas Sheridan|W2076495295
Dr Adam Thomas Sheridan,A5031507930,W1996286088,first,False,Dr Adam Thomas Sheridan|W1996286088
Dr Adam Thomas Sheridan,A5031507930,W2081854306,first,True,Dr Adam Thomas Sheridan|W2081854306
Dr Adam Thomas Sheridan,A5031507930,W2050823625,first,True,Dr Adam Thomas Sheridan|W2050823625
Dr Adam Thomas Sheridan,A5031507930,W2085810218,middle,False,Dr Adam Thomas Sheridan|W2085810218
Dr Adam Thomas Sheridan,A5031507930,W23899566,last,False,Dr Adam Thomas Sheridan|W23899566
Dr Adam Thomas Sheridan,A5031507930,W1508176599,first,True,Dr Adam Thomas Sheridan|W1508176599
Dr Adam Thomas Sheridan,A5031507930,W2149000481,first,True,Dr Adam Thomas Sheridan|W2149000481
Dr Adam Thomas Sheridan,A5031507930,W2914043483,middle,False,Dr Adam Thomas Sheridan|W2914043483
Dr Adam Thomas Sheridan,A5031507930,W4411339116,last,False,Dr Adam Thomas Sheridan|W4411339116
Dr Adrian Cheow Yang See,A5031668156,W2033576276,middle,False,Dr Adrian Cheow Yang See|W2033576276
Dr Adrian Cheow Yang See,A5031668156,W2159461257,first,False,Dr Adrian Cheow Yang See|W2159461257
Dr Adrian Cheow Yang See,A5031668156,W1970168973,first,True,Dr Adrian Cheow Yang See|W1970168973
Dr Adrian Cheow Yang See,A5031668156,W2150375551,last,False,Dr Adrian Cheow Yang See|W2150375551
Dr Adrian Cheow Yang See,A5031668156,W2157820231,middle,False,Dr Adrian Cheow Yang See|W2157820231
Dr Adrian Cheow Yang See,A5031668156,W2103775545,middle,False,Dr Adrian Cheow Yang See|W2103775545
Dr Adrian Cheow Yang See,A5031668156,W2098741974,first,False,Dr Adrian Cheow Yang See|W2098741974
Dr Adrian Cheow Yang See,A5031668156,W2599306506,last,False,Dr Adrian Cheow Yang See|W2599306506
Dr Adrian Wah-Ying Mar,A5049644243,W283007130,middle,False,Dr Adrian Wah-Ying Mar|W283007130
Dr Adrian Wah-Ying Mar,A5049644243,W1965597818,middle,False,Dr Adrian Wah-Ying Mar|W1965597818
Dr Adrian Wah-Ying Mar,A5049644243,W2111839555,middle,False,Dr Adrian Wah-Ying Mar|W2111839555
Dr Adrian Wah-Ying Mar,A5049644243,W2980910709,middle,False,Dr Adrian Wah-Ying Mar|W2980910709
Dr Adrian Wah-Ying Mar,A5049644243,W4394873555,middle,False,Dr Adrian Wah-Ying Mar|W4394873555
Dr Adrian Wah-Ying Mar,A5049644243,W4401323553,middle,False,Dr Adrian Wah-Ying Mar|W4401323553
Dr Adrian Wah-Ying Mar,A5049644243,W2771393606,last,True,Dr Adrian Wah-Ying Mar|W2771393606
Dr Adrian Wah-Ying Mar,A5049644243,W1933960295,middle,False,Dr Adrian Wah-Ying Mar|W1933960295
Dr Adrian Wah-Ying Mar,A5049644243,W2992776075,last,False,Dr Adrian Wah-Ying Mar|W2992776075
Dr Adrian Wah-Ying Mar,A5049644243,W4225270799,last,False,Dr Adrian Wah-Ying Mar|W4225270799
Dr Adrian Wah-Ying Mar,A5049644243,W4376871854,last,False,Dr Adrian Wah-Ying Mar|W4376871854
Dr Adrian Wah-Ying Mar,A5049644243,W2090900200,middle,False,Dr Adrian Wah-Ying Mar|W2090900200
Dr Adrian Wah-Ying Mar,A5049644243,W2017075338,first,False,Dr Adrian Wah-Ying Mar|W2017075338
Dr Adrian Wah-Ying Mar,A5049644243,W2152818560,first,False,Dr Adrian Wah-Ying Mar|W2152818560
Dr Adrian Wah-Ying Mar,A5049644243,W3088206645,last,False,Dr Adrian Wah-Ying Mar|W3088206645
Dr Adrian Wah-Ying Mar,A5049644243,W2319709679,last,True,Dr Adrian Wah-Ying Mar|W2319709679
Dr Adrian Wah-Ying Mar,A5049644243,W3081008068,last,False,Dr Adrian Wah-Ying Mar|W3081008068
Dr Adrian Wah-Ying Mar,A5049644243,W2045940008,middle,False,Dr Adrian Wah-Ying Mar|W2045940008
Dr Adrian Wah-Ying Mar,A5049644243,W23899566,middle,False,Dr Adrian Wah-Ying Mar|W23899566
Dr Adrian Wah-Ying Mar,A5049644243,W2891349572,last,False,Dr Adrian Wah-Ying Mar|W2891349572
Dr Adrian Wah-Ying Mar,A5049644243,W1984275737,first,False,Dr Adrian Wah-Ying Mar|W1984275737
Dr Adrian Wah-Ying Mar,A5049644243,W2089471246,first,True,Dr Adrian Wah-Ying Mar|W2089471246
Dr Adrian Wah-Ying Mar,A5049644243,W2419471839,first,False,Dr Adrian Wah-Ying Mar|W2419471839
Dr Adrian Wah-Ying Mar,A5049644243,W2152267747,middle,False,Dr Adrian Wah-Ying Mar|W2152267747
Dr Adrian Wah-Ying Mar,A5049644243,W1995876177,middle,False,Dr Adrian Wah-Ying Mar|W1995876177
Dr Adrian Wah-Ying Mar,A5049644243,W2523284324,middle,False,Dr Adrian Wah-Ying Mar|W2523284324
Dr Adrian Wah-Ying Mar,A5049644243,W2983715775,middle,False,Dr Adrian Wah-Ying Mar|W2983715775
Dr Adrian Wah-Ying Mar,A5049644243,W1204713742,middle,False,Dr Adrian Wah-Ying Mar|W1204713742
Dr Adrian Wah-Ying Mar,A5049644243,W4249681253,middle,False,Dr Adrian Wah-Ying Mar|W4249681253
Dr Adrian Wah-Ying Mar,A5049644243,W2116801394,middle,False,Dr Adrian Wah-Ying Mar|W2116801394
Dr Adrian Wah-Ying Mar,A5049644243,W2187635024,last,False,Dr Adrian Wah-Ying Mar|W2187635024
Dr Adrian Wah-Ying Mar,A5049644243,W2465092639,last,False,Dr Adrian Wah-Ying Mar|W2465092639
Dr Adrian Wah-Ying Mar,A5049644243,W2598322505,middle,False,Dr Adrian Wah-Ying Mar|W2598322505
Dr Adrian Wah-Ying Mar,A5049644243,W2902797187,first,True,Dr Adrian Wah-Ying Mar|W2902797187
Dr Adrian Wah-Ying Mar,A5049644243,W4231953599,middle,False,Dr Adrian Wah-Ying Mar|W4231953599
Dr Adrian Wah-Ying Mar,A5049644243,W4234885522,middle,False,Dr Adrian Wah-Ying Mar|W4234885522
Dr Adrian Wah-Ying Mar,A5049644243,W4255532814,middle,False,Dr Adrian Wah-Ying Mar|W4255532814
Dr Adrian Wah-Ying Mar,A5049644243,W4361245790,last,False,Dr Adrian Wah-Ying Mar|W4361245790
Dr Adrian Wah-Ying Mar,A5049644243,W4409534413,middle,False,Dr Adrian Wah-Ying Mar|W4409534413
Dr Adrian Wah-Ying Mar,A5049644243,W4416389856,middle,False,Dr Adrian Wah-Ying Mar|W4416389856
Dr Adrian Wah-Ying Mar,A5049644243,W7134819117,middle,False,Dr Adrian Wah-Ying Mar|W7134819117
Dr Adrian Wah-Ying Mar,A5049644243,W7140292769,middle,False,Dr Adrian Wah-Ying Mar|W7140292769
Dr Adrian Wah-Ying Mar,A5049644243,W7151785345,middle,False,Dr Adrian Wah-Ying Mar|W7151785345
Dr Adriene Yoke Lian Lee,A5068636131,W1926060772,middle,False,Dr Adriene Yoke Lian Lee|W1926060772
Dr Adriene Yoke Lian Lee,A5068636131,W1670195678,middle,False,Dr Adriene Yoke Lian Lee|W1670195678
Dr Adriene Yoke Lian Lee,A5068636131,W4302009687,last,False,Dr Adriene Yoke Lian Lee|W4302009687
Dr Adriene Yoke Lian Lee,A5068636131,W1977399729,middle,False,Dr Adriene Yoke Lian Lee|W1977399729
Dr Adriene Yoke Lian Lee,A5068636131,W2151322804,first,False,Dr Adriene Yoke Lian Lee|W2151322804
Dr Adriene Yoke Lian Lee,A5068636131,W1577872264,first,True,Dr Adriene Yoke Lian Lee|W1577872264
Dr Adriene Yoke Lian Lee,A5068636131,W1898661480,middle,False,Dr Adriene Yoke Lian Lee|W1898661480
Dr Adriene Yoke Lian Lee,A5068636131,W1972472160,first,False,Dr Adriene Yoke Lian Lee|W1972472160
Dr Adriene Yoke Lian Lee,A5068636131,W2026919424,middle,False,Dr Adriene Yoke Lian Lee|W2026919424
Dr Adriene Yoke Lian Lee,A5068636131,W2083900164,first,False,Dr Adriene Yoke Lian Lee|W2083900164
Dr Adriene Yoke Lian Lee,A5068636131,W2050300030,middle,False,Dr Adriene Yoke Lian Lee|W2050300030
Dr Adriene Yoke Lian Lee,A5068636131,W4200195023,middle,False,Dr Adriene Yoke Lian Lee|W4200195023
Dr Adriene Yoke Lian Lee,A5068636131,W4405451113,middle,False,Dr Adriene Yoke Lian Lee|W4405451113
Dr Adriene Yoke Lian Lee,A5068636131,W1490862321,middle,False,Dr Adriene Yoke Lian Lee|W1490862321
Dr Adriene Yoke Lian Lee,A5068636131,W2114417498,last,False,Dr Adriene Yoke Lian Lee|W2114417498
Dr Adriene Yoke Lian Lee,A5068636131,W2938372676,last,False,Dr Adriene Yoke Lian Lee|W2938372676
Dr Adriene Yoke Lian Lee,A5068636131,W2026672372,last,False,Dr Adriene Yoke Lian Lee|W2026672372
Dr Adriene Yoke Lian Lee,A5068636131,W7131675416,middle,False,Dr Adriene Yoke Lian Lee|W7131675416
Dr Adriene Yoke Lian Lee,A5068636131,W3020977878,last,False,Dr Adriene Yoke Lian Lee|W3020977878
Dr Adriene Yoke Lian Lee,A5068636131,W4200447420,last,False,Dr Adriene Yoke Lian Lee|W4200447420
Dr Adriene Yoke Lian Lee,A5068636131,W4322624608,last,False,Dr Adriene Yoke Lian Lee|W4322624608
Dr Adriene Yoke Lian Lee,A5068636131,W2041010581,middle,False,Dr Adriene Yoke Lian Lee|W2041010581
Dr Adriene Yoke Lian Lee,A5068636131,W4246552107,first,False,Dr Adriene Yoke Lian Lee|W4246552107
Dr Adriene Yoke Lian Lee,A5068636131,W7128497490,middle,False,Dr Adriene Yoke Lian Lee|W7128497490
Dr Adriene Yoke Lian Lee,A5068636131,W2330809041,middle,False,Dr Adriene Yoke Lian Lee|W2330809041
Dr Adriene Yoke Lian Lee,A5068636131,W2744339599,middle,False,Dr Adriene Yoke Lian Lee|W2744339599
Dr Adriene Yoke Lian Lee,A5068636131,W4231401532,first,True,Dr Adriene Yoke Lian Lee|W4231401532
Dr Adriene Yoke Lian Lee,A5068636131,W4237438466,first,True,Dr Adriene Yoke Lian Lee|W4237438466
Dr Adriene Yoke Lian Lee,A5068636131,W4239914687,middle,False,Dr Adriene Yoke Lian Lee|W4239914687
Dr Adriene Yoke Lian Lee,A5068636131,W4243093611,first,True,Dr Adriene Yoke Lian Lee|W4243093611
Dr Adriene Yoke Lian Lee,A5068636131,W4244280444,first,True,Dr Adriene Yoke Lian Lee|W4244280444
Dr Adriene Yoke Lian Lee,A5068636131,W4247947142,first,True,Dr Adriene Yoke Lian Lee|W4247947142
Dr Adriene Yoke Lian Lee,A5068636131,W4255207227,first,True,Dr Adriene Yoke Lian Lee|W4255207227
Dr Adriene Yoke Lian Lee,A5068636131,W4406270788,first,True,Dr Adriene Yoke Lian Lee|W4406270788
Dr Adriene Yoke Lian Lee,A5068636131,W4407899295,first,True,Dr Adriene Yoke Lian Lee|W4407899295
Dr Alain Khoi Tran,A5037615804,W2908610976,first,True,Dr Alain Khoi Tran|W2908610976
Dr Alain Khoi Tran,A5037615804,W3199559262,middle,False,Dr Alain Khoi Tran|W3199559262
Dr Alain Khoi Tran,A5037615804,W3008954904,first,True,Dr Alain Khoi Tran|W3008954904
Dr Alain Khoi Tran,A5037615804,W4413355953,last,False,Dr Alain Khoi Tran|W4413355953
Dr Alain Khoi Tran,A5037615804,W2972503236,first,True,Dr Alain Khoi Tran|W2972503236
Dr Alain Khoi Tran,A5037615804,W4407987733,first,True,Dr Alain Khoi Tran|W4407987733
Dr Alan Michael Donnelly,A5005092540,W4236185148,last,True,Dr Alan Michael Donnelly|W4236185148
Dr Alexander James Tedman,A5050672966,W4322719565,middle,False,Dr Alexander James Tedman|W4322719565
Dr Alexander James Tedman,A5050672966,W3090305380,first,True,Dr Alexander James Tedman|W3090305380
Dr Alexander James Tedman,A5050672966,W4317358578,first,False,Dr Alexander James Tedman|W4317358578
Dr Alexandra Louise Varol,A5111640823,W2071216146,first,False,Dr Alexandra Louise Varol|W2071216146
Dr Alexandra Louise Varol,A5111640823,W2040317433,first,True,Dr Alexandra Louise Varol|W2040317433
Dr Alexandra Louise Varol,A5111640823,W2008930112,first,False,Dr Alexandra Louise Varol|W2008930112
Dr Alexandra Louise Varol,A5111640823,W2981015879,middle,False,Dr Alexandra Louise Varol|W2981015879
Dr Alexis Daniel Lara Rivero,A5126815191,W7131371125,last,False,Dr Alexis Daniel Lara Rivero|W7131371125
Dr Alvand  Amiri,A5000468851,W3011086660,last,False,Dr Alvand  Amiri|W3011086660
Dr Alvin Heong On Chong,A5135112067,W7160182132,last,False,Dr Alvin Heong On Chong|W7160182132
Dr Amanda  Glanz,A5034001319,W4412523156,middle,False,Dr Amanda  Glanz|W4412523156
Dr Amanda  Glanz,A5034001319,W7134976278,middle,False,Dr Amanda  Glanz|W7134976278
Dr Amanda  Glanz,A5034001319,W4404326044,middle,False,Dr Amanda  Glanz|W4404326044
Dr Amanda  Glanz,A5034001319,W4400004097,last,False,Dr Amanda  Glanz|W4400004097
Dr Amanda  Glanz,A5034001319,W4415595932,middle,False,Dr Amanda  Glanz|W4415595932
Dr Amanda  Glanz,A5034001319,W4417476603,middle,False,Dr Amanda  Glanz|W4417476603
Dr Amanda  Glanz,A5034001319,W7127283705,middle,False,Dr Amanda  Glanz|W7127283705
Dr Amanda Jayne Dore,A5089222759,W2593538788,middle,False,Dr Amanda Jayne Dore|W2593538788
Dr Amanda Jayne Dore,A5089222759,W1566343784,middle,False,Dr Amanda Jayne Dore|W1566343784
Dr Amanda Jayne Dore,A5089222759,W4417350630,last,False,Dr Amanda Jayne Dore|W4417350630
Dr Amanda Jayne Dore,A5089222759,W2036002606,first,True,Dr Amanda Jayne Dore|W2036002606
Dr Amanda Jayne Dore,A5089222759,W2038060840,first,True,Dr Amanda Jayne Dore|W2038060840
Dr Amanda Mary Godbolt,A5044499142,W2015589733,first,True,Dr Amanda Mary Godbolt|W2015589733
Dr Amanda Mary Godbolt,A5044499142,W2007883354,last,False,Dr Amanda Mary Godbolt|W2007883354
Dr Amanda Mary Godbolt,A5044499142,W2049987990,middle,False,Dr Amanda Mary Godbolt|W2049987990
Dr Amanda Mary Godbolt,A5044499142,W2102687868,middle,False,Dr Amanda Mary Godbolt|W2102687868
Dr Amanda Mary Godbolt,A5044499142,W2122765330,middle,False,Dr Amanda Mary Godbolt|W2122765330
Dr Amanda Mary Godbolt,A5044499142,W2029011202,first,True,Dr Amanda Mary Godbolt|W2029011202
Dr Amanda Mary Godbolt,A5044499142,W1722507713,middle,False,Dr Amanda Mary Godbolt|W1722507713
Dr Amanda Mary Godbolt,A5044499142,W4409204497,last,False,Dr Amanda Mary Godbolt|W4409204497
Dr Amanda Mary Godbolt,A5044499142,W2057514262,middle,False,Dr Amanda Mary Godbolt|W2057514262
Dr Amanda Mary Godbolt,A5044499142,W7131418561,middle,False,Dr Amanda Mary Godbolt|W7131418561
Dr Ana Isabel Rodriguez Bandera,A5025711754,W3193452342,first,False,Dr Ana Isabel Rodriguez Bandera|W3193452342
Dr Ana Isabel Rodriguez Bandera,A5025711754,W2946619968,middle,False,Dr Ana Isabel Rodriguez Bandera|W2946619968
Dr Ana Isabel Rodriguez Bandera,A5025711754,W2905280742,middle,False,Dr Ana Isabel Rodriguez Bandera|W2905280742
Dr Ana Isabel Rodriguez Bandera,A5025711754,W2991425398,first,True,Dr Ana Isabel Rodriguez Bandera|W2991425398
Dr Ana Isabel Rodriguez Bandera,A5025711754,W2896960794,first,True,Dr Ana Isabel Rodriguez Bandera|W2896960794
Dr Ana Isabel Rodriguez Bandera,A5025711754,W2991376686,first,True,Dr Ana Isabel Rodriguez Bandera|W2991376686
Dr Ana Isabel Rodriguez Bandera,A5025711754,W3044977028,middle,True,Dr Ana Isabel Rodriguez Bandera|W3044977028
Dr Ana Isabel Rodriguez Bandera,A5025711754,W3000717590,first,True,Dr Ana Isabel Rodriguez Bandera|W3000717590
Dr Ana Isabel Rodriguez Bandera,A5025711754,W2110893348,first,True,Dr Ana Isabel Rodriguez Bandera|W2110893348
Dr Ana Isabel Rodriguez Bandera,A5025711754,W1594127590,first,True,Dr Ana Isabel Rodriguez Bandera|W1594127590
Dr Ana Isabel Rodriguez Bandera,A5025711754,W2778021911,middle,False,Dr Ana Isabel Rodriguez Bandera|W2778021911
Dr Ana Isabel Rodriguez Bandera,A5025711754,W2803805805,first,True,Dr Ana Isabel Rodriguez Bandera|W2803805805
Dr Ana Isabel Rodriguez Bandera,A5025711754,W3150355454,middle,False,Dr Ana Isabel Rodriguez Bandera|W3150355454
Dr Ana Isabel Rodriguez Bandera,A5025711754,W1971209871,first,True,Dr Ana Isabel Rodriguez Bandera|W1971209871
Dr Ana Isabel Rodriguez Bandera,A5025711754,W2888907422,first,False,Dr Ana Isabel Rodriguez Bandera|W2888907422
Dr Ana Isabel Rodriguez Bandera,A5025711754,W2810513948,first,True,Dr Ana Isabel Rodriguez Bandera|W2810513948
Dr Ana Isabel Rodriguez Bandera,A5025711754,W3023119610,first,True,Dr Ana Isabel Rodriguez Bandera|W3023119610
Dr Ana Isabel Rodriguez Bandera,A5025711754,W2896092769,middle,False,Dr Ana Isabel Rodriguez Bandera|W2896092769
Dr Ana Isabel Rodriguez Bandera,A5025711754,W3080807987,middle,True,Dr Ana Isabel Rodriguez Bandera|W3080807987
Dr Ana Isabel Rodriguez Bandera,A5025711754,W1970905837,first,True,Dr Ana Isabel Rodriguez Bandera|W1970905837
Dr Ana Isabel Rodriguez Bandera,A5025711754,W2899692250,first,True,Dr Ana Isabel Rodriguez Bandera|W2899692250
Dr Ana Isabel Rodriguez Bandera,A5025711754,W2003063917,first,True,Dr Ana Isabel Rodriguez Bandera|W2003063917
Dr Ana Isabel Rodriguez Bandera,A5025711754,W2922078739,first,False,Dr Ana Isabel Rodriguez Bandera|W2922078739
Dr Ana Isabel Rodriguez Bandera,A5025711754,W2936866293,first,False,Dr Ana Isabel Rodriguez Bandera|W2936866293
Dr Ana Isabel Rodriguez Bandera,A5025711754,W2007724049,first,True,Dr Ana Isabel Rodriguez Bandera|W2007724049
Dr Ana Isabel Rodriguez Bandera,A5025711754,W2254931143,first,True,Dr Ana Isabel Rodriguez Bandera|W2254931143
Dr Ana Isabel Rodriguez Bandera,A5025711754,W2395885072,middle,False,Dr Ana Isabel Rodriguez Bandera|W2395885072
Dr Ana Isabel Rodriguez Bandera,A5025711754,W69791572,middle,False,Dr Ana Isabel Rodriguez Bandera|W69791572
Dr Ana Isabel Rodriguez Bandera,A5025711754,W1986265001,first,True,Dr Ana Isabel Rodriguez Bandera|W1986265001
Dr Ana Isabel Rodriguez Bandera,A5025711754,W2320791820,middle,False,Dr Ana Isabel Rodriguez Bandera|W2320791820
Dr Ana Isabel Rodriguez Bandera,A5025711754,W2409036038,middle,False,Dr Ana Isabel Rodriguez Bandera|W2409036038
Dr Ana Isabel Rodriguez Bandera,A5025711754,W2410279558,middle,False,Dr Ana Isabel Rodriguez Bandera|W2410279558
Dr Ana Isabel Rodriguez Bandera,A5025711754,W2416481128,middle,False,Dr Ana Isabel Rodriguez Bandera|W2416481128
Dr Ana Isabel Rodriguez Bandera,A5025711754,W3035973106,middle,False,Dr Ana Isabel Rodriguez Bandera|W3035973106
Dr Ana Isabel Rodriguez Bandera,A5025711754,W3098839023,middle,False,Dr Ana Isabel Rodriguez Bandera|W3098839023
Dr Ana Isabel Rodriguez Bandera,A5025711754,W3113187324,middle,False,Dr Ana Isabel Rodriguez Bandera|W3113187324
Dr Ana Isabel Rodriguez Bandera,A5025711754,W4251378385,first,False,Dr Ana Isabel Rodriguez Bandera|W4251378385
Dr Ana Isabel Rodriguez Bandera,A5025711754,W4313127367,first,True,Dr Ana Isabel Rodriguez Bandera|W4313127367
Dr Anastasios  Stavrakoglou,A5014189689,W4288686004,middle,False,Dr Anastasios  Stavrakoglou|W4288686004
Dr Anastasios  Stavrakoglou,A5014189689,W2008369500,middle,False,Dr Anastasios  Stavrakoglou|W2008369500
Dr Anastasios  Stavrakoglou,A5014189689,W2101908749,first,False,Dr Anastasios  Stavrakoglou|W2101908749
Dr Anastasios  Stavrakoglou,A5014189689,W2058758322,first,False,Dr Anastasios  Stavrakoglou|W2058758322
Dr Anastasios  Stavrakoglou,A5014189689,W2418314983,last,False,Dr Anastasios  Stavrakoglou|W2418314983
Dr Anastasios  Stavrakoglou,A5014189689,W2724557864,last,False,Dr Anastasios  Stavrakoglou|W2724557864
Dr Anastasios  Stavrakoglou,A5014189689,W4220721857,last,False,Dr Anastasios  Stavrakoglou|W4220721857
Dr Anastasios  Stavrakoglou,A5014189689,W2121738011,last,False,Dr Anastasios  Stavrakoglou|W2121738011
Dr Anastasios  Stavrakoglou,A5014189689,W2154823668,first,False,Dr Anastasios  Stavrakoglou|W2154823668
Dr Andrew Campbell Satchell,A5085949418,W2047375042,first,False,Dr Andrew Campbell Satchell|W2047375042
Dr Andrew Campbell Satchell,A5085949418,W2015072334,first,False,Dr Andrew Campbell Satchell|W2015072334
Dr Andrew Campbell Satchell,A5085949418,W2803062292,middle,False,Dr Andrew Campbell Satchell|W2803062292
Dr Andrew Campbell Satchell,A5085949418,W2082158921,first,False,Dr Andrew Campbell Satchell|W2082158921
Dr Andrew Campbell Satchell,A5085949418,W2050942615,middle,False,Dr Andrew Campbell Satchell|W2050942615
Dr Andrew Campbell Satchell,A5085949418,W2094844377,first,False,Dr Andrew Campbell Satchell|W2094844377
Dr Andrew Campbell Satchell,A5085949418,W1994074871,first,False,Dr Andrew Campbell Satchell|W1994074871
Dr Andrew Campbell Satchell,A5085949418,W4379094492,middle,False,Dr Andrew Campbell Satchell|W4379094492
Dr Andrew Campbell Satchell,A5085949418,W2768078668,middle,False,Dr Andrew Campbell Satchell|W2768078668
Dr Andrew Campbell Satchell,A5085949418,W2077357376,last,False,Dr Andrew Campbell Satchell|W2077357376
Dr Andrew Peter Jevtic,A5111467713,W1599550648,last,False,Dr Andrew Peter Jevtic|W1599550648
Dr Andrew Peter Jevtic,A5111467713,W2168107949,first,True,Dr Andrew Peter Jevtic|W2168107949
Dr Andrew Peter Jevtic,A5111467713,W1991587795,first,True,Dr Andrew Peter Jevtic|W1991587795
Dr Andrew Peter Jevtic,A5111467713,W2092228760,first,True,Dr Andrew Peter Jevtic|W2092228760
Dr Andrew Peter Jevtic,A5111467713,W2421925621,last,False,Dr Andrew Peter Jevtic|W2421925621
Dr Andrew Peter Jevtic,A5111467713,W2073551612,last,False,Dr Andrew Peter Jevtic|W2073551612
Dr Andrew William Swarbrick,A5028545621,W3186014945,first,False,Dr Andrew William Swarbrick|W3186014945
Dr Andrew William Swarbrick,A5028545621,W2617211561,first,False,Dr Andrew William Swarbrick|W2617211561
Dr Andrew William Swarbrick,A5028545621,W2758664170,first,False,Dr Andrew William Swarbrick|W2758664170
Dr Anes  Yang,A5062515634,W2965246258,last,False,Dr Anes  Yang|W2965246258
Dr Anes  Yang,A5062515634,W4324129496,middle,False,Dr Anes  Yang|W4324129496
Dr Anes  Yang,A5062515634,W1950295481,middle,False,Dr Anes  Yang|W1950295481
Dr Anes  Yang,A5062515634,W2952678668,middle,False,Dr Anes  Yang|W2952678668
Dr Anes  Yang,A5062515634,W2953809537,first,False,Dr Anes  Yang|W2953809537
Dr Anes  Yang,A5062515634,W4225287756,middle,False,Dr Anes  Yang|W4225287756
Dr Anes  Yang,A5062515634,W2518162452,middle,False,Dr Anes  Yang|W2518162452
Dr Anes  Yang,A5062515634,W2972335125,middle,False,Dr Anes  Yang|W2972335125
Dr Anes  Yang,A5062515634,W2940497125,first,True,Dr Anes  Yang|W2940497125
Dr Anes  Yang,A5062515634,W4225378164,middle,False,Dr Anes  Yang|W4225378164
Dr Anes  Yang,A5062515634,W2793540258,middle,False,Dr Anes  Yang|W2793540258
Dr Anes  Yang,A5062515634,W2887151381,middle,False,Dr Anes  Yang|W2887151381
Dr Anes  Yang,A5062515634,W2799929798,first,False,Dr Anes  Yang|W2799929798
Dr Anes  Yang,A5062515634,W2937221967,first,True,Dr Anes  Yang|W2937221967
Dr Anes  Yang,A5062515634,W3041216673,middle,False,Dr Anes  Yang|W3041216673
Dr Anes  Yang,A5062515634,W2963543787,first,False,Dr Anes  Yang|W2963543787
Dr Anes  Yang,A5062515634,W4295910731,middle,False,Dr Anes  Yang|W4295910731
Dr Anes  Yang,A5062515634,W4386254771,middle,False,Dr Anes  Yang|W4386254771
Dr Anes  Yang,A5062515634,W2440378860,middle,False,Dr Anes  Yang|W2440378860
Dr Anes  Yang,A5062515634,W2969265571,middle,False,Dr Anes  Yang|W2969265571
Dr Anes  Yang,A5062515634,W2969882270,first,False,Dr Anes  Yang|W2969882270
Dr Anes  Yang,A5062515634,W2980753506,first,True,Dr Anes  Yang|W2980753506
Dr Anes  Yang,A5062515634,W3115330149,middle,False,Dr Anes  Yang|W3115330149
Dr Anes  Yang,A5062515634,W2910348291,first,False,Dr Anes  Yang|W2910348291
Dr Anes  Yang,A5062515634,W3016254171,first,False,Dr Anes  Yang|W3016254171
Dr Anes  Yang,A5062515634,W2915053430,first,False,Dr Anes  Yang|W2915053430
Dr Anes  Yang,A5062515634,W2885323695,first,True,Dr Anes  Yang|W2885323695
Dr Anes  Yang,A5062515634,W2767682061,first,False,Dr Anes  Yang|W2767682061
Dr Anes  Yang,A5062515634,W2802692855,middle,False,Dr Anes  Yang|W2802692855
Dr Anes  Yang,A5062515634,W2802904674,middle,False,Dr Anes  Yang|W2802904674
Dr Anes  Yang,A5062515634,W3014377063,middle,False,Dr Anes  Yang|W3014377063
Dr Anes  Yang,A5062515634,W3202037057,first,False,Dr Anes  Yang|W3202037057
Dr Anes  Yang,A5062515634,W4361004045,middle,False,Dr Anes  Yang|W4361004045
Dr Angelica  Tjokrowidjaja,A5089133510,W3016347071,middle,False,Dr Angelica  Tjokrowidjaja|W3016347071
Dr Anina Kaisli-Maaria Fitzgibbon,A5087893215,W7126209965,middle,False,Dr Anina Kaisli-Maaria Fitzgibbon|W7126209965
Dr Anina Kaisli-Maaria Fitzgibbon,A5087893215,W1971550141,middle,False,Dr Anina Kaisli-Maaria Fitzgibbon|W1971550141
Dr Anina Kaisli-Maaria Fitzgibbon,A5087893215,W2601971994,middle,False,Dr Anina Kaisli-Maaria Fitzgibbon|W2601971994
Dr Anina Kaisli-Maaria Fitzgibbon,A5087893215,W4250126567,middle,False,Dr Anina Kaisli-Maaria Fitzgibbon|W4250126567
Dr Anita  Patel,A5101732204,W2076861692,middle,False,Dr Anita  Patel|W2076861692
Dr Anita  Patel,A5101732204,W2012812362,first,False,Dr Anita  Patel|W2012812362
Dr Anita  Patel,A5101732204,W2079995465,first,False,Dr Anita  Patel|W2079995465
Dr Anita  Patel,A5101732204,W2148184686,first,False,Dr Anita  Patel|W2148184686
Dr Anita  Patel,A5101732204,W1969220045,middle,False,Dr Anita  Patel|W1969220045
Dr Anita  Patel,A5101732204,W1989938201,first,False,Dr Anita  Patel|W1989938201
Dr Anita  Patel,A5101732204,W2087130337,middle,False,Dr Anita  Patel|W2087130337
Dr Anita  Patel,A5101732204,W1975083023,first,False,Dr Anita  Patel|W1975083023
Dr Anita  Patel,A5101732204,W2065259406,first,False,Dr Anita  Patel|W2065259406
Dr Anita  Patel,A5101732204,W2063206176,first,False,Dr Anita  Patel|W2063206176
Dr Anita  Patel,A5101732204,W2116639264,first,True,Dr Anita  Patel|W2116639264
Dr Anita  Patel,A5101732204,W2040851508,first,True,Dr Anita  Patel|W2040851508
Dr Anita  Patel,A5101732204,W2582613570,first,True,Dr Anita  Patel|W2582613570
Dr Anita  Patel,A5101732204,W4364354603,middle,False,Dr Anita  Patel|W4364354603
Dr Anita  Patel,A5101732204,W2118448039,first,False,Dr Anita  Patel|W2118448039
Dr Anita  Patel,A5101732204,W2071227377,first,False,Dr Anita  Patel|W2071227377
Dr Anita  Patel,A5101732204,W1994834415,first,False,Dr Anita  Patel|W1994834415
Dr Anita  Patel,A5101732204,W624739846,first,False,Dr Anita  Patel|W624739846
Dr Anita  Patel,A5101732204,W2414907925,first,False,Dr Anita  Patel|W2414907925
Dr Anita  Patel,A5101732204,W2916227178,first,True,Dr Anita  Patel|W2916227178
Dr Anita  Patel,A5101732204,W2806054060,first,True,Dr Anita  Patel|W2806054060
Dr Anita  Patel,A5101732204,W2324430538,first,False,Dr Anita  Patel|W2324430538
Dr Anita  Patel,A5101732204,W321025470,first,False,Dr Anita  Patel|W321025470
Dr Anita  Patel,A5101732204,W2612446905,first,False,Dr Anita  Patel|W2612446905
Dr Anita  Patel,A5101732204,W1945751777,first,False,Dr Anita  Patel|W1945751777
Dr Anita  Patel,A5101732204,W1540285162,first,False,Dr Anita  Patel|W1540285162
Dr Anita  Patel,A5101732204,W1836223895,first,True,Dr Anita  Patel|W1836223895
Dr Anita  Patel,A5101732204,W1973744166,first,True,Dr Anita  Patel|W1973744166
Dr Anita  Patel,A5101732204,W2027165332,first,True,Dr Anita  Patel|W2027165332
Dr Anita  Patel,A5101732204,W2048501440,first,True,Dr Anita  Patel|W2048501440
Dr Anita  Patel,A5101732204,W2155171557,first,True,Dr Anita  Patel|W2155171557
Dr Anita  Patel,A5101732204,W2164078834,first,True,Dr Anita  Patel|W2164078834
Dr Anita  Patel,A5101732204,W2262705535,first,True,Dr Anita  Patel|W2262705535
Dr Anita  Patel,A5101732204,W2288914265,first,True,Dr Anita  Patel|W2288914265
Dr Anita  Patel,A5101732204,W2952443367,middle,False,Dr Anita  Patel|W2952443367
Dr Anita  Patel,A5101732204,W3007967133,middle,False,Dr Anita  Patel|W3007967133
Dr Anita  Patel,A5101732204,W3184177909,last,False,Dr Anita  Patel|W3184177909
Dr Anita  Patel,A5101732204,W4244707365,first,False,Dr Anita  Patel|W4244707365
Dr Anita  Patel,A5101732204,W4406187031,last,False,Dr Anita  Patel|W4406187031
Dr Anita  Patel,A5101732204,W4411617006,middle,False,Dr Anita  Patel|W4411617006
Dr Anita  Patel,A5101732204,W4412850751,middle,False,Dr Anita  Patel|W4412850751
Dr Anita  Patel,A5101732204,W4412850782,middle,False,Dr Anita  Patel|W4412850782
Dr Anita  Patel,A5101732204,W7134047764,middle,False,Dr Anita  Patel|W7134047764
Dr Anita Lee Lasocki,A5067871273,W1568259029,first,True,Dr Anita Lee Lasocki|W1568259029
Dr Anita Lee Lasocki,A5067871273,W4205144053,last,False,Dr Anita Lee Lasocki|W4205144053
Dr Anita Lee Lasocki,A5067871273,W1855788659,first,False,Dr Anita Lee Lasocki|W1855788659
Dr Anita Lee Lasocki,A5067871273,W1600654858,first,True,Dr Anita Lee Lasocki|W1600654858
Dr Anita Lee Lasocki,A5067871273,W3182622453,last,False,Dr Anita Lee Lasocki|W3182622453
Dr Anita Lee Lasocki,A5067871273,W4404554537,last,False,Dr Anita Lee Lasocki|W4404554537
Dr Ann Radha Boyapati,A5087756316,W1670195678,first,True,Dr Ann Radha Boyapati|W1670195678
Dr Ann Radha Boyapati,A5087756316,W1892896321,first,True,Dr Ann Radha Boyapati|W1892896321
Dr Ann Radha Boyapati,A5087756316,W23899566,first,False,Dr Ann Radha Boyapati|W23899566
Dr Ann Radha Boyapati,A5087756316,W4225418282,last,False,Dr Ann Radha Boyapati|W4225418282
Dr Ann Radha Boyapati,A5087756316,W2105649925,middle,False,Dr Ann Radha Boyapati|W2105649925
Dr Ann Radha Boyapati,A5087756316,W4413470179,last,False,Dr Ann Radha Boyapati|W4413470179
Dr Anna  Braue,A5055259312,W1965067356,middle,False,Dr Anna  Braue|W1965067356
Dr Anna  Braue,A5055259312,W2142492917,middle,False,Dr Anna  Braue|W2142492917
Dr Anna  Braue,A5055259312,W1987202072,middle,False,Dr Anna  Braue|W1987202072
Dr Anna  Braue,A5055259312,W1966366594,first,True,Dr Anna  Braue|W1966366594
Dr Anna  Braue,A5055259312,W1968682578,middle,False,Dr Anna  Braue|W1968682578
Dr Anna  Braue,A5055259312,W1993878351,middle,False,Dr Anna  Braue|W1993878351
Dr Anna  Braue,A5055259312,W1846346306,last,False,Dr Anna  Braue|W1846346306
Dr Anna  Braue,A5055259312,W2783074477,middle,False,Dr Anna  Braue|W2783074477
Dr Anna  Braue,A5055259312,W2156150824,middle,False,Dr Anna  Braue|W2156150824
Dr Anna  Braue,A5055259312,W2800819901,middle,False,Dr Anna  Braue|W2800819901
Dr Anna  Braue,A5055259312,W2051841072,first,True,Dr Anna  Braue|W2051841072
Dr Anna  Braue,A5055259312,W2101117054,last,False,Dr Anna  Braue|W2101117054
Dr Anna  Braue,A5055259312,W4401200752,middle,False,Dr Anna  Braue|W4401200752
Dr Anna  Braue,A5055259312,W2098080227,middle,False,Dr Anna  Braue|W2098080227
Dr Anna  Braue,A5055259312,W2963758161,middle,False,Dr Anna  Braue|W2963758161
Dr Anna  Braue,A5055259312,W3008900665,middle,False,Dr Anna  Braue|W3008900665
Dr Anna  Braue,A5055259312,W2105649925,middle,False,Dr Anna  Braue|W2105649925
Dr Anna  Braue,A5055259312,W2970213028,middle,False,Dr Anna  Braue|W2970213028
Dr Annabel Irene Stevenson,A5111284685,W4400055157,last,False,Dr Annabel Irene Stevenson|W4400055157
Dr Annabel Irene Stevenson,A5111284685,W4401426856,last,False,Dr Annabel Irene Stevenson|W4401426856
Dr Annabel Irene Stevenson,A5111284685,W4408808718,last,False,Dr Annabel Irene Stevenson|W4408808718
Dr Annabel Irene Stevenson,A5111284685,W4409065741,last,True,Dr Annabel Irene Stevenson|W4409065741
Dr Annabel Irene Stevenson,A5111284685,W4410702476,middle,False,Dr Annabel Irene Stevenson|W4410702476
Dr Annabel Irene Stevenson,A5111284685,W4413257984,last,False,Dr Annabel Irene Stevenson|W4413257984
Dr Annabel Irene Stevenson,A5111284685,W7129045652,last,False,Dr Annabel Irene Stevenson|W7129045652
Dr Anne Rosemary Halbert,A5110509081,W3186573778,middle,False,Dr Anne Rosemary Halbert|W3186573778
Dr Anne Rosemary Halbert,A5110509081,W1829835490,last,False,Dr Anne Rosemary Halbert|W1829835490
Dr Anne Rosemary Halbert,A5110509081,W1527180777,middle,False,Dr Anne Rosemary Halbert|W1527180777
Dr Anne Rosemary Halbert,A5110509081,W2080525080,first,False,Dr Anne Rosemary Halbert|W2080525080
Dr Anne Rosemary Halbert,A5110509081,W1963688434,first,True,Dr Anne Rosemary Halbert|W1963688434
Dr Anne Rosemary Halbert,A5110509081,W1990954164,middle,False,Dr Anne Rosemary Halbert|W1990954164
Dr Anne Rosemary Halbert,A5110509081,W2132478148,first,False,Dr Anne Rosemary Halbert|W2132478148
Dr Anne Rosemary Halbert,A5110509081,W1701837433,middle,False,Dr Anne Rosemary Halbert|W1701837433
Dr Anne Rosemary Halbert,A5110509081,W2593538788,middle,False,Dr Anne Rosemary Halbert|W2593538788
Dr Anne Rosemary Halbert,A5110509081,W1968011895,middle,False,Dr Anne Rosemary Halbert|W1968011895
Dr Anne Rosemary Halbert,A5110509081,W1523325609,last,False,Dr Anne Rosemary Halbert|W1523325609
Dr Anne Rosemary Halbert,A5110509081,W2769912434,last,False,Dr Anne Rosemary Halbert|W2769912434
Dr Anne Rosemary Halbert,A5110509081,W2522087435,middle,False,Dr Anne Rosemary Halbert|W2522087435
Dr Anne Rosemary Halbert,A5110509081,W2974209459,last,False,Dr Anne Rosemary Halbert|W2974209459
Dr Anne Rosemary Halbert,A5110509081,W2076713523,middle,False,Dr Anne Rosemary Halbert|W2076713523
Dr Anne Rosemary Halbert,A5110509081,W1970643933,last,False,Dr Anne Rosemary Halbert|W1970643933
Dr Anne Rosemary Halbert,A5110509081,W2035115393,first,False,Dr Anne Rosemary Halbert|W2035115393
Dr Anne Rosemary Halbert,A5110509081,W2617211561,last,True,Dr Anne Rosemary Halbert|W2617211561
Dr Anne Rosemary Halbert,A5110509081,W4294568038,middle,False,Dr Anne Rosemary Halbert|W4294568038
Dr Anne Rosemary Halbert,A5110509081,W2144219222,middle,False,Dr Anne Rosemary Halbert|W2144219222
Dr Anne Rosemary Halbert,A5110509081,W2561660828,middle,False,Dr Anne Rosemary Halbert|W2561660828
Dr Anne Rosemary Halbert,A5110509081,W4394914416,middle,False,Dr Anne Rosemary Halbert|W4394914416
Dr Anne Rosemary Halbert,A5110509081,W2074332765,last,False,Dr Anne Rosemary Halbert|W2074332765
Dr Anne Rosemary Halbert,A5110509081,W4249175126,first,True,Dr Anne Rosemary Halbert|W4249175126
Dr Anne Rosemary Halbert,A5110509081,W4253666279,last,False,Dr Anne Rosemary Halbert|W4253666279
Dr Anne Rosemary Halbert,A5110509081,W2332908651,first,True,Dr Anne Rosemary Halbert|W2332908651
Dr Anne Rosemary Halbert,A5110509081,W1981857094,last,True,Dr Anne Rosemary Halbert|W1981857094
Dr Anne Rosemary Halbert,A5110509081,W3017688272,middle,False,Dr Anne Rosemary Halbert|W3017688272
Dr Anne Rosemary Halbert,A5110509081,W1972306694,last,False,Dr Anne Rosemary Halbert|W1972306694
Dr Anne Rosemary Halbert,A5110509081,W2044601209,first,False,Dr Anne Rosemary Halbert|W2044601209
Dr Anne Rosemary Halbert,A5110509081,W2612317850,middle,False,Dr Anne Rosemary Halbert|W2612317850
Dr Anne Rosemary Halbert,A5110509081,W2737642350,first,True,Dr Anne Rosemary Halbert|W2737642350
Dr Anne Rosemary Halbert,A5110509081,W4211121346,first,True,Dr Anne Rosemary Halbert|W4211121346
Dr Anne Rosemary Halbert,A5110509081,W4235824133,first,False,Dr Anne Rosemary Halbert|W4235824133
Dr Anne Rosemary Halbert,A5110509081,W4247299186,middle,False,Dr Anne Rosemary Halbert|W4247299186
Dr Anne Rosemary Halbert,A5110509081,W4408070431,first,True,Dr Anne Rosemary Halbert|W4408070431
Dr Anne Rosemary Halbert,A5110509081,W4413800921,last,True,Dr Anne Rosemary Halbert|W4413800921
Dr Anne Rosemary Halbert,A5110509081,W567612495,last,False,Dr Anne Rosemary Halbert|W567612495
Dr Annette Lisa Pearce,A5113596658,W2038285085,middle,False,Dr Annette Lisa Pearce|W2038285085
Dr Annette Lisa Pearce,A5113596658,W1936187827,last,False,Dr Annette Lisa Pearce|W1936187827
Dr Annette Lisa Pearce,A5113596658,W2013461086,first,True,Dr Annette Lisa Pearce|W2013461086
Dr Annette Lisa Pearce,A5113596658,W2972503236,middle,False,Dr Annette Lisa Pearce|W2972503236
Dr Annette Lisa Pearce,A5113596658,W3041926519,first,True,Dr Annette Lisa Pearce|W3041926519
Dr Annette Rachel Hamori Wegman,A5031958269,W2112162449,last,False,Dr Annette Rachel Hamori Wegman|W2112162449
Dr Annette Rachel Hamori Wegman,A5031958269,W2080908614,middle,False,Dr Annette Rachel Hamori Wegman|W2080908614
Dr Annette Rachel Hamori Wegman,A5031958269,W2040072803,middle,False,Dr Annette Rachel Hamori Wegman|W2040072803
Dr Annika  Smith,A5055174077,W1915485383,first,False,Dr Annika  Smith|W1915485383
Dr Annika  Smith,A5055174077,W2045875902,first,True,Dr Annika  Smith|W2045875902
Dr Annika  Smith,A5055174077,W2036096173,middle,False,Dr Annika  Smith|W2036096173
Dr Annika  Smith,A5055174077,W2043246976,last,False,Dr Annika  Smith|W2043246976
Dr Annika  Smith,A5055174077,W4410306522,last,False,Dr Annika  Smith|W4410306522
Dr Annika  Smith,A5055174077,W7160998057,first,False,Dr Annika  Smith|W7160998057
Dr Anosha  Yazdabadi,A5112395904,W2129242136,first,True,Dr Anosha  Yazdabadi|W2129242136
Dr Anosha  Yazdabadi,A5112395904,W2070492314,first,True,Dr Anosha  Yazdabadi|W2070492314
Dr Anosha  Yazdabadi,A5112395904,W4403787904,middle,False,Dr Anosha  Yazdabadi|W4403787904
Dr Anosha  Yazdabadi,A5112395904,W99018395,middle,False,Dr Anosha  Yazdabadi|W99018395
Dr Anosha  Yazdabadi,A5112395904,W1983535428,first,False,Dr Anosha  Yazdabadi|W1983535428
Dr Anosha  Yazdabadi,A5112395904,W2899296662,middle,False,Dr Anosha  Yazdabadi|W2899296662
Dr Anosha  Yazdabadi,A5112395904,W4317513083,last,True,Dr Anosha  Yazdabadi|W4317513083
Dr Anthea Frances Mulcahy,A5011620047,W2742661323,first,False,Dr Anthea Frances Mulcahy|W2742661323
Dr Anthea Frances Mulcahy,A5011620047,W2468497723,last,True,Dr Anthea Frances Mulcahy|W2468497723
Dr Anthea Frances Mulcahy,A5011620047,W2683719248,first,False,Dr Anthea Frances Mulcahy|W2683719248
Dr Anthea Frances Mulcahy,A5011620047,W4223597997,middle,False,Dr Anthea Frances Mulcahy|W4223597997
Dr Anthea Frances Mulcahy,A5011620047,W2808185427,last,False,Dr Anthea Frances Mulcahy|W2808185427
Dr Antoinette  Ciconte,A5060567618,W2013637218,first,False,Dr Antoinette  Ciconte|W2013637218
Dr Antoinette  Ciconte,A5060567618,W4319825951,middle,False,Dr Antoinette  Ciconte|W4319825951
Dr Antoinette  Ciconte,A5060567618,W2062769695,first,True,Dr Antoinette  Ciconte|W2062769695
Dr Antoinette  Ciconte,A5060567618,W3033402401,middle,False,Dr Antoinette  Ciconte|W3033402401
Dr Antoinette  Ciconte,A5060567618,W4410079553,middle,False,Dr Antoinette  Ciconte|W4410079553
Dr Antoinette  Ciconte,A5060567618,W1967079439,first,True,Dr Antoinette  Ciconte|W1967079439
Dr Antoinette  Ciconte,A5060567618,W2152267747,first,True,Dr Antoinette  Ciconte|W2152267747
Dr Antoinette  Ciconte,A5060567618,W2416666588,last,False,Dr Antoinette  Ciconte|W2416666588
Dr Antoinette  Ciconte,A5060567618,W2417125521,middle,False,Dr Antoinette  Ciconte|W2417125521
Dr Antoinette  Ciconte,A5060567618,W4411715068,middle,False,Dr Antoinette  Ciconte|W4411715068
Dr Antonia Maria Laino,A5075245713,W2801196247,middle,False,Dr Antonia Maria Laino|W2801196247
Dr Antonia Maria Laino,A5075245713,W2897726216,middle,False,Dr Antonia Maria Laino|W2897726216
Dr Antonia Maria Laino,A5075245713,W2783725269,first,False,Dr Antonia Maria Laino|W2783725269
Dr Antonia Maria Laino,A5075245713,W3214749627,middle,False,Dr Antonia Maria Laino|W3214749627
Dr Antonia Maria Laino,A5075245713,W2767810577,middle,False,Dr Antonia Maria Laino|W2767810577
Dr Antonia Maria Laino,A5075245713,W2897867407,first,True,Dr Antonia Maria Laino|W2897867407
Dr Antonia Maria Laino,A5075245713,W2807908912,middle,False,Dr Antonia Maria Laino|W2807908912
Dr Antonia Maria Laino,A5075245713,W2917230699,middle,False,Dr Antonia Maria Laino|W2917230699
Dr Antonia Maria Laino,A5075245713,W4394319217,middle,False,Dr Antonia Maria Laino|W4394319217
Dr Arabella Helen Wallett,A5079840138,W2155678620,first,True,Dr Arabella Helen Wallett|W2155678620
Dr Arabella Helen Wallett,A5079840138,W4379095154,first,True,Dr Arabella Helen Wallett|W4379095154
Dr Arabella Helen Wallett,A5079840138,W1986894215,middle,False,Dr Arabella Helen Wallett|W1986894215
Dr Arabella Helen Wallett,A5079840138,W1913523113,first,True,Dr Arabella Helen Wallett|W1913523113
Dr Arabella Helen Wallett,A5079840138,W2272047465,first,True,Dr Arabella Helen Wallett|W2272047465
Dr Arabella Helen Wallett,A5079840138,W2965850782,middle,False,Dr Arabella Helen Wallett|W2965850782
Dr Arabella Helen Wallett,A5079840138,W2050274608,last,False,Dr Arabella Helen Wallett|W2050274608
Dr Arabella Helen Wallett,A5079840138,W3117339766,first,False,Dr Arabella Helen Wallett|W3117339766
Dr Arabella Helen Wallett,A5079840138,W7134042795,last,False,Dr Arabella Helen Wallett|W7134042795
Dr Arabella Helen Wallett,A5079840138,W7135222145,last,False,Dr Arabella Helen Wallett|W7135222145
Dr Arabella Helen Wallett,A5079840138,W7164382913,last,False,Dr Arabella Helen Wallett|W7164382913
Dr Artiene Hagob John Tatian,A5030580904,W2901570132,middle,False,Dr Artiene Hagob John Tatian|W2901570132
Dr Artiene Hagob John Tatian,A5030580904,W2981072385,middle,False,Dr Artiene Hagob John Tatian|W2981072385
Dr Artiene Hagob John Tatian,A5030580904,W4292951974,first,False,Dr Artiene Hagob John Tatian|W4292951974
Dr Artiene Hagob John Tatian,A5030580904,W4402786447,middle,False,Dr Artiene Hagob John Tatian|W4402786447
Dr Artiene Hagob John Tatian,A5030580904,W4400138808,last,True,Dr Artiene Hagob John Tatian|W4400138808
Dr Artiene Hagob John Tatian,A5030580904,W4408542508,middle,False,Dr Artiene Hagob John Tatian|W4408542508
Dr Artiene Hagob John Tatian,A5030580904,W4403114247,last,False,Dr Artiene Hagob John Tatian|W4403114247
Dr Artiene Hagob John Tatian,A5030580904,W2622210804,middle,False,Dr Artiene Hagob John Tatian|W2622210804
Dr Artiene Hagob John Tatian,A5030580904,W4317615537,middle,False,Dr Artiene Hagob John Tatian|W4317615537
Dr Artiene Hagob John Tatian,A5030580904,W4242457955,first,False,Dr Artiene Hagob John Tatian|W4242457955
Dr Artiene Hagob John Tatian,A5030580904,W4403368235,middle,False,Dr Artiene Hagob John Tatian|W4403368235
Dr Artiene Hagob John Tatian,A5030580904,W4413960285,last,False,Dr Artiene Hagob John Tatian|W4413960285
Dr Artiene Hagob John Tatian,A5030580904,W4414030280,middle,False,Dr Artiene Hagob John Tatian|W4414030280
Dr Artiene Hagob John Tatian,A5030580904,W2996654710,middle,False,Dr Artiene Hagob John Tatian|W2996654710
Dr Artiene Hagob John Tatian,A5030580904,W2943989109,first,False,Dr Artiene Hagob John Tatian|W2943989109
Dr Artiene Hagob John Tatian,A5030580904,W4408142027,middle,False,Dr Artiene Hagob John Tatian|W4408142027
Dr Artiene Hagob John Tatian,A5030580904,W7151353337,middle,False,Dr Artiene Hagob John Tatian|W7151353337
Dr Artiene Hagob John Tatian,A5030580904,W2604756347,middle,False,Dr Artiene Hagob John Tatian|W2604756347
Dr Artiene Hagob John Tatian,A5030580904,W4390507000,middle,False,Dr Artiene Hagob John Tatian|W4390507000
Dr Artiene Hagob John Tatian,A5030580904,W2775300496,first,False,Dr Artiene Hagob John Tatian|W2775300496
Dr Artiene Hagob John Tatian,A5030580904,W4385296534,last,False,Dr Artiene Hagob John Tatian|W4385296534
Dr Artiene Hagob John Tatian,A5030580904,W4385460443,last,False,Dr Artiene Hagob John Tatian|W4385460443
Dr Artiene Hagob John Tatian,A5030580904,W4402599349,middle,False,Dr Artiene Hagob John Tatian|W4402599349
Dr Artiene Hagob John Tatian,A5030580904,W4413929554,last,True,Dr Artiene Hagob John Tatian|W4413929554
Dr Artiene Hagob John Tatian,A5030580904,W4414831950,last,False,Dr Artiene Hagob John Tatian|W4414831950
Dr Artiene Hagob John Tatian,A5030580904,W7118170437,last,False,Dr Artiene Hagob John Tatian|W7118170437
Dr Asoka Kumarihamy Herat,A5007414126,W2065873547,first,False,Dr Asoka Kumarihamy Herat|W2065873547
Dr Asoka Kumarihamy Herat,A5007414126,W3095307239,last,False,Dr Asoka Kumarihamy Herat|W3095307239
Dr Asoka Kumarihamy Herat,A5007414126,W2147018933,first,True,Dr Asoka Kumarihamy Herat|W2147018933
Dr Austen Kathleen Anderson,A5044786864,W1931995803,middle,False,Dr Austen Kathleen Anderson|W1931995803
Dr Austen Kathleen Anderson,A5044786864,W3175549394,middle,False,Dr Austen Kathleen Anderson|W3175549394
Dr Austen Kathleen Anderson,A5044786864,W1926751963,middle,False,Dr Austen Kathleen Anderson|W1926751963
Dr Austen Kathleen Anderson,A5044786864,W2135096962,first,True,Dr Austen Kathleen Anderson|W2135096962
Dr Austen Kathleen Anderson,A5044786864,W1978109268,middle,False,Dr Austen Kathleen Anderson|W1978109268
Dr Austen Kathleen Anderson,A5044786864,W2130241643,first,False,Dr Austen Kathleen Anderson|W2130241643
Dr Austen Kathleen Anderson,A5044786864,W2409626295,middle,False,Dr Austen Kathleen Anderson|W2409626295
Dr Austen Kathleen Anderson,A5044786864,W2625603597,middle,False,Dr Austen Kathleen Anderson|W2625603597
Dr Austen Kathleen Anderson,A5044786864,W2097974147,first,True,Dr Austen Kathleen Anderson|W2097974147
Dr Austen Kathleen Anderson,A5044786864,W190338019,middle,False,Dr Austen Kathleen Anderson|W190338019
Dr Austen Kathleen Anderson,A5044786864,W3201956053,first,True,Dr Austen Kathleen Anderson|W3201956053
Dr Austen Kathleen Anderson,A5044786864,W4293188892,first,True,Dr Austen Kathleen Anderson|W4293188892
Dr Austen Kathleen Anderson,A5044786864,W7155015115,first,False,Dr Austen Kathleen Anderson|W7155015115
Dr Austen Kathleen Anderson,A5044786864,W7160582688,middle,False,Dr Austen Kathleen Anderson|W7160582688
Dr Austen Kathleen Anderson,A5044786864,W7160730360,middle,False,Dr Austen Kathleen Anderson|W7160730360
Dr Belinda Maymie Welsh,A5034595276,W4309511164,middle,False,Dr Belinda Maymie Welsh|W4309511164
Dr Belinda Maymie Welsh,A5034595276,W2030462950,middle,False,Dr Belinda Maymie Welsh|W2030462950
Dr Belinda Maymie Welsh,A5034595276,W2142310195,middle,False,Dr Belinda Maymie Welsh|W2142310195
Dr Belinda Maymie Welsh,A5034595276,W2136796549,middle,False,Dr Belinda Maymie Welsh|W2136796549
Dr Belinda Maymie Welsh,A5034595276,W1900889214,middle,False,Dr Belinda Maymie Welsh|W1900889214
Dr Belinda Maymie Welsh,A5034595276,W4391174044,last,False,Dr Belinda Maymie Welsh|W4391174044
Dr Belinda Maymie Welsh,A5034595276,W4399503401,middle,False,Dr Belinda Maymie Welsh|W4399503401
Dr Belinda Maymie Welsh,A5034595276,W1993213720,first,False,Dr Belinda Maymie Welsh|W1993213720
Dr Belinda Maymie Welsh,A5034595276,W1479678951,middle,False,Dr Belinda Maymie Welsh|W1479678951
Dr Belinda Maymie Welsh,A5034595276,W203759675,first,False,Dr Belinda Maymie Welsh|W203759675
Dr Belinda Maymie Welsh,A5034595276,W2038796597,first,True,Dr Belinda Maymie Welsh|W2038796597
Dr Belinda Maymie Welsh,A5034595276,W2017721226,first,False,Dr Belinda Maymie Welsh|W2017721226
Dr Belinda Maymie Welsh,A5034595276,W4301049289,first,False,Dr Belinda Maymie Welsh|W4301049289
Dr Belinda Maymie Welsh,A5034595276,W1771960159,first,True,Dr Belinda Maymie Welsh|W1771960159
Dr Belinda Maymie Welsh,A5034595276,W2401498455,first,True,Dr Belinda Maymie Welsh|W2401498455
Dr Belinda Maymie Welsh,A5034595276,W2610477341,first,True,Dr Belinda Maymie Welsh|W2610477341
Dr Belinda Maymie Welsh,A5034595276,W26576030,first,True,Dr Belinda Maymie Welsh|W26576030
Dr Belinda Maymie Welsh,A5034595276,W4393191381,middle,False,Dr Belinda Maymie Welsh|W4393191381
Dr Belinda Maymie Welsh,A5034595276,W4409962257,last,False,Dr Belinda Maymie Welsh|W4409962257
Dr Belinda Maymie Welsh,A5034595276,W4416910533,middle,False,Dr Belinda Maymie Welsh|W4416910533
Dr Belinda Maymie Welsh,A5034595276,W4417280112,middle,False,Dr Belinda Maymie Welsh|W4417280112
Dr Belinda Maymie Welsh,A5034595276,W7155647977,last,False,Dr Belinda Maymie Welsh|W7155647977
Dr Benjamin James Carew,A5072524473,W1511359938,first,True,Dr Benjamin James Carew|W1511359938
Dr Benjamin James Carew,A5072524473,W3024462906,middle,False,Dr Benjamin James Carew|W3024462906
Dr Benjamin James Carew,A5072524473,W2900924268,middle,False,Dr Benjamin James Carew|W2900924268
Dr Benjamin James Carew,A5072524473,W1546548208,first,True,Dr Benjamin James Carew|W1546548208
Dr Benjamin James Carew,A5072524473,W2802759866,last,False,Dr Benjamin James Carew|W2802759866
Dr Benjamin James Carew,A5072524473,W2797450810,first,True,Dr Benjamin James Carew|W2797450810
Dr Benjamin Silas Daniel,A5086530387,W2164385416,middle,False,Dr Benjamin Silas Daniel|W2164385416
Dr Benjamin Silas Daniel,A5086530387,W2028759600,middle,False,Dr Benjamin Silas Daniel|W2028759600
Dr Benjamin Silas Daniel,A5086530387,W2945113007,first,True,Dr Benjamin Silas Daniel|W2945113007
Dr Benjamin Silas Daniel,A5086530387,W2168096996,middle,False,Dr Benjamin Silas Daniel|W2168096996
Dr Benjamin Silas Daniel,A5086530387,W2965205269,last,False,Dr Benjamin Silas Daniel|W2965205269
Dr Benjamin Silas Daniel,A5086530387,W4213316974,middle,False,Dr Benjamin Silas Daniel|W4213316974
Dr Benjamin Silas Daniel,A5086530387,W2091950378,first,False,Dr Benjamin Silas Daniel|W2091950378
Dr Benjamin Silas Daniel,A5086530387,W2030462950,middle,False,Dr Benjamin Silas Daniel|W2030462950
Dr Benjamin Silas Daniel,A5086530387,W2136796549,middle,False,Dr Benjamin Silas Daniel|W2136796549
Dr Benjamin Silas Daniel,A5086530387,W1919498774,first,False,Dr Benjamin Silas Daniel|W1919498774
Dr Benjamin Silas Daniel,A5086530387,W2561035487,middle,False,Dr Benjamin Silas Daniel|W2561035487
Dr Benjamin Silas Daniel,A5086530387,W1543016591,first,True,Dr Benjamin Silas Daniel|W1543016591
Dr Benjamin Silas Daniel,A5086530387,W2146648821,middle,False,Dr Benjamin Silas Daniel|W2146648821
Dr Benjamin Silas Daniel,A5086530387,W2078702058,first,False,Dr Benjamin Silas Daniel|W2078702058
Dr Benjamin Silas Daniel,A5086530387,W1979418411,middle,False,Dr Benjamin Silas Daniel|W1979418411
Dr Benjamin Silas Daniel,A5086530387,W2560299431,last,False,Dr Benjamin Silas Daniel|W2560299431
Dr Benjamin Silas Daniel,A5086530387,W3124345003,middle,False,Dr Benjamin Silas Daniel|W3124345003
Dr Benjamin Silas Daniel,A5086530387,W4321495110,middle,False,Dr Benjamin Silas Daniel|W4321495110
Dr Benjamin Silas Daniel,A5086530387,W4321749417,middle,False,Dr Benjamin Silas Daniel|W4321749417
Dr Benjamin Silas Daniel,A5086530387,W4394874095,last,False,Dr Benjamin Silas Daniel|W4394874095
Dr Benjamin Silas Daniel,A5086530387,W4411651634,last,False,Dr Benjamin Silas Daniel|W4411651634
Dr Benjamin Silas Daniel,A5086530387,W4412096904,last,False,Dr Benjamin Silas Daniel|W4412096904
Dr Benjamin Silas Daniel,A5086530387,W2062951912,first,False,Dr Benjamin Silas Daniel|W2062951912
Dr Benjamin Silas Daniel,A5086530387,W3040650996,first,True,Dr Benjamin Silas Daniel|W3040650996
Dr Benjamin Silas Daniel,A5086530387,W4401222561,last,False,Dr Benjamin Silas Daniel|W4401222561
Dr Benjamin Silas Daniel,A5086530387,W4405919542,last,False,Dr Benjamin Silas Daniel|W4405919542
Dr Benjamin Silas Daniel,A5086530387,W4416268115,middle,False,Dr Benjamin Silas Daniel|W4416268115
Dr Benjamin Silas Daniel,A5086530387,W2076925498,first,False,Dr Benjamin Silas Daniel|W2076925498
Dr Benjamin Silas Daniel,A5086530387,W3007573230,last,False,Dr Benjamin Silas Daniel|W3007573230
Dr Benjamin Silas Daniel,A5086530387,W3171278788,middle,False,Dr Benjamin Silas Daniel|W3171278788
Dr Benjamin Silas Daniel,A5086530387,W4407295825,last,False,Dr Benjamin Silas Daniel|W4407295825
Dr Benjamin Silas Daniel,A5086530387,W4407036344,middle,False,Dr Benjamin Silas Daniel|W4407036344
Dr Benjamin Silas Daniel,A5086530387,W4408790287,last,False,Dr Benjamin Silas Daniel|W4408790287
Dr Benjamin Silas Daniel,A5086530387,W2235793139,first,False,Dr Benjamin Silas Daniel|W2235793139
Dr Benjamin Silas Daniel,A5086530387,W2060315928,first,False,Dr Benjamin Silas Daniel|W2060315928
Dr Benjamin Silas Daniel,A5086530387,W2033469949,middle,False,Dr Benjamin Silas Daniel|W2033469949
Dr Benjamin Silas Daniel,A5086530387,W2223927583,first,False,Dr Benjamin Silas Daniel|W2223927583
Dr Benjamin Silas Daniel,A5086530387,W3196838644,last,False,Dr Benjamin Silas Daniel|W3196838644
Dr Benjamin Silas Daniel,A5086530387,W3022000358,first,False,Dr Benjamin Silas Daniel|W3022000358
Dr Benjamin Silas Daniel,A5086530387,W4301325587,middle,False,Dr Benjamin Silas Daniel|W4301325587
Dr Benjamin Silas Daniel,A5086530387,W4224210572,middle,False,Dr Benjamin Silas Daniel|W4224210572
Dr Benjamin Silas Daniel,A5086530387,W4399175956,last,False,Dr Benjamin Silas Daniel|W4399175956
Dr Benjamin Silas Daniel,A5086530387,W2965422038,first,True,Dr Benjamin Silas Daniel|W2965422038
Dr Benjamin Silas Daniel,A5086530387,W4402516392,middle,False,Dr Benjamin Silas Daniel|W4402516392
Dr Benjamin Silas Daniel,A5086530387,W2122082834,first,False,Dr Benjamin Silas Daniel|W2122082834
Dr Benjamin Silas Daniel,A5086530387,W2111731311,first,False,Dr Benjamin Silas Daniel|W2111731311
Dr Benjamin Silas Daniel,A5086530387,W2121652362,middle,False,Dr Benjamin Silas Daniel|W2121652362
Dr Benjamin Silas Daniel,A5086530387,W3021234734,middle,False,Dr Benjamin Silas Daniel|W3021234734
Dr Benjamin Silas Daniel,A5086530387,W3098917366,first,True,Dr Benjamin Silas Daniel|W3098917366
Dr Benjamin Silas Daniel,A5086530387,W4230804729,last,False,Dr Benjamin Silas Daniel|W4230804729
Dr Benjamin Silas Daniel,A5086530387,W2330480009,first,False,Dr Benjamin Silas Daniel|W2330480009
Dr Benjamin Silas Daniel,A5086530387,W2411656558,first,False,Dr Benjamin Silas Daniel|W2411656558
Dr Benjamin Silas Daniel,A5086530387,W4250875459,middle,False,Dr Benjamin Silas Daniel|W4250875459
Dr Benjamin Silas Daniel,A5086530387,W4283815950,middle,False,Dr Benjamin Silas Daniel|W4283815950
Dr Benjamin Silas Daniel,A5086530387,W4323657191,last,False,Dr Benjamin Silas Daniel|W4323657191
Dr Benjamin Silas Daniel,A5086530387,W4241158502,first,False,Dr Benjamin Silas Daniel|W4241158502
Dr Benjamin Silas Daniel,A5086530387,W2473670265,first,False,Dr Benjamin Silas Daniel|W2473670265
Dr Benjamin Silas Daniel,A5086530387,W2600214196,first,False,Dr Benjamin Silas Daniel|W2600214196
Dr Benjamin Silas Daniel,A5086530387,W2987891495,last,False,Dr Benjamin Silas Daniel|W2987891495
Dr Benjamin Silas Daniel,A5086530387,W3016337751,middle,False,Dr Benjamin Silas Daniel|W3016337751
Dr Benjamin Silas Daniel,A5086530387,W3025234204,first,True,Dr Benjamin Silas Daniel|W3025234204
Dr Benjamin Silas Daniel,A5086530387,W3106858175,middle,False,Dr Benjamin Silas Daniel|W3106858175
Dr Benjamin Silas Daniel,A5086530387,W3108104181,middle,False,Dr Benjamin Silas Daniel|W3108104181
Dr Benjamin Silas Daniel,A5086530387,W3155921693,middle,False,Dr Benjamin Silas Daniel|W3155921693
Dr Benjamin Silas Daniel,A5086530387,W4229893130,last,False,Dr Benjamin Silas Daniel|W4229893130
Dr Benjamin Silas Daniel,A5086530387,W4232983333,last,False,Dr Benjamin Silas Daniel|W4232983333
Dr Benjamin Silas Daniel,A5086530387,W4232990523,last,False,Dr Benjamin Silas Daniel|W4232990523
Dr Benjamin Silas Daniel,A5086530387,W4236504965,last,False,Dr Benjamin Silas Daniel|W4236504965
Dr Benjamin Silas Daniel,A5086530387,W4236947717,first,True,Dr Benjamin Silas Daniel|W4236947717
Dr Benjamin Silas Daniel,A5086530387,W4237094277,last,False,Dr Benjamin Silas Daniel|W4237094277
Dr Benjamin Silas Daniel,A5086530387,W4237333142,last,False,Dr Benjamin Silas Daniel|W4237333142
Dr Benjamin Silas Daniel,A5086530387,W4238340097,last,False,Dr Benjamin Silas Daniel|W4238340097
Dr Benjamin Silas Daniel,A5086530387,W4241159301,last,False,Dr Benjamin Silas Daniel|W4241159301
Dr Benjamin Silas Daniel,A5086530387,W4247252422,last,False,Dr Benjamin Silas Daniel|W4247252422
Dr Benjamin Silas Daniel,A5086530387,W4247441506,last,False,Dr Benjamin Silas Daniel|W4247441506
Dr Benjamin Silas Daniel,A5086530387,W4247881828,last,False,Dr Benjamin Silas Daniel|W4247881828
Dr Benjamin Silas Daniel,A5086530387,W4249025266,last,False,Dr Benjamin Silas Daniel|W4249025266
Dr Benjamin Silas Daniel,A5086530387,W4251014467,last,False,Dr Benjamin Silas Daniel|W4251014467
Dr Benjamin Silas Daniel,A5086530387,W4252988064,last,False,Dr Benjamin Silas Daniel|W4252988064
Dr Benjamin Silas Daniel,A5086530387,W4253019841,last,False,Dr Benjamin Silas Daniel|W4253019841
Dr Benjamin Silas Daniel,A5086530387,W4253220602,last,False,Dr Benjamin Silas Daniel|W4253220602
Dr Benjamin Silas Daniel,A5086530387,W4254529790,last,False,Dr Benjamin Silas Daniel|W4254529790
Dr Benjamin Silas Daniel,A5086530387,W4254964512,last,False,Dr Benjamin Silas Daniel|W4254964512
Dr Benjamin Silas Daniel,A5086530387,W4256413748,last,False,Dr Benjamin Silas Daniel|W4256413748
Dr Benjamin Silas Daniel,A5086530387,W4283164480,middle,False,Dr Benjamin Silas Daniel|W4283164480
Dr Benjamin Silas Daniel,A5086530387,W4299609084,middle,False,Dr Benjamin Silas Daniel|W4299609084
Dr Benjamin Silas Daniel,A5086530387,W4323655526,last,False,Dr Benjamin Silas Daniel|W4323655526
Dr Benjamin Silas Daniel,A5086530387,W4367303508,middle,False,Dr Benjamin Silas Daniel|W4367303508
Dr Benjamin Silas Daniel,A5086530387,W4367848120,middle,False,Dr Benjamin Silas Daniel|W4367848120
Dr Benjamin Silas Daniel,A5086530387,W4405948286,last,False,Dr Benjamin Silas Daniel|W4405948286
Dr Benjamin Silas Daniel,A5086530387,W4411256834,last,False,Dr Benjamin Silas Daniel|W4411256834
Dr Benjamin Silas Daniel,A5086530387,W4415734788,last,False,Dr Benjamin Silas Daniel|W4415734788
Dr Benjamin Silas Daniel,A5086530387,W4415759009,last,False,Dr Benjamin Silas Daniel|W4415759009
Dr Benjamin Silas Daniel,A5086530387,W4417415619,last,False,Dr Benjamin Silas Daniel|W4417415619
Dr Benjamin Silas Daniel,A5086530387,W745499964,middle,False,Dr Benjamin Silas Daniel|W745499964
Dr Bernadette Mary Ricciardo,A5023383113,W2043778503,middle,False,Dr Bernadette Mary Ricciardo|W2043778503
Dr Bernadette Mary Ricciardo,A5023383113,W4290739330,first,True,Dr Bernadette Mary Ricciardo|W4290739330
Dr Bernadette Mary Ricciardo,A5023383113,W3082368741,first,False,Dr Bernadette Mary Ricciardo|W3082368741
Dr Bernadette Mary Ricciardo,A5023383113,W1576712523,first,True,Dr Bernadette Mary Ricciardo|W1576712523
Dr Bernadette Mary Ricciardo,A5023383113,W4308638598,first,True,Dr Bernadette Mary Ricciardo|W4308638598
Dr Bernadette Mary Ricciardo,A5023383113,W4390744652,first,True,Dr Bernadette Mary Ricciardo|W4390744652
Dr Bernadette Mary Ricciardo,A5023383113,W4408542508,first,True,Dr Bernadette Mary Ricciardo|W4408542508
Dr Bernadette Mary Ricciardo,A5023383113,W4417415614,last,False,Dr Bernadette Mary Ricciardo|W4417415614
Dr Bernadette Mary Ricciardo,A5023383113,W4403368235,middle,False,Dr Bernadette Mary Ricciardo|W4403368235
Dr Bernadette Mary Ricciardo,A5023383113,W4412492805,middle,False,Dr Bernadette Mary Ricciardo|W4412492805
Dr Bernadette Mary Ricciardo,A5023383113,W2736854808,middle,False,Dr Bernadette Mary Ricciardo|W2736854808
Dr Bernadette Mary Ricciardo,A5023383113,W4393130974,first,False,Dr Bernadette Mary Ricciardo|W4393130974
Dr Bernadette Mary Ricciardo,A5023383113,W4402013944,first,True,Dr Bernadette Mary Ricciardo|W4402013944
Dr Bernadette Mary Ricciardo,A5023383113,W4313453741,last,False,Dr Bernadette Mary Ricciardo|W4313453741
Dr Bernadette Mary Ricciardo,A5023383113,W4404434709,first,False,Dr Bernadette Mary Ricciardo|W4404434709
Dr Bernadette Mary Ricciardo,A5023383113,W4414160430,first,True,Dr Bernadette Mary Ricciardo|W4414160430
Dr Bernadette Mary Ricciardo,A5023383113,W7153818183,last,False,Dr Bernadette Mary Ricciardo|W7153818183
Dr Bernadette Mary Ricciardo,A5023383113,W1482992189,first,True,Dr Bernadette Mary Ricciardo|W1482992189
Dr Bernadette Mary Ricciardo,A5023383113,W3081440376,last,False,Dr Bernadette Mary Ricciardo|W3081440376
Dr Bernadette Mary Ricciardo,A5023383113,W4288693921,last,False,Dr Bernadette Mary Ricciardo|W4288693921
Dr Bernadette Mary Ricciardo,A5023383113,W2796522065,first,True,Dr Bernadette Mary Ricciardo|W2796522065
Dr Bernadette Mary Ricciardo,A5023383113,W2019908687,first,True,Dr Bernadette Mary Ricciardo|W2019908687
Dr Bernadette Mary Ricciardo,A5023383113,W2398357796,last,False,Dr Bernadette Mary Ricciardo|W2398357796
Dr Bernadette Mary Ricciardo,A5023383113,W3186972965,last,False,Dr Bernadette Mary Ricciardo|W3186972965
Dr Bernadette Mary Ricciardo,A5023383113,W4233496023,middle,False,Dr Bernadette Mary Ricciardo|W4233496023
Dr Bernadette Mary Ricciardo,A5023383113,W4321097250,last,False,Dr Bernadette Mary Ricciardo|W4321097250
Dr Bernadette Mary Ricciardo,A5023383113,W4321612675,middle,False,Dr Bernadette Mary Ricciardo|W4321612675
Dr Bernadette Mary Ricciardo,A5023383113,W4323667369,first,False,Dr Bernadette Mary Ricciardo|W4323667369
Dr Bernadette Mary Ricciardo,A5023383113,W4390915585,last,False,Dr Bernadette Mary Ricciardo|W4390915585
Dr Bernadette Mary Ricciardo,A5023383113,W4401625814,middle,False,Dr Bernadette Mary Ricciardo|W4401625814
Dr Bernadette Mary Ricciardo,A5023383113,W4414336125,first,True,Dr Bernadette Mary Ricciardo|W4414336125
Dr Bernadette Mary Ricciardo,A5023383113,W4416940842,last,False,Dr Bernadette Mary Ricciardo|W4416940842
Dr Bernadette Mary Ricciardo,A5023383113,W7152618555,last,False,Dr Bernadette Mary Ricciardo|W7152618555
Dr Bert Markou Pruim,A5089262289,W2103511048,first,False,Dr Bert Markou Pruim|W2103511048
Dr Bert Markou Pruim,A5089262289,W1978534920,first,False,Dr Bert Markou Pruim|W1978534920
Dr Bert Markou Pruim,A5089262289,W2143848474,first,False,Dr Bert Markou Pruim|W2143848474
Dr Bert Markou Pruim,A5089262289,W2156996511,middle,False,Dr Bert Markou Pruim|W2156996511
Dr Bevin  Bhoyrul,A5028611611,W3010311971,middle,False,Dr Bevin  Bhoyrul|W3010311971
Dr Bevin  Bhoyrul,A5028611611,W3132913155,last,False,Dr Bevin  Bhoyrul|W3132913155
Dr Bevin  Bhoyrul,A5028611611,W3007628315,middle,False,Dr Bevin  Bhoyrul|W3007628315
Dr Bevin  Bhoyrul,A5028611611,W2901621797,first,True,Dr Bevin  Bhoyrul|W2901621797
Dr Bevin  Bhoyrul,A5028611611,W3086247457,middle,False,Dr Bevin  Bhoyrul|W3086247457
Dr Bevin  Bhoyrul,A5028611611,W3012911470,middle,False,Dr Bevin  Bhoyrul|W3012911470
Dr Bevin  Bhoyrul,A5028611611,W4213270474,middle,False,Dr Bevin  Bhoyrul|W4213270474
Dr Bevin  Bhoyrul,A5028611611,W3093242951,middle,False,Dr Bevin  Bhoyrul|W3093242951
Dr Bevin  Bhoyrul,A5028611611,W2805905269,first,True,Dr Bevin  Bhoyrul|W2805905269
Dr Bevin  Bhoyrul,A5028611611,W4391598028,middle,False,Dr Bevin  Bhoyrul|W4391598028
Dr Bevin  Bhoyrul,A5028611611,W4362635255,middle,False,Dr Bevin  Bhoyrul|W4362635255
Dr Bevin  Bhoyrul,A5028611611,W4399326632,middle,False,Dr Bevin  Bhoyrul|W4399326632
Dr Bevin  Bhoyrul,A5028611611,W3015270372,last,False,Dr Bevin  Bhoyrul|W3015270372
Dr Bevin  Bhoyrul,A5028611611,W3202220457,first,False,Dr Bevin  Bhoyrul|W3202220457
Dr Bevin  Bhoyrul,A5028611611,W2901836207,first,True,Dr Bevin  Bhoyrul|W2901836207
Dr Bevin  Bhoyrul,A5028611611,W3133716063,middle,False,Dr Bevin  Bhoyrul|W3133716063
Dr Bevin  Bhoyrul,A5028611611,W3193892371,last,False,Dr Bevin  Bhoyrul|W3193892371
Dr Bevin  Bhoyrul,A5028611611,W3113577047,last,False,Dr Bevin  Bhoyrul|W3113577047
Dr Bevin  Bhoyrul,A5028611611,W4313627845,last,False,Dr Bevin  Bhoyrul|W4313627845
Dr Bevin  Bhoyrul,A5028611611,W4363646568,middle,False,Dr Bevin  Bhoyrul|W4363646568
Dr Bevin  Bhoyrul,A5028611611,W3158304953,last,False,Dr Bevin  Bhoyrul|W3158304953
Dr Bevin  Bhoyrul,A5028611611,W4207073408,middle,False,Dr Bevin  Bhoyrul|W4207073408
Dr Bevin  Bhoyrul,A5028611611,W4401057478,middle,False,Dr Bevin  Bhoyrul|W4401057478
Dr Bevin  Bhoyrul,A5028611611,W2982328915,last,False,Dr Bevin  Bhoyrul|W2982328915
Dr Bevin  Bhoyrul,A5028611611,W2946517180,first,True,Dr Bevin  Bhoyrul|W2946517180
Dr Bevin  Bhoyrul,A5028611611,W3085851154,last,True,Dr Bevin  Bhoyrul|W3085851154
Dr Bevin  Bhoyrul,A5028611611,W4292210578,middle,False,Dr Bevin  Bhoyrul|W4292210578
Dr Bevin  Bhoyrul,A5028611611,W4321768983,last,False,Dr Bevin  Bhoyrul|W4321768983
Dr Bevin  Bhoyrul,A5028611611,W4310068878,last,False,Dr Bevin  Bhoyrul|W4310068878
Dr Bevin  Bhoyrul,A5028611611,W1482273073,first,True,Dr Bevin  Bhoyrul|W1482273073
Dr Bevin  Bhoyrul,A5028611611,W2605114130,first,False,Dr Bevin  Bhoyrul|W2605114130
Dr Bevin  Bhoyrul,A5028611611,W4283219731,middle,False,Dr Bevin  Bhoyrul|W4283219731
Dr Bevin  Bhoyrul,A5028611611,W2897501579,first,True,Dr Bevin  Bhoyrul|W2897501579
Dr Bevin  Bhoyrul,A5028611611,W4406220001,middle,False,Dr Bevin  Bhoyrul|W4406220001
Dr Bevin  Bhoyrul,A5028611611,W7125259035,last,False,Dr Bevin  Bhoyrul|W7125259035
Dr Bevin  Bhoyrul,A5028611611,W4408519202,middle,False,Dr Bevin  Bhoyrul|W4408519202
Dr Bevin  Bhoyrul,A5028611611,W4410862867,last,False,Dr Bevin  Bhoyrul|W4410862867
Dr Bevin  Bhoyrul,A5028611611,W3022243493,first,True,Dr Bevin  Bhoyrul|W3022243493
Dr Bevin  Bhoyrul,A5028611611,W3118829575,first,True,Dr Bevin  Bhoyrul|W3118829575
Dr Bevin  Bhoyrul,A5028611611,W2899425911,first,True,Dr Bevin  Bhoyrul|W2899425911
Dr Bevin  Bhoyrul,A5028611611,W4391212299,last,False,Dr Bevin  Bhoyrul|W4391212299
Dr Bevin  Bhoyrul,A5028611611,W1889764672,first,True,Dr Bevin  Bhoyrul|W1889764672
Dr Bevin  Bhoyrul,A5028611611,W3176826949,last,False,Dr Bevin  Bhoyrul|W3176826949
Dr Bevin  Bhoyrul,A5028611611,W4414673637,middle,False,Dr Bevin  Bhoyrul|W4414673637
Dr Bevin  Bhoyrul,A5028611611,W7118974193,last,True,Dr Bevin  Bhoyrul|W7118974193
Dr Bevin  Bhoyrul,A5028611611,W1545684484,first,False,Dr Bevin  Bhoyrul|W1545684484
Dr Bevin  Bhoyrul,A5028611611,W1895482035,first,True,Dr Bevin  Bhoyrul|W1895482035
Dr Bevin  Bhoyrul,A5028611611,W2771255688,first,True,Dr Bevin  Bhoyrul|W2771255688
Dr Bevin  Bhoyrul,A5028611611,W2606030723,middle,False,Dr Bevin  Bhoyrul|W2606030723
Dr Bevin  Bhoyrul,A5028611611,W3171228295,last,False,Dr Bevin  Bhoyrul|W3171228295
Dr Bevin  Bhoyrul,A5028611611,W4390987627,first,True,Dr Bevin  Bhoyrul|W4390987627
Dr Bevin  Bhoyrul,A5028611611,W2792243735,first,True,Dr Bevin  Bhoyrul|W2792243735
Dr Bevin  Bhoyrul,A5028611611,W2922163146,first,False,Dr Bevin  Bhoyrul|W2922163146
Dr Bevin  Bhoyrul,A5028611611,W2978826224,first,True,Dr Bevin  Bhoyrul|W2978826224
Dr Bevin  Bhoyrul,A5028611611,W4406807371,last,False,Dr Bevin  Bhoyrul|W4406807371
Dr Bevin  Bhoyrul,A5028611611,W4412597033,middle,False,Dr Bevin  Bhoyrul|W4412597033
Dr Bevin  Bhoyrul,A5028611611,W4412727162,last,False,Dr Bevin  Bhoyrul|W4412727162
Dr Bevin  Bhoyrul,A5028611611,W2016320601,middle,True,Dr Bevin  Bhoyrul|W2016320601
Dr Bevin  Bhoyrul,A5028611611,W2924081975,first,True,Dr Bevin  Bhoyrul|W2924081975
Dr Bevin  Bhoyrul,A5028611611,W2762725996,first,True,Dr Bevin  Bhoyrul|W2762725996
Dr Bevin  Bhoyrul,A5028611611,W2793623576,first,True,Dr Bevin  Bhoyrul|W2793623576
Dr Bevin  Bhoyrul,A5028611611,W2592824815,first,True,Dr Bevin  Bhoyrul|W2592824815
Dr Bevin  Bhoyrul,A5028611611,W3023823347,first,False,Dr Bevin  Bhoyrul|W3023823347
Dr Bevin  Bhoyrul,A5028611611,W3089320584,last,True,Dr Bevin  Bhoyrul|W3089320584
Dr Bevin  Bhoyrul,A5028611611,W3194154311,middle,False,Dr Bevin  Bhoyrul|W3194154311
Dr Bevin  Bhoyrul,A5028611611,W4385997423,middle,False,Dr Bevin  Bhoyrul|W4385997423
Dr Bevin  Bhoyrul,A5028611611,W2803629694,first,True,Dr Bevin  Bhoyrul|W2803629694
Dr Bevin  Bhoyrul,A5028611611,W3066115413,first,True,Dr Bevin  Bhoyrul|W3066115413
Dr Bevin  Bhoyrul,A5028611611,W4200303140,first,True,Dr Bevin  Bhoyrul|W4200303140
Dr Bevin  Bhoyrul,A5028611611,W4243071184,last,False,Dr Bevin  Bhoyrul|W4243071184
Dr Bevin  Bhoyrul,A5028611611,W4391927421,last,False,Dr Bevin  Bhoyrul|W4391927421
Dr Bevin  Bhoyrul,A5028611611,W4407097930,last,False,Dr Bevin  Bhoyrul|W4407097930
Dr Bevin  Bhoyrul,A5028611611,W4410697464,middle,False,Dr Bevin  Bhoyrul|W4410697464
Dr Bevin  Bhoyrul,A5028611611,W4411675804,first,True,Dr Bevin  Bhoyrul|W4411675804
Dr Bevin  Bhoyrul,A5028611611,W4413871274,last,False,Dr Bevin  Bhoyrul|W4413871274
Dr Bevin  Bhoyrul,A5028611611,W4413873457,middle,False,Dr Bevin  Bhoyrul|W4413873457
Dr Bevin  Bhoyrul,A5028611611,W4415002611,last,False,Dr Bevin  Bhoyrul|W4415002611
Dr Bevin  Bhoyrul,A5028611611,W7117111511,last,False,Dr Bevin  Bhoyrul|W7117111511
Dr Bevin  Bhoyrul,A5028611611,W7125234315,middle,False,Dr Bevin  Bhoyrul|W7125234315
Dr Bevin  Bhoyrul,A5028611611,W7125238350,middle,False,Dr Bevin  Bhoyrul|W7125238350
Dr Bevin  Bhoyrul,A5028611611,W7133225239,last,False,Dr Bevin  Bhoyrul|W7133225239
Dr Bevin  Bhoyrul,A5028611611,W7135064376,middle,False,Dr Bevin  Bhoyrul|W7135064376
Dr Bevin  Bhoyrul,A5028611611,W7161270194,middle,False,Dr Bevin  Bhoyrul|W7161270194
Dr Bevin  Bhoyrul,A5028611611,W7166118113,last,False,Dr Bevin  Bhoyrul|W7166118113
Dr Bonnie Anne Fergie,A5001549444,W1979418411,middle,False,Dr Bonnie Anne Fergie|W1979418411
Dr Bonnie Anne Fergie,A5001549444,W2588624641,first,True,Dr Bonnie Anne Fergie|W2588624641
Dr Bonnie Anne Fergie,A5001549444,W2413673245,first,True,Dr Bonnie Anne Fergie|W2413673245
Dr Bonnie Anne Fergie,A5001549444,W2572280099,first,True,Dr Bonnie Anne Fergie|W2572280099
Dr Brian John De'ambrosis,A5017467471,W2317018311,last,False,Dr Brian John De'ambrosis|W2317018311
Dr Brogan Kelly Salence,A5072061828,W2770925327,middle,False,Dr Brogan Kelly Salence|W2770925327
Dr Brogan Kelly Salence,A5072061828,W3040920390,middle,False,Dr Brogan Kelly Salence|W3040920390
Dr Brogan Kelly Salence,A5072061828,W4401558239,middle,False,Dr Brogan Kelly Salence|W4401558239
Dr Brogan Kelly Salence,A5072061828,W3210292317,first,False,Dr Brogan Kelly Salence|W3210292317
Dr Brogan Kelly Salence,A5072061828,W4282043558,first,True,Dr Brogan Kelly Salence|W4282043558
Dr Brogan Kelly Salence,A5072061828,W4382025329,first,False,Dr Brogan Kelly Salence|W4382025329
Dr Brogan Kelly Salence,A5072061828,W4382058684,first,False,Dr Brogan Kelly Salence|W4382058684
Dr Bruce Colin Leslie McGeorge,A5002455975,W51051968,first,True,Dr Bruce Colin Leslie McGeorge|W51051968
Dr Bruce Colin Leslie McGeorge,A5002455975,W2410655853,first,True,Dr Bruce Colin Leslie McGeorge|W2410655853
Dr Bruce Colin Leslie McGeorge,A5002455975,W1963841910,first,True,Dr Bruce Colin Leslie McGeorge|W1963841910
Dr Bruce Colin Leslie McGeorge,A5002455975,W2319886673,last,False,Dr Bruce Colin Leslie McGeorge|W2319886673
Dr Bruce James Tate,A5011520227,W2099022895,last,False,Dr Bruce James Tate|W2099022895
Dr Bruce James Tate,A5011520227,W2037216761,last,False,Dr Bruce James Tate|W2037216761
Dr Bruce James Tate,A5011520227,W2019938514,middle,False,Dr Bruce James Tate|W2019938514
Dr Bruce James Tate,A5011520227,W2128007007,middle,False,Dr Bruce James Tate|W2128007007
Dr Bruce James Tate,A5011520227,W1589007071,middle,False,Dr Bruce James Tate|W1589007071
Dr Bruce James Tate,A5011520227,W1670195678,middle,False,Dr Bruce James Tate|W1670195678
Dr Bruce James Tate,A5011520227,W3142200440,middle,False,Dr Bruce James Tate|W3142200440
Dr Bruce James Tate,A5011520227,W2111716170,middle,False,Dr Bruce James Tate|W2111716170
Dr Bruce James Tate,A5011520227,W2039413493,last,False,Dr Bruce James Tate|W2039413493
Dr Bruce James Tate,A5011520227,W2013865801,middle,False,Dr Bruce James Tate|W2013865801
Dr Bruce James Tate,A5011520227,W2041622040,last,False,Dr Bruce James Tate|W2041622040
Dr Bruce James Tate,A5011520227,W2054308721,last,False,Dr Bruce James Tate|W2054308721
Dr Bruce James Tate,A5011520227,W1629318359,middle,False,Dr Bruce James Tate|W1629318359
Dr Bruce James Tate,A5011520227,W2050300030,middle,False,Dr Bruce James Tate|W2050300030
Dr Bruce James Tate,A5011520227,W4281484118,middle,False,Dr Bruce James Tate|W4281484118
Dr Bruce James Tate,A5011520227,W4385514285,last,False,Dr Bruce James Tate|W4385514285
Dr Bruce James Tate,A5011520227,W1976096088,last,False,Dr Bruce James Tate|W1976096088
Dr Bruce James Tate,A5011520227,W2064812351,first,True,Dr Bruce James Tate|W2064812351
Dr Bruce James Tate,A5011520227,W2037674404,last,False,Dr Bruce James Tate|W2037674404
Dr Bruce James Tate,A5011520227,W2146036343,last,False,Dr Bruce James Tate|W2146036343
Dr Bruce James Tate,A5011520227,W2024193907,last,False,Dr Bruce James Tate|W2024193907
Dr Bruce James Tate,A5011520227,W4311203843,last,False,Dr Bruce James Tate|W4311203843
Dr Bruce James Tate,A5011520227,W2047451218,last,False,Dr Bruce James Tate|W2047451218
Dr Bruce James Tate,A5011520227,W4404029395,last,False,Dr Bruce James Tate|W4404029395
Dr Bruce James Tate,A5011520227,W1778505026,first,True,Dr Bruce James Tate|W1778505026
Dr Bruce James Tate,A5011520227,W3179663181,middle,False,Dr Bruce James Tate|W3179663181
Dr Bruce James Tate,A5011520227,W4214604408,first,True,Dr Bruce James Tate|W4214604408
Dr Bruce James Tate,A5011520227,W4247758916,last,False,Dr Bruce James Tate|W4247758916
Dr Bruna  Melhoranse Gouveia,A5079604816,W4412523156,middle,False,Dr Bruna  Melhoranse Gouveia|W4412523156
Dr Bruna  Melhoranse Gouveia,A5079604816,W4413108263,middle,False,Dr Bruna  Melhoranse Gouveia|W4413108263
Dr Bruna  Melhoranse Gouveia,A5079604816,W4322719939,first,True,Dr Bruna  Melhoranse Gouveia|W4322719939
Dr Bruna  Melhoranse Gouveia,A5079604816,W4321789303,middle,False,Dr Bruna  Melhoranse Gouveia|W4321789303
Dr Bruna  Melhoranse Gouveia,A5079604816,W3136378479,middle,False,Dr Bruna  Melhoranse Gouveia|W3136378479
Dr Bruna  Melhoranse Gouveia,A5079604816,W3094491685,first,True,Dr Bruna  Melhoranse Gouveia|W3094491685
Dr Bruna  Melhoranse Gouveia,A5079604816,W4400272203,middle,False,Dr Bruna  Melhoranse Gouveia|W4400272203
Dr Bruna  Melhoranse Gouveia,A5079604816,W4229041867,middle,False,Dr Bruna  Melhoranse Gouveia|W4229041867
Dr Bruna  Melhoranse Gouveia,A5079604816,W4403266015,middle,False,Dr Bruna  Melhoranse Gouveia|W4403266015
Dr Bruna  Melhoranse Gouveia,A5079604816,W4404326044,first,True,Dr Bruna  Melhoranse Gouveia|W4404326044
Dr Bruna  Melhoranse Gouveia,A5079604816,W2980860966,first,True,Dr Bruna  Melhoranse Gouveia|W2980860966
Dr Bruna  Melhoranse Gouveia,A5079604816,W3208528599,middle,False,Dr Bruna  Melhoranse Gouveia|W3208528599
Dr Bruna  Melhoranse Gouveia,A5079604816,W4206260131,middle,False,Dr Bruna  Melhoranse Gouveia|W4206260131
Dr Bruna  Melhoranse Gouveia,A5079604816,W3012721240,first,True,Dr Bruna  Melhoranse Gouveia|W3012721240
Dr Bruna  Melhoranse Gouveia,A5079604816,W4309548792,middle,False,Dr Bruna  Melhoranse Gouveia|W4309548792
Dr Bruna  Melhoranse Gouveia,A5079604816,W2774793121,middle,False,Dr Bruna  Melhoranse Gouveia|W2774793121
Dr Bruna  Melhoranse Gouveia,A5079604816,W4296483236,middle,False,Dr Bruna  Melhoranse Gouveia|W4296483236
Dr Bruna  Melhoranse Gouveia,A5079604816,W2471292777,first,False,Dr Bruna  Melhoranse Gouveia|W2471292777
Dr Bruna  Melhoranse Gouveia,A5079604816,W4206994316,middle,False,Dr Bruna  Melhoranse Gouveia|W4206994316
Dr Bruna  Melhoranse Gouveia,A5079604816,W2619579805,first,False,Dr Bruna  Melhoranse Gouveia|W2619579805
Dr Bruna  Melhoranse Gouveia,A5079604816,W1512836383,first,False,Dr Bruna  Melhoranse Gouveia|W1512836383
Dr Bruna  Melhoranse Gouveia,A5079604816,W2982821097,first,True,Dr Bruna  Melhoranse Gouveia|W2982821097
Dr Bruna  Melhoranse Gouveia,A5079604816,W3167506166,middle,False,Dr Bruna  Melhoranse Gouveia|W3167506166
Dr Bruna  Melhoranse Gouveia,A5079604816,W4293246839,middle,False,Dr Bruna  Melhoranse Gouveia|W4293246839
Dr Bruna  Melhoranse Gouveia,A5079604816,W4412044485,middle,False,Dr Bruna  Melhoranse Gouveia|W4412044485
Dr Bruna  Melhoranse Gouveia,A5079604816,W4415055489,middle,False,Dr Bruna  Melhoranse Gouveia|W4415055489
Dr Bruna  Melhoranse Gouveia,A5079604816,W4415595932,first,True,Dr Bruna  Melhoranse Gouveia|W4415595932
Dr Bruna  Melhoranse Gouveia,A5079604816,W4417476603,middle,False,Dr Bruna  Melhoranse Gouveia|W4417476603
Dr Bruno  Blaya Alvarez,A5013822061,W3016254171,middle,False,Dr Bruno  Blaya Alvarez|W3016254171
Dr Bruno  Blaya Alvarez,A5013822061,W4303647703,middle,True,Dr Bruno  Blaya Alvarez|W4303647703
Dr Bryan Ka Chiu Pang,A5038823958,W2081193234,first,False,Dr Bryan Ka Chiu Pang|W2081193234
Dr Bryan Ka Chiu Pang,A5038823958,W2024056821,last,False,Dr Bryan Ka Chiu Pang|W2024056821
Dr Bryan Ka Chiu Pang,A5038823958,W2060520975,first,False,Dr Bryan Ka Chiu Pang|W2060520975
Dr Bryan Ka Chiu Pang,A5038823958,W2134606741,last,False,Dr Bryan Ka Chiu Pang|W2134606741
Dr Bryan Ka Chiu Pang,A5038823958,W2027421633,first,False,Dr Bryan Ka Chiu Pang|W2027421633
Dr Bryan Ka Chiu Pang,A5038823958,W1983783732,first,False,Dr Bryan Ka Chiu Pang|W1983783732
Dr Bryan Ka Chiu Pang,A5038823958,W4298037613,first,True,Dr Bryan Ka Chiu Pang|W4298037613
Dr Bryan Ka Chiu Pang,A5038823958,W2415028411,first,False,Dr Bryan Ka Chiu Pang|W2415028411
Dr Bryan Ka Chiu Pang,A5038823958,W2093110725,last,False,Dr Bryan Ka Chiu Pang|W2093110725
Dr Bryan Ka Chiu Pang,A5038823958,W2048819157,last,False,Dr Bryan Ka Chiu Pang|W2048819157
Dr Bryan Ka Chiu Pang,A5038823958,W2085399312,last,False,Dr Bryan Ka Chiu Pang|W2085399312
Dr Burcu  Kim,A5014705000,W2593526567,first,True,Dr Burcu  Kim|W2593526567
Dr Burcu  Kim,A5014705000,W1482579842,first,False,Dr Burcu  Kim|W1482579842
Dr Cara Brigid McDonald,A5080270691,W2987833827,middle,False,Dr Cara Brigid McDonald|W2987833827
Dr Cara Brigid McDonald,A5080270691,W3125557515,middle,False,Dr Cara Brigid McDonald|W3125557515
Dr Cara Brigid McDonald,A5080270691,W4391174044,middle,False,Dr Cara Brigid McDonald|W4391174044
Dr Cara Brigid McDonald,A5080270691,W4319825951,middle,False,Dr Cara Brigid McDonald|W4319825951
Dr Cara Brigid McDonald,A5080270691,W4229365740,first,False,Dr Cara Brigid McDonald|W4229365740
Dr Cara Brigid McDonald,A5080270691,W4229375642,first,True,Dr Cara Brigid McDonald|W4229375642
Dr Cara Brigid McDonald,A5080270691,W4396679071,middle,False,Dr Cara Brigid McDonald|W4396679071
Dr Cara Brigid McDonald,A5080270691,W4410216820,middle,False,Dr Cara Brigid McDonald|W4410216820
Dr Cara Brigid McDonald,A5080270691,W4415396707,middle,False,Dr Cara Brigid McDonald|W4415396707
Dr Cara Brigid McDonald,A5080270691,W3108429330,middle,False,Dr Cara Brigid McDonald|W3108429330
Dr Cara Brigid McDonald,A5080270691,W4308447723,first,True,Dr Cara Brigid McDonald|W4308447723
Dr Cara Brigid McDonald,A5080270691,W4221040479,middle,False,Dr Cara Brigid McDonald|W4221040479
Dr Cara Brigid McDonald,A5080270691,W3033402401,middle,False,Dr Cara Brigid McDonald|W3033402401
Dr Cara Brigid McDonald,A5080270691,W4410079553,middle,False,Dr Cara Brigid McDonald|W4410079553
Dr Cara Brigid McDonald,A5080270691,W4402288424,middle,False,Dr Cara Brigid McDonald|W4402288424
Dr Cara Brigid McDonald,A5080270691,W4404089181,middle,False,Dr Cara Brigid McDonald|W4404089181
Dr Cara Brigid McDonald,A5080270691,W3175971874,last,False,Dr Cara Brigid McDonald|W3175971874
Dr Cara Brigid McDonald,A5080270691,W4402103711,last,False,Dr Cara Brigid McDonald|W4402103711
Dr Cara Brigid McDonald,A5080270691,W4409962257,middle,False,Dr Cara Brigid McDonald|W4409962257
Dr Cara Brigid McDonald,A5080270691,W4413654289,first,True,Dr Cara Brigid McDonald|W4413654289
Dr Cara Brigid McDonald,A5080270691,W4413671761,first,True,Dr Cara Brigid McDonald|W4413671761
Dr Cara Brigid McDonald,A5080270691,W4413673627,first,True,Dr Cara Brigid McDonald|W4413673627
Dr Cara Brigid McDonald,A5080270691,W4413723997,first,True,Dr Cara Brigid McDonald|W4413723997
Dr Cara Brigid McDonald,A5080270691,W4414628472,first,False,Dr Cara Brigid McDonald|W4414628472
Dr Cara Brigid McDonald,A5080270691,W974321459,first,True,Dr Cara Brigid McDonald|W974321459
Dr Caroline Hsien-Feng Thoo,A5082011926,W2027198443,first,False,Dr Caroline Hsien-Feng Thoo|W2027198443
Dr Casey Jane Rowe,A5066375948,W3018522922,middle,False,Dr Casey Jane Rowe|W3018522922
Dr Casey Jane Rowe,A5066375948,W2912830919,middle,False,Dr Casey Jane Rowe|W2912830919
Dr Casey Jane Rowe,A5066375948,W3190727384,middle,False,Dr Casey Jane Rowe|W3190727384
Dr Casey Jane Rowe,A5066375948,W1973049233,first,False,Dr Casey Jane Rowe|W1973049233
Dr Casey Jane Rowe,A5066375948,W2151067845,first,False,Dr Casey Jane Rowe|W2151067845
Dr Casey Jane Rowe,A5066375948,W4392371681,middle,False,Dr Casey Jane Rowe|W4392371681
Dr Casey Jane Rowe,A5066375948,W1764198535,first,False,Dr Casey Jane Rowe|W1764198535
Dr Casey Jane Rowe,A5066375948,W1763744469,middle,False,Dr Casey Jane Rowe|W1763744469
Dr Casey Jane Rowe,A5066375948,W2298644768,first,False,Dr Casey Jane Rowe|W2298644768
Dr Casey Jane Rowe,A5066375948,W1547205637,first,False,Dr Casey Jane Rowe|W1547205637
Dr Casey Jane Rowe,A5066375948,W3119646896,middle,False,Dr Casey Jane Rowe|W3119646896
Dr Casey Jane Rowe,A5066375948,W1592728593,first,True,Dr Casey Jane Rowe|W1592728593
Dr Casey Jane Rowe,A5066375948,W2980685858,last,False,Dr Casey Jane Rowe|W2980685858
Dr Casey Jane Rowe,A5066375948,W2265221159,first,False,Dr Casey Jane Rowe|W2265221159
Dr Casey Jane Rowe,A5066375948,W2241261320,first,False,Dr Casey Jane Rowe|W2241261320
Dr Casey Jane Rowe,A5066375948,W2242375414,first,False,Dr Casey Jane Rowe|W2242375414
Dr Casey Jane Rowe,A5066375948,W2248912756,middle,False,Dr Casey Jane Rowe|W2248912756
Dr Casey Jane Rowe,A5066375948,W2954413277,middle,False,Dr Casey Jane Rowe|W2954413277
Dr Casey Jane Rowe,A5066375948,W2525902401,first,False,Dr Casey Jane Rowe|W2525902401
Dr Casey Jane Rowe,A5066375948,W2568021362,first,False,Dr Casey Jane Rowe|W2568021362
Dr Casey Jane Rowe,A5066375948,W2784809390,first,True,Dr Casey Jane Rowe|W2784809390
Dr Casey Jane Rowe,A5066375948,W2802472878,middle,False,Dr Casey Jane Rowe|W2802472878
Dr Casey Jane Rowe,A5066375948,W2808331024,middle,False,Dr Casey Jane Rowe|W2808331024
Dr Casey Jane Rowe,A5066375948,W2948563601,middle,False,Dr Casey Jane Rowe|W2948563601
Dr Casey Jane Rowe,A5066375948,W4295881708,middle,False,Dr Casey Jane Rowe|W4295881708
Dr Casey Jane Rowe,A5066375948,W4317358578,middle,False,Dr Casey Jane Rowe|W4317358578
Dr Casey Jane Rowe,A5066375948,W4385720026,middle,False,Dr Casey Jane Rowe|W4385720026
Dr Cassandra  Chaptini,A5028799593,W2217619371,first,True,Dr Cassandra  Chaptini|W2217619371
Dr Cassandra  Chaptini,A5028799593,W1947758974,first,True,Dr Cassandra  Chaptini|W1947758974
Dr Cassandra  Chaptini,A5028799593,W1906450354,first,True,Dr Cassandra  Chaptini|W1906450354
Dr Cassandra  Chaptini,A5028799593,W2136127007,middle,False,Dr Cassandra  Chaptini|W2136127007
Dr Cassandra  Chaptini,A5028799593,W1942499009,first,True,Dr Cassandra  Chaptini|W1942499009
Dr Cassandra  Chaptini,A5028799593,W2141846795,first,True,Dr Cassandra  Chaptini|W2141846795
Dr Cassandra  Chaptini,A5028799593,W2160810852,first,True,Dr Cassandra  Chaptini|W2160810852
Dr Catherine Elizabeth Scarff,A5075253875,W2896894019,first,True,Dr Catherine Elizabeth Scarff|W2896894019
Dr Catherine Elizabeth Scarff,A5075253875,W2110515225,middle,False,Dr Catherine Elizabeth Scarff|W2110515225
Dr Catherine Elizabeth Scarff,A5075253875,W4389056618,first,True,Dr Catherine Elizabeth Scarff|W4389056618
Dr Catherine Elizabeth Scarff,A5075253875,W2345641474,middle,False,Dr Catherine Elizabeth Scarff|W2345641474
Dr Catherine Elizabeth Scarff,A5075253875,W1492294620,first,True,Dr Catherine Elizabeth Scarff|W1492294620
Dr Catherine Elizabeth Scarff,A5075253875,W2037139456,middle,False,Dr Catherine Elizabeth Scarff|W2037139456
Dr Catherine Elizabeth Scarff,A5075253875,W2912902465,first,True,Dr Catherine Elizabeth Scarff|W2912902465
Dr Catherine Elizabeth Scarff,A5075253875,W4395099804,first,False,Dr Catherine Elizabeth Scarff|W4395099804
Dr Catherine Elizabeth Scarff,A5075253875,W2021543241,first,False,Dr Catherine Elizabeth Scarff|W2021543241
Dr Catherine Elizabeth Scarff,A5075253875,W2051926542,first,False,Dr Catherine Elizabeth Scarff|W2051926542
Dr Catherine Elizabeth Scarff,A5075253875,W2087016810,first,False,Dr Catherine Elizabeth Scarff|W2087016810
Dr Catherine Elizabeth Scarff,A5075253875,W1892412562,first,True,Dr Catherine Elizabeth Scarff|W1892412562
Dr Catherine Elizabeth Scarff,A5075253875,W2968442121,first,True,Dr Catherine Elizabeth Scarff|W2968442121
Dr Catherine Elizabeth Scarff,A5075253875,W4399369280,middle,False,Dr Catherine Elizabeth Scarff|W4399369280
Dr Catherine Elizabeth Scarff,A5075253875,W4404249016,middle,False,Dr Catherine Elizabeth Scarff|W4404249016
Dr Catherine Elizabeth Scarff,A5075253875,W2562738238,first,True,Dr Catherine Elizabeth Scarff|W2562738238
Dr Catherine Elizabeth Scarff,A5075253875,W2418968480,first,True,Dr Catherine Elizabeth Scarff|W2418968480
Dr Catherine Elizabeth Scarff,A5075253875,W3016465036,first,True,Dr Catherine Elizabeth Scarff|W3016465036
Dr Catherine Elizabeth Scarff,A5075253875,W2512925240,first,True,Dr Catherine Elizabeth Scarff|W2512925240
Dr Catherine Elizabeth Scarff,A5075253875,W3204802496,last,False,Dr Catherine Elizabeth Scarff|W3204802496
Dr Catherine Elizabeth Scarff,A5075253875,W7128673888,first,True,Dr Catherine Elizabeth Scarff|W7128673888
Dr Catherine Elizabeth Scarff,A5075253875,W7128723153,first,True,Dr Catherine Elizabeth Scarff|W7128723153
Dr Catherine Frances Faulkner,A5041996671,W1966214775,first,False,Dr Catherine Frances Faulkner|W1966214775
Dr Catherine Frances Faulkner,A5041996671,W1957718246,last,False,Dr Catherine Frances Faulkner|W1957718246
Dr Catherine Frances Faulkner,A5041996671,W2042108072,middle,False,Dr Catherine Frances Faulkner|W2042108072
Dr Catherine Frances Faulkner,A5041996671,W2008714417,last,False,Dr Catherine Frances Faulkner|W2008714417
Dr Catherine Frances Faulkner,A5041996671,W2102687868,first,True,Dr Catherine Frances Faulkner|W2102687868
Dr Catherine Frances Faulkner,A5041996671,W1812931466,last,False,Dr Catherine Frances Faulkner|W1812931466
Dr Catherine Frances Faulkner,A5041996671,W2057514262,first,False,Dr Catherine Frances Faulkner|W2057514262
Dr Catherine Frances Faulkner,A5041996671,W180533162,middle,False,Dr Catherine Frances Faulkner|W180533162
Dr Catherine Frances Faulkner,A5041996671,W2109913850,middle,False,Dr Catherine Frances Faulkner|W2109913850
Dr Charlotte Emily Forrest,A5112073981,W2320261226,first,True,Dr Charlotte Emily Forrest|W2320261226
Dr Charlotte Emily Forrest,A5112073981,W2123819145,first,True,Dr Charlotte Emily Forrest|W2123819145
Dr Charlotte Emily Forrest,A5112073981,W2617398279,middle,False,Dr Charlotte Emily Forrest|W2617398279
Dr Charlotte Emily Forrest,A5112073981,W2515788318,last,False,Dr Charlotte Emily Forrest|W2515788318
Dr Charlotte Lucinda Thomas,A5001516708,W2282669334,first,True,Dr Charlotte Lucinda Thomas|W2282669334
Dr Charlotte Lucinda Thomas,A5001516708,W1971466772,first,False,Dr Charlotte Lucinda Thomas|W1971466772
Dr Charlotte Lucinda Thomas,A5001516708,W2521015678,first,False,Dr Charlotte Lucinda Thomas|W2521015678
Dr Charlotte Lucinda Thomas,A5001516708,W2901904778,middle,False,Dr Charlotte Lucinda Thomas|W2901904778
Dr Charlotte Lucinda Thomas,A5001516708,W2161936498,first,True,Dr Charlotte Lucinda Thomas|W2161936498
Dr Charlotte Lucinda Thomas,A5001516708,W2280393244,first,False,Dr Charlotte Lucinda Thomas|W2280393244
Dr Charlotte Lucinda Thomas,A5001516708,W2587909221,first,False,Dr Charlotte Lucinda Thomas|W2587909221
Dr Charlotte Lucinda Thomas,A5001516708,W2173676960,first,True,Dr Charlotte Lucinda Thomas|W2173676960
Dr Charlotte Lucinda Thomas,A5001516708,W2555117157,first,True,Dr Charlotte Lucinda Thomas|W2555117157
Dr Charlotte Lucinda Thomas,A5001516708,W2069616057,middle,False,Dr Charlotte Lucinda Thomas|W2069616057
Dr Charlotte Lucinda Thomas,A5001516708,W2578545840,first,True,Dr Charlotte Lucinda Thomas|W2578545840
Dr Charlotte Lucinda Thomas,A5001516708,W2938448237,middle,False,Dr Charlotte Lucinda Thomas|W2938448237
Dr Charlotte Lucinda Thomas,A5001516708,W2912472272,middle,False,Dr Charlotte Lucinda Thomas|W2912472272
Dr Charlotte Lucinda Thomas,A5001516708,W2159103536,middle,False,Dr Charlotte Lucinda Thomas|W2159103536
Dr Charlotte Lucinda Thomas,A5001516708,W2512144258,first,False,Dr Charlotte Lucinda Thomas|W2512144258
Dr Charlotte Lucinda Thomas,A5001516708,W2077511307,middle,False,Dr Charlotte Lucinda Thomas|W2077511307
Dr Charlotte Lucinda Thomas,A5001516708,W2275412954,middle,False,Dr Charlotte Lucinda Thomas|W2275412954
Dr Charlotte Lucinda Thomas,A5001516708,W2396064409,first,False,Dr Charlotte Lucinda Thomas|W2396064409
Dr Chasari  Tancharoen,A5003143667,W2073749689,middle,False,Dr Chasari  Tancharoen|W2073749689
Dr Chasari  Tancharoen,A5003143667,W2152664658,middle,False,Dr Chasari  Tancharoen|W2152664658
Dr Chasari  Tancharoen,A5003143667,W2739827649,middle,False,Dr Chasari  Tancharoen|W2739827649
Dr Chasari  Tancharoen,A5003143667,W1539517294,first,False,Dr Chasari  Tancharoen|W1539517294
Dr Chasari  Tancharoen,A5003143667,W2519087247,last,False,Dr Chasari  Tancharoen|W2519087247
Dr Chasari  Tancharoen,A5003143667,W2071713605,middle,False,Dr Chasari  Tancharoen|W2071713605
Dr Chasari  Tancharoen,A5003143667,W2054823503,first,False,Dr Chasari  Tancharoen|W2054823503
Dr Chasari  Tancharoen,A5003143667,W2312561709,middle,False,Dr Chasari  Tancharoen|W2312561709
Dr Chasari  Tancharoen,A5003143667,W2322092162,last,False,Dr Chasari  Tancharoen|W2322092162
Dr Chasari  Tancharoen,A5003143667,W2325798564,middle,False,Dr Chasari  Tancharoen|W2325798564
Dr Chris Khachadour Jalilian,A5076740912,W2111839555,first,True,Dr Chris Khachadour Jalilian|W2111839555
Dr Chris Khachadour Jalilian,A5076740912,W1997811835,first,False,Dr Chris Khachadour Jalilian|W1997811835
Dr Chris Khachadour Jalilian,A5076740912,W2888444776,middle,False,Dr Chris Khachadour Jalilian|W2888444776
Dr Chris Khachadour Jalilian,A5076740912,W1591700414,first,True,Dr Chris Khachadour Jalilian|W1591700414
Dr Chris Khachadour Jalilian,A5076740912,W2108606148,middle,False,Dr Chris Khachadour Jalilian|W2108606148
Dr Chris Khachadour Jalilian,A5076740912,W2073551612,first,False,Dr Chris Khachadour Jalilian|W2073551612
Dr Chris Khachadour Jalilian,A5076740912,W3207638691,first,False,Dr Chris Khachadour Jalilian|W3207638691
Dr Chris Khachadour Jalilian,A5076740912,W7140475879,middle,False,Dr Chris Khachadour Jalilian|W7140475879
Dr Chris Khachadour Jalilian,A5076740912,W7160234388,middle,False,Dr Chris Khachadour Jalilian|W7160234388
Dr Chris Khachadour Jalilian,A5076740912,W7160259627,middle,False,Dr Chris Khachadour Jalilian|W7160259627
Dr Chris Khachadour Jalilian,A5076740912,W7160287843,middle,False,Dr Chris Khachadour Jalilian|W7160287843
Dr Chris Khachadour Jalilian,A5076740912,W7160307376,middle,False,Dr Chris Khachadour Jalilian|W7160307376
Dr Chris Khachadour Jalilian,A5076740912,W7160317912,middle,False,Dr Chris Khachadour Jalilian|W7160317912
Dr Chris Khachadour Jalilian,A5076740912,W7160332807,middle,False,Dr Chris Khachadour Jalilian|W7160332807
Dr Christina  Sander,A5039660151,W2058414013,first,False,Dr Christina  Sander|W2058414013
Dr Christina  Sander,A5039660151,W2067297015,first,False,Dr Christina  Sander|W2067297015
Dr Christina  Sander,A5039660151,W2089210293,first,False,Dr Christina  Sander|W2089210293
Dr Christina  Sander,A5039660151,W1992753474,first,False,Dr Christina  Sander|W1992753474
Dr Christina  Sander,A5039660151,W2083001284,middle,False,Dr Christina  Sander|W2083001284
Dr Christina  Sander,A5039660151,W2043513271,first,False,Dr Christina  Sander|W2043513271
Dr Christina  Sander,A5039660151,W2094098785,first,False,Dr Christina  Sander|W2094098785
Dr Christina  Sander,A5039660151,W2908614042,middle,False,Dr Christina  Sander|W2908614042
Dr Christina  Sander,A5039660151,W2132722872,first,True,Dr Christina  Sander|W2132722872
Dr Christina  Sander,A5039660151,W2085830519,middle,False,Dr Christina  Sander|W2085830519
Dr Christina  Sander,A5039660151,W1923505095,middle,False,Dr Christina  Sander|W1923505095
Dr Christina  Sander,A5039660151,W2130062376,first,True,Dr Christina  Sander|W2130062376
Dr Christina  Sander,A5039660151,W4214849493,first,False,Dr Christina  Sander|W4214849493
Dr Christina  Sander,A5039660151,W1656405281,first,False,Dr Christina  Sander|W1656405281
Dr Christina  Sander,A5039660151,W1031073500,first,False,Dr Christina  Sander|W1031073500
Dr Christina  Sander,A5039660151,W2469560739,first,True,Dr Christina  Sander|W2469560739
Dr Christina  Sander,A5039660151,W4250030634,middle,False,Dr Christina  Sander|W4250030634
Dr Christina  Sander,A5039660151,W4414363041,middle,False,Dr Christina  Sander|W4414363041
Dr Christina Alexandra Saywell,A5028631511,W1976987614,first,True,Dr Christina Alexandra Saywell|W1976987614
Dr Christopher Hudson Heyes,A5087287678,W2766455916,middle,False,Dr Christopher Hudson Heyes|W2766455916
Dr Christopher Hudson Heyes,A5087287678,W1527180777,first,True,Dr Christopher Hudson Heyes|W1527180777
Dr Christopher Hudson Heyes,A5087287678,W1514153239,first,True,Dr Christopher Hudson Heyes|W1514153239
Dr Christopher Hudson Heyes,A5087287678,W2143803333,first,True,Dr Christopher Hudson Heyes|W2143803333
Dr Christopher Hudson Heyes,A5087287678,W2281727197,first,False,Dr Christopher Hudson Heyes|W2281727197
Dr Christopher Hudson Heyes,A5087287678,W2461951891,last,False,Dr Christopher Hudson Heyes|W2461951891
Dr Christopher John McCormack,A5059028953,W2045009458,middle,False,Dr Christopher John McCormack|W2045009458
Dr Christopher John McCormack,A5059028953,W2097762752,middle,False,Dr Christopher John McCormack|W2097762752
Dr Christopher John McCormack,A5059028953,W1985622573,last,False,Dr Christopher John McCormack|W1985622573
Dr Christopher John McCormack,A5059028953,W1991562641,first,False,Dr Christopher John McCormack|W1991562641
Dr Christopher John McCormack,A5059028953,W4300554902,first,True,Dr Christopher John McCormack|W4300554902
Dr Christopher John McCormack,A5059028953,W2024397914,middle,False,Dr Christopher John McCormack|W2024397914
Dr Christopher John McCormack,A5059028953,W2736610107,middle,False,Dr Christopher John McCormack|W2736610107
Dr Christopher John McCormack,A5059028953,W1696546567,last,False,Dr Christopher John McCormack|W1696546567
Dr Christopher John McCormack,A5059028953,W3049212519,middle,False,Dr Christopher John McCormack|W3049212519
Dr Christopher John McCormack,A5059028953,W2790044674,middle,False,Dr Christopher John McCormack|W2790044674
Dr Christopher John McCormack,A5059028953,W4400580185,middle,False,Dr Christopher John McCormack|W4400580185
Dr Christopher John McCormack,A5059028953,W2142310195,middle,False,Dr Christopher John McCormack|W2142310195
Dr Christopher John McCormack,A5059028953,W2001015429,middle,False,Dr Christopher John McCormack|W2001015429
Dr Christopher John McCormack,A5059028953,W2805278470,middle,False,Dr Christopher John McCormack|W2805278470
Dr Christopher John McCormack,A5059028953,W1999405522,last,False,Dr Christopher John McCormack|W1999405522
Dr Christopher John McCormack,A5059028953,W2979518590,middle,False,Dr Christopher John McCormack|W2979518590
Dr Christopher John McCormack,A5059028953,W2795250566,middle,False,Dr Christopher John McCormack|W2795250566
Dr Christopher John McCormack,A5059028953,W2251465129,middle,False,Dr Christopher John McCormack|W2251465129
Dr Christopher John McCormack,A5059028953,W1958506600,middle,False,Dr Christopher John McCormack|W1958506600
Dr Christopher John McCormack,A5059028953,W2062461921,first,False,Dr Christopher John McCormack|W2062461921
Dr Christopher John McCormack,A5059028953,W2953271254,middle,False,Dr Christopher John McCormack|W2953271254
Dr Christopher John McCormack,A5059028953,W4220978118,middle,False,Dr Christopher John McCormack|W4220978118
Dr Christopher John McCormack,A5059028953,W4210833508,last,False,Dr Christopher John McCormack|W4210833508
Dr Christopher John McCormack,A5059028953,W4400856618,middle,False,Dr Christopher John McCormack|W4400856618
Dr Christopher John McCormack,A5059028953,W4411620469,middle,False,Dr Christopher John McCormack|W4411620469
Dr Christopher John McCormack,A5059028953,W2008131591,middle,False,Dr Christopher John McCormack|W2008131591
Dr Christopher John McCormack,A5059028953,W2178328909,middle,False,Dr Christopher John McCormack|W2178328909
Dr Christopher John McCormack,A5059028953,W2094523394,middle,False,Dr Christopher John McCormack|W2094523394
Dr Christopher John McCormack,A5059028953,W2055657798,last,False,Dr Christopher John McCormack|W2055657798
Dr Christopher John McCormack,A5059028953,W2027037263,middle,False,Dr Christopher John McCormack|W2027037263
Dr Christopher John McCormack,A5059028953,W1802794081,middle,False,Dr Christopher John McCormack|W1802794081
Dr Christopher John McCormack,A5059028953,W2969348491,middle,False,Dr Christopher John McCormack|W2969348491
Dr Christopher John McCormack,A5059028953,W2921168306,last,False,Dr Christopher John McCormack|W2921168306
Dr Christopher John McCormack,A5059028953,W2792496657,middle,False,Dr Christopher John McCormack|W2792496657
Dr Christopher John McCormack,A5059028953,W3019307628,middle,False,Dr Christopher John McCormack|W3019307628
Dr Christopher John McCormack,A5059028953,W3116791471,middle,False,Dr Christopher John McCormack|W3116791471
Dr Christopher John McCormack,A5059028953,W4311330985,last,False,Dr Christopher John McCormack|W4311330985
Dr Christopher John McCormack,A5059028953,W4412393293,middle,False,Dr Christopher John McCormack|W4412393293
Dr Christopher John McCormack,A5059028953,W4411179534,middle,False,Dr Christopher John McCormack|W4411179534
Dr Christopher John McCormack,A5059028953,W1965709020,last,False,Dr Christopher John McCormack|W1965709020
Dr Christopher John McCormack,A5059028953,W2092271326,last,False,Dr Christopher John McCormack|W2092271326
Dr Christopher John McCormack,A5059028953,W2141377721,middle,False,Dr Christopher John McCormack|W2141377721
Dr Christopher John McCormack,A5059028953,W1969559256,middle,False,Dr Christopher John McCormack|W1969559256
Dr Christopher John McCormack,A5059028953,W2078903043,middle,False,Dr Christopher John McCormack|W2078903043
Dr Christopher John McCormack,A5059028953,W2983012109,middle,False,Dr Christopher John McCormack|W2983012109
Dr Christopher John McCormack,A5059028953,W2465900230,last,False,Dr Christopher John McCormack|W2465900230
Dr Christopher John McCormack,A5059028953,W3177047158,middle,False,Dr Christopher John McCormack|W3177047158
Dr Christopher John McCormack,A5059028953,W2018740809,middle,False,Dr Christopher John McCormack|W2018740809
Dr Christopher John McCormack,A5059028953,W1983890013,first,True,Dr Christopher John McCormack|W1983890013
Dr Christopher John McCormack,A5059028953,W2099362192,first,True,Dr Christopher John McCormack|W2099362192
Dr Christopher John McCormack,A5059028953,W2073402776,middle,False,Dr Christopher John McCormack|W2073402776
Dr Christopher John McCormack,A5059028953,W2042875555,middle,False,Dr Christopher John McCormack|W2042875555
Dr Christopher John McCormack,A5059028953,W1973725373,middle,False,Dr Christopher John McCormack|W1973725373
Dr Christopher John McCormack,A5059028953,W2793381127,middle,False,Dr Christopher John McCormack|W2793381127
Dr Christopher John McCormack,A5059028953,W1915046961,middle,False,Dr Christopher John McCormack|W1915046961
Dr Christopher John McCormack,A5059028953,W2973158910,middle,True,Dr Christopher John McCormack|W2973158910
Dr Christopher John McCormack,A5059028953,W4225128992,middle,False,Dr Christopher John McCormack|W4225128992
Dr Christopher John McCormack,A5059028953,W2901353179,middle,False,Dr Christopher John McCormack|W2901353179
Dr Christopher John McCormack,A5059028953,W4323653531,middle,False,Dr Christopher John McCormack|W4323653531
Dr Christopher John McCormack,A5059028953,W4402037193,middle,False,Dr Christopher John McCormack|W4402037193
Dr Christopher John McCormack,A5059028953,W1986191566,middle,False,Dr Christopher John McCormack|W1986191566
Dr Christopher John McCormack,A5059028953,W3108392422,middle,False,Dr Christopher John McCormack|W3108392422
Dr Christopher John McCormack,A5059028953,W2907337709,middle,False,Dr Christopher John McCormack|W2907337709
Dr Christopher John McCormack,A5059028953,W4404591294,middle,False,Dr Christopher John McCormack|W4404591294
Dr Christopher John McCormack,A5059028953,W2055451258,last,False,Dr Christopher John McCormack|W2055451258
Dr Christopher John McCormack,A5059028953,W2125996287,last,False,Dr Christopher John McCormack|W2125996287
Dr Christopher John McCormack,A5059028953,W2104867221,middle,False,Dr Christopher John McCormack|W2104867221
Dr Christopher John McCormack,A5059028953,W2088292126,middle,False,Dr Christopher John McCormack|W2088292126
Dr Christopher John McCormack,A5059028953,W1992075289,middle,False,Dr Christopher John McCormack|W1992075289
Dr Christopher John McCormack,A5059028953,W2103981527,middle,False,Dr Christopher John McCormack|W2103981527
Dr Christopher John McCormack,A5059028953,W2898679773,last,False,Dr Christopher John McCormack|W2898679773
Dr Christopher John McCormack,A5059028953,W3197142354,middle,False,Dr Christopher John McCormack|W3197142354
Dr Christopher John McCormack,A5059028953,W2755856163,last,False,Dr Christopher John McCormack|W2755856163
Dr Christopher John McCormack,A5059028953,W2890448723,middle,False,Dr Christopher John McCormack|W2890448723
Dr Christopher John McCormack,A5059028953,W3046063942,last,False,Dr Christopher John McCormack|W3046063942
Dr Christopher John McCormack,A5059028953,W4288694918,middle,False,Dr Christopher John McCormack|W4288694918
Dr Christopher John McCormack,A5059028953,W2889380001,middle,False,Dr Christopher John McCormack|W2889380001
Dr Christopher John McCormack,A5059028953,W2056145007,first,False,Dr Christopher John McCormack|W2056145007
Dr Christopher John McCormack,A5059028953,W1563996817,first,False,Dr Christopher John McCormack|W1563996817
Dr Christopher John McCormack,A5059028953,W2159396008,first,False,Dr Christopher John McCormack|W2159396008
Dr Christopher John McCormack,A5059028953,W2916860097,first,True,Dr Christopher John McCormack|W2916860097
Dr Christopher John McCormack,A5059028953,W66027060,first,True,Dr Christopher John McCormack|W66027060
Dr Christopher John McCormack,A5059028953,W2054299232,middle,False,Dr Christopher John McCormack|W2054299232
Dr Christopher John McCormack,A5059028953,W2073824374,first,False,Dr Christopher John McCormack|W2073824374
Dr Christopher John McCormack,A5059028953,W2709385828,middle,False,Dr Christopher John McCormack|W2709385828
Dr Christopher John McCormack,A5059028953,W2957088376,middle,False,Dr Christopher John McCormack|W2957088376
Dr Christopher John McCormack,A5059028953,W2975260375,middle,False,Dr Christopher John McCormack|W2975260375
Dr Christopher John McCormack,A5059028953,W2976941704,middle,False,Dr Christopher John McCormack|W2976941704
Dr Christopher John McCormack,A5059028953,W3174329342,first,True,Dr Christopher John McCormack|W3174329342
Dr Christopher John McCormack,A5059028953,W3186592351,last,False,Dr Christopher John McCormack|W3186592351
Dr Christopher John McCormack,A5059028953,W3197766151,last,False,Dr Christopher John McCormack|W3197766151
Dr Christopher John McCormack,A5059028953,W4240422133,middle,False,Dr Christopher John McCormack|W4240422133
Dr Christopher John McCormack,A5059028953,W4403244206,middle,False,Dr Christopher John McCormack|W4403244206
Dr Christopher John McCormack,A5059028953,W4413427679,middle,False,Dr Christopher John McCormack|W4413427679
Dr Christopher John McCormack,A5059028953,W4413567544,middle,False,Dr Christopher John McCormack|W4413567544
Dr Christopher John McCormack,A5059028953,W4416419959,middle,False,Dr Christopher John McCormack|W4416419959
Dr Christopher John McCormack,A5059028953,W4417428568,last,False,Dr Christopher John McCormack|W4417428568
Dr Christopher John McCormack,A5059028953,W7117257641,last,False,Dr Christopher John McCormack|W7117257641
Dr Christopher John Quirk,A5110220825,W2122545507,first,False,Dr Christopher John Quirk|W2122545507
Dr Christopher John Quirk,A5110220825,W2064085790,first,False,Dr Christopher John Quirk|W2064085790
Dr Christopher John Quirk,A5110220825,W2093225779,middle,False,Dr Christopher John Quirk|W2093225779
Dr Christopher John Quirk,A5110220825,W2128171197,middle,False,Dr Christopher John Quirk|W2128171197
Dr Christopher John Quirk,A5110220825,W1968996278,middle,False,Dr Christopher John Quirk|W1968996278
Dr Christopher John Quirk,A5110220825,W2033316909,last,True,Dr Christopher John Quirk|W2033316909
Dr Christopher John Quirk,A5110220825,W2884553768,middle,False,Dr Christopher John Quirk|W2884553768
Dr Christopher John Quirk,A5110220825,W1983771130,last,False,Dr Christopher John Quirk|W1983771130
Dr Christopher John Quirk,A5110220825,W2052512418,last,False,Dr Christopher John Quirk|W2052512418
Dr Christopher John Quirk,A5110220825,W2000286641,last,True,Dr Christopher John Quirk|W2000286641
Dr Christopher John Quirk,A5110220825,W2039121860,middle,False,Dr Christopher John Quirk|W2039121860
Dr Christopher John Quirk,A5110220825,W2170512437,first,True,Dr Christopher John Quirk|W2170512437
Dr Christopher John Quirk,A5110220825,W2407057062,middle,False,Dr Christopher John Quirk|W2407057062
Dr Christopher John Quirk,A5110220825,W2010016437,middle,False,Dr Christopher John Quirk|W2010016437
Dr Christopher John Quirk,A5110220825,W2417552003,first,True,Dr Christopher John Quirk|W2417552003
Dr Christopher John Quirk,A5110220825,W2065208974,middle,False,Dr Christopher John Quirk|W2065208974
Dr Christopher John Quirk,A5110220825,W2986826619,last,False,Dr Christopher John Quirk|W2986826619
Dr Christopher John Quirk,A5110220825,W241670395,last,False,Dr Christopher John Quirk|W241670395
Dr Christopher John Quirk,A5110220825,W2049683649,middle,False,Dr Christopher John Quirk|W2049683649
Dr Christopher John Quirk,A5110220825,W1994544066,first,True,Dr Christopher John Quirk|W1994544066
Dr Christopher John Quirk,A5110220825,W3089766420,middle,False,Dr Christopher John Quirk|W3089766420
Dr Christopher John Quirk,A5110220825,W2589616824,last,False,Dr Christopher John Quirk|W2589616824
Dr Christopher John Quirk,A5110220825,W4229989897,first,False,Dr Christopher John Quirk|W4229989897
Dr Christopher Ramon Kearney,A5087584896,W2067333664,first,True,Dr Christopher Ramon Kearney|W2067333664
Dr Christopher Ramon Kearney,A5087584896,W2130434460,first,True,Dr Christopher Ramon Kearney|W2130434460
Dr Christopher Ramon Kearney,A5087584896,W4212873817,first,True,Dr Christopher Ramon Kearney|W4212873817
Dr Claire Margaret Felmingham,A5076757971,W3113456870,first,True,Dr Claire Margaret Felmingham|W3113456870
Dr Claire Margaret Felmingham,A5076757971,W2985125660,first,True,Dr Claire Margaret Felmingham|W2985125660
Dr Claire Margaret Felmingham,A5076757971,W4205321164,first,True,Dr Claire Margaret Felmingham|W4205321164
Dr Claire Margaret Felmingham,A5076757971,W2980443318,first,True,Dr Claire Margaret Felmingham|W2980443318
Dr Claire Margaret Felmingham,A5076757971,W4307211755,first,False,Dr Claire Margaret Felmingham|W4307211755
Dr Claire Margaret Felmingham,A5076757971,W4301392181,middle,False,Dr Claire Margaret Felmingham|W4301392181
Dr Claire Margaret Felmingham,A5076757971,W2965420865,first,True,Dr Claire Margaret Felmingham|W2965420865
Dr Claire Margaret Felmingham,A5076757971,W4281484118,middle,False,Dr Claire Margaret Felmingham|W4281484118
Dr Claire Margaret Felmingham,A5076757971,W2938372676,first,True,Dr Claire Margaret Felmingham|W2938372676
Dr Claire Margaret Felmingham,A5076757971,W2948768959,middle,True,Dr Claire Margaret Felmingham|W2948768959
Dr Claire Margaret Felmingham,A5076757971,W3138255354,middle,False,Dr Claire Margaret Felmingham|W3138255354
Dr Claire Margaret Felmingham,A5076757971,W3040435795,first,True,Dr Claire Margaret Felmingham|W3040435795
Dr Claire Margaret Felmingham,A5076757971,W3037303843,first,True,Dr Claire Margaret Felmingham|W3037303843
Dr Claire Margaret Felmingham,A5076757971,W3022960109,first,True,Dr Claire Margaret Felmingham|W3022960109
Dr Claire Margaret Felmingham,A5076757971,W4214552201,first,False,Dr Claire Margaret Felmingham|W4214552201
Dr Claire Margaret Felmingham,A5076757971,W3117171163,first,False,Dr Claire Margaret Felmingham|W3117171163
Dr Claire Margaret Felmingham,A5076757971,W4214478615,first,False,Dr Claire Margaret Felmingham|W4214478615
Dr Clare Conway Schofield,A5067290175,W2163609675,first,True,Dr Clare Conway Schofield|W2163609675
Dr Clare Conway Schofield,A5067290175,W1812931466,middle,False,Dr Clare Conway Schofield|W1812931466
Dr Clare Conway Schofield,A5067290175,W2111784796,first,True,Dr Clare Conway Schofield|W2111784796
Dr Clare Conway Schofield,A5067290175,W1599550648,first,True,Dr Clare Conway Schofield|W1599550648
Dr Clare Conway Schofield,A5067290175,W2084965678,first,True,Dr Clare Conway Schofield|W2084965678
Dr Clare Conway Schofield,A5067290175,W4240972360,first,True,Dr Clare Conway Schofield|W4240972360
Dr Clare Penelope Tait,A5038048309,W1514153239,middle,False,Dr Clare Penelope Tait|W1514153239
Dr Clare Penelope Tait,A5038048309,W2147231028,last,False,Dr Clare Penelope Tait|W2147231028
Dr Clare Penelope Tait,A5038048309,W1591622504,last,False,Dr Clare Penelope Tait|W1591622504
Dr Clare Penelope Tait,A5038048309,W1546707373,last,False,Dr Clare Penelope Tait|W1546707373
Dr Clare Penelope Tait,A5038048309,W3109453110,last,False,Dr Clare Penelope Tait|W3109453110
Dr Clare Penelope Tait,A5038048309,W2033316909,first,False,Dr Clare Penelope Tait|W2033316909
Dr Clare Penelope Tait,A5038048309,W1671333006,last,False,Dr Clare Penelope Tait|W1671333006
Dr Clare Penelope Tait,A5038048309,W1896519523,last,True,Dr Clare Penelope Tait|W1896519523
Dr Clare Penelope Tait,A5038048309,W1547188871,middle,False,Dr Clare Penelope Tait|W1547188871
Dr Clare Penelope Tait,A5038048309,W2592561007,last,False,Dr Clare Penelope Tait|W2592561007
Dr Clare Penelope Tait,A5038048309,W2138156914,first,False,Dr Clare Penelope Tait|W2138156914
Dr Clare Penelope Tait,A5038048309,W2074307149,last,False,Dr Clare Penelope Tait|W2074307149
Dr Clare Penelope Tait,A5038048309,W2082126629,last,False,Dr Clare Penelope Tait|W2082126629
Dr Clare Penelope Tait,A5038048309,W1492959253,last,False,Dr Clare Penelope Tait|W1492959253
Dr Clare Penelope Tait,A5038048309,W2082988135,middle,False,Dr Clare Penelope Tait|W2082988135
Dr Clare Penelope Tait,A5038048309,W2011650446,first,False,Dr Clare Penelope Tait|W2011650446
Dr Clare Penelope Tait,A5038048309,W2058453573,first,False,Dr Clare Penelope Tait|W2058453573
Dr Clare Penelope Tait,A5038048309,W2731709783,last,False,Dr Clare Penelope Tait|W2731709783
Dr Clare Penelope Tait,A5038048309,W2105223602,last,False,Dr Clare Penelope Tait|W2105223602
Dr Clare Penelope Tait,A5038048309,W2016682483,middle,False,Dr Clare Penelope Tait|W2016682483
Dr Clare Penelope Tait,A5038048309,W2036981844,middle,False,Dr Clare Penelope Tait|W2036981844
Dr Claudia Elizabeth Spence Curchin,A5057296414,W1555847433,middle,False,Dr Claudia Elizabeth Spence Curchin|W1555847433
Dr Claudia Elizabeth Spence Curchin,A5057296414,W2053897746,middle,False,Dr Claudia Elizabeth Spence Curchin|W2053897746
Dr Claudia Elizabeth Spence Curchin,A5057296414,W2114368757,first,True,Dr Claudia Elizabeth Spence Curchin|W2114368757
Dr Claudia Elizabeth Spence Curchin,A5057296414,W1505110322,first,True,Dr Claudia Elizabeth Spence Curchin|W1505110322
Dr Claudia Elizabeth Spence Curchin,A5057296414,W2106211400,middle,False,Dr Claudia Elizabeth Spence Curchin|W2106211400
Dr Claudia Elizabeth Spence Curchin,A5057296414,W2151205750,middle,False,Dr Claudia Elizabeth Spence Curchin|W2151205750
Dr Claudia Elizabeth Spence Curchin,A5057296414,W1793945122,middle,False,Dr Claudia Elizabeth Spence Curchin|W1793945122
Dr Claudia Elizabeth Spence Curchin,A5057296414,W2884209497,middle,False,Dr Claudia Elizabeth Spence Curchin|W2884209497
Dr Claudia Elizabeth Spence Curchin,A5057296414,W2467267709,first,False,Dr Claudia Elizabeth Spence Curchin|W2467267709
Dr Claudia Elizabeth Spence Curchin,A5057296414,W2908014269,middle,False,Dr Claudia Elizabeth Spence Curchin|W2908014269
Dr Colin Gek Ghee Ooi,A5052368133,W2105943909,first,True,Dr Colin Gek Ghee Ooi|W2105943909
Dr Colin Gek Ghee Ooi,A5052368133,W60191126,middle,False,Dr Colin Gek Ghee Ooi|W60191126
Dr Colin Gek Ghee Ooi,A5052368133,W2510474354,middle,True,Dr Colin Gek Ghee Ooi|W2510474354
Dr Colin Gek Ghee Ooi,A5052368133,W2024913160,middle,False,Dr Colin Gek Ghee Ooi|W2024913160
Dr Colin Gek Ghee Ooi,A5052368133,W2034055212,first,True,Dr Colin Gek Ghee Ooi|W2034055212
Dr Colin Gek Ghee Ooi,A5052368133,W2003712566,first,True,Dr Colin Gek Ghee Ooi|W2003712566
Dr Colin Gek Ghee Ooi,A5052368133,W1994002888,first,True,Dr Colin Gek Ghee Ooi|W1994002888
Dr Colin Gek Ghee Ooi,A5052368133,W4239187618,first,True,Dr Colin Gek Ghee Ooi|W4239187618
Dr Colin Soo-Chee Ong,A5053053678,W2077325660,first,False,Dr Colin Soo-Chee Ong|W2077325660
Dr Colin Soo-Chee Ong,A5053053678,W2078493176,middle,False,Dr Colin Soo-Chee Ong|W2078493176
Dr Colin Soo-Chee Ong,A5053053678,W2075283764,middle,False,Dr Colin Soo-Chee Ong|W2075283764
Dr Colin Soo-Chee Ong,A5053053678,W2019772395,first,True,Dr Colin Soo-Chee Ong|W2019772395
Dr Colin Soo-Chee Ong,A5053053678,W2080163121,first,True,Dr Colin Soo-Chee Ong|W2080163121
Dr Colin Soo-Chee Ong,A5053053678,W2054126644,first,False,Dr Colin Soo-Chee Ong|W2054126644
Dr Colin Soo-Chee Ong,A5053053678,W2081586027,first,False,Dr Colin Soo-Chee Ong|W2081586027
Dr Colin Soo-Chee Ong,A5053053678,W1991310679,first,True,Dr Colin Soo-Chee Ong|W1991310679
Dr Colin Soo-Chee Ong,A5053053678,W4251402380,middle,False,Dr Colin Soo-Chee Ong|W4251402380
Dr Colin Soo-Chee Ong,A5053053678,W1981365715,middle,False,Dr Colin Soo-Chee Ong|W1981365715
Dr Colin Soo-Chee Ong,A5053053678,W2056397438,first,True,Dr Colin Soo-Chee Ong|W2056397438
Dr Colin Soo-Chee Ong,A5053053678,W1979469024,first,True,Dr Colin Soo-Chee Ong|W1979469024
Dr Colin Soo-Chee Ong,A5053053678,W322166356,first,True,Dr Colin Soo-Chee Ong|W322166356
Dr Con  Dolianitis,A5041754617,W2034650481,first,False,Dr Con  Dolianitis|W2034650481
Dr Con  Dolianitis,A5041754617,W2110515225,first,True,Dr Con  Dolianitis|W2110515225
Dr Con  Dolianitis,A5041754617,W2128171197,middle,False,Dr Con  Dolianitis|W2128171197
Dr Con  Dolianitis,A5041754617,W3040143542,last,False,Dr Con  Dolianitis|W3040143542
Dr Con  Dolianitis,A5041754617,W3137598266,last,False,Dr Con  Dolianitis|W3137598266
Dr Con  Dolianitis,A5041754617,W2066262303,last,False,Dr Con  Dolianitis|W2066262303
Dr Con  Dolianitis,A5041754617,W4284972801,middle,False,Dr Con  Dolianitis|W4284972801
Dr Con  Dolianitis,A5041754617,W2613990387,middle,False,Dr Con  Dolianitis|W2613990387
Dr Con  Dolianitis,A5041754617,W3015340319,last,False,Dr Con  Dolianitis|W3015340319
Dr Con  Dolianitis,A5041754617,W2773117379,last,False,Dr Con  Dolianitis|W2773117379
Dr Con  Dolianitis,A5041754617,W3165637617,last,False,Dr Con  Dolianitis|W3165637617
Dr Con  Dolianitis,A5041754617,W7117728756,last,False,Dr Con  Dolianitis|W7117728756
Dr Con  Dolianitis,A5041754617,W3083117758,last,False,Dr Con  Dolianitis|W3083117758
Dr Con  Dolianitis,A5041754617,W2916179088,last,False,Dr Con  Dolianitis|W2916179088
Dr Con  Dolianitis,A5041754617,W4413488545,last,False,Dr Con  Dolianitis|W4413488545
Dr Con  Dolianitis,A5041754617,W2209505180,first,False,Dr Con  Dolianitis|W2209505180
Dr Con  Dolianitis,A5041754617,W1864980654,middle,False,Dr Con  Dolianitis|W1864980654
Dr Con  Dolianitis,A5041754617,W2051841072,middle,False,Dr Con  Dolianitis|W2051841072
Dr Con  Dolianitis,A5041754617,W1526059680,last,False,Dr Con  Dolianitis|W1526059680
Dr Con  Dolianitis,A5041754617,W2953809616,last,False,Dr Con  Dolianitis|W2953809616
Dr Con  Dolianitis,A5041754617,W4401200752,last,False,Dr Con  Dolianitis|W4401200752
Dr Con  Dolianitis,A5041754617,W2986752491,last,False,Dr Con  Dolianitis|W2986752491
Dr Con  Dolianitis,A5041754617,W4413296016,last,False,Dr Con  Dolianitis|W4413296016
Dr Con  Dolianitis,A5041754617,W1995965410,last,False,Dr Con  Dolianitis|W1995965410
Dr Con  Dolianitis,A5041754617,W1919452091,last,False,Dr Con  Dolianitis|W1919452091
Dr Con  Dolianitis,A5041754617,W2801745973,last,False,Dr Con  Dolianitis|W2801745973
Dr Con  Dolianitis,A5041754617,W2807202600,last,False,Dr Con  Dolianitis|W2807202600
Dr Con  Dolianitis,A5041754617,W3008900665,last,False,Dr Con  Dolianitis|W3008900665
Dr Con  Dolianitis,A5041754617,W4395053480,last,False,Dr Con  Dolianitis|W4395053480
Dr Con  Dolianitis,A5041754617,W2068127757,first,True,Dr Con  Dolianitis|W2068127757
Dr Con  Dolianitis,A5041754617,W2808212299,middle,False,Dr Con  Dolianitis|W2808212299
Dr Con  Dolianitis,A5041754617,W4321327796,middle,False,Dr Con  Dolianitis|W4321327796
Dr Con  Dolianitis,A5041754617,W4403046970,last,True,Dr Con  Dolianitis|W4403046970
Dr Con  Dolianitis,A5041754617,W4403172234,last,False,Dr Con  Dolianitis|W4403172234
Dr Con  Dolianitis,A5041754617,W7127064839,middle,False,Dr Con  Dolianitis|W7127064839
Dr Corinne  Maiolo,A5008470898,W2486139423,first,True,Dr Corinne  Maiolo|W2486139423
Dr Corinne  Maiolo,A5008470898,W2514674424,first,True,Dr Corinne  Maiolo|W2514674424
Dr Corinne  Maiolo,A5008470898,W2765119144,first,True,Dr Corinne  Maiolo|W2765119144
Dr Corinne  Maiolo,A5008470898,W1529136085,first,False,Dr Corinne  Maiolo|W1529136085
Dr Corinne  Maiolo,A5008470898,W2809995077,middle,False,Dr Corinne  Maiolo|W2809995077
Dr Corinne  Maiolo,A5008470898,W2889921818,middle,False,Dr Corinne  Maiolo|W2889921818
Dr Corinne  Maiolo,A5008470898,W4248286700,first,True,Dr Corinne  Maiolo|W4248286700
Dr Crystal Nicole Williams,A5103049140,W2144589917,middle,False,Dr Crystal Nicole Williams|W2144589917
Dr Crystal Nicole Williams,A5103049140,W4283704212,middle,False,Dr Crystal Nicole Williams|W4283704212
Dr Crystal Nicole Williams,A5103049140,W3083453324,middle,False,Dr Crystal Nicole Williams|W3083453324
Dr Crystal Nicole Williams,A5103049140,W4310951860,middle,False,Dr Crystal Nicole Williams|W4310951860
Dr Crystal Nicole Williams,A5103049140,W4249503307,middle,False,Dr Crystal Nicole Williams|W4249503307
Dr Crystal Nicole Williams,A5103049140,W3108140451,middle,False,Dr Crystal Nicole Williams|W3108140451
Dr Crystal Nicole Williams,A5103049140,W4366085421,middle,False,Dr Crystal Nicole Williams|W4366085421
Dr Crystal Nicole Williams,A5103049140,W3163024482,first,True,Dr Crystal Nicole Williams|W3163024482
Dr Crystal Nicole Williams,A5103049140,W3159977682,middle,False,Dr Crystal Nicole Williams|W3159977682
Dr Crystal Nicole Williams,A5103049140,W2934406657,first,False,Dr Crystal Nicole Williams|W2934406657
Dr Crystal Nicole Williams,A5103049140,W3026519679,middle,False,Dr Crystal Nicole Williams|W3026519679
Dr Crystal Nicole Williams,A5103049140,W2066817301,middle,False,Dr Crystal Nicole Williams|W2066817301
Dr Crystal Nicole Williams,A5103049140,W2738462168,last,False,Dr Crystal Nicole Williams|W2738462168
Dr Crystal Nicole Williams,A5103049140,W4246176705,first,True,Dr Crystal Nicole Williams|W4246176705
Dr Crystal Nicole Williams,A5103049140,W4382025300,middle,False,Dr Crystal Nicole Williams|W4382025300
Dr Crystal Nicole Williams,A5103049140,W4382025471,middle,False,Dr Crystal Nicole Williams|W4382025471
Dr Crystal Nicole Williams,A5103049140,W4405968478,middle,False,Dr Crystal Nicole Williams|W4405968478
Dr Crystal Nicole Williams,A5103049140,W4411256834,middle,False,Dr Crystal Nicole Williams|W4411256834
Dr Crystal Nicole Williams,A5103049140,W4412045025,middle,False,Dr Crystal Nicole Williams|W4412045025
Dr Crystal Nicole Williams,A5103049140,W7138948500,middle,False,Dr Crystal Nicole Williams|W7138948500
Dr Crystal Nicole Williams,A5103049140,W7167618750,last,False,Dr Crystal Nicole Williams|W7167618750
Dr David Charles Orchard,A5082259725,W2058258993,middle,False,Dr David Charles Orchard|W2058258993
Dr David Charles Orchard,A5082259725,W4281693417,last,False,Dr David Charles Orchard|W4281693417
Dr David Charles Orchard,A5082259725,W2160016595,middle,False,Dr David Charles Orchard|W2160016595
Dr David Charles Orchard,A5082259725,W1701837433,last,True,Dr David Charles Orchard|W1701837433
Dr David Charles Orchard,A5082259725,W2593538788,middle,False,Dr David Charles Orchard|W2593538788
Dr David Charles Orchard,A5082259725,W1543016591,last,False,Dr David Charles Orchard|W1543016591
Dr David Charles Orchard,A5082259725,W2509475781,middle,False,Dr David Charles Orchard|W2509475781
Dr David Charles Orchard,A5082259725,W2986768741,middle,False,Dr David Charles Orchard|W2986768741
Dr David Charles Orchard,A5082259725,W2522087435,last,False,Dr David Charles Orchard|W2522087435
Dr David Charles Orchard,A5082259725,W1496661803,last,False,Dr David Charles Orchard|W1496661803
Dr David Charles Orchard,A5082259725,W2163592490,middle,False,Dr David Charles Orchard|W2163592490
Dr David Charles Orchard,A5082259725,W1499911620,last,False,Dr David Charles Orchard|W1499911620
Dr David Charles Orchard,A5082259725,W1971580081,first,True,Dr David Charles Orchard|W1971580081
Dr David Charles Orchard,A5082259725,W1993837159,last,False,Dr David Charles Orchard|W1993837159
Dr David Charles Orchard,A5082259725,W2020312699,middle,False,Dr David Charles Orchard|W2020312699
Dr David Charles Orchard,A5082259725,W2048489772,middle,False,Dr David Charles Orchard|W2048489772
Dr David Charles Orchard,A5082259725,W2140028064,last,False,Dr David Charles Orchard|W2140028064
Dr David Charles Orchard,A5082259725,W2800077956,middle,False,Dr David Charles Orchard|W2800077956
Dr David Charles Orchard,A5082259725,W1606496485,middle,False,Dr David Charles Orchard|W1606496485
Dr David Charles Orchard,A5082259725,W3198967603,middle,False,Dr David Charles Orchard|W3198967603
Dr David Charles Orchard,A5082259725,W1481552528,last,False,Dr David Charles Orchard|W1481552528
Dr David Charles Orchard,A5082259725,W2737051998,last,False,Dr David Charles Orchard|W2737051998
Dr David Charles Orchard,A5082259725,W4294568038,last,False,Dr David Charles Orchard|W4294568038
Dr David Charles Orchard,A5082259725,W4396899392,middle,False,Dr David Charles Orchard|W4396899392
Dr David Charles Orchard,A5082259725,W4407907933,last,False,Dr David Charles Orchard|W4407907933
Dr David Charles Orchard,A5082259725,W4412740703,middle,False,Dr David Charles Orchard|W4412740703
Dr David Charles Orchard,A5082259725,W4413003122,middle,False,Dr David Charles Orchard|W4413003122
Dr David Charles Orchard,A5082259725,W1600654858,last,False,Dr David Charles Orchard|W1600654858
Dr David Charles Orchard,A5082259725,W2105010926,last,False,Dr David Charles Orchard|W2105010926
Dr David Charles Orchard,A5082259725,W2054042898,middle,False,Dr David Charles Orchard|W2054042898
Dr David Charles Orchard,A5082259725,W2499585047,last,False,Dr David Charles Orchard|W2499585047
Dr David Charles Orchard,A5082259725,W1492479267,last,False,Dr David Charles Orchard|W1492479267
Dr David Charles Orchard,A5082259725,W2166297233,last,False,Dr David Charles Orchard|W2166297233
Dr David Charles Orchard,A5082259725,W1915485383,last,True,Dr David Charles Orchard|W1915485383
Dr David Charles Orchard,A5082259725,W2089597498,last,False,Dr David Charles Orchard|W2089597498
Dr David Charles Orchard,A5082259725,W1991081081,last,True,Dr David Charles Orchard|W1991081081
Dr David Charles Orchard,A5082259725,W2107533540,middle,False,Dr David Charles Orchard|W2107533540
Dr David Charles Orchard,A5082259725,W1897757695,last,False,Dr David Charles Orchard|W1897757695
Dr David Charles Orchard,A5082259725,W2035549258,last,True,Dr David Charles Orchard|W2035549258
Dr David Charles Orchard,A5082259725,W2913583070,last,False,Dr David Charles Orchard|W2913583070
Dr David Charles Orchard,A5082259725,W1962812914,middle,False,Dr David Charles Orchard|W1962812914
Dr David Charles Orchard,A5082259725,W2134149814,first,True,Dr David Charles Orchard|W2134149814
Dr David Charles Orchard,A5082259725,W2740316020,middle,False,Dr David Charles Orchard|W2740316020
Dr David Charles Orchard,A5082259725,W2780807018,last,False,Dr David Charles Orchard|W2780807018
Dr David Charles Orchard,A5082259725,W4412521098,middle,False,Dr David Charles Orchard|W4412521098
Dr David Charles Orchard,A5082259725,W4413111396,last,False,Dr David Charles Orchard|W4413111396
Dr David Charles Orchard,A5082259725,W2146276010,first,True,Dr David Charles Orchard|W2146276010
Dr David Charles Orchard,A5082259725,W39337741,first,True,Dr David Charles Orchard|W39337741
Dr David Charles Orchard,A5082259725,W2147260226,middle,False,Dr David Charles Orchard|W2147260226
Dr David Charles Orchard,A5082259725,W3006487113,middle,False,Dr David Charles Orchard|W3006487113
Dr David Charles Orchard,A5082259725,W2158929936,middle,False,Dr David Charles Orchard|W2158929936
Dr David Charles Orchard,A5082259725,W4388416167,last,False,Dr David Charles Orchard|W4388416167
Dr David Charles Orchard,A5082259725,W4392518560,middle,False,Dr David Charles Orchard|W4392518560
Dr David Charles Orchard,A5082259725,W2036979970,first,False,Dr David Charles Orchard|W2036979970
Dr David Charles Orchard,A5082259725,W2037660726,first,False,Dr David Charles Orchard|W2037660726
Dr David Charles Orchard,A5082259725,W4233515719,last,False,Dr David Charles Orchard|W4233515719
Dr David Charles Orchard,A5082259725,W1699749849,first,True,Dr David Charles Orchard|W1699749849
Dr David Charles Orchard,A5082259725,W4246432063,first,False,Dr David Charles Orchard|W4246432063
Dr David Charles Orchard,A5082259725,W2243912458,middle,False,Dr David Charles Orchard|W2243912458
Dr David Charles Orchard,A5082259725,W2085988535,first,True,Dr David Charles Orchard|W2085988535
Dr David Charles Orchard,A5082259725,W2162621637,last,False,Dr David Charles Orchard|W2162621637
Dr David Charles Orchard,A5082259725,W2286647766,first,True,Dr David Charles Orchard|W2286647766
Dr David Charles Orchard,A5082259725,W2591834868,last,False,Dr David Charles Orchard|W2591834868
Dr David Charles Orchard,A5082259725,W2741098396,middle,False,Dr David Charles Orchard|W2741098396
Dr David Charles Orchard,A5082259725,W2805897732,last,False,Dr David Charles Orchard|W2805897732
Dr David Charles Orchard,A5082259725,W3003344289,last,False,Dr David Charles Orchard|W3003344289
Dr David Charles Orchard,A5082259725,W3109380713,last,False,Dr David Charles Orchard|W3109380713
Dr David Charles Orchard,A5082259725,W4234417266,middle,False,Dr David Charles Orchard|W4234417266
Dr David Charles Orchard,A5082259725,W4293071394,first,True,Dr David Charles Orchard|W4293071394
Dr David Charles Orchard,A5082259725,W4372291823,last,False,Dr David Charles Orchard|W4372291823
Dr David Charles Orchard,A5082259725,W4393191381,middle,False,Dr David Charles Orchard|W4393191381
Dr David Charles Orchard,A5082259725,W4393984066,middle,False,Dr David Charles Orchard|W4393984066
Dr David Charles Orchard,A5082259725,W4393992463,middle,False,Dr David Charles Orchard|W4393992463
Dr David Charles Orchard,A5082259725,W4404379044,last,False,Dr David Charles Orchard|W4404379044
Dr David Charles Orchard,A5082259725,W4407767987,last,False,Dr David Charles Orchard|W4407767987
Dr David Charles Orchard,A5082259725,W4409215955,last,False,Dr David Charles Orchard|W4409215955
Dr David Charles Orchard,A5082259725,W4414169152,last,False,Dr David Charles Orchard|W4414169152
Dr David Charles Orchard,A5082259725,W4417350797,last,False,Dr David Charles Orchard|W4417350797
Dr David Charles Orchard,A5082259725,W6928056,middle,False,Dr David Charles Orchard|W6928056
Dr Davin Sui Lim,A5110273729,W4403657932,middle,False,Dr Davin Sui Lim|W4403657932
Dr Davin Sui Lim,A5110273729,W2288626347,middle,False,Dr Davin Sui Lim|W2288626347
Dr Davin Sui Lim,A5110273729,W4220723658,middle,False,Dr Davin Sui Lim|W4220723658
Dr Davin Sui Lim,A5110273729,W2040691927,first,False,Dr Davin Sui Lim|W2040691927
Dr Davin Sui Lim,A5110273729,W2081119677,first,True,Dr Davin Sui Lim|W2081119677
Dr Davin Sui Lim,A5110273729,W4310961104,last,False,Dr Davin Sui Lim|W4310961104
Dr Davin Sui Lim,A5110273729,W4407176392,last,False,Dr Davin Sui Lim|W4407176392
Dr Davin Sui Lim,A5110273729,W4415141891,last,False,Dr Davin Sui Lim|W4415141891
Dr Davin Sui Lim,A5110273729,W4416269621,last,False,Dr Davin Sui Lim|W4416269621
Dr Davin Sui Lim,A5110273729,W2168368963,first,False,Dr Davin Sui Lim|W2168368963
Dr Davin Sui Lim,A5110273729,W2108803229,first,True,Dr Davin Sui Lim|W2108803229
Dr Davin Sui Lim,A5110273729,W2972458143,last,False,Dr Davin Sui Lim|W2972458143
Dr Davin Sui Lim,A5110273729,W4328048489,last,False,Dr Davin Sui Lim|W4328048489
Dr Davin Sui Lim,A5110273729,W4404050651,last,False,Dr Davin Sui Lim|W4404050651
Dr Davin Sui Lim,A5110273729,W2097709224,first,True,Dr Davin Sui Lim|W2097709224
Dr Davin Sui Lim,A5110273729,W4412756166,last,False,Dr Davin Sui Lim|W4412756166
Dr Davin Sui Lim,A5110273729,W1975859437,first,True,Dr Davin Sui Lim|W1975859437
Dr Davin Sui Lim,A5110273729,W1964490975,first,False,Dr Davin Sui Lim|W1964490975
Dr Davin Sui Lim,A5110273729,W3082645643,middle,False,Dr Davin Sui Lim|W3082645643
Dr Davin Sui Lim,A5110273729,W1964466400,first,True,Dr Davin Sui Lim|W1964466400
Dr Davin Sui Lim,A5110273729,W4232703474,last,False,Dr Davin Sui Lim|W4232703474
Dr Davin Sui Lim,A5110273729,W4406105610,first,True,Dr Davin Sui Lim|W4406105610
Dr Davin Sui Lim,A5110273729,W4413960269,first,False,Dr Davin Sui Lim|W4413960269
Dr Davin Sui Lim,A5110273729,W7119494823,first,False,Dr Davin Sui Lim|W7119494823
Dr Davin Sui Lim,A5110273729,W7134082830,middle,False,Dr Davin Sui Lim|W7134082830
Dr Davin Sui Lim,A5110273729,W7134112267,first,False,Dr Davin Sui Lim|W7134112267
Dr Davin Sui Lim,A5110273729,W7140717254,last,False,Dr Davin Sui Lim|W7140717254
Dr Dean Jeremy Choong,A5051830872,W3163535074,first,True,Dr Dean Jeremy Choong|W3163535074
Dr Dean Jeremy Choong,A5051830872,W4396813238,middle,True,Dr Dean Jeremy Choong|W4396813238
Dr Dean Jeremy Choong,A5051830872,W3120096121,first,True,Dr Dean Jeremy Choong|W3120096121
Dr Dean Jeremy Choong,A5051830872,W3205600374,first,True,Dr Dean Jeremy Choong|W3205600374
Dr Dean Jeremy Choong,A5051830872,W3160633348,first,True,Dr Dean Jeremy Choong|W3160633348
Dr Deanna Alicia Wong,A5111814389,W2072885143,first,False,Dr Deanna Alicia Wong|W2072885143
Dr Deanna Alicia Wong,A5111814389,W2010801260,first,False,Dr Deanna Alicia Wong|W2010801260
Dr Deanna Alicia Wong,A5111814389,W1985493736,first,False,Dr Deanna Alicia Wong|W1985493736
Dr Deanna Alicia Wong,A5111814389,W2031616706,middle,True,Dr Deanna Alicia Wong|W2031616706
Dr Deanna Alicia Wong,A5111814389,W2072022680,middle,False,Dr Deanna Alicia Wong|W2072022680
Dr Deanna Alicia Wong,A5111814389,W2411634037,middle,False,Dr Deanna Alicia Wong|W2411634037
Dr Derek  Davies,A5016069556,W2094028569,first,False,Dr Derek  Davies|W2094028569
Dr Derek  Davies,A5016069556,W1980473367,first,False,Dr Derek  Davies|W1980473367
Dr Derek  Davies,A5016069556,W2314549116,first,True,Dr Derek  Davies|W2314549116
Dr Derek  Davies,A5016069556,W1867629020,first,True,Dr Derek  Davies|W1867629020
Dr Derek  Davies,A5016069556,W2963972546,first,True,Dr Derek  Davies|W2963972546
Dr Desmond Chia Chin Gan,A5109906452,W1900889214,first,True,Dr Desmond Chia Chin Gan|W1900889214
Dr Dev Ruhunage Tilakaratne,A5018532317,W3005031357,middle,False,Dr Dev Ruhunage Tilakaratne|W3005031357
Dr Dev Ruhunage Tilakaratne,A5018532317,W1943961267,first,True,Dr Dev Ruhunage Tilakaratne|W1943961267
Dr Dev Ruhunage Tilakaratne,A5018532317,W3130746834,middle,False,Dr Dev Ruhunage Tilakaratne|W3130746834
Dr Dev Ruhunage Tilakaratne,A5018532317,W1936187827,first,True,Dr Dev Ruhunage Tilakaratne|W1936187827
Dr Dev Ruhunage Tilakaratne,A5018532317,W4385331055,middle,False,Dr Dev Ruhunage Tilakaratne|W4385331055
Dr Dev Ruhunage Tilakaratne,A5018532317,W2763454400,middle,False,Dr Dev Ruhunage Tilakaratne|W2763454400
Dr Dev Ruhunage Tilakaratne,A5018532317,W4402459857,middle,False,Dr Dev Ruhunage Tilakaratne|W4402459857
Dr Dev Ruhunage Tilakaratne,A5018532317,W1531950567,first,True,Dr Dev Ruhunage Tilakaratne|W1531950567
Dr Dev Ruhunage Tilakaratne,A5018532317,W3138255354,last,False,Dr Dev Ruhunage Tilakaratne|W3138255354
Dr Dev Ruhunage Tilakaratne,A5018532317,W3037303843,last,False,Dr Dev Ruhunage Tilakaratne|W3037303843
Dr Dev Ruhunage Tilakaratne,A5018532317,W4388274033,first,False,Dr Dev Ruhunage Tilakaratne|W4388274033
Dr Dev Ruhunage Tilakaratne,A5018532317,W2963183750,last,False,Dr Dev Ruhunage Tilakaratne|W2963183750
Dr Dev Ruhunage Tilakaratne,A5018532317,W3014188068,last,False,Dr Dev Ruhunage Tilakaratne|W3014188068
Dr Dev Ruhunage Tilakaratne,A5018532317,W4396503695,first,False,Dr Dev Ruhunage Tilakaratne|W4396503695
Dr Dev Ruhunage Tilakaratne,A5018532317,W4396504946,first,False,Dr Dev Ruhunage Tilakaratne|W4396504946
Dr Dev Ruhunage Tilakaratne,A5018532317,W4410268165,middle,False,Dr Dev Ruhunage Tilakaratne|W4410268165
Dr Dev Ruhunage Tilakaratne,A5018532317,W4412045025,last,False,Dr Dev Ruhunage Tilakaratne|W4412045025
Dr Dev Ruhunage Tilakaratne,A5018532317,W7131818209,middle,False,Dr Dev Ruhunage Tilakaratne|W7131818209
Dr Devita  Surjana,A5043017139,W1988556846,first,False,Dr Devita  Surjana|W1988556846
Dr Devita  Surjana,A5043017139,W2021837487,first,False,Dr Devita  Surjana|W2021837487
Dr Devita  Surjana,A5043017139,W2124942506,first,False,Dr Devita  Surjana|W2124942506
Dr Devita  Surjana,A5043017139,W2164807079,middle,False,Dr Devita  Surjana|W2164807079
Dr Devita  Surjana,A5043017139,W2039042824,middle,False,Dr Devita  Surjana|W2039042824
Dr Devita  Surjana,A5043017139,W2444203501,first,False,Dr Devita  Surjana|W2444203501
Dr Devita  Surjana,A5043017139,W2326491551,middle,False,Dr Devita  Surjana|W2326491551
Dr Devita  Surjana,A5043017139,W1547229731,first,True,Dr Devita  Surjana|W1547229731
Dr Devita  Surjana,A5043017139,W577284243,middle,False,Dr Devita  Surjana|W577284243
Dr Devita  Surjana,A5043017139,W3128567286,middle,False,Dr Devita  Surjana|W3128567286
Dr Devita  Surjana,A5043017139,W161587425,first,True,Dr Devita  Surjana|W161587425
Dr Devita  Surjana,A5043017139,W1625096920,middle,False,Dr Devita  Surjana|W1625096920
Dr Devita  Surjana,A5043017139,W2242232619,middle,False,Dr Devita  Surjana|W2242232619
Dr Devita  Surjana,A5043017139,W2267909347,middle,False,Dr Devita  Surjana|W2267909347
Dr Devita  Surjana,A5043017139,W54643908,first,False,Dr Devita  Surjana|W54643908
Dr Diana Marie Rubel,A5112556598,W2610814011,middle,False,Dr Diana Marie Rubel|W2610814011
Dr Diana Marie Rubel,A5112556598,W2008100303,middle,False,Dr Diana Marie Rubel|W2008100303
Dr Diana Marie Rubel,A5112556598,W2167106546,middle,False,Dr Diana Marie Rubel|W2167106546
Dr Diana Marie Rubel,A5112556598,W1992243393,first,True,Dr Diana Marie Rubel|W1992243393
Dr Diana Marie Rubel,A5112556598,W2883085905,middle,False,Dr Diana Marie Rubel|W2883085905
Dr Diana Marie Rubel,A5112556598,W2885022553,middle,False,Dr Diana Marie Rubel|W2885022553
Dr Diana Marie Rubel,A5112556598,W1499262187,middle,False,Dr Diana Marie Rubel|W1499262187
Dr Diana Marie Rubel,A5112556598,W3136358500,middle,False,Dr Diana Marie Rubel|W3136358500
Dr Diana Marie Rubel,A5112556598,W4211262954,first,False,Dr Diana Marie Rubel|W4211262954
Dr Diana Marie Rubel,A5112556598,W2095944565,first,True,Dr Diana Marie Rubel|W2095944565
Dr Diana Marie Rubel,A5112556598,W2060213971,first,False,Dr Diana Marie Rubel|W2060213971
Dr Diana Marie Rubel,A5112556598,W1991164773,first,False,Dr Diana Marie Rubel|W1991164773
Dr Diana Marie Rubel,A5112556598,W2002566143,first,True,Dr Diana Marie Rubel|W2002566143
Dr Diana Marie Rubel,A5112556598,W2034305215,middle,False,Dr Diana Marie Rubel|W2034305215
Dr Diana Marie Rubel,A5112556598,W2055573681,middle,False,Dr Diana Marie Rubel|W2055573681
Dr Diana Marie Rubel,A5112556598,W2062473792,middle,False,Dr Diana Marie Rubel|W2062473792
Dr Diana Marie Rubel,A5112556598,W2852754109,middle,False,Dr Diana Marie Rubel|W2852754109
Dr Diana Marie Rubel,A5112556598,W2103956578,first,True,Dr Diana Marie Rubel|W2103956578
Dr Diana Marie Rubel,A5112556598,W2973998844,middle,False,Dr Diana Marie Rubel|W2973998844
Dr Diana Marie Rubel,A5112556598,W1572341648,middle,False,Dr Diana Marie Rubel|W1572341648
Dr Diana Marie Rubel,A5112556598,W3012319513,middle,False,Dr Diana Marie Rubel|W3012319513
Dr Diana Marie Rubel,A5112556598,W4404641436,middle,False,Dr Diana Marie Rubel|W4404641436
Dr Diana Marie Rubel,A5112556598,W4372279828,middle,False,Dr Diana Marie Rubel|W4372279828
Dr Diana Marie Rubel,A5112556598,W4403306248,middle,False,Dr Diana Marie Rubel|W4403306248
Dr Diana Marie Rubel,A5112556598,W2074223421,last,False,Dr Diana Marie Rubel|W2074223421
Dr Diana Marie Rubel,A5112556598,W2045227063,middle,False,Dr Diana Marie Rubel|W2045227063
Dr Diana Marie Rubel,A5112556598,W2474894958,middle,False,Dr Diana Marie Rubel|W2474894958
Dr Diana Marie Rubel,A5112556598,W2965239245,middle,False,Dr Diana Marie Rubel|W2965239245
Dr Diana Marie Rubel,A5112556598,W3048953062,middle,False,Dr Diana Marie Rubel|W3048953062
Dr Diana Marie Rubel,A5112556598,W3196096303,middle,False,Dr Diana Marie Rubel|W3196096303
Dr Diana Marie Rubel,A5112556598,W4404489452,middle,False,Dr Diana Marie Rubel|W4404489452
Dr Diana Marie Rubel,A5112556598,W4410370618,middle,False,Dr Diana Marie Rubel|W4410370618
Dr Diana Marie Rubel,A5112556598,W1978559063,first,True,Dr Diana Marie Rubel|W1978559063
Dr Diana Marie Rubel,A5112556598,W1966868991,first,False,Dr Diana Marie Rubel|W1966868991
Dr Diana Marie Rubel,A5112556598,W1987676475,first,False,Dr Diana Marie Rubel|W1987676475
Dr Diana Marie Rubel,A5112556598,W2155381804,last,False,Dr Diana Marie Rubel|W2155381804
Dr Diana Marie Rubel,A5112556598,W2303817477,middle,False,Dr Diana Marie Rubel|W2303817477
Dr Diana Marie Rubel,A5112556598,W3175287809,first,False,Dr Diana Marie Rubel|W3175287809
Dr Diana Marie Rubel,A5112556598,W4387165639,middle,False,Dr Diana Marie Rubel|W4387165639
Dr Diana Marie Rubel,A5112556598,W3159144023,first,True,Dr Diana Marie Rubel|W3159144023
Dr Diana Marie Rubel,A5112556598,W3017034225,middle,False,Dr Diana Marie Rubel|W3017034225
Dr Diana Marie Rubel,A5112556598,W2100062354,middle,False,Dr Diana Marie Rubel|W2100062354
Dr Diana Marie Rubel,A5112556598,W2188540888,last,False,Dr Diana Marie Rubel|W2188540888
Dr Diana Marie Rubel,A5112556598,W1984852520,first,False,Dr Diana Marie Rubel|W1984852520
Dr Diana Marie Rubel,A5112556598,W2019164456,first,True,Dr Diana Marie Rubel|W2019164456
Dr Diana Marie Rubel,A5112556598,W2560530088,last,False,Dr Diana Marie Rubel|W2560530088
Dr Diana Marie Rubel,A5112556598,W2810617453,middle,False,Dr Diana Marie Rubel|W2810617453
Dr Diana Marie Rubel,A5112556598,W3004473967,middle,False,Dr Diana Marie Rubel|W3004473967
Dr Diana Marie Rubel,A5112556598,W4322494659,middle,False,Dr Diana Marie Rubel|W4322494659
Dr Diana Marie Rubel,A5112556598,W2254781286,first,True,Dr Diana Marie Rubel|W2254781286
Dr Diana Marie Rubel,A5112556598,W2973811626,middle,False,Dr Diana Marie Rubel|W2973811626
Dr Diana Marie Rubel,A5112556598,W3109520001,middle,False,Dr Diana Marie Rubel|W3109520001
Dr Diana Marie Rubel,A5112556598,W3109643563,last,False,Dr Diana Marie Rubel|W3109643563
Dr Diana Marie Rubel,A5112556598,W3117969640,first,False,Dr Diana Marie Rubel|W3117969640
Dr Diana Marie Rubel,A5112556598,W3182928693,middle,False,Dr Diana Marie Rubel|W3182928693
Dr Diana Marie Rubel,A5112556598,W4234821282,first,False,Dr Diana Marie Rubel|W4234821282
Dr Diana Marie Rubel,A5112556598,W4243805114,first,False,Dr Diana Marie Rubel|W4243805114
Dr Diana Marie Rubel,A5112556598,W4379161741,middle,False,Dr Diana Marie Rubel|W4379161741
Dr Diana Marie Rubel,A5112556598,W4400023778,middle,False,Dr Diana Marie Rubel|W4400023778
Dr Diona Lee Damian,A5040089794,W1852538637,last,False,Dr Diona Lee Damian|W1852538637
Dr Diona Lee Damian,A5040089794,W2021837487,last,True,Dr Diona Lee Damian|W2021837487
Dr Diona Lee Damian,A5040089794,W2099980697,last,True,Dr Diona Lee Damian|W2099980697
Dr Diona Lee Damian,A5040089794,W2329825715,last,True,Dr Diona Lee Damian|W2329825715
Dr Diona Lee Damian,A5040089794,W1983320195,last,True,Dr Diona Lee Damian|W1983320195
Dr Diona Lee Damian,A5040089794,W4322719565,last,False,Dr Diona Lee Damian|W4322719565
Dr Diona Lee Damian,A5040089794,W2107303903,middle,False,Dr Diona Lee Damian|W2107303903
Dr Diona Lee Damian,A5040089794,W2119793175,first,True,Dr Diona Lee Damian|W2119793175
Dr Diona Lee Damian,A5040089794,W2123734011,last,True,Dr Diona Lee Damian|W2123734011
Dr Diona Lee Damian,A5040089794,W1972022772,first,True,Dr Diona Lee Damian|W1972022772
Dr Diona Lee Damian,A5040089794,W1981598856,first,True,Dr Diona Lee Damian|W1981598856
Dr Diona Lee Damian,A5040089794,W2008066214,last,True,Dr Diona Lee Damian|W2008066214
Dr Diona Lee Damian,A5040089794,W2999043509,last,True,Dr Diona Lee Damian|W2999043509
Dr Diona Lee Damian,A5040089794,W2891916528,last,True,Dr Diona Lee Damian|W2891916528
Dr Diona Lee Damian,A5040089794,W4385278899,last,False,Dr Diona Lee Damian|W4385278899
Dr Diona Lee Damian,A5040089794,W2115940609,middle,False,Dr Diona Lee Damian|W2115940609
Dr Diona Lee Damian,A5040089794,W4361800282,last,False,Dr Diona Lee Damian|W4361800282
Dr Diona Lee Damian,A5040089794,W1967762248,first,False,Dr Diona Lee Damian|W1967762248
Dr Diona Lee Damian,A5040089794,W204572481,middle,False,Dr Diona Lee Damian|W204572481
Dr Diona Lee Damian,A5040089794,W1890994676,middle,False,Dr Diona Lee Damian|W1890994676
Dr Diona Lee Damian,A5040089794,W1989369987,middle,False,Dr Diona Lee Damian|W1989369987
Dr Diona Lee Damian,A5040089794,W2101642674,first,True,Dr Diona Lee Damian|W2101642674
Dr Diona Lee Damian,A5040089794,W4391389705,last,False,Dr Diona Lee Damian|W4391389705
Dr Diona Lee Damian,A5040089794,W4404636976,middle,False,Dr Diona Lee Damian|W4404636976
Dr Diona Lee Damian,A5040089794,W1996830871,last,False,Dr Diona Lee Damian|W1996830871
Dr Diona Lee Damian,A5040089794,W2419747740,middle,False,Dr Diona Lee Damian|W2419747740
Dr Diona Lee Damian,A5040089794,W2080575586,first,True,Dr Diona Lee Damian|W2080575586
Dr Diona Lee Damian,A5040089794,W1482579842,last,False,Dr Diona Lee Damian|W1482579842
Dr Diona Lee Damian,A5040089794,W4385335871,middle,False,Dr Diona Lee Damian|W4385335871
Dr Diona Lee Damian,A5040089794,W2054806752,first,False,Dr Diona Lee Damian|W2054806752
Dr Diona Lee Damian,A5040089794,W2024494277,first,False,Dr Diona Lee Damian|W2024494277
Dr Diona Lee Damian,A5040089794,W4402624817,middle,False,Dr Diona Lee Damian|W4402624817
Dr Diona Lee Damian,A5040089794,W3210320955,middle,False,Dr Diona Lee Damian|W3210320955
Dr Diona Lee Damian,A5040089794,W2147018933,middle,False,Dr Diona Lee Damian|W2147018933
Dr Diona Lee Damian,A5040089794,W2061877714,last,True,Dr Diona Lee Damian|W2061877714
Dr Diona Lee Damian,A5040089794,W2091297324,first,False,Dr Diona Lee Damian|W2091297324
Dr Diona Lee Damian,A5040089794,W2461011778,middle,True,Dr Diona Lee Damian|W2461011778
Dr Diona Lee Damian,A5040089794,W2558172333,first,False,Dr Diona Lee Damian|W2558172333
Dr Diona Lee Damian,A5040089794,W2601506304,last,False,Dr Diona Lee Damian|W2601506304
Dr Diona Lee Damian,A5040089794,W2279844046,middle,False,Dr Diona Lee Damian|W2279844046
Dr Diona Lee Damian,A5040089794,W2943578439,first,False,Dr Diona Lee Damian|W2943578439
Dr Diona Lee Damian,A5040089794,W2127640248,last,False,Dr Diona Lee Damian|W2127640248
Dr Diona Lee Damian,A5040089794,W2914596119,last,False,Dr Diona Lee Damian|W2914596119
Dr Diona Lee Damian,A5040089794,W4230506609,last,False,Dr Diona Lee Damian|W4230506609
Dr Diona Lee Damian,A5040089794,W4234187187,first,False,Dr Diona Lee Damian|W4234187187
Dr Diona Lee Damian,A5040089794,W4240911542,middle,False,Dr Diona Lee Damian|W4240911542
Dr Diona Lee Damian,A5040089794,W4404393343,middle,False,Dr Diona Lee Damian|W4404393343
Dr Diona Lee Damian,A5040089794,W7127283705,middle,False,Dr Diona Lee Damian|W7127283705
Dr Dorota  Long,A5059461335,W2063560903,middle,False,Dr Dorota  Long|W2063560903
Dr Dorota  Long,A5059461335,W2227258100,last,False,Dr Dorota  Long|W2227258100
Dr Dorota  Long,A5059461335,W2139727002,first,True,Dr Dorota  Long|W2139727002
Dr Dorota  Long,A5059461335,W2008371265,first,True,Dr Dorota  Long|W2008371265
Dr Dougal Francis Coates,A5036783494,W4385778765,middle,False,Dr Dougal Francis Coates|W4385778765
Dr Dougal Francis Coates,A5036783494,W2735775692,middle,False,Dr Dougal Francis Coates|W2735775692
Dr Dougal Francis Coates,A5036783494,W1558370108,first,True,Dr Dougal Francis Coates|W1558370108
Dr Dougal Francis Coates,A5036783494,W1876595131,last,False,Dr Dougal Francis Coates|W1876595131
Dr Dougal Francis Coates,A5036783494,W1937032281,first,True,Dr Dougal Francis Coates|W1937032281
Dr Dougal Francis Coates,A5036783494,W2152494221,first,False,Dr Dougal Francis Coates|W2152494221
Dr Dougal Francis Coates,A5036783494,W2120767113,last,False,Dr Dougal Francis Coates|W2120767113
Dr Dougal Francis Coates,A5036783494,W2417171389,first,True,Dr Dougal Francis Coates|W2417171389
Dr Dougal Francis Coates,A5036783494,W4394577860,middle,False,Dr Dougal Francis Coates|W4394577860
Dr Duncan Graham Stanford,A5123953838,W7125809346,middle,False,Dr Duncan Graham Stanford|W7125809346
Dr Edward John McKenzie Upjohn,A5069426095,W4322719565,middle,False,Dr Edward John McKenzie Upjohn|W4322719565
Dr Edward John McKenzie Upjohn,A5069426095,W1993878351,middle,False,Dr Edward John McKenzie Upjohn|W1993878351
Dr Edward John McKenzie Upjohn,A5069426095,W2048489772,middle,False,Dr Edward John McKenzie Upjohn|W2048489772
Dr Edward John McKenzie Upjohn,A5069426095,W2061508842,middle,True,Dr Edward John McKenzie Upjohn|W2061508842
Dr Edward John McKenzie Upjohn,A5069426095,W2156150824,first,False,Dr Edward John McKenzie Upjohn|W2156150824
Dr Edward John McKenzie Upjohn,A5069426095,W2093150662,first,False,Dr Edward John McKenzie Upjohn|W2093150662
Dr Edward John McKenzie Upjohn,A5069426095,W2073402776,middle,False,Dr Edward John McKenzie Upjohn|W2073402776
Dr Edward John McKenzie Upjohn,A5069426095,W1973725373,first,True,Dr Edward John McKenzie Upjohn|W1973725373
Dr Edward John McKenzie Upjohn,A5069426095,W3023264143,middle,False,Dr Edward John McKenzie Upjohn|W3023264143
Dr Edward John McKenzie Upjohn,A5069426095,W2258095536,middle,False,Dr Edward John McKenzie Upjohn|W2258095536
Dr Edward John McKenzie Upjohn,A5069426095,W2498767326,first,False,Dr Edward John McKenzie Upjohn|W2498767326
Dr Edward John McKenzie Upjohn,A5069426095,W2055145784,first,True,Dr Edward John McKenzie Upjohn|W2055145784
Dr Edward John McKenzie Upjohn,A5069426095,W2043520778,first,False,Dr Edward John McKenzie Upjohn|W2043520778
Dr Edward John McKenzie Upjohn,A5069426095,W2566412154,first,False,Dr Edward John McKenzie Upjohn|W2566412154
Dr Edward John McKenzie Upjohn,A5069426095,W24594074,first,False,Dr Edward John McKenzie Upjohn|W24594074
Dr Edward John McKenzie Upjohn,A5069426095,W2614222791,middle,False,Dr Edward John McKenzie Upjohn|W2614222791
Dr Edward John McKenzie Upjohn,A5069426095,W3012529391,middle,False,Dr Edward John McKenzie Upjohn|W3012529391
Dr Edward John McKenzie Upjohn,A5069426095,W3023743730,middle,False,Dr Edward John McKenzie Upjohn|W3023743730
Dr Edward John McKenzie Upjohn,A5069426095,W4234690370,first,False,Dr Edward John McKenzie Upjohn|W4234690370
Dr Edwina Millicent Lamrock,A5037160452,W2149471853,first,True,Dr Edwina Millicent Lamrock|W2149471853
Dr Edwina Millicent Lamrock,A5037160452,W4398144901,middle,False,Dr Edwina Millicent Lamrock|W4398144901
Dr Edwina Millicent Lamrock,A5037160452,W1920508224,middle,False,Dr Edwina Millicent Lamrock|W1920508224
Dr Edwina Millicent Lamrock,A5037160452,W3084350040,last,False,Dr Edwina Millicent Lamrock|W3084350040
Dr Edwina Millicent Lamrock,A5037160452,W1951723637,first,True,Dr Edwina Millicent Lamrock|W1951723637
Dr Edwina Millicent Lamrock,A5037160452,W3087517056,middle,False,Dr Edwina Millicent Lamrock|W3087517056
Dr Eleni  Yiasemides,A5027682688,W2099980697,first,False,Dr Eleni  Yiasemides|W2099980697
Dr Eleni  Yiasemides,A5027682688,W3015824340,middle,False,Dr Eleni  Yiasemides|W3015824340
Dr Eleni  Yiasemides,A5027682688,W2028037552,middle,False,Dr Eleni  Yiasemides|W2028037552
Dr Eleni  Yiasemides,A5027682688,W2143588641,first,True,Dr Eleni  Yiasemides|W2143588641
Dr Eleni  Yiasemides,A5027682688,W1969002888,first,True,Dr Eleni  Yiasemides|W1969002888
Dr Eleni  Yiasemides,A5027682688,W2163592490,first,False,Dr Eleni  Yiasemides|W2163592490
Dr Eleni  Yiasemides,A5027682688,W2024494277,middle,False,Dr Eleni  Yiasemides|W2024494277
Dr Eleni  Yiasemides,A5027682688,W2082403904,first,False,Dr Eleni  Yiasemides|W2082403904
Dr Eleni  Yiasemides,A5027682688,W2591254708,middle,False,Dr Eleni  Yiasemides|W2591254708
Dr Eleni  Yiasemides,A5027682688,W2738828005,middle,False,Dr Eleni  Yiasemides|W2738828005
Dr Eleni  Yiasemides,A5027682688,W4231249977,middle,False,Dr Eleni  Yiasemides|W4231249977
Dr Eleni  Yiasemides,A5027682688,W4387026132,last,False,Dr Eleni  Yiasemides|W4387026132
Dr Eleni  Yiasemides,A5027682688,W4409120241,last,False,Dr Eleni  Yiasemides|W4409120241
Dr Elizabeth  Dawes-Higgs,A5087327012,W2033620292,first,False,Dr Elizabeth  Dawes-Higgs|W2033620292
Dr Elizabeth  Dawes-Higgs,A5087327012,W2002777454,middle,False,Dr Elizabeth  Dawes-Higgs|W2002777454
Dr Elizabeth  Dawes-Higgs,A5087327012,W2067679334,first,False,Dr Elizabeth  Dawes-Higgs|W2067679334
Dr Elizabeth  Dawes-Higgs,A5087327012,W4405761345,last,False,Dr Elizabeth  Dawes-Higgs|W4405761345
Dr Elizabeth  Dawes-Higgs,A5087327012,W2118015770,middle,False,Dr Elizabeth  Dawes-Higgs|W2118015770
Dr Elizabeth  Dawes-Higgs,A5087327012,W2079867717,middle,False,Dr Elizabeth  Dawes-Higgs|W2079867717
Dr Elizabeth Mary Christou,A5025070185,W2107981820,middle,False,Dr Elizabeth Mary Christou|W2107981820
Dr Elizabeth Mary Christou,A5025070185,W1916528217,first,True,Dr Elizabeth Mary Christou|W1916528217
Dr Elizabeth Mary Christou,A5025070185,W1567530356,first,True,Dr Elizabeth Mary Christou|W1567530356
Dr Elizabeth Mary Christou,A5025070185,W2038679098,first,False,Dr Elizabeth Mary Christou|W2038679098
Dr Elizabeth Mary Christou,A5025070185,W2152756500,first,True,Dr Elizabeth Mary Christou|W2152756500
Dr Elizabeth Mary Christou,A5025070185,W2461011778,first,False,Dr Elizabeth Mary Christou|W2461011778
Dr Elizabeth Mary Willsteed,A5079553235,W2167301004,last,False,Dr Elizabeth Mary Willsteed|W2167301004
Dr Elizabeth Mary Willsteed,A5079553235,W2041152391,first,False,Dr Elizabeth Mary Willsteed|W2041152391
Dr Elizabeth Mary Willsteed,A5079553235,W2067065039,first,True,Dr Elizabeth Mary Willsteed|W2067065039
Dr Elizabeth Mary Willsteed,A5079553235,W1998368563,first,True,Dr Elizabeth Mary Willsteed|W1998368563
Dr Elizabeth Mary Willsteed,A5079553235,W1973576722,first,True,Dr Elizabeth Mary Willsteed|W1973576722
Dr Elizabeth Mary Willsteed,A5079553235,W2395273015,last,False,Dr Elizabeth Mary Willsteed|W2395273015
Dr Elizabeth Mary Willsteed,A5079553235,W2059773845,first,True,Dr Elizabeth Mary Willsteed|W2059773845
Dr Elizabeth Mary Willsteed,A5079553235,W2042155739,middle,False,Dr Elizabeth Mary Willsteed|W2042155739
Dr Elizabeth Mary Willsteed,A5079553235,W1968939986,middle,False,Dr Elizabeth Mary Willsteed|W1968939986
Dr Elizabeth Mary Willsteed,A5079553235,W2143785768,first,True,Dr Elizabeth Mary Willsteed|W2143785768
Dr Elizabeth Mary Willsteed,A5079553235,W2016951830,middle,False,Dr Elizabeth Mary Willsteed|W2016951830
Dr Elizabeth Mary Willsteed,A5079553235,W2429964401,first,True,Dr Elizabeth Mary Willsteed|W2429964401
Dr Elizabeth Mary Willsteed,A5079553235,W1969386646,first,True,Dr Elizabeth Mary Willsteed|W1969386646
Dr Elizabeth Teng Yoke Chow,A5112840266,W1898661480,first,True,Dr Elizabeth Teng Yoke Chow|W1898661480
Dr Elizabeth Teng Yoke Chow,A5112840266,W1701532126,last,False,Dr Elizabeth Teng Yoke Chow|W1701532126
Dr Elizabeth Teng Yoke Chow,A5112840266,W2006434929,first,False,Dr Elizabeth Teng Yoke Chow|W2006434929
Dr Elizabeth Teng Yoke Chow,A5112840266,W4254999097,middle,False,Dr Elizabeth Teng Yoke Chow|W4254999097
Dr Elizabeth Teng Yoke Chow,A5112840266,W2158381706,middle,False,Dr Elizabeth Teng Yoke Chow|W2158381706
Dr Elizabeth Teng Yoke Chow,A5112840266,W2740492258,last,True,Dr Elizabeth Teng Yoke Chow|W2740492258
Dr Elizabeth Teng Yoke Chow,A5112840266,W4281814817,middle,False,Dr Elizabeth Teng Yoke Chow|W4281814817
Dr Emma Louise Haverhoek,A5022577585,W2080255913,first,True,Dr Emma Louise Haverhoek|W2080255913
Dr Emma Louise Hiscutt,A5032010584,W1973558486,first,False,Dr Emma Louise Hiscutt|W1973558486
Dr Emma Louise Hiscutt,A5032010584,W4307211755,middle,False,Dr Emma Louise Hiscutt|W4307211755
Dr Emma Louise Hiscutt,A5032010584,W4405247451,middle,False,Dr Emma Louise Hiscutt|W4405247451
Dr Emma Louise Hiscutt,A5032010584,W1545895456,middle,False,Dr Emma Louise Hiscutt|W1545895456
Dr Emma Louise Hiscutt,A5032010584,W7126063951,middle,False,Dr Emma Louise Hiscutt|W7126063951
Dr Emma Louise Hiscutt,A5032010584,W2793381127,last,False,Dr Emma Louise Hiscutt|W2793381127
Dr Emma Louise Hiscutt,A5032010584,W4225128992,middle,False,Dr Emma Louise Hiscutt|W4225128992
Dr Emma Louise Hiscutt,A5032010584,W3108392422,middle,False,Dr Emma Louise Hiscutt|W3108392422
Dr Emma Louise Hiscutt,A5032010584,W1993570070,middle,True,Dr Emma Louise Hiscutt|W1993570070
Dr Emma Louise Hiscutt,A5032010584,W2140173502,first,False,Dr Emma Louise Hiscutt|W2140173502
Dr Emma Louise Hiscutt,A5032010584,W4410196447,first,False,Dr Emma Louise Hiscutt|W4410196447
Dr Emma Louise Hiscutt,A5032010584,W4411322613,middle,False,Dr Emma Louise Hiscutt|W4411322613
Dr Emma Louise Hiscutt,A5032010584,W4414766120,first,False,Dr Emma Louise Hiscutt|W4414766120
Dr Er Tsing Vivian Tng,A5010131410,W3147035417,middle,False,Dr Er Tsing Vivian Tng|W3147035417
Dr Er Tsing Vivian Tng,A5010131410,W3203524290,middle,False,Dr Er Tsing Vivian Tng|W3203524290
Dr Er Tsing Vivian Tng,A5010131410,W4206701440,last,False,Dr Er Tsing Vivian Tng|W4206701440
Dr Er Tsing Vivian Tng,A5010131410,W2998396026,middle,False,Dr Er Tsing Vivian Tng|W2998396026
Dr Er Tsing Vivian Tng,A5010131410,W2896723179,first,False,Dr Er Tsing Vivian Tng|W2896723179
Dr Er Tsing Vivian Tng,A5010131410,W3109927185,last,False,Dr Er Tsing Vivian Tng|W3109927185
Dr Erin Kelly McMeniman,A5080054407,W1913507263,middle,False,Dr Erin Kelly McMeniman|W1913507263
Dr Erin Kelly McMeniman,A5080054407,W1903670133,middle,False,Dr Erin Kelly McMeniman|W1903670133
Dr Erin Kelly McMeniman,A5080054407,W2594235371,middle,False,Dr Erin Kelly McMeniman|W2594235371
Dr Erin Kelly McMeniman,A5080054407,W2885198879,middle,False,Dr Erin Kelly McMeniman|W2885198879
Dr Erin Kelly McMeniman,A5080054407,W2920735364,middle,False,Dr Erin Kelly McMeniman|W2920735364
Dr Erin Kelly McMeniman,A5080054407,W2079308691,first,False,Dr Erin Kelly McMeniman|W2079308691
Dr Erin Kelly McMeniman,A5080054407,W2253043202,middle,False,Dr Erin Kelly McMeniman|W2253043202
Dr Erin Kelly McMeniman,A5080054407,W2912546977,middle,False,Dr Erin Kelly McMeniman|W2912546977
Dr Erin Kelly McMeniman,A5080054407,W2967262139,middle,False,Dr Erin Kelly McMeniman|W2967262139
Dr Erin Kelly McMeniman,A5080054407,W3088218026,middle,False,Dr Erin Kelly McMeniman|W3088218026
Dr Erin Kelly McMeniman,A5080054407,W4309308796,middle,False,Dr Erin Kelly McMeniman|W4309308796
Dr Erin Kelly McMeniman,A5080054407,W4313822160,middle,False,Dr Erin Kelly McMeniman|W4313822160
Dr Erin Kelly McMeniman,A5080054407,W4404641436,middle,False,Dr Erin Kelly McMeniman|W4404641436
Dr Erin Kelly McMeniman,A5080054407,W2158193014,first,True,Dr Erin Kelly McMeniman|W2158193014
Dr Erin Kelly McMeniman,A5080054407,W2109215252,last,False,Dr Erin Kelly McMeniman|W2109215252
Dr Erin Kelly McMeniman,A5080054407,W2992092885,first,False,Dr Erin Kelly McMeniman|W2992092885
Dr Erin Kelly McMeniman,A5080054407,W1605183908,first,True,Dr Erin Kelly McMeniman|W1605183908
Dr Erin Kelly McMeniman,A5080054407,W4385331055,middle,False,Dr Erin Kelly McMeniman|W4385331055
Dr Erin Kelly McMeniman,A5080054407,W4290065757,last,True,Dr Erin Kelly McMeniman|W4290065757
Dr Erin Kelly McMeniman,A5080054407,W4387936956,last,False,Dr Erin Kelly McMeniman|W4387936956
Dr Erin Kelly McMeniman,A5080054407,W4391897154,middle,False,Dr Erin Kelly McMeniman|W4391897154
Dr Erin Kelly McMeniman,A5080054407,W4400952721,middle,False,Dr Erin Kelly McMeniman|W4400952721
Dr Erin Kelly McMeniman,A5080054407,W4404489452,middle,False,Dr Erin Kelly McMeniman|W4404489452
Dr Erin Kelly McMeniman,A5080054407,W4409211402,middle,False,Dr Erin Kelly McMeniman|W4409211402
Dr Erin Kelly McMeniman,A5080054407,W4200576568,middle,False,Dr Erin Kelly McMeniman|W4200576568
Dr Erin Kelly McMeniman,A5080054407,W4410370618,middle,False,Dr Erin Kelly McMeniman|W4410370618
Dr Erin Kelly McMeniman,A5080054407,W4415783641,last,False,Dr Erin Kelly McMeniman|W4415783641
Dr Erin Kelly McMeniman,A5080054407,W2122765330,last,False,Dr Erin Kelly McMeniman|W2122765330
Dr Erin Kelly McMeniman,A5080054407,W2967149779,middle,False,Dr Erin Kelly McMeniman|W2967149779
Dr Erin Kelly McMeniman,A5080054407,W3011435272,middle,False,Dr Erin Kelly McMeniman|W3011435272
Dr Erin Kelly McMeniman,A5080054407,W1900537402,middle,False,Dr Erin Kelly McMeniman|W1900537402
Dr Erin Kelly McMeniman,A5080054407,W1592728593,last,False,Dr Erin Kelly McMeniman|W1592728593
Dr Erin Kelly McMeniman,A5080054407,W1722507713,last,False,Dr Erin Kelly McMeniman|W1722507713
Dr Erin Kelly McMeniman,A5080054407,W2771461149,middle,False,Dr Erin Kelly McMeniman|W2771461149
Dr Erin Kelly McMeniman,A5080054407,W3008823910,last,False,Dr Erin Kelly McMeniman|W3008823910
Dr Erin Kelly McMeniman,A5080054407,W2962947775,middle,False,Dr Erin Kelly McMeniman|W2962947775
Dr Erin Kelly McMeniman,A5080054407,W4281297559,last,False,Dr Erin Kelly McMeniman|W4281297559
Dr Erin Kelly McMeniman,A5080054407,W4388661994,middle,False,Dr Erin Kelly McMeniman|W4388661994
Dr Erin Kelly McMeniman,A5080054407,W1910749584,middle,False,Dr Erin Kelly McMeniman|W1910749584
Dr Erin Kelly McMeniman,A5080054407,W1919372583,middle,False,Dr Erin Kelly McMeniman|W1919372583
Dr Erin Kelly McMeniman,A5080054407,W1532725531,middle,False,Dr Erin Kelly McMeniman|W1532725531
Dr Erin Kelly McMeniman,A5080054407,W3022773008,first,False,Dr Erin Kelly McMeniman|W3022773008
Dr Erin Kelly McMeniman,A5080054407,W3185484349,last,False,Dr Erin Kelly McMeniman|W3185484349
Dr Erin Kelly McMeniman,A5080054407,W903459166,middle,False,Dr Erin Kelly McMeniman|W903459166
Dr Erin Kelly McMeniman,A5080054407,W2241747481,middle,False,Dr Erin Kelly McMeniman|W2241747481
Dr Erin Kelly McMeniman,A5080054407,W2742262816,last,False,Dr Erin Kelly McMeniman|W2742262816
Dr Erin Kelly McMeniman,A5080054407,W2921835614,last,False,Dr Erin Kelly McMeniman|W2921835614
Dr Erin Kelly McMeniman,A5080054407,W4387936840,last,False,Dr Erin Kelly McMeniman|W4387936840
Dr Erin Kelly McMeniman,A5080054407,W118141566,middle,False,Dr Erin Kelly McMeniman|W118141566
Dr Erin Kelly McMeniman,A5080054407,W180533162,last,False,Dr Erin Kelly McMeniman|W180533162
Dr Erin Kelly McMeniman,A5080054407,W2240172036,middle,False,Dr Erin Kelly McMeniman|W2240172036
Dr Erin Kelly McMeniman,A5080054407,W2243858072,first,False,Dr Erin Kelly McMeniman|W2243858072
Dr Erin Kelly McMeniman,A5080054407,W2299104422,last,False,Dr Erin Kelly McMeniman|W2299104422
Dr Erin Kelly McMeniman,A5080054407,W2577657203,middle,False,Dr Erin Kelly McMeniman|W2577657203
Dr Erin Kelly McMeniman,A5080054407,W2795083551,last,False,Dr Erin Kelly McMeniman|W2795083551
Dr Erin Kelly McMeniman,A5080054407,W2908014269,last,False,Dr Erin Kelly McMeniman|W2908014269
Dr Erin Kelly McMeniman,A5080054407,W2917237080,last,False,Dr Erin Kelly McMeniman|W2917237080
Dr Erin Kelly McMeniman,A5080054407,W2917892024,last,False,Dr Erin Kelly McMeniman|W2917892024
Dr Erin Kelly McMeniman,A5080054407,W2920164620,last,False,Dr Erin Kelly McMeniman|W2920164620
Dr Erin Kelly McMeniman,A5080054407,W2985037737,middle,False,Dr Erin Kelly McMeniman|W2985037737
Dr Erin Kelly McMeniman,A5080054407,W2988533920,middle,False,Dr Erin Kelly McMeniman|W2988533920
Dr Erin Kelly McMeniman,A5080054407,W3030767481,first,True,Dr Erin Kelly McMeniman|W3030767481
Dr Erin Kelly McMeniman,A5080054407,W3200458044,last,True,Dr Erin Kelly McMeniman|W3200458044
Dr Erin Kelly McMeniman,A5080054407,W4308103132,middle,False,Dr Erin Kelly McMeniman|W4308103132
Dr Erin Kelly McMeniman,A5080054407,W4393139641,last,False,Dr Erin Kelly McMeniman|W4393139641
Dr Erin Kelly McMeniman,A5080054407,W4403251200,last,False,Dr Erin Kelly McMeniman|W4403251200
Dr Erin Kelly McMeniman,A5080054407,W4410106238,last,False,Dr Erin Kelly McMeniman|W4410106238
Dr Erin Kelly McMeniman,A5080054407,W4413551397,last,False,Dr Erin Kelly McMeniman|W4413551397
Dr Erin Kelly McMeniman,A5080054407,W4413585829,last,False,Dr Erin Kelly McMeniman|W4413585829
Dr Erin Kelly McMeniman,A5080054407,W4413587258,last,False,Dr Erin Kelly McMeniman|W4413587258
Dr Erin Kelly McMeniman,A5080054407,W4413606965,last,False,Dr Erin Kelly McMeniman|W4413606965
Dr Erin Kelly McMeniman,A5080054407,W4415957950,last,False,Dr Erin Kelly McMeniman|W4415957950
Dr Erin Kelly McMeniman,A5080054407,W7117307172,middle,False,Dr Erin Kelly McMeniman|W7117307172
Dr Erin Kelly McMeniman,A5080054407,W7117739405,last,False,Dr Erin Kelly McMeniman|W7117739405
Dr Erin Kelly McMeniman,A5080054407,W7153975292,last,False,Dr Erin Kelly McMeniman|W7153975292
Dr Erin Kelly McMeniman,A5080054407,W7154087281,last,False,Dr Erin Kelly McMeniman|W7154087281
Dr Erin Kelly McMeniman,A5080054407,W7154124327,last,False,Dr Erin Kelly McMeniman|W7154124327
Dr Erin Kelly McMeniman,A5080054407,W7154139316,last,False,Dr Erin Kelly McMeniman|W7154139316
Dr Erin Kelly McMeniman,A5080054407,W7154952717,last,False,Dr Erin Kelly McMeniman|W7154952717
Dr Erin Kelly McMeniman,A5080054407,W7155015947,middle,False,Dr Erin Kelly McMeniman|W7155015947
Dr Erin Kelly McMeniman,A5080054407,W7155096424,middle,False,Dr Erin Kelly McMeniman|W7155096424
Dr Erin Kelly McMeniman,A5080054407,W96746029,middle,False,Dr Erin Kelly McMeniman|W96746029
Dr Ernest Boon Cheng Tan,A5011380154,W2008315221,middle,False,Dr Ernest Boon Cheng Tan|W2008315221
Dr Ernest Boon Cheng Tan,A5011380154,W2436792608,last,False,Dr Ernest Boon Cheng Tan|W2436792608
Dr Ernest Boon Cheng Tan,A5011380154,W3163535074,last,False,Dr Ernest Boon Cheng Tan|W3163535074
Dr Ernest Boon Cheng Tan,A5011380154,W4396813238,last,False,Dr Ernest Boon Cheng Tan|W4396813238
Dr Ernest Boon Cheng Tan,A5011380154,W1983771130,first,True,Dr Ernest Boon Cheng Tan|W1983771130
Dr Ernest Boon Cheng Tan,A5011380154,W7164864185,middle,False,Dr Ernest Boon Cheng Tan|W7164864185
Dr Ernest Boon Cheng Tan,A5011380154,W1993338913,last,True,Dr Ernest Boon Cheng Tan|W1993338913
Dr Ernest Boon Cheng Tan,A5011380154,W1522026875,first,True,Dr Ernest Boon Cheng Tan|W1522026875
Dr Ernest Boon Cheng Tan,A5011380154,W2413996820,first,False,Dr Ernest Boon Cheng Tan|W2413996820
Dr Ernest Boon Cheng Tan,A5011380154,W2060430743,first,False,Dr Ernest Boon Cheng Tan|W2060430743
Dr Ernest Boon Cheng Tan,A5011380154,W4403967031,last,False,Dr Ernest Boon Cheng Tan|W4403967031
Dr Ernest Boon Cheng Tan,A5011380154,W2017878636,first,True,Dr Ernest Boon Cheng Tan|W2017878636
Dr Ernest Boon Cheng Tan,A5011380154,W1968541569,middle,True,Dr Ernest Boon Cheng Tan|W1968541569
Dr Ernest Boon Cheng Tan,A5011380154,W2056021824,first,False,Dr Ernest Boon Cheng Tan|W2056021824
Dr Ernest Boon Cheng Tan,A5011380154,W2499651146,middle,False,Dr Ernest Boon Cheng Tan|W2499651146
Dr Ernest Boon Cheng Tan,A5011380154,W2741098144,middle,False,Dr Ernest Boon Cheng Tan|W2741098144
Dr Ernest Boon Cheng Tan,A5011380154,W2902000040,middle,False,Dr Ernest Boon Cheng Tan|W2902000040
Dr Ernest Boon Cheng Tan,A5011380154,W3047290919,last,False,Dr Ernest Boon Cheng Tan|W3047290919
Dr Ernest Boon Cheng Tan,A5011380154,W4403797882,middle,False,Dr Ernest Boon Cheng Tan|W4403797882
Dr Ernest Boon Cheng Tan,A5011380154,W4415903759,last,False,Dr Ernest Boon Cheng Tan|W4415903759
Dr Ernest Boon Cheng Tan,A5011380154,W7128702277,first,True,Dr Ernest Boon Cheng Tan|W7128702277
Dr Ernest Boon Cheng Tan,A5011380154,W7160558970,last,False,Dr Ernest Boon Cheng Tan|W7160558970
Dr Ernest Boon Cheng Tan,A5011380154,W7162494203,middle,False,Dr Ernest Boon Cheng Tan|W7162494203
Dr Eshini Ishanka Perera,A5085834804,W1600772273,first,True,Dr Eshini Ishanka Perera|W1600772273
Dr Eshini Ishanka Perera,A5085834804,W2752289241,first,False,Dr Eshini Ishanka Perera|W2752289241
Dr Eshini Ishanka Perera,A5085834804,W4214750740,first,False,Dr Eshini Ishanka Perera|W4214750740
Dr Eshini Ishanka Perera,A5085834804,W110991020,middle,False,Dr Eshini Ishanka Perera|W110991020
Dr Eshini Ishanka Perera,A5085834804,W2341309136,last,False,Dr Eshini Ishanka Perera|W2341309136
Dr Eshini Ishanka Perera,A5085834804,W4236895469,first,False,Dr Eshini Ishanka Perera|W4236895469
Dr Eshini Ishanka Perera,A5085834804,W2085343585,first,False,Dr Eshini Ishanka Perera|W2085343585
Dr Eshini Ishanka Perera,A5085834804,W2080801407,first,False,Dr Eshini Ishanka Perera|W2080801407
Dr Eshini Ishanka Perera,A5085834804,W87883711,first,False,Dr Eshini Ishanka Perera|W87883711
Dr Eshini Ishanka Perera,A5085834804,W2179535690,first,False,Dr Eshini Ishanka Perera|W2179535690
Dr Eshini Ishanka Perera,A5085834804,W2137283631,first,False,Dr Eshini Ishanka Perera|W2137283631
Dr Eshini Ishanka Perera,A5085834804,W121452771,first,False,Dr Eshini Ishanka Perera|W121452771
Dr Eshini Ishanka Perera,A5085834804,W2501325196,middle,False,Dr Eshini Ishanka Perera|W2501325196
Dr Eshini Ishanka Perera,A5085834804,W2158383059,first,False,Dr Eshini Ishanka Perera|W2158383059
Dr Eshini Ishanka Perera,A5085834804,W4318963847,first,False,Dr Eshini Ishanka Perera|W4318963847
Dr Eshini Ishanka Perera,A5085834804,W1647994688,first,True,Dr Eshini Ishanka Perera|W1647994688
Dr Eshini Ishanka Perera,A5085834804,W1883506629,first,False,Dr Eshini Ishanka Perera|W1883506629
Dr Eshini Ishanka Perera,A5085834804,W4241696359,first,True,Dr Eshini Ishanka Perera|W4241696359
Dr Eshini Ishanka Perera,A5085834804,W1719546514,first,False,Dr Eshini Ishanka Perera|W1719546514
Dr Eshini Ishanka Perera,A5085834804,W2074021284,first,False,Dr Eshini Ishanka Perera|W2074021284
Dr Eshini Ishanka Perera,A5085834804,W2495490830,first,False,Dr Eshini Ishanka Perera|W2495490830
Dr Eshini Ishanka Perera,A5085834804,W2497904720,first,False,Dr Eshini Ishanka Perera|W2497904720
Dr Eshini Ishanka Perera,A5085834804,W2609872782,first,True,Dr Eshini Ishanka Perera|W2609872782
Dr Eshini Ishanka Perera,A5085834804,W3009430034,first,False,Dr Eshini Ishanka Perera|W3009430034
Dr Eshini Ishanka Perera,A5085834804,W4416597682,first,True,Dr Eshini Ishanka Perera|W4416597682
Dr Fatemeh  Arianejad,A5036395362,W3166770230,middle,False,Dr Fatemeh  Arianejad|W3166770230
Dr Fatemeh  Arianejad,A5036395362,W3194676116,middle,False,Dr Fatemeh  Arianejad|W3194676116
Dr Fiona Jane Bruce,A5051286688,W2032799757,middle,False,Dr Fiona Jane Bruce|W2032799757
Dr Fiona Jane Bruce,A5051286688,W4236786117,middle,False,Dr Fiona Jane Bruce|W4236786117
Dr Fiona Jane Bruce,A5051286688,W3169677622,middle,False,Dr Fiona Jane Bruce|W3169677622
Dr Fiona Jane Bruce,A5051286688,W2912679988,last,False,Dr Fiona Jane Bruce|W2912679988
Dr Fiona Jane Bruce,A5051286688,W4366085421,middle,False,Dr Fiona Jane Bruce|W4366085421
Dr Fiona Jane Bruce,A5051286688,W2049271109,last,False,Dr Fiona Jane Bruce|W2049271109
Dr Fiona Jane Bruce,A5051286688,W4399369280,last,False,Dr Fiona Jane Bruce|W4399369280
Dr Fiona Jane Bruce,A5051286688,W4404249016,last,False,Dr Fiona Jane Bruce|W4404249016
Dr Fiona Jane Bruce,A5051286688,W2438111506,first,True,Dr Fiona Jane Bruce|W2438111506
Dr Fiona Jane Bruce,A5051286688,W2304265472,last,False,Dr Fiona Jane Bruce|W2304265472
Dr Fiona Jane Bruce,A5051286688,W3207408480,last,False,Dr Fiona Jane Bruce|W3207408480
Dr Fiona Jane Bruce,A5051286688,W1553829055,middle,False,Dr Fiona Jane Bruce|W1553829055
Dr Fiona Jane Bruce,A5051286688,W2890536739,last,False,Dr Fiona Jane Bruce|W2890536739
Dr Fiona Jane Bruce,A5051286688,W4205430398,middle,False,Dr Fiona Jane Bruce|W4205430398
Dr Flora Yuk-Han Poon,A5101922477,W1593918796,first,True,Dr Flora Yuk-Han Poon|W1593918796
Dr Flora Yuk-Han Poon,A5101922477,W3028764273,middle,False,Dr Flora Yuk-Han Poon|W3028764273
Dr Flora Yuk-Han Poon,A5101922477,W2095483346,middle,False,Dr Flora Yuk-Han Poon|W2095483346
Dr Flora Yuk-Han Poon,A5101922477,W2623691779,middle,False,Dr Flora Yuk-Han Poon|W2623691779
Dr Flora Yuk-Han Poon,A5101922477,W2169258184,middle,False,Dr Flora Yuk-Han Poon|W2169258184
Dr Flora Yuk-Han Poon,A5101922477,W2440847539,middle,False,Dr Flora Yuk-Han Poon|W2440847539
Dr Flora Yuk-Han Poon,A5101922477,W2979934281,first,True,Dr Flora Yuk-Han Poon|W2979934281
Dr Flora Yuk-Han Poon,A5101922477,W2469242964,first,True,Dr Flora Yuk-Han Poon|W2469242964
Dr Flora Yuk-Han Poon,A5101922477,W2793331218,middle,False,Dr Flora Yuk-Han Poon|W2793331218
Dr Flora Yuk-Han Poon,A5101922477,W2615919338,first,True,Dr Flora Yuk-Han Poon|W2615919338
Dr Flora Yuk-Han Poon,A5101922477,W2883488010,first,False,Dr Flora Yuk-Han Poon|W2883488010
Dr Flora Yuk-Han Poon,A5101922477,W2955657457,middle,False,Dr Flora Yuk-Han Poon|W2955657457
Dr Flora Yuk-Han Poon,A5101922477,W4248177352,middle,False,Dr Flora Yuk-Han Poon|W4248177352
Dr Flora Yuk-Han Poon,A5101922477,W1921565014,last,False,Dr Flora Yuk-Han Poon|W1921565014
Dr Flora Yuk-Han Poon,A5101922477,W2804496938,last,False,Dr Flora Yuk-Han Poon|W2804496938
Dr Flora Yuk-Han Poon,A5101922477,W2957485805,middle,False,Dr Flora Yuk-Han Poon|W2957485805
Dr Flora Yuk-Han Poon,A5101922477,W4361245790,middle,False,Dr Flora Yuk-Han Poon|W4361245790
Dr Flora Yuk-Han Poon,A5101922477,W4393984066,middle,False,Dr Flora Yuk-Han Poon|W4393984066
Dr Flora Yuk-Han Poon,A5101922477,W4393992463,middle,False,Dr Flora Yuk-Han Poon|W4393992463
Dr Frances Joan Tefany,A5064796906,W2068716043,first,False,Dr Frances Joan Tefany|W2068716043
Dr Frances Joan Tefany,A5064796906,W2037133729,middle,False,Dr Frances Joan Tefany|W2037133729
Dr Frances Joan Tefany,A5064796906,W2085288190,middle,False,Dr Frances Joan Tefany|W2085288190
Dr Frances Joan Tefany,A5064796906,W2069443197,first,True,Dr Frances Joan Tefany|W2069443197
Dr Frances Joan Tefany,A5064796906,W2094973258,first,True,Dr Frances Joan Tefany|W2094973258
Dr Francis Yi Xing Lai,A5084117414,W2809401007,middle,False,Dr Francis Yi Xing Lai|W2809401007
Dr Francis Yi Xing Lai,A5084117414,W2525238484,first,True,Dr Francis Yi Xing Lai|W2525238484
Dr Francis Yi Xing Lai,A5084117414,W2342808220,middle,False,Dr Francis Yi Xing Lai|W2342808220
Dr Francis Yi Xing Lai,A5084117414,W2160697371,middle,False,Dr Francis Yi Xing Lai|W2160697371
Dr Francis Yi Xing Lai,A5084117414,W2921168306,middle,False,Dr Francis Yi Xing Lai|W2921168306
Dr Francis Yi Xing Lai,A5084117414,W2992776075,middle,False,Dr Francis Yi Xing Lai|W2992776075
Dr Francis Yi Xing Lai,A5084117414,W2960532023,first,False,Dr Francis Yi Xing Lai|W2960532023
Dr Francis Yi Xing Lai,A5084117414,W2340291983,middle,False,Dr Francis Yi Xing Lai|W2340291983
Dr Francis Yi Xing Lai,A5084117414,W4392896006,middle,False,Dr Francis Yi Xing Lai|W4392896006
Dr Francis Yi Xing Lai,A5084117414,W4405091349,last,False,Dr Francis Yi Xing Lai|W4405091349
Dr Francis Yi Xing Lai,A5084117414,W4409978091,middle,False,Dr Francis Yi Xing Lai|W4409978091
Dr Francis Yi Xing Lai,A5084117414,W4411134806,middle,False,Dr Francis Yi Xing Lai|W4411134806
Dr Francis Yi Xing Lai,A5084117414,W4415523780,middle,False,Dr Francis Yi Xing Lai|W4415523780
Dr Francis Yi Xing Lai,A5084117414,W4416395993,last,False,Dr Francis Yi Xing Lai|W4416395993
Dr Francis Yi Xing Lai,A5084117414,W3088206645,middle,False,Dr Francis Yi Xing Lai|W3088206645
Dr Francis Yi Xing Lai,A5084117414,W3081008068,middle,False,Dr Francis Yi Xing Lai|W3081008068
Dr Francis Yi Xing Lai,A5084117414,W4411927975,last,False,Dr Francis Yi Xing Lai|W4411927975
Dr Francis Yi Xing Lai,A5084117414,W2180430847,middle,False,Dr Francis Yi Xing Lai|W2180430847
Dr Francis Yi Xing Lai,A5084117414,W2288727631,first,False,Dr Francis Yi Xing Lai|W2288727631
Dr Francis Yi Xing Lai,A5084117414,W2403758478,first,True,Dr Francis Yi Xing Lai|W2403758478
Dr Francis Yi Xing Lai,A5084117414,W2761174893,middle,False,Dr Francis Yi Xing Lai|W2761174893
Dr Francis Yi Xing Lai,A5084117414,W2796011231,middle,False,Dr Francis Yi Xing Lai|W2796011231
Dr Francis Yi Xing Lai,A5084117414,W1774784475,first,False,Dr Francis Yi Xing Lai|W1774784475
Dr Francis Yi Xing Lai,A5084117414,W2983715775,last,False,Dr Francis Yi Xing Lai|W2983715775
Dr Francis Yi Xing Lai,A5084117414,W1956801459,middle,False,Dr Francis Yi Xing Lai|W1956801459
Dr Francis Yi Xing Lai,A5084117414,W2303027036,first,True,Dr Francis Yi Xing Lai|W2303027036
Dr Francis Yi Xing Lai,A5084117414,W4391481236,first,False,Dr Francis Yi Xing Lai|W4391481236
Dr Francis Yi Xing Lai,A5084117414,W4408101994,last,False,Dr Francis Yi Xing Lai|W4408101994
Dr Francis Yi Xing Lai,A5084117414,W4408725425,middle,False,Dr Francis Yi Xing Lai|W4408725425
Dr Francis Yi Xing Lai,A5084117414,W4409053028,middle,False,Dr Francis Yi Xing Lai|W4409053028
Dr Francis Yi Xing Lai,A5084117414,W4409839637,middle,False,Dr Francis Yi Xing Lai|W4409839637
Dr Francis Yi Xing Lai,A5084117414,W4410108934,middle,False,Dr Francis Yi Xing Lai|W4410108934
Dr Francis Yi Xing Lai,A5084117414,W4410608601,last,False,Dr Francis Yi Xing Lai|W4410608601
Dr Francis Yi Xing Lai,A5084117414,W4414363041,last,False,Dr Francis Yi Xing Lai|W4414363041
Dr Francis Yi Xing Lai,A5084117414,W4416389856,middle,False,Dr Francis Yi Xing Lai|W4416389856
Dr Francis Yi Xing Lai,A5084117414,W4417048461,last,False,Dr Francis Yi Xing Lai|W4417048461
Dr Francis Yi Xing Lai,A5084117414,W4417520152,middle,False,Dr Francis Yi Xing Lai|W4417520152
Dr Francis Yi Xing Lai,A5084117414,W7131354391,middle,False,Dr Francis Yi Xing Lai|W7131354391
Dr Francis Yi Xing Lai,A5084117414,W7151785345,middle,False,Dr Francis Yi Xing Lai|W7151785345
Dr Francis Yi Xing Lai,A5084117414,W7164759341,middle,False,Dr Francis Yi Xing Lai|W7164759341
Dr Frank  Isaacs,A5020373437,W1562611891,middle,False,Dr Frank  Isaacs|W1562611891
Dr Frank  Isaacs,A5020373437,W2912472272,last,False,Dr Frank  Isaacs|W2912472272
Dr Frank  Isaacs,A5020373437,W4389742400,middle,False,Dr Frank  Isaacs|W4389742400
Dr Frank  Isaacs,A5020373437,W1973977376,first,True,Dr Frank  Isaacs|W1973977376
Dr Frank  Isaacs,A5020373437,W2163957618,middle,False,Dr Frank  Isaacs|W2163957618
Dr Frank  Isaacs,A5020373437,W2418415829,middle,False,Dr Frank  Isaacs|W2418415829
Dr Frank  Isaacs,A5020373437,W3008348744,last,False,Dr Frank  Isaacs|W3008348744
Dr Frank  Isaacs,A5020373437,W4408434159,last,False,Dr Frank  Isaacs|W4408434159
Dr Friyana Keiku Bhabha,A5057697105,W4310087076,middle,False,Dr Friyana Keiku Bhabha|W4310087076
Dr Friyana Keiku Bhabha,A5057697105,W4411620469,middle,False,Dr Friyana Keiku Bhabha|W4411620469
Dr Friyana Keiku Bhabha,A5057697105,W2140028064,first,True,Dr Friyana Keiku Bhabha|W2140028064
Dr Friyana Keiku Bhabha,A5057697105,W3116791471,first,False,Dr Friyana Keiku Bhabha|W3116791471
Dr Friyana Keiku Bhabha,A5057697105,W1538965263,first,True,Dr Friyana Keiku Bhabha|W1538965263
Dr Friyana Keiku Bhabha,A5057697105,W4412393293,first,True,Dr Friyana Keiku Bhabha|W4412393293
Dr Friyana Keiku Bhabha,A5057697105,W4323653531,first,True,Dr Friyana Keiku Bhabha|W4323653531
Dr Friyana Keiku Bhabha,A5057697105,W4402037193,middle,False,Dr Friyana Keiku Bhabha|W4402037193
Dr Friyana Keiku Bhabha,A5057697105,W1989380088,first,True,Dr Friyana Keiku Bhabha|W1989380088
Dr Friyana Keiku Bhabha,A5057697105,W4404591294,middle,False,Dr Friyana Keiku Bhabha|W4404591294
Dr Friyana Keiku Bhabha,A5057697105,W2147260226,first,True,Dr Friyana Keiku Bhabha|W2147260226
Dr Friyana Keiku Bhabha,A5057697105,W2410879741,first,False,Dr Friyana Keiku Bhabha|W2410879741
Dr Friyana Keiku Bhabha,A5057697105,W4402043700,middle,False,Dr Friyana Keiku Bhabha|W4402043700
Dr Friyana Keiku Bhabha,A5057697105,W4413427679,middle,False,Dr Friyana Keiku Bhabha|W4413427679
Dr Friyana Keiku Bhabha,A5057697105,W4416419959,middle,False,Dr Friyana Keiku Bhabha|W4416419959
Dr Friyana Keiku Bhabha,A5057697105,W7117257641,first,True,Dr Friyana Keiku Bhabha|W7117257641
Dr Gary Raymond Moloney,A5019564463,W2130720767,first,True,Dr Gary Raymond Moloney|W2130720767
Dr Gary Raymond Moloney,A5019564463,W2148500912,first,True,Dr Gary Raymond Moloney|W2148500912
Dr Gary Raymond Moloney,A5019564463,W1807034165,first,True,Dr Gary Raymond Moloney|W1807034165
Dr Gary Raymond Moloney,A5019564463,W2011424039,first,False,Dr Gary Raymond Moloney|W2011424039
Dr Gayle Loraine Ross,A5034456513,W1965157740,middle,False,Dr Gayle Loraine Ross|W1965157740
Dr Gayle Loraine Ross,A5034456513,W2766455916,last,False,Dr Gayle Loraine Ross|W2766455916
Dr Gayle Loraine Ross,A5034456513,W4384807150,middle,False,Dr Gayle Loraine Ross|W4384807150
Dr Gayle Loraine Ross,A5034456513,W4381325789,first,True,Dr Gayle Loraine Ross|W4381325789
Dr Gayle Loraine Ross,A5034456513,W1966366594,middle,False,Dr Gayle Loraine Ross|W1966366594
Dr Gayle Loraine Ross,A5034456513,W2065124174,middle,False,Dr Gayle Loraine Ross|W2065124174
Dr Gayle Loraine Ross,A5034456513,W1993878351,middle,False,Dr Gayle Loraine Ross|W1993878351
Dr Gayle Loraine Ross,A5034456513,W2559890484,middle,False,Dr Gayle Loraine Ross|W2559890484
Dr Gayle Loraine Ross,A5034456513,W1989303954,middle,False,Dr Gayle Loraine Ross|W1989303954
Dr Gayle Loraine Ross,A5034456513,W2007768657,middle,False,Dr Gayle Loraine Ross|W2007768657
Dr Gayle Loraine Ross,A5034456513,W4385442284,last,False,Dr Gayle Loraine Ross|W4385442284
Dr Gayle Loraine Ross,A5034456513,W4396624396,last,False,Dr Gayle Loraine Ross|W4396624396
Dr Gayle Loraine Ross,A5034456513,W4412994146,last,False,Dr Gayle Loraine Ross|W4412994146
Dr Gayle Loraine Ross,A5034456513,W1990951777,first,False,Dr Gayle Loraine Ross|W1990951777
Dr Gayle Loraine Ross,A5034456513,W4244031568,first,False,Dr Gayle Loraine Ross|W4244031568
Dr Gayle Loraine Ross,A5034456513,W2905634629,last,False,Dr Gayle Loraine Ross|W2905634629
Dr Gayle Loraine Ross,A5034456513,W2938948728,middle,False,Dr Gayle Loraine Ross|W2938948728
Dr Gayle Loraine Ross,A5034456513,W2999649665,middle,False,Dr Gayle Loraine Ross|W2999649665
Dr Gayle Loraine Ross,A5034456513,W4401690326,middle,False,Dr Gayle Loraine Ross|W4401690326
Dr Gayle Loraine Ross,A5034456513,W2157324753,last,False,Dr Gayle Loraine Ross|W2157324753
Dr Gayle Loraine Ross,A5034456513,W2904074681,middle,False,Dr Gayle Loraine Ross|W2904074681
Dr Gayle Loraine Ross,A5034456513,W3178903277,middle,False,Dr Gayle Loraine Ross|W3178903277
Dr Gayle Loraine Ross,A5034456513,W4405478422,last,False,Dr Gayle Loraine Ross|W4405478422
Dr Gayle Loraine Ross,A5034456513,W7123802538,first,True,Dr Gayle Loraine Ross|W7123802538
Dr Gayle Loraine Ross,A5034456513,W2399452705,last,False,Dr Gayle Loraine Ross|W2399452705
Dr Gayle Loraine Ross,A5034456513,W1991081081,first,False,Dr Gayle Loraine Ross|W1991081081
Dr Gayle Loraine Ross,A5034456513,W2004522582,first,False,Dr Gayle Loraine Ross|W2004522582
Dr Gayle Loraine Ross,A5034456513,W2087982582,middle,False,Dr Gayle Loraine Ross|W2087982582
Dr Gayle Loraine Ross,A5034456513,W2027994637,middle,False,Dr Gayle Loraine Ross|W2027994637
Dr Gayle Loraine Ross,A5034456513,W3094051905,middle,False,Dr Gayle Loraine Ross|W3094051905
Dr Gayle Loraine Ross,A5034456513,W4238024163,middle,False,Dr Gayle Loraine Ross|W4238024163
Dr Gayle Loraine Ross,A5034456513,W2119884790,last,False,Dr Gayle Loraine Ross|W2119884790
Dr Gayle Loraine Ross,A5034456513,W3212889947,last,False,Dr Gayle Loraine Ross|W3212889947
Dr Gayle Loraine Ross,A5034456513,W3093489725,middle,False,Dr Gayle Loraine Ross|W3093489725
Dr Gayle Loraine Ross,A5034456513,W2923308728,middle,False,Dr Gayle Loraine Ross|W2923308728
Dr Gayle Loraine Ross,A5034456513,W4386101560,first,False,Dr Gayle Loraine Ross|W4386101560
Dr Gayle Loraine Ross,A5034456513,W4403599705,middle,False,Dr Gayle Loraine Ross|W4403599705
Dr Gayle Loraine Ross,A5034456513,W4405096189,first,False,Dr Gayle Loraine Ross|W4405096189
Dr Gayle Loraine Ross,A5034456513,W2049118649,middle,False,Dr Gayle Loraine Ross|W2049118649
Dr Gayle Loraine Ross,A5034456513,W2990927867,last,False,Dr Gayle Loraine Ross|W2990927867
Dr Gayle Loraine Ross,A5034456513,W4387810856,middle,False,Dr Gayle Loraine Ross|W4387810856
Dr Gayle Loraine Ross,A5034456513,W4389243118,first,False,Dr Gayle Loraine Ross|W4389243118
Dr Gayle Loraine Ross,A5034456513,W4402696156,first,False,Dr Gayle Loraine Ross|W4402696156
Dr Gayle Loraine Ross,A5034456513,W4402696249,first,False,Dr Gayle Loraine Ross|W4402696249
Dr Gayle Loraine Ross,A5034456513,W4407255492,last,False,Dr Gayle Loraine Ross|W4407255492
Dr Gayle Loraine Ross,A5034456513,W2323697765,middle,False,Dr Gayle Loraine Ross|W2323697765
Dr Gayle Loraine Ross,A5034456513,W2024573712,first,False,Dr Gayle Loraine Ross|W2024573712
Dr Gayle Loraine Ross,A5034456513,W2409833083,middle,False,Dr Gayle Loraine Ross|W2409833083
Dr Gayle Loraine Ross,A5034456513,W1503994696,first,False,Dr Gayle Loraine Ross|W1503994696
Dr Gayle Loraine Ross,A5034456513,W1999840952,middle,False,Dr Gayle Loraine Ross|W1999840952
Dr Gayle Loraine Ross,A5034456513,W1992506384,middle,False,Dr Gayle Loraine Ross|W1992506384
Dr Gayle Loraine Ross,A5034456513,W1572901169,middle,False,Dr Gayle Loraine Ross|W1572901169
Dr Gayle Loraine Ross,A5034456513,W2524030273,middle,False,Dr Gayle Loraine Ross|W2524030273
Dr Gayle Loraine Ross,A5034456513,W2923144311,last,False,Dr Gayle Loraine Ross|W2923144311
Dr Gayle Loraine Ross,A5034456513,W2979400106,middle,False,Dr Gayle Loraine Ross|W2979400106
Dr Gayle Loraine Ross,A5034456513,W3039701277,last,False,Dr Gayle Loraine Ross|W3039701277
Dr Gayle Loraine Ross,A5034456513,W4283020537,middle,False,Dr Gayle Loraine Ross|W4283020537
Dr Gayle Loraine Ross,A5034456513,W1988177827,middle,False,Dr Gayle Loraine Ross|W1988177827
Dr Gayle Loraine Ross,A5034456513,W1997598615,first,True,Dr Gayle Loraine Ross|W1997598615
Dr Gayle Loraine Ross,A5034456513,W347499717,middle,False,Dr Gayle Loraine Ross|W347499717
Dr Gayle Loraine Ross,A5034456513,W1993252504,middle,False,Dr Gayle Loraine Ross|W1993252504
Dr Gayle Loraine Ross,A5034456513,W2397029077,first,False,Dr Gayle Loraine Ross|W2397029077
Dr Gayle Loraine Ross,A5034456513,W2419523719,middle,False,Dr Gayle Loraine Ross|W2419523719
Dr Gayle Loraine Ross,A5034456513,W2590003656,middle,False,Dr Gayle Loraine Ross|W2590003656
Dr Gayle Loraine Ross,A5034456513,W584147728,first,False,Dr Gayle Loraine Ross|W584147728
Dr Gayle Loraine Ross,A5034456513,W1966402462,first,False,Dr Gayle Loraine Ross|W1966402462
Dr Gayle Loraine Ross,A5034456513,W1968795520,last,False,Dr Gayle Loraine Ross|W1968795520
Dr Gayle Loraine Ross,A5034456513,W1986143892,first,True,Dr Gayle Loraine Ross|W1986143892
Dr Gayle Loraine Ross,A5034456513,W2020769481,middle,False,Dr Gayle Loraine Ross|W2020769481
Dr Gayle Loraine Ross,A5034456513,W2036062121,first,False,Dr Gayle Loraine Ross|W2036062121
Dr Gayle Loraine Ross,A5034456513,W2043192223,middle,False,Dr Gayle Loraine Ross|W2043192223
Dr Gayle Loraine Ross,A5034456513,W2076160509,last,False,Dr Gayle Loraine Ross|W2076160509
Dr Gayle Loraine Ross,A5034456513,W2396478420,middle,False,Dr Gayle Loraine Ross|W2396478420
Dr Gayle Loraine Ross,A5034456513,W2400424090,first,True,Dr Gayle Loraine Ross|W2400424090
Dr Gayle Loraine Ross,A5034456513,W2404474927,first,True,Dr Gayle Loraine Ross|W2404474927
Dr Gayle Loraine Ross,A5034456513,W2412989617,middle,False,Dr Gayle Loraine Ross|W2412989617
Dr Gayle Loraine Ross,A5034456513,W2413537653,first,True,Dr Gayle Loraine Ross|W2413537653
Dr Gayle Loraine Ross,A5034456513,W2414278124,last,False,Dr Gayle Loraine Ross|W2414278124
Dr Gayle Loraine Ross,A5034456513,W2475111483,middle,False,Dr Gayle Loraine Ross|W2475111483
Dr Gayle Loraine Ross,A5034456513,W2761334286,last,False,Dr Gayle Loraine Ross|W2761334286
Dr Gayle Loraine Ross,A5034456513,W2766423783,last,False,Dr Gayle Loraine Ross|W2766423783
Dr Gayle Loraine Ross,A5034456513,W2790898545,last,False,Dr Gayle Loraine Ross|W2790898545
Dr Gayle Loraine Ross,A5034456513,W2808734833,middle,False,Dr Gayle Loraine Ross|W2808734833
Dr Gayle Loraine Ross,A5034456513,W3008877371,middle,False,Dr Gayle Loraine Ross|W3008877371
Dr Gayle Loraine Ross,A5034456513,W4200470996,middle,False,Dr Gayle Loraine Ross|W4200470996
Dr Gayle Loraine Ross,A5034456513,W4242073362,middle,False,Dr Gayle Loraine Ross|W4242073362
Dr Gayle Loraine Ross,A5034456513,W4283811084,middle,False,Dr Gayle Loraine Ross|W4283811084
Dr Gayle Loraine Ross,A5034456513,W4310766559,middle,False,Dr Gayle Loraine Ross|W4310766559
Dr Gayle Loraine Ross,A5034456513,W4402104047,first,False,Dr Gayle Loraine Ross|W4402104047
Dr Gayle Loraine Ross,A5034456513,W4402696215,first,True,Dr Gayle Loraine Ross|W4402696215
Dr Gayle Loraine Ross,A5034456513,W4402696329,first,True,Dr Gayle Loraine Ross|W4402696329
Dr Gayle Loraine Ross,A5034456513,W4404122210,middle,False,Dr Gayle Loraine Ross|W4404122210
Dr Gayle Loraine Ross,A5034456513,W4407858820,last,False,Dr Gayle Loraine Ross|W4407858820
Dr Gayle Loraine Ross,A5034456513,W4409566952,middle,False,Dr Gayle Loraine Ross|W4409566952
Dr Gayle Loraine Ross,A5034456513,W4412957036,last,False,Dr Gayle Loraine Ross|W4412957036
Dr Gayle Loraine Ross,A5034456513,W4416073798,middle,False,Dr Gayle Loraine Ross|W4416073798
Dr Gayle Loraine Ross,A5034456513,W4416160122,middle,False,Dr Gayle Loraine Ross|W4416160122
Dr Gayle Loraine Ross,A5034456513,W4416396635,middle,False,Dr Gayle Loraine Ross|W4416396635
Dr Gayle Loraine Ross,A5034456513,W4417176022,middle,False,Dr Gayle Loraine Ross|W4417176022
Dr Gayle Loraine Ross,A5034456513,W7117462237,last,False,Dr Gayle Loraine Ross|W7117462237
Dr Gayle Loraine Ross,A5034456513,W7131418533,last,True,Dr Gayle Loraine Ross|W7131418533
Dr Gayle Loraine Ross,A5034456513,W7142030457,last,False,Dr Gayle Loraine Ross|W7142030457
Dr Gayle Loraine Ross,A5034456513,W7154455146,middle,False,Dr Gayle Loraine Ross|W7154455146
Dr Gayle Loraine Ross,A5034456513,W7165481196,last,False,Dr Gayle Loraine Ross|W7165481196
Dr Genevieve Marie Sadler,A5071873118,W2050208016,middle,False,Dr Genevieve Marie Sadler|W2050208016
Dr Genevieve Marie Sadler,A5071873118,W1968011895,first,False,Dr Genevieve Marie Sadler|W1968011895
Dr Genevieve Marie Sadler,A5071873118,W2007880579,middle,False,Dr Genevieve Marie Sadler|W2007880579
Dr Genevieve Marie Sadler,A5071873118,W1994227829,first,True,Dr Genevieve Marie Sadler|W1994227829
Dr Genevieve Marie Sadler,A5071873118,W1597424499,first,False,Dr Genevieve Marie Sadler|W1597424499
Dr Genevieve Marie Sadler,A5071873118,W2004526194,first,False,Dr Genevieve Marie Sadler|W2004526194
Dr Genevieve Marie Sadler,A5071873118,W3088874303,middle,False,Dr Genevieve Marie Sadler|W3088874303
Dr Genevieve Marie Sadler,A5071873118,W1827839318,last,False,Dr Genevieve Marie Sadler|W1827839318
Dr Genevieve Marie Sadler,A5071873118,W4408245407,last,False,Dr Genevieve Marie Sadler|W4408245407
Dr Genevieve Marie Sadler,A5071873118,W4412929302,middle,False,Dr Genevieve Marie Sadler|W4412929302
Dr George Andrew Varigos,A5107993123,W2253134395,middle,False,Dr George Andrew Varigos|W2253134395
Dr Georgia Frances Farrah,A5010910372,W2436792608,first,True,Dr Georgia Frances Farrah|W2436792608
Dr Georgia Frances Farrah,A5010910372,W3168942696,first,False,Dr Georgia Frances Farrah|W3168942696
Dr Georgia Frances Farrah,A5010910372,W2939166951,first,True,Dr Georgia Frances Farrah|W2939166951
Dr Georgia Frances Farrah,A5010910372,W4386704419,middle,False,Dr Georgia Frances Farrah|W4386704419
Dr Georgina Ruth Lyons,A5022304711,W2012996894,first,False,Dr Georgina Ruth Lyons|W2012996894
Dr Georgina Ruth Lyons,A5022304711,W1946697349,first,True,Dr Georgina Ruth Lyons|W1946697349
Dr Georgina Ruth Lyons,A5022304711,W1791419530,first,True,Dr Georgina Ruth Lyons|W1791419530
Dr Georgina Ruth Lyons,A5022304711,W2054365419,first,False,Dr Georgina Ruth Lyons|W2054365419
Dr Georgina Ruth Lyons,A5022304711,W121462051,middle,False,Dr Georgina Ruth Lyons|W121462051
Dr Germana  Consuegra Romero,A5010162713,W2512353098,first,True,Dr Germana  Consuegra Romero|W2512353098
Dr Germana  Consuegra Romero,A5010162713,W1969828858,middle,False,Dr Germana  Consuegra Romero|W1969828858
Dr Germana  Consuegra Romero,A5010162713,W2938448237,middle,False,Dr Germana  Consuegra Romero|W2938448237
Dr Germana  Consuegra Romero,A5010162713,W2073185409,middle,False,Dr Germana  Consuegra Romero|W2073185409
Dr Gian Dial Singh,A5109942501,W1976483186,last,False,Dr Gian Dial Singh|W1976483186
Dr Glen Christopher Foxton,A5025720209,W1547188871,first,True,Dr Glen Christopher Foxton|W1547188871
Dr Glen Christopher Foxton,A5025720209,W2809079353,first,True,Dr Glen Christopher Foxton|W2809079353
Dr Glen Christopher Foxton,A5025720209,W1857784496,first,True,Dr Glen Christopher Foxton|W1857784496
Dr Glenda Kaye Wood,A5000971949,W1975111215,middle,False,Dr Glenda Kaye Wood|W1975111215
Dr Glenda Kaye Wood,A5000971949,W2037804866,last,False,Dr Glenda Kaye Wood|W2037804866
Dr Glenda Kaye Wood,A5000971949,W1517219207,last,False,Dr Glenda Kaye Wood|W1517219207
Dr Glenda Kaye Wood,A5000971949,W1974917091,last,True,Dr Glenda Kaye Wood|W1974917091
Dr Glenda Kaye Wood,A5000971949,W1587744549,last,False,Dr Glenda Kaye Wood|W1587744549
Dr Glenda Kaye Wood,A5000971949,W1998940330,first,True,Dr Glenda Kaye Wood|W1998940330
Dr Glenda Kaye Wood,A5000971949,W2763380601,middle,False,Dr Glenda Kaye Wood|W2763380601
Dr Glenda Kaye Wood,A5000971949,W1970554556,middle,False,Dr Glenda Kaye Wood|W1970554556
Dr Glenda Kaye Wood,A5000971949,W2010544135,middle,False,Dr Glenda Kaye Wood|W2010544135
Dr Glenda Kaye Wood,A5000971949,W2130812259,middle,False,Dr Glenda Kaye Wood|W2130812259
Dr Glenda Kaye Wood,A5000971949,W2271489314,last,False,Dr Glenda Kaye Wood|W2271489314
Dr Glenda Kaye Wood,A5000971949,W4384377286,last,True,Dr Glenda Kaye Wood|W4384377286
Dr Glenn  Parham,A5066496800,W4221134712,first,True,Dr Glenn  Parham|W4221134712
Dr Graham Alistair Thom,A5112614892,W1969002888,last,False,Dr Graham Alistair Thom|W1969002888
Dr Graham Alistair Thom,A5112614892,W1903108619,middle,False,Dr Graham Alistair Thom|W1903108619
Dr Graham Alistair Thom,A5112614892,W1968996278,first,True,Dr Graham Alistair Thom|W1968996278
Dr Graham Alistair Thom,A5112614892,W2016259558,first,False,Dr Graham Alistair Thom|W2016259558
Dr Graham Alistair Thom,A5112614892,W2759175731,last,False,Dr Graham Alistair Thom|W2759175731
Dr Graham Alistair Thom,A5112614892,W2083813458,first,False,Dr Graham Alistair Thom|W2083813458
Dr Graham Alistair Thom,A5112614892,W1981857094,first,False,Dr Graham Alistair Thom|W1981857094
Dr Graham Alistair Thom,A5112614892,W2119582047,middle,False,Dr Graham Alistair Thom|W2119582047
Dr Graham Alistair Thom,A5112614892,W1520531121,first,True,Dr Graham Alistair Thom|W1520531121
Dr Graham Alistair Thom,A5112614892,W2085946849,first,False,Dr Graham Alistair Thom|W2085946849
Dr Graham Alistair Thom,A5112614892,W3134360532,middle,False,Dr Graham Alistair Thom|W3134360532
Dr Graham Alistair Thom,A5112614892,W4200274328,middle,False,Dr Graham Alistair Thom|W4200274328
Dr Graham Alistair Thom,A5112614892,W4416413303,last,False,Dr Graham Alistair Thom|W4416413303
Dr Gwyneth Natalie Tsun Wong,A5076539938,W4307211755,middle,False,Dr Gwyneth Natalie Tsun Wong|W4307211755
Dr Gwyneth Natalie Tsun Wong,A5076539938,W3035673997,first,False,Dr Gwyneth Natalie Tsun Wong|W3035673997
Dr Gwyneth Natalie Tsun Wong,A5076539938,W2946731969,first,False,Dr Gwyneth Natalie Tsun Wong|W2946731969
Dr Gwyneth Natalie Tsun Wong,A5076539938,W2941068729,first,False,Dr Gwyneth Natalie Tsun Wong|W2941068729
Dr Gwyneth Natalie Tsun Wong,A5076539938,W2910491562,first,True,Dr Gwyneth Natalie Tsun Wong|W2910491562
Dr Gwyneth Natalie Tsun Wong,A5076539938,W2982526229,first,False,Dr Gwyneth Natalie Tsun Wong|W2982526229
Dr Gwyneth Natalie Tsun Wong,A5076539938,W2923144311,first,False,Dr Gwyneth Natalie Tsun Wong|W2923144311
Dr Gwyneth Natalie Tsun Wong,A5076539938,W4402814729,middle,False,Dr Gwyneth Natalie Tsun Wong|W4402814729
Dr Haady  Fallah,A5078953014,W3082318925,first,True,Dr Haady  Fallah|W3082318925
Dr Haady  Fallah,A5078953014,W3193000512,first,True,Dr Haady  Fallah|W3193000512
Dr Haady  Fallah,A5078953014,W2058285868,first,True,Dr Haady  Fallah|W2058285868
Dr Haady  Fallah,A5078953014,W4410799400,last,False,Dr Haady  Fallah|W4410799400
Dr Haady  Fallah,A5078953014,W4413995764,last,False,Dr Haady  Fallah|W4413995764
Dr Haady  Fallah,A5078953014,W3046110731,last,False,Dr Haady  Fallah|W3046110731
Dr Haady  Fallah,A5078953014,W2739044803,last,False,Dr Haady  Fallah|W2739044803
Dr Haady  Fallah,A5078953014,W1543373748,first,True,Dr Haady  Fallah|W1543373748
Dr Haady  Fallah,A5078953014,W2078520494,first,True,Dr Haady  Fallah|W2078520494
Dr Haady  Fallah,A5078953014,W4221039337,last,False,Dr Haady  Fallah|W4221039337
Dr Haady  Fallah,A5078953014,W2149270953,middle,False,Dr Haady  Fallah|W2149270953
Dr Haady  Fallah,A5078953014,W4385514107,last,False,Dr Haady  Fallah|W4385514107
Dr Haady  Fallah,A5078953014,W7134050344,last,False,Dr Haady  Fallah|W7134050344
Dr Hans Peter Soyer,A5129798700,W7138982021,middle,False,Dr Hans Peter Soyer|W7138982021
Dr Harini  Rajgopal Bala,A5072742930,W2800793324,first,True,Dr Harini  Rajgopal Bala|W2800793324
Dr Harini  Rajgopal Bala,A5072742930,W2623747047,middle,False,Dr Harini  Rajgopal Bala|W2623747047
Dr Harini  Rajgopal Bala,A5072742930,W2980443318,middle,False,Dr Harini  Rajgopal Bala|W2980443318
Dr Harini  Rajgopal Bala,A5072742930,W3097705290,middle,False,Dr Harini  Rajgopal Bala|W3097705290
Dr Harini  Rajgopal Bala,A5072742930,W3150262725,middle,False,Dr Harini  Rajgopal Bala|W3150262725
Dr Harini  Rajgopal Bala,A5072742930,W4313311687,first,True,Dr Harini  Rajgopal Bala|W4313311687
Dr Harini  Rajgopal Bala,A5072742930,W2108606148,first,True,Dr Harini  Rajgopal Bala|W2108606148
Dr Harini  Rajgopal Bala,A5072742930,W2987833564,middle,False,Dr Harini  Rajgopal Bala|W2987833564
Dr Harini  Rajgopal Bala,A5072742930,W2789680992,middle,False,Dr Harini  Rajgopal Bala|W2789680992
Dr Harini  Rajgopal Bala,A5072742930,W3086734959,middle,False,Dr Harini  Rajgopal Bala|W3086734959
Dr Harini  Rajgopal Bala,A5072742930,W2891282544,middle,False,Dr Harini  Rajgopal Bala|W2891282544
Dr Harini  Rajgopal Bala,A5072742930,W2560114316,first,False,Dr Harini  Rajgopal Bala|W2560114316
Dr Harini  Rajgopal Bala,A5072742930,W2560024043,first,False,Dr Harini  Rajgopal Bala|W2560024043
Dr Harini  Rajgopal Bala,A5072742930,W2596994789,first,False,Dr Harini  Rajgopal Bala|W2596994789
Dr Harini  Rajgopal Bala,A5072742930,W1991549131,middle,False,Dr Harini  Rajgopal Bala|W1991549131
Dr Harini  Rajgopal Bala,A5072742930,W4250909686,first,False,Dr Harini  Rajgopal Bala|W4250909686
Dr Harini  Rajgopal Bala,A5072742930,W4214833069,middle,False,Dr Harini  Rajgopal Bala|W4214833069
Dr Harini  Rajgopal Bala,A5072742930,W4214850723,first,False,Dr Harini  Rajgopal Bala|W4214850723
Dr Harini  Rajgopal Bala,A5072742930,W7135232848,first,True,Dr Harini  Rajgopal Bala|W7135232848
Dr Heba A.T. Jibreal,A5005859470,W4417350630,middle,False,Dr Heba A.T. Jibreal|W4417350630
Dr Heba A.T. Jibreal,A5005859470,W4385968802,last,False,Dr Heba A.T. Jibreal|W4385968802
Dr Heba A.T. Jibreal,A5005859470,W2725181251,first,False,Dr Heba A.T. Jibreal|W2725181251
Dr Heba A.T. Jibreal,A5005859470,W4413030500,last,False,Dr Heba A.T. Jibreal|W4413030500
Dr Helen Louise Saunders,A5034761041,W2048901783,middle,False,Dr Helen Louise Saunders|W2048901783
Dr Helen Louise Saunders,A5034761041,W4390378567,middle,False,Dr Helen Louise Saunders|W4390378567
Dr Helen Louise Saunders,A5034761041,W2154633487,middle,False,Dr Helen Louise Saunders|W2154633487
Dr Helen Louise Saunders,A5034761041,W237309218,first,True,Dr Helen Louise Saunders|W237309218
Dr Helen Louise Saunders,A5034761041,W2118667583,middle,False,Dr Helen Louise Saunders|W2118667583
Dr Helen Louise Saunders,A5034761041,W4300688842,last,False,Dr Helen Louise Saunders|W4300688842
Dr Helen Louise Saunders,A5034761041,W2157400091,middle,False,Dr Helen Louise Saunders|W2157400091
Dr Helen Louise Saunders,A5034761041,W2031158148,middle,False,Dr Helen Louise Saunders|W2031158148
Dr Helen Louise Saunders,A5034761041,W2043237552,middle,False,Dr Helen Louise Saunders|W2043237552
Dr Helen Louise Saunders,A5034761041,W2160755612,first,False,Dr Helen Louise Saunders|W2160755612
Dr Helen Louise Saunders,A5034761041,W1555764667,middle,False,Dr Helen Louise Saunders|W1555764667
Dr Helen Louise Saunders,A5034761041,W2018358954,middle,False,Dr Helen Louise Saunders|W2018358954
Dr Helen Louise Saunders,A5034761041,W4253633037,middle,False,Dr Helen Louise Saunders|W4253633037
Dr Helen Louise Saunders,A5034761041,W2134936605,middle,False,Dr Helen Louise Saunders|W2134936605
Dr Helen Louise Saunders,A5034761041,W1992428919,middle,False,Dr Helen Louise Saunders|W1992428919
Dr Helen Louise Saunders,A5034761041,W1996536211,last,False,Dr Helen Louise Saunders|W1996536211
Dr Helen Louise Saunders,A5034761041,W1990778679,last,False,Dr Helen Louise Saunders|W1990778679
Dr Helen Louise Saunders,A5034761041,W2082909738,middle,False,Dr Helen Louise Saunders|W2082909738
Dr Helen Louise Saunders,A5034761041,W2032774239,middle,False,Dr Helen Louise Saunders|W2032774239
Dr Helen Louise Saunders,A5034761041,W1965583887,middle,False,Dr Helen Louise Saunders|W1965583887
Dr Helen Louise Saunders,A5034761041,W2012863498,middle,False,Dr Helen Louise Saunders|W2012863498
Dr Helen Louise Saunders,A5034761041,W1977433933,middle,False,Dr Helen Louise Saunders|W1977433933
Dr Helen Louise Saunders,A5034761041,W3156030569,middle,False,Dr Helen Louise Saunders|W3156030569
Dr Helen Louise Saunders,A5034761041,W4404641436,middle,False,Dr Helen Louise Saunders|W4404641436
Dr Helen Louise Saunders,A5034761041,W4403306248,middle,False,Dr Helen Louise Saunders|W4403306248
Dr Helen Louise Saunders,A5034761041,W45283717,last,False,Dr Helen Louise Saunders|W45283717
Dr Helen Louise Saunders,A5034761041,W1968666595,middle,False,Dr Helen Louise Saunders|W1968666595
Dr Helen Louise Saunders,A5034761041,W2047947709,first,False,Dr Helen Louise Saunders|W2047947709
Dr Helen Louise Saunders,A5034761041,W2413404010,middle,False,Dr Helen Louise Saunders|W2413404010
Dr Helen Louise Saunders,A5034761041,W2015759065,middle,False,Dr Helen Louise Saunders|W2015759065
Dr Helen Louise Saunders,A5034761041,W2021828543,first,False,Dr Helen Louise Saunders|W2021828543
Dr Helen Louise Saunders,A5034761041,W2082489234,last,False,Dr Helen Louise Saunders|W2082489234
Dr Helen Louise Saunders,A5034761041,W2031836960,middle,False,Dr Helen Louise Saunders|W2031836960
Dr Helen Louise Saunders,A5034761041,W2027712163,middle,False,Dr Helen Louise Saunders|W2027712163
Dr Helen Louise Saunders,A5034761041,W2025784205,first,False,Dr Helen Louise Saunders|W2025784205
Dr Helen Louise Saunders,A5034761041,W2146885879,last,False,Dr Helen Louise Saunders|W2146885879
Dr Helen Louise Saunders,A5034761041,W2026919424,middle,False,Dr Helen Louise Saunders|W2026919424
Dr Helen Louise Saunders,A5034761041,W1979798349,middle,True,Dr Helen Louise Saunders|W1979798349
Dr Helen Louise Saunders,A5034761041,W1989761297,middle,False,Dr Helen Louise Saunders|W1989761297
Dr Helen Louise Saunders,A5034761041,W2071332880,middle,False,Dr Helen Louise Saunders|W2071332880
Dr Helen Louise Saunders,A5034761041,W3169815449,middle,False,Dr Helen Louise Saunders|W3169815449
Dr Helen Louise Saunders,A5034761041,W3008094895,first,True,Dr Helen Louise Saunders|W3008094895
Dr Helen Louise Saunders,A5034761041,W2588727996,middle,False,Dr Helen Louise Saunders|W2588727996
Dr Helen Louise Saunders,A5034761041,W3162944358,last,False,Dr Helen Louise Saunders|W3162944358
Dr Helen Louise Saunders,A5034761041,W4220948420,middle,False,Dr Helen Louise Saunders|W4220948420
Dr Helen Louise Saunders,A5034761041,W187736034,middle,False,Dr Helen Louise Saunders|W187736034
Dr Helen Louise Saunders,A5034761041,W2140447909,middle,False,Dr Helen Louise Saunders|W2140447909
Dr Helen Louise Saunders,A5034761041,W1978508006,middle,False,Dr Helen Louise Saunders|W1978508006
Dr Helen Louise Saunders,A5034761041,W2004036329,middle,False,Dr Helen Louise Saunders|W2004036329
Dr Helen Louise Saunders,A5034761041,W1964971596,middle,False,Dr Helen Louise Saunders|W1964971596
Dr Helen Louise Saunders,A5034761041,W2078749141,middle,False,Dr Helen Louise Saunders|W2078749141
Dr Helen Louise Saunders,A5034761041,W1855788659,last,True,Dr Helen Louise Saunders|W1855788659
Dr Helen Louise Saunders,A5034761041,W2001498516,middle,False,Dr Helen Louise Saunders|W2001498516
Dr Helen Louise Saunders,A5034761041,W2102848383,first,False,Dr Helen Louise Saunders|W2102848383
Dr Helen Louise Saunders,A5034761041,W2289601500,middle,False,Dr Helen Louise Saunders|W2289601500
Dr Helen Louise Saunders,A5034761041,W4402859477,middle,False,Dr Helen Louise Saunders|W4402859477
Dr Helen Louise Saunders,A5034761041,W2080796945,first,True,Dr Helen Louise Saunders|W2080796945
Dr Helen Louise Saunders,A5034761041,W2157122947,first,False,Dr Helen Louise Saunders|W2157122947
Dr Helen Louise Saunders,A5034761041,W2169830182,middle,False,Dr Helen Louise Saunders|W2169830182
Dr Helen Louise Saunders,A5034761041,W4407213087,last,False,Dr Helen Louise Saunders|W4407213087
Dr Helen Louise Saunders,A5034761041,W2141326803,last,False,Dr Helen Louise Saunders|W2141326803
Dr Helen Louise Saunders,A5034761041,W2026518446,first,False,Dr Helen Louise Saunders|W2026518446
Dr Helen Louise Saunders,A5034761041,W2048463621,middle,False,Dr Helen Louise Saunders|W2048463621
Dr Helen Louise Saunders,A5034761041,W2411802586,middle,False,Dr Helen Louise Saunders|W2411802586
Dr Helen Louise Saunders,A5034761041,W2043563886,last,False,Dr Helen Louise Saunders|W2043563886
Dr Helen Louise Saunders,A5034761041,W2063028424,last,False,Dr Helen Louise Saunders|W2063028424
Dr Helen Louise Saunders,A5034761041,W1965499532,first,False,Dr Helen Louise Saunders|W1965499532
Dr Helen Louise Saunders,A5034761041,W2081145133,middle,False,Dr Helen Louise Saunders|W2081145133
Dr Helen Louise Saunders,A5034761041,W2090381133,first,True,Dr Helen Louise Saunders|W2090381133
Dr Helen Louise Saunders,A5034761041,W2128952590,middle,False,Dr Helen Louise Saunders|W2128952590
Dr Helen Louise Saunders,A5034761041,W2795305361,first,True,Dr Helen Louise Saunders|W2795305361
Dr Helen Louise Saunders,A5034761041,W2195671328,middle,False,Dr Helen Louise Saunders|W2195671328
Dr Helen Louise Saunders,A5034761041,W4214608281,last,False,Dr Helen Louise Saunders|W4214608281
Dr Helen Louise Saunders,A5034761041,W1965785602,first,False,Dr Helen Louise Saunders|W1965785602
Dr Helen Louise Saunders,A5034761041,W2776121290,middle,False,Dr Helen Louise Saunders|W2776121290
Dr Helen Louise Saunders,A5034761041,W4403752648,first,False,Dr Helen Louise Saunders|W4403752648
Dr Helen Louise Saunders,A5034761041,W2252675057,first,False,Dr Helen Louise Saunders|W2252675057
Dr Helen Louise Saunders,A5034761041,W1928398437,middle,False,Dr Helen Louise Saunders|W1928398437
Dr Helen Louise Saunders,A5034761041,W2110398731,last,False,Dr Helen Louise Saunders|W2110398731
Dr Helen Louise Saunders,A5034761041,W1931134567,middle,False,Dr Helen Louise Saunders|W1931134567
Dr Helen Louise Saunders,A5034761041,W2001174620,middle,False,Dr Helen Louise Saunders|W2001174620
Dr Helen Louise Saunders,A5034761041,W2086785580,first,True,Dr Helen Louise Saunders|W2086785580
Dr Helen Louise Saunders,A5034761041,W2418971263,last,False,Dr Helen Louise Saunders|W2418971263
Dr Helen Louise Saunders,A5034761041,W2346769478,last,False,Dr Helen Louise Saunders|W2346769478
Dr Helen Louise Saunders,A5034761041,W3111455201,first,True,Dr Helen Louise Saunders|W3111455201
Dr Helen Louise Saunders,A5034761041,W3155253012,first,True,Dr Helen Louise Saunders|W3155253012
Dr Helen Louise Saunders,A5034761041,W1986009924,first,False,Dr Helen Louise Saunders|W1986009924
Dr Helen Louise Saunders,A5034761041,W1601045355,first,True,Dr Helen Louise Saunders|W1601045355
Dr Helen Louise Saunders,A5034761041,W1872119753,first,True,Dr Helen Louise Saunders|W1872119753
Dr Helen Louise Saunders,A5034761041,W1975821066,first,True,Dr Helen Louise Saunders|W1975821066
Dr Helen Louise Saunders,A5034761041,W1993985867,middle,False,Dr Helen Louise Saunders|W1993985867
Dr Helen Louise Saunders,A5034761041,W2050103726,middle,False,Dr Helen Louise Saunders|W2050103726
Dr Helen Louise Saunders,A5034761041,W2059486453,middle,False,Dr Helen Louise Saunders|W2059486453
Dr Helen Louise Saunders,A5034761041,W2083959018,middle,False,Dr Helen Louise Saunders|W2083959018
Dr Helen Louise Saunders,A5034761041,W2187531093,middle,False,Dr Helen Louise Saunders|W2187531093
Dr Helen Louise Saunders,A5034761041,W2315176185,first,True,Dr Helen Louise Saunders|W2315176185
Dr Helen Louise Saunders,A5034761041,W2461478484,last,False,Dr Helen Louise Saunders|W2461478484
Dr Helen Louise Saunders,A5034761041,W2761503650,first,True,Dr Helen Louise Saunders|W2761503650
Dr Helen Louise Saunders,A5034761041,W3021171093,first,True,Dr Helen Louise Saunders|W3021171093
Dr Helen Louise Saunders,A5034761041,W3045477672,middle,False,Dr Helen Louise Saunders|W3045477672
Dr Helen Louise Saunders,A5034761041,W3080528621,first,True,Dr Helen Louise Saunders|W3080528621
Dr Helen Louise Saunders,A5034761041,W3093425546,first,False,Dr Helen Louise Saunders|W3093425546
Dr Helen Louise Saunders,A5034761041,W3117171163,middle,False,Dr Helen Louise Saunders|W3117171163
Dr Helen Louise Saunders,A5034761041,W3201704370,middle,False,Dr Helen Louise Saunders|W3201704370
Dr Helen Louise Saunders,A5034761041,W3203902928,middle,False,Dr Helen Louise Saunders|W3203902928
Dr Helen Louise Saunders,A5034761041,W4205959015,last,True,Dr Helen Louise Saunders|W4205959015
Dr Helen Louise Saunders,A5034761041,W4213232723,middle,False,Dr Helen Louise Saunders|W4213232723
Dr Helen Louise Saunders,A5034761041,W4242499951,middle,False,Dr Helen Louise Saunders|W4242499951
Dr Helen Louise Saunders,A5034761041,W4252157772,middle,False,Dr Helen Louise Saunders|W4252157772
Dr Helen Louise Saunders,A5034761041,W4308199534,middle,False,Dr Helen Louise Saunders|W4308199534
Dr Helen Louise Saunders,A5034761041,W4381619662,middle,False,Dr Helen Louise Saunders|W4381619662
Dr Helen Louise Saunders,A5034761041,W4391277008,last,False,Dr Helen Louise Saunders|W4391277008
Dr Helen Louise Saunders,A5034761041,W4401402848,middle,False,Dr Helen Louise Saunders|W4401402848
Dr Helen Louise Saunders,A5034761041,W4402017869,middle,False,Dr Helen Louise Saunders|W4402017869
Dr Helen Louise Saunders,A5034761041,W573665744,middle,False,Dr Helen Louise Saunders|W573665744
Dr Helena Anne Lolatgis,A5018300338,W4307211755,middle,False,Dr Helena Anne Lolatgis|W4307211755
Dr Helena Anne Lolatgis,A5018300338,W2475218777,first,False,Dr Helena Anne Lolatgis|W2475218777
Dr Helena Anne Lolatgis,A5018300338,W2560127256,first,False,Dr Helena Anne Lolatgis|W2560127256
Dr Helena Anne Lolatgis,A5018300338,W2105649925,first,True,Dr Helena Anne Lolatgis|W2105649925
Dr Helmut  Schaider,A5079759046,W2050668495,middle,False,Dr Helmut  Schaider|W2050668495
Dr Helmut  Schaider,A5079759046,W1924003041,middle,False,Dr Helmut  Schaider|W1924003041
Dr Helmut  Schaider,A5079759046,W1978874148,last,True,Dr Helmut  Schaider|W1978874148
Dr Helmut  Schaider,A5079759046,W1980584100,first,False,Dr Helmut  Schaider|W1980584100
Dr Helmut  Schaider,A5079759046,W2018819150,last,True,Dr Helmut  Schaider|W2018819150
Dr Helmut  Schaider,A5079759046,W2755929010,middle,False,Dr Helmut  Schaider|W2755929010
Dr Helmut  Schaider,A5079759046,W2044330918,middle,False,Dr Helmut  Schaider|W2044330918
Dr Helmut  Schaider,A5079759046,W4322719565,middle,False,Dr Helmut  Schaider|W4322719565
Dr Helmut  Schaider,A5079759046,W2936218263,last,False,Dr Helmut  Schaider|W2936218263
Dr Helmut  Schaider,A5079759046,W3183958385,middle,False,Dr Helmut  Schaider|W3183958385
Dr Helmut  Schaider,A5079759046,W2145601854,middle,False,Dr Helmut  Schaider|W2145601854
Dr Helmut  Schaider,A5079759046,W2626356113,middle,False,Dr Helmut  Schaider|W2626356113
Dr Helmut  Schaider,A5079759046,W2530784983,middle,False,Dr Helmut  Schaider|W2530784983
Dr Helmut  Schaider,A5079759046,W2010980929,middle,False,Dr Helmut  Schaider|W2010980929
Dr Helmut  Schaider,A5079759046,W1524950168,middle,False,Dr Helmut  Schaider|W1524950168
Dr Helmut  Schaider,A5079759046,W2087289643,middle,False,Dr Helmut  Schaider|W2087289643
Dr Helmut  Schaider,A5079759046,W2006554961,middle,False,Dr Helmut  Schaider|W2006554961
Dr Helmut  Schaider,A5079759046,W1980018731,middle,False,Dr Helmut  Schaider|W1980018731
Dr Helmut  Schaider,A5079759046,W2000037156,middle,False,Dr Helmut  Schaider|W2000037156
Dr Helmut  Schaider,A5079759046,W1845035826,middle,False,Dr Helmut  Schaider|W1845035826
Dr Helmut  Schaider,A5079759046,W2778942513,last,True,Dr Helmut  Schaider|W2778942513
Dr Helmut  Schaider,A5079759046,W2772389083,last,False,Dr Helmut  Schaider|W2772389083
Dr Helmut  Schaider,A5079759046,W2161215474,last,True,Dr Helmut  Schaider|W2161215474
Dr Helmut  Schaider,A5079759046,W2789034705,middle,False,Dr Helmut  Schaider|W2789034705
Dr Helmut  Schaider,A5079759046,W1913277645,middle,False,Dr Helmut  Schaider|W1913277645
Dr Helmut  Schaider,A5079759046,W2255029535,last,True,Dr Helmut  Schaider|W2255029535
Dr Helmut  Schaider,A5079759046,W3026219400,middle,False,Dr Helmut  Schaider|W3026219400
Dr Helmut  Schaider,A5079759046,W2009574048,middle,False,Dr Helmut  Schaider|W2009574048
Dr Helmut  Schaider,A5079759046,W2053275128,last,True,Dr Helmut  Schaider|W2053275128
Dr Helmut  Schaider,A5079759046,W2777985045,last,False,Dr Helmut  Schaider|W2777985045
Dr Helmut  Schaider,A5079759046,W2072182813,middle,False,Dr Helmut  Schaider|W2072182813
Dr Helmut  Schaider,A5079759046,W2088537241,middle,False,Dr Helmut  Schaider|W2088537241
Dr Helmut  Schaider,A5079759046,W2013687192,middle,False,Dr Helmut  Schaider|W2013687192
Dr Helmut  Schaider,A5079759046,W2166917411,middle,False,Dr Helmut  Schaider|W2166917411
Dr Helmut  Schaider,A5079759046,W2890137987,middle,False,Dr Helmut  Schaider|W2890137987
Dr Helmut  Schaider,A5079759046,W2148861889,last,False,Dr Helmut  Schaider|W2148861889
Dr Helmut  Schaider,A5079759046,W2736209832,middle,False,Dr Helmut  Schaider|W2736209832
Dr Helmut  Schaider,A5079759046,W2913421913,middle,False,Dr Helmut  Schaider|W2913421913
Dr Helmut  Schaider,A5079759046,W2056332291,middle,False,Dr Helmut  Schaider|W2056332291
Dr Helmut  Schaider,A5079759046,W2887586336,middle,False,Dr Helmut  Schaider|W2887586336
Dr Helmut  Schaider,A5079759046,W3214749627,middle,False,Dr Helmut  Schaider|W3214749627
Dr Helmut  Schaider,A5079759046,W3088218026,middle,False,Dr Helmut  Schaider|W3088218026
Dr Helmut  Schaider,A5079759046,W2915307506,last,True,Dr Helmut  Schaider|W2915307506
Dr Helmut  Schaider,A5079759046,W2761818055,middle,False,Dr Helmut  Schaider|W2761818055
Dr Helmut  Schaider,A5079759046,W2765130480,middle,False,Dr Helmut  Schaider|W2765130480
Dr Helmut  Schaider,A5079759046,W2775031815,last,False,Dr Helmut  Schaider|W2775031815
Dr Helmut  Schaider,A5079759046,W4214495419,middle,False,Dr Helmut  Schaider|W4214495419
Dr Helmut  Schaider,A5079759046,W4280583551,middle,False,Dr Helmut  Schaider|W4280583551
Dr Helmut  Schaider,A5079759046,W4400768517,middle,False,Dr Helmut  Schaider|W4400768517
Dr Helmut  Schaider,A5079759046,W4385739824,last,True,Dr Helmut  Schaider|W4385739824
Dr Helmut  Schaider,A5079759046,W4319835783,middle,False,Dr Helmut  Schaider|W4319835783
Dr Helmut  Schaider,A5079759046,W2767810577,last,True,Dr Helmut  Schaider|W2767810577
Dr Helmut  Schaider,A5079759046,W1989287278,middle,False,Dr Helmut  Schaider|W1989287278
Dr Helmut  Schaider,A5079759046,W2040338425,middle,False,Dr Helmut  Schaider|W2040338425
Dr Helmut  Schaider,A5079759046,W2039533218,middle,False,Dr Helmut  Schaider|W2039533218
Dr Helmut  Schaider,A5079759046,W3176542365,middle,False,Dr Helmut  Schaider|W3176542365
Dr Helmut  Schaider,A5079759046,W2070090537,middle,False,Dr Helmut  Schaider|W2070090537
Dr Helmut  Schaider,A5079759046,W2173198066,last,True,Dr Helmut  Schaider|W2173198066
Dr Helmut  Schaider,A5079759046,W2663270440,middle,False,Dr Helmut  Schaider|W2663270440
Dr Helmut  Schaider,A5079759046,W2613910130,middle,False,Dr Helmut  Schaider|W2613910130
Dr Helmut  Schaider,A5079759046,W2943844564,last,True,Dr Helmut  Schaider|W2943844564
Dr Helmut  Schaider,A5079759046,W2913093246,last,False,Dr Helmut  Schaider|W2913093246
Dr Helmut  Schaider,A5079759046,W2920870611,middle,False,Dr Helmut  Schaider|W2920870611
Dr Helmut  Schaider,A5079759046,W588180228,middle,False,Dr Helmut  Schaider|W588180228
Dr Helmut  Schaider,A5079759046,W2040073656,last,True,Dr Helmut  Schaider|W2040073656
Dr Helmut  Schaider,A5079759046,W2766794251,first,False,Dr Helmut  Schaider|W2766794251
Dr Helmut  Schaider,A5079759046,W4404636976,middle,False,Dr Helmut  Schaider|W4404636976
Dr Helmut  Schaider,A5079759046,W4415634199,middle,False,Dr Helmut  Schaider|W4415634199
Dr Helmut  Schaider,A5079759046,W2773816949,last,True,Dr Helmut  Schaider|W2773816949
Dr Helmut  Schaider,A5079759046,W2967149779,middle,False,Dr Helmut  Schaider|W2967149779
Dr Helmut  Schaider,A5079759046,W2136436416,middle,False,Dr Helmut  Schaider|W2136436416
Dr Helmut  Schaider,A5079759046,W2521732874,middle,False,Dr Helmut  Schaider|W2521732874
Dr Helmut  Schaider,A5079759046,W2897867407,last,False,Dr Helmut  Schaider|W2897867407
Dr Helmut  Schaider,A5079759046,W34221830,middle,False,Dr Helmut  Schaider|W34221830
Dr Helmut  Schaider,A5079759046,W7130870323,middle,False,Dr Helmut  Schaider|W7130870323
Dr Helmut  Schaider,A5079759046,W2094451404,first,True,Dr Helmut  Schaider|W2094451404
Dr Helmut  Schaider,A5079759046,W2121797186,last,True,Dr Helmut  Schaider|W2121797186
Dr Helmut  Schaider,A5079759046,W2698726589,middle,False,Dr Helmut  Schaider|W2698726589
Dr Helmut  Schaider,A5079759046,W4235770298,middle,False,Dr Helmut  Schaider|W4235770298
Dr Helmut  Schaider,A5079759046,W2008552483,last,False,Dr Helmut  Schaider|W2008552483
Dr Helmut  Schaider,A5079759046,W2016950265,middle,False,Dr Helmut  Schaider|W2016950265
Dr Helmut  Schaider,A5079759046,W2177553603,last,True,Dr Helmut  Schaider|W2177553603
Dr Helmut  Schaider,A5079759046,W2001051377,last,False,Dr Helmut  Schaider|W2001051377
Dr Helmut  Schaider,A5079759046,W2381930848,middle,False,Dr Helmut  Schaider|W2381930848
Dr Helmut  Schaider,A5079759046,W2009566822,middle,False,Dr Helmut  Schaider|W2009566822
Dr Helmut  Schaider,A5079759046,W4328103809,middle,False,Dr Helmut  Schaider|W4328103809
Dr Helmut  Schaider,A5079759046,W2799742503,last,True,Dr Helmut  Schaider|W2799742503
Dr Helmut  Schaider,A5079759046,W1992278206,middle,False,Dr Helmut  Schaider|W1992278206
Dr Helmut  Schaider,A5079759046,W2009549758,first,False,Dr Helmut  Schaider|W2009549758
Dr Helmut  Schaider,A5079759046,W2095242674,middle,False,Dr Helmut  Schaider|W2095242674
Dr Helmut  Schaider,A5079759046,W2784503575,last,False,Dr Helmut  Schaider|W2784503575
Dr Helmut  Schaider,A5079759046,W4387810996,middle,False,Dr Helmut  Schaider|W4387810996
Dr Helmut  Schaider,A5079759046,W3187146481,middle,False,Dr Helmut  Schaider|W3187146481
Dr Helmut  Schaider,A5079759046,W2074207255,first,False,Dr Helmut  Schaider|W2074207255
Dr Helmut  Schaider,A5079759046,W103723837,first,False,Dr Helmut  Schaider|W103723837
Dr Helmut  Schaider,A5079759046,W135234455,first,False,Dr Helmut  Schaider|W135234455
Dr Helmut  Schaider,A5079759046,W4307763982,middle,False,Dr Helmut  Schaider|W4307763982
Dr Helmut  Schaider,A5079759046,W1972180598,first,False,Dr Helmut  Schaider|W1972180598
Dr Helmut  Schaider,A5079759046,W2134872350,middle,False,Dr Helmut  Schaider|W2134872350
Dr Helmut  Schaider,A5079759046,W2242126435,middle,False,Dr Helmut  Schaider|W2242126435
Dr Helmut  Schaider,A5079759046,W2513079405,first,False,Dr Helmut  Schaider|W2513079405
Dr Helmut  Schaider,A5079759046,W4211065119,middle,False,Dr Helmut  Schaider|W4211065119
Dr Helmut  Schaider,A5079759046,W133187440,first,False,Dr Helmut  Schaider|W133187440
Dr Helmut  Schaider,A5079759046,W1963813574,middle,False,Dr Helmut  Schaider|W1963813574
Dr Helmut  Schaider,A5079759046,W1983099678,last,False,Dr Helmut  Schaider|W1983099678
Dr Helmut  Schaider,A5079759046,W2007244638,middle,False,Dr Helmut  Schaider|W2007244638
Dr Helmut  Schaider,A5079759046,W2011648807,first,False,Dr Helmut  Schaider|W2011648807
Dr Helmut  Schaider,A5079759046,W2011762527,first,False,Dr Helmut  Schaider|W2011762527
Dr Helmut  Schaider,A5079759046,W2041805133,middle,False,Dr Helmut  Schaider|W2041805133
Dr Helmut  Schaider,A5079759046,W2057974490,first,False,Dr Helmut  Schaider|W2057974490
Dr Helmut  Schaider,A5079759046,W2080629650,middle,False,Dr Helmut  Schaider|W2080629650
Dr Helmut  Schaider,A5079759046,W2086407845,middle,False,Dr Helmut  Schaider|W2086407845
Dr Helmut  Schaider,A5079759046,W2096758626,middle,False,Dr Helmut  Schaider|W2096758626
Dr Helmut  Schaider,A5079759046,W2101481615,middle,False,Dr Helmut  Schaider|W2101481615
Dr Helmut  Schaider,A5079759046,W2140576203,middle,False,Dr Helmut  Schaider|W2140576203
Dr Helmut  Schaider,A5079759046,W2175377084,middle,False,Dr Helmut  Schaider|W2175377084
Dr Helmut  Schaider,A5079759046,W2240167842,middle,False,Dr Helmut  Schaider|W2240167842
Dr Helmut  Schaider,A5079759046,W2240252687,middle,False,Dr Helmut  Schaider|W2240252687
Dr Helmut  Schaider,A5079759046,W2240549961,middle,False,Dr Helmut  Schaider|W2240549961
Dr Helmut  Schaider,A5079759046,W2240653884,last,False,Dr Helmut  Schaider|W2240653884
Dr Helmut  Schaider,A5079759046,W2240727064,middle,False,Dr Helmut  Schaider|W2240727064
Dr Helmut  Schaider,A5079759046,W2240986986,middle,False,Dr Helmut  Schaider|W2240986986
Dr Helmut  Schaider,A5079759046,W2241689296,last,False,Dr Helmut  Schaider|W2241689296
Dr Helmut  Schaider,A5079759046,W2241902592,middle,False,Dr Helmut  Schaider|W2241902592
Dr Helmut  Schaider,A5079759046,W2242385551,middle,False,Dr Helmut  Schaider|W2242385551
Dr Helmut  Schaider,A5079759046,W2242603746,middle,False,Dr Helmut  Schaider|W2242603746
Dr Helmut  Schaider,A5079759046,W2243807372,middle,False,Dr Helmut  Schaider|W2243807372
Dr Helmut  Schaider,A5079759046,W2243872226,last,False,Dr Helmut  Schaider|W2243872226
Dr Helmut  Schaider,A5079759046,W2244706083,middle,False,Dr Helmut  Schaider|W2244706083
Dr Helmut  Schaider,A5079759046,W2244788433,middle,False,Dr Helmut  Schaider|W2244788433
Dr Helmut  Schaider,A5079759046,W2246270661,last,False,Dr Helmut  Schaider|W2246270661
Dr Helmut  Schaider,A5079759046,W2246735530,last,False,Dr Helmut  Schaider|W2246735530
Dr Helmut  Schaider,A5079759046,W2246922650,last,False,Dr Helmut  Schaider|W2246922650
Dr Helmut  Schaider,A5079759046,W2246935871,last,False,Dr Helmut  Schaider|W2246935871
Dr Helmut  Schaider,A5079759046,W2249197858,last,False,Dr Helmut  Schaider|W2249197858
Dr Helmut  Schaider,A5079759046,W2249552819,last,False,Dr Helmut  Schaider|W2249552819
Dr Helmut  Schaider,A5079759046,W2249698953,last,False,Dr Helmut  Schaider|W2249698953
Dr Helmut  Schaider,A5079759046,W2337299138,last,False,Dr Helmut  Schaider|W2337299138
Dr Helmut  Schaider,A5079759046,W2429588539,last,False,Dr Helmut  Schaider|W2429588539
Dr Helmut  Schaider,A5079759046,W2466523108,middle,False,Dr Helmut  Schaider|W2466523108
Dr Helmut  Schaider,A5079759046,W2502137038,last,False,Dr Helmut  Schaider|W2502137038
Dr Helmut  Schaider,A5079759046,W2513173340,last,False,Dr Helmut  Schaider|W2513173340
Dr Helmut  Schaider,A5079759046,W2517451051,last,False,Dr Helmut  Schaider|W2517451051
Dr Helmut  Schaider,A5079759046,W2583864442,middle,False,Dr Helmut  Schaider|W2583864442
Dr Helmut  Schaider,A5079759046,W2592828641,middle,False,Dr Helmut  Schaider|W2592828641
Dr Helmut  Schaider,A5079759046,W2594189482,last,False,Dr Helmut  Schaider|W2594189482
Dr Helmut  Schaider,A5079759046,W2597756516,middle,False,Dr Helmut  Schaider|W2597756516
Dr Helmut  Schaider,A5079759046,W2603622985,middle,False,Dr Helmut  Schaider|W2603622985
Dr Helmut  Schaider,A5079759046,W2605339255,last,False,Dr Helmut  Schaider|W2605339255
Dr Helmut  Schaider,A5079759046,W2624728618,last,False,Dr Helmut  Schaider|W2624728618
Dr Helmut  Schaider,A5079759046,W2741341875,first,False,Dr Helmut  Schaider|W2741341875
Dr Helmut  Schaider,A5079759046,W2783066326,last,False,Dr Helmut  Schaider|W2783066326
Dr Helmut  Schaider,A5079759046,W2792751309,middle,False,Dr Helmut  Schaider|W2792751309
Dr Helmut  Schaider,A5079759046,W2801808684,last,False,Dr Helmut  Schaider|W2801808684
Dr Helmut  Schaider,A5079759046,W2807851446,last,False,Dr Helmut  Schaider|W2807851446
Dr Helmut  Schaider,A5079759046,W2810410484,last,False,Dr Helmut  Schaider|W2810410484
Dr Helmut  Schaider,A5079759046,W2915377671,middle,False,Dr Helmut  Schaider|W2915377671
Dr Helmut  Schaider,A5079759046,W2918085987,middle,False,Dr Helmut  Schaider|W2918085987
Dr Helmut  Schaider,A5079759046,W2918865303,middle,False,Dr Helmut  Schaider|W2918865303
Dr Helmut  Schaider,A5079759046,W2919507489,last,False,Dr Helmut  Schaider|W2919507489
Dr Helmut  Schaider,A5079759046,W2921579308,middle,False,Dr Helmut  Schaider|W2921579308
Dr Helmut  Schaider,A5079759046,W2921900396,middle,False,Dr Helmut  Schaider|W2921900396
Dr Helmut  Schaider,A5079759046,W2954642623,middle,False,Dr Helmut  Schaider|W2954642623
Dr Helmut  Schaider,A5079759046,W2958995693,middle,False,Dr Helmut  Schaider|W2958995693
Dr Helmut  Schaider,A5079759046,W2969326932,middle,False,Dr Helmut  Schaider|W2969326932
Dr Helmut  Schaider,A5079759046,W3013944970,middle,False,Dr Helmut  Schaider|W3013944970
Dr Helmut  Schaider,A5079759046,W3083177530,middle,False,Dr Helmut  Schaider|W3083177530
Dr Helmut  Schaider,A5079759046,W3107580460,middle,False,Dr Helmut  Schaider|W3107580460
Dr Helmut  Schaider,A5079759046,W3137026184,middle,False,Dr Helmut  Schaider|W3137026184
Dr Helmut  Schaider,A5079759046,W3137485670,middle,False,Dr Helmut  Schaider|W3137485670
Dr Helmut  Schaider,A5079759046,W4214925225,middle,False,Dr Helmut  Schaider|W4214925225
Dr Helmut  Schaider,A5079759046,W4234679675,middle,False,Dr Helmut  Schaider|W4234679675
Dr Helmut  Schaider,A5079759046,W4234766261,last,False,Dr Helmut  Schaider|W4234766261
Dr Helmut  Schaider,A5079759046,W4240597988,last,False,Dr Helmut  Schaider|W4240597988
Dr Helmut  Schaider,A5079759046,W4242385378,middle,False,Dr Helmut  Schaider|W4242385378
Dr Helmut  Schaider,A5079759046,W4242513797,middle,False,Dr Helmut  Schaider|W4242513797
Dr Helmut  Schaider,A5079759046,W4281997854,last,False,Dr Helmut  Schaider|W4281997854
Dr Helmut  Schaider,A5079759046,W4320916150,last,False,Dr Helmut  Schaider|W4320916150
Dr Helmut  Schaider,A5079759046,W4327699272,last,True,Dr Helmut  Schaider|W4327699272
Dr Helmut  Schaider,A5079759046,W4361816157,last,False,Dr Helmut  Schaider|W4361816157
Dr Helmut  Schaider,A5079759046,W4361822675,last,False,Dr Helmut  Schaider|W4361822675
Dr Helmut  Schaider,A5079759046,W4361834631,last,False,Dr Helmut  Schaider|W4361834631
Dr Helmut  Schaider,A5079759046,W4361850745,last,False,Dr Helmut  Schaider|W4361850745
Dr Helmut  Schaider,A5079759046,W4361851260,last,False,Dr Helmut  Schaider|W4361851260
Dr Helmut  Schaider,A5079759046,W4361886136,last,False,Dr Helmut  Schaider|W4361886136
Dr Helmut  Schaider,A5079759046,W4361925240,last,False,Dr Helmut  Schaider|W4361925240
Dr Helmut  Schaider,A5079759046,W4361945950,last,False,Dr Helmut  Schaider|W4361945950
Dr Helmut  Schaider,A5079759046,W4361957757,last,False,Dr Helmut  Schaider|W4361957757
Dr Helmut  Schaider,A5079759046,W4362318447,last,False,Dr Helmut  Schaider|W4362318447
Dr Helmut  Schaider,A5079759046,W4362320243,last,False,Dr Helmut  Schaider|W4362320243
Dr Helmut  Schaider,A5079759046,W4362325909,last,False,Dr Helmut  Schaider|W4362325909
Dr Helmut  Schaider,A5079759046,W4362545561,middle,False,Dr Helmut  Schaider|W4362545561
Dr Helmut  Schaider,A5079759046,W4393988123,last,False,Dr Helmut  Schaider|W4393988123
Dr Helmut  Schaider,A5079759046,W4404393343,middle,False,Dr Helmut  Schaider|W4404393343
Dr Helmut  Schaider,A5079759046,W4416586582,middle,False,Dr Helmut  Schaider|W4416586582
Dr Helmut  Schaider,A5079759046,W627335902,first,False,Dr Helmut  Schaider|W627335902
Dr Helmut  Schaider,A5079759046,W7161131758,last,False,Dr Helmut  Schaider|W7161131758
Dr Helmut  Schaider,A5079759046,W7162494203,middle,False,Dr Helmut  Schaider|W7162494203
Dr Helmut  Schaider,A5079759046,W7167631421,middle,False,Dr Helmut  Schaider|W7167631421
Dr Hoang  Ly,A5051209616,W1977363984,middle,False,Dr Hoang  Ly|W1977363984
Dr Hoang  Ly,A5051209616,W2151611487,middle,False,Dr Hoang  Ly|W2151611487
Dr Hoang  Ly,A5051209616,W2048229118,first,True,Dr Hoang  Ly|W2048229118
Dr Hoang  Ly,A5051209616,W1992353361,first,True,Dr Hoang  Ly|W1992353361
Dr Hoang  Ly,A5051209616,W2096189213,first,True,Dr Hoang  Ly|W2096189213
Dr Hoang  Ly,A5051209616,W2083441571,middle,False,Dr Hoang  Ly|W2083441571
Dr Hoang  Ly,A5051209616,W4410081752,middle,False,Dr Hoang  Ly|W4410081752
Dr Hoang  Ly,A5051209616,W4411250561,last,False,Dr Hoang  Ly|W4411250561
Dr Hoang  Ly,A5051209616,W7122750699,middle,False,Dr Hoang  Ly|W7122750699
Dr Hope Vu Dinh,A5011730685,W2111452124,middle,False,Dr Hope Vu Dinh|W2111452124
Dr Hope Vu Dinh,A5011730685,W2142310195,middle,False,Dr Hope Vu Dinh|W2142310195
Dr Hope Vu Dinh,A5011730685,W2008131591,first,False,Dr Hope Vu Dinh|W2008131591
Dr Hope Vu Dinh,A5011730685,W1967248038,first,True,Dr Hope Vu Dinh|W1967248038
Dr Hope Vu Dinh,A5011730685,W2148950009,first,False,Dr Hope Vu Dinh|W2148950009
Dr Hope Vu Dinh,A5011730685,W1987648281,first,True,Dr Hope Vu Dinh|W1987648281
Dr Hope Vu Dinh,A5011730685,W2038490790,middle,False,Dr Hope Vu Dinh|W2038490790
Dr Hope Vu Dinh,A5011730685,W2162621637,first,True,Dr Hope Vu Dinh|W2162621637
Dr Hope Vu Dinh,A5011730685,W2488298614,first,False,Dr Hope Vu Dinh|W2488298614
Dr Hope Vu Dinh,A5011730685,W3088991236,first,False,Dr Hope Vu Dinh|W3088991236
Dr Hope Vu Dinh,A5011730685,W4231039933,first,True,Dr Hope Vu Dinh|W4231039933
Dr Hope Vu Dinh,A5011730685,W754798533,middle,False,Dr Hope Vu Dinh|W754798533
Dr Howard Mark Studniberg,A5072136399,W2036344824,first,False,Dr Howard Mark Studniberg|W2036344824
Dr Howard Mark Studniberg,A5072136399,W1977433253,first,False,Dr Howard Mark Studniberg|W1977433253
Dr Howard Mark Studniberg,A5072136399,W2088916181,last,False,Dr Howard Mark Studniberg|W2088916181
Dr Hsien Wern Herbert Chan,A5039904993,W2890106926,middle,False,Dr Hsien Wern Herbert Chan|W2890106926
Dr Ian Douglas McCrossin,A5014146539,W6128155,middle,False,Dr Ian Douglas McCrossin|W6128155
Dr Ian Douglas McCrossin,A5014146539,W2069479000,last,False,Dr Ian Douglas McCrossin|W2069479000
Dr Ian Douglas McCrossin,A5014146539,W2976772803,first,True,Dr Ian Douglas McCrossin|W2976772803
Dr Ian Douglas McCrossin,A5014146539,W2032582256,middle,False,Dr Ian Douglas McCrossin|W2032582256
Dr Ian Douglas McCrossin,A5014146539,W74961598,middle,False,Dr Ian Douglas McCrossin|W74961598
Dr Ian Douglas McCrossin,A5014146539,W2085288190,middle,False,Dr Ian Douglas McCrossin|W2085288190
Dr Ian Douglas McCrossin,A5014146539,W1543373748,last,False,Dr Ian Douglas McCrossin|W1543373748
Dr Ian Douglas McCrossin,A5014146539,W2413673245,last,False,Dr Ian Douglas McCrossin|W2413673245
Dr Ian Douglas McCrossin,A5014146539,W2899006816,middle,False,Dr Ian Douglas McCrossin|W2899006816
Dr Ian Douglas McCrossin,A5014146539,W1964197043,middle,False,Dr Ian Douglas McCrossin|W1964197043
Dr Ian Douglas McCrossin,A5014146539,W2417116033,first,False,Dr Ian Douglas McCrossin|W2417116033
Dr Ian Douglas McCrossin,A5014146539,W2091319045,first,True,Dr Ian Douglas McCrossin|W2091319045
Dr Ian Douglas McCrossin,A5014146539,W2416694147,last,False,Dr Ian Douglas McCrossin|W2416694147
Dr Ian Douglas McCrossin,A5014146539,W2774366410,middle,False,Dr Ian Douglas McCrossin|W2774366410
Dr Ian Douglas McCrossin,A5014146539,W2414714120,last,False,Dr Ian Douglas McCrossin|W2414714120
Dr Ian Douglas McCrossin,A5014146539,W2077866649,middle,False,Dr Ian Douglas McCrossin|W2077866649
Dr Ian Douglas McCrossin,A5014146539,W1980686471,first,True,Dr Ian Douglas McCrossin|W1980686471
Dr Ian Douglas McCrossin,A5014146539,W2016951830,middle,False,Dr Ian Douglas McCrossin|W2016951830
Dr Ian Douglas McCrossin,A5014146539,W2042072706,first,True,Dr Ian Douglas McCrossin|W2042072706
Dr Ian Douglas McCrossin,A5014146539,W4225971986,middle,False,Dr Ian Douglas McCrossin|W4225971986
Dr Ilsphi  Browne,A5108998151,W4383186625,last,False,Dr Ilsphi  Browne|W4383186625
Dr Ilsphi  Browne,A5108998151,W4403234224,last,False,Dr Ilsphi  Browne|W4403234224
Dr Irene  Grigoris,A5087219559,W2168107949,last,False,Dr Irene  Grigoris|W2168107949
Dr Irene  Grigoris,A5087219559,W2067505462,middle,False,Dr Irene  Grigoris|W2067505462
Dr Irene  Grigoris,A5087219559,W2421925621,first,False,Dr Irene  Grigoris|W2421925621
Dr Ivan Maxwell Robertson,A5112555762,W1990848190,last,False,Dr Ivan Maxwell Robertson|W1990848190
Dr Ivan Maxwell Robertson,A5112555762,W2104398976,middle,False,Dr Ivan Maxwell Robertson|W2104398976
Dr Ivan Maxwell Robertson,A5112555762,W2471686543,middle,False,Dr Ivan Maxwell Robertson|W2471686543
Dr Ivan Maxwell Robertson,A5112555762,W4401323553,middle,False,Dr Ivan Maxwell Robertson|W4401323553
Dr Ivan Maxwell Robertson,A5112555762,W2078767555,last,False,Dr Ivan Maxwell Robertson|W2078767555
Dr Ivan Maxwell Robertson,A5112555762,W2022383208,last,False,Dr Ivan Maxwell Robertson|W2022383208
Dr Ivan Maxwell Robertson,A5112555762,W2015721284,middle,False,Dr Ivan Maxwell Robertson|W2015721284
Dr Ivan Maxwell Robertson,A5112555762,W2131379523,middle,False,Dr Ivan Maxwell Robertson|W2131379523
Dr Ivan Maxwell Robertson,A5112555762,W2481817186,middle,False,Dr Ivan Maxwell Robertson|W2481817186
Dr Ivan Maxwell Robertson,A5112555762,W3161516304,last,False,Dr Ivan Maxwell Robertson|W3161516304
Dr Ivan Maxwell Robertson,A5112555762,W1983154633,middle,False,Dr Ivan Maxwell Robertson|W1983154633
Dr Ivan Maxwell Robertson,A5112555762,W2026898011,middle,False,Dr Ivan Maxwell Robertson|W2026898011
Dr Ivan Maxwell Robertson,A5112555762,W2029011202,middle,False,Dr Ivan Maxwell Robertson|W2029011202
Dr Ivan Maxwell Robertson,A5112555762,W2079707755,middle,False,Dr Ivan Maxwell Robertson|W2079707755
Dr Ivan Maxwell Robertson,A5112555762,W2059023483,last,False,Dr Ivan Maxwell Robertson|W2059023483
Dr Ivan Maxwell Robertson,A5112555762,W1547229731,middle,False,Dr Ivan Maxwell Robertson|W1547229731
Dr Ivan Maxwell Robertson,A5112555762,W2060009502,middle,False,Dr Ivan Maxwell Robertson|W2060009502
Dr Ivan Maxwell Robertson,A5112555762,W1593681334,last,False,Dr Ivan Maxwell Robertson|W1593681334
Dr Ivan Maxwell Robertson,A5112555762,W1592728593,middle,False,Dr Ivan Maxwell Robertson|W1592728593
Dr Ivan Maxwell Robertson,A5112555762,W3006408376,last,False,Dr Ivan Maxwell Robertson|W3006408376
Dr Ivan Maxwell Robertson,A5112555762,W2909059784,middle,False,Dr Ivan Maxwell Robertson|W2909059784
Dr Ivan Maxwell Robertson,A5112555762,W3136352107,last,False,Dr Ivan Maxwell Robertson|W3136352107
Dr Ivan Maxwell Robertson,A5112555762,W2980685858,middle,False,Dr Ivan Maxwell Robertson|W2980685858
Dr Ivan Maxwell Robertson,A5112555762,W4409084949,first,False,Dr Ivan Maxwell Robertson|W4409084949
Dr Ivan Maxwell Robertson,A5112555762,W1969933237,last,False,Dr Ivan Maxwell Robertson|W1969933237
Dr Ivan Maxwell Robertson,A5112555762,W2019239075,last,False,Dr Ivan Maxwell Robertson|W2019239075
Dr Ivan Maxwell Robertson,A5112555762,W2038060840,middle,False,Dr Ivan Maxwell Robertson|W2038060840
Dr Ivan Maxwell Robertson,A5112555762,W2975841071,middle,False,Dr Ivan Maxwell Robertson|W2975841071
Dr Ivan Maxwell Robertson,A5112555762,W3007480814,last,False,Dr Ivan Maxwell Robertson|W3007480814
Dr Ivan Maxwell Robertson,A5112555762,W2102559509,last,False,Dr Ivan Maxwell Robertson|W2102559509
Dr Ivan Maxwell Robertson,A5112555762,W2753190903,last,False,Dr Ivan Maxwell Robertson|W2753190903
Dr Ivan Maxwell Robertson,A5112555762,W3048316515,last,False,Dr Ivan Maxwell Robertson|W3048316515
Dr Ivan Maxwell Robertson,A5112555762,W4225263026,middle,False,Dr Ivan Maxwell Robertson|W4225263026
Dr Ivan Maxwell Robertson,A5112555762,W4400905489,first,True,Dr Ivan Maxwell Robertson|W4400905489
Dr Ivan Maxwell Robertson,A5112555762,W7131418561,last,False,Dr Ivan Maxwell Robertson|W7131418561
Dr Jacinta Mary Opie,A5029579969,W2384339998,middle,False,Dr Jacinta Mary Opie|W2384339998
Dr Jacinta Mary Opie,A5029579969,W2071882491,middle,False,Dr Jacinta Mary Opie|W2071882491
Dr Jacinta Mary Opie,A5029579969,W1977399729,first,False,Dr Jacinta Mary Opie|W1977399729
Dr Jacinta Mary Opie,A5029579969,W3169815449,middle,False,Dr Jacinta Mary Opie|W3169815449
Dr Jacinta Mary Opie,A5029579969,W2035313969,middle,False,Dr Jacinta Mary Opie|W2035313969
Dr Jacinta Mary Opie,A5029579969,W2028970102,first,False,Dr Jacinta Mary Opie|W2028970102
Dr Jacinta Mary Opie,A5029579969,W1882413395,middle,False,Dr Jacinta Mary Opie|W1882413395
Dr Jacinta Mary Opie,A5029579969,W2624896732,middle,False,Dr Jacinta Mary Opie|W2624896732
Dr Jack  Green,A5102766488,W2072877087,middle,False,Dr Jack  Green|W2072877087
Dr Jack  Green,A5102766488,W3010311971,middle,False,Dr Jack  Green|W3010311971
Dr Jack  Green,A5102766488,W3086247457,middle,False,Dr Jack  Green|W3086247457
Dr Jack  Green,A5102766488,W3041433010,middle,False,Dr Jack  Green|W3041433010
Dr Jack  Green,A5102766488,W1988924427,first,False,Dr Jack  Green|W1988924427
Dr Jack  Green,A5102766488,W2038870855,first,False,Dr Jack  Green|W2038870855
Dr Jack  Green,A5102766488,W4283171625,first,True,Dr Jack  Green|W4283171625
Dr Jack  Green,A5102766488,W3191217377,middle,False,Dr Jack  Green|W3191217377
Dr Jack  Green,A5102766488,W3149940913,first,False,Dr Jack  Green|W3149940913
Dr Jack  Green,A5102766488,W2008075330,first,True,Dr Jack  Green|W2008075330
Dr Jack  Green,A5102766488,W3006111242,last,False,Dr Jack  Green|W3006111242
Dr Jack  Green,A5102766488,W3128587741,middle,False,Dr Jack  Green|W3128587741
Dr Jack  Green,A5102766488,W1976198655,middle,False,Dr Jack  Green|W1976198655
Dr Jack  Green,A5102766488,W2051013110,middle,False,Dr Jack  Green|W2051013110
Dr Jack  Green,A5102766488,W2322343622,last,False,Dr Jack  Green|W2322343622
Dr Jack  Green,A5102766488,W1973176866,first,True,Dr Jack  Green|W1973176866
Dr Jack  Green,A5102766488,W2156416389,first,False,Dr Jack  Green|W2156416389
Dr Jack  Green,A5102766488,W2606467378,middle,False,Dr Jack  Green|W2606467378
Dr Jack  Green,A5102766488,W4396850119,last,False,Dr Jack  Green|W4396850119
Dr Jack  Green,A5102766488,W4387621273,middle,False,Dr Jack  Green|W4387621273
Dr Jack  Green,A5102766488,W4412597033,middle,False,Dr Jack  Green|W4412597033
Dr Jack  Green,A5102766488,W2488627912,first,False,Dr Jack  Green|W2488627912
Dr Jack  Green,A5102766488,W2915195013,last,False,Dr Jack  Green|W2915195013
Dr Jack  Green,A5102766488,W2140097333,first,True,Dr Jack  Green|W2140097333
Dr Jack  Green,A5102766488,W2032951040,last,False,Dr Jack  Green|W2032951040
Dr Jack  Green,A5102766488,W3162297194,first,True,Dr Jack  Green|W3162297194
Dr Jack  Green,A5102766488,W2035006625,first,False,Dr Jack  Green|W2035006625
Dr Jack  Green,A5102766488,W2052085456,first,True,Dr Jack  Green|W2052085456
Dr Jack  Green,A5102766488,W2480033969,last,False,Dr Jack  Green|W2480033969
Dr Jack  Green,A5102766488,W2603867920,first,False,Dr Jack  Green|W2603867920
Dr Jack  Green,A5102766488,W3095597084,first,False,Dr Jack  Green|W3095597084
Dr Jack  Green,A5102766488,W1760767913,middle,False,Dr Jack  Green|W1760767913
Dr Jack  Green,A5102766488,W1996420767,first,False,Dr Jack  Green|W1996420767
Dr Jack  Green,A5102766488,W2409688628,last,False,Dr Jack  Green|W2409688628
Dr Jack  Green,A5102766488,W1963675529,first,True,Dr Jack  Green|W1963675529
Dr Jack  Green,A5102766488,W2024384692,first,False,Dr Jack  Green|W2024384692
Dr Jack  Green,A5102766488,W2324613569,first,False,Dr Jack  Green|W2324613569
Dr Jack  Green,A5102766488,W2027246156,last,False,Dr Jack  Green|W2027246156
Dr Jack  Green,A5102766488,W1970532231,middle,False,Dr Jack  Green|W1970532231
Dr Jack  Green,A5102766488,W1987770923,first,True,Dr Jack  Green|W1987770923
Dr Jack  Green,A5102766488,W2168574132,last,False,Dr Jack  Green|W2168574132
Dr Jack  Green,A5102766488,W1976668427,first,False,Dr Jack  Green|W1976668427
Dr Jack  Green,A5102766488,W2119007187,first,False,Dr Jack  Green|W2119007187
Dr Jack  Green,A5102766488,W2597560145,first,False,Dr Jack  Green|W2597560145
Dr Jack  Green,A5102766488,W590057148,first,True,Dr Jack  Green|W590057148
Dr Jack  Green,A5102766488,W2499853141,first,False,Dr Jack  Green|W2499853141
Dr Jack  Green,A5102766488,W1963648434,last,False,Dr Jack  Green|W1963648434
Dr Jack  Green,A5102766488,W641889542,first,True,Dr Jack  Green|W641889542
Dr Jack  Green,A5102766488,W155117891,first,False,Dr Jack  Green|W155117891
Dr Jack  Green,A5102766488,W1631329584,first,True,Dr Jack  Green|W1631329584
Dr Jack  Green,A5102766488,W1655201064,first,True,Dr Jack  Green|W1655201064
Dr Jack  Green,A5102766488,W1969325237,first,True,Dr Jack  Green|W1969325237
Dr Jack  Green,A5102766488,W2064650343,first,True,Dr Jack  Green|W2064650343
Dr Jack  Green,A5102766488,W2078503232,first,False,Dr Jack  Green|W2078503232
Dr Jack  Green,A5102766488,W2136310117,first,False,Dr Jack  Green|W2136310117
Dr Jack  Green,A5102766488,W2317918866,middle,False,Dr Jack  Green|W2317918866
Dr Jack  Green,A5102766488,W2323011415,first,False,Dr Jack  Green|W2323011415
Dr Jack  Green,A5102766488,W2411371105,middle,False,Dr Jack  Green|W2411371105
Dr Jack  Green,A5102766488,W2616090726,first,True,Dr Jack  Green|W2616090726
Dr Jack  Green,A5102766488,W2768133558,first,True,Dr Jack  Green|W2768133558
Dr Jack  Green,A5102766488,W3007945317,first,True,Dr Jack  Green|W3007945317
Dr Jack  Green,A5102766488,W3012236800,first,True,Dr Jack  Green|W3012236800
Dr Jack  Green,A5102766488,W3015159035,first,True,Dr Jack  Green|W3015159035
Dr Jack  Green,A5102766488,W3040715608,first,False,Dr Jack  Green|W3040715608
Dr Jack  Green,A5102766488,W3046432818,first,False,Dr Jack  Green|W3046432818
Dr Jack  Green,A5102766488,W3050178151,first,True,Dr Jack  Green|W3050178151
Dr Jack  Green,A5102766488,W3083440056,first,True,Dr Jack  Green|W3083440056
Dr Jack  Green,A5102766488,W3093101389,middle,False,Dr Jack  Green|W3093101389
Dr Jack  Green,A5102766488,W3115454452,first,True,Dr Jack  Green|W3115454452
Dr Jack  Green,A5102766488,W3116259776,first,False,Dr Jack  Green|W3116259776
Dr Jack  Green,A5102766488,W3117844210,middle,False,Dr Jack  Green|W3117844210
Dr Jack  Green,A5102766488,W3130643184,first,False,Dr Jack  Green|W3130643184
Dr Jack  Green,A5102766488,W3131511394,first,False,Dr Jack  Green|W3131511394
Dr Jack  Green,A5102766488,W3134631330,first,True,Dr Jack  Green|W3134631330
Dr Jack  Green,A5102766488,W3149974688,first,True,Dr Jack  Green|W3149974688
Dr Jack  Green,A5102766488,W3170892031,first,True,Dr Jack  Green|W3170892031
Dr Jack  Green,A5102766488,W3186412231,middle,False,Dr Jack  Green|W3186412231
Dr Jack  Green,A5102766488,W4200063151,first,True,Dr Jack  Green|W4200063151
Dr Jack  Green,A5102766488,W4220786720,first,True,Dr Jack  Green|W4220786720
Dr Jack  Green,A5102766488,W4322723554,first,False,Dr Jack  Green|W4322723554
Dr Jack  Green,A5102766488,W4360992377,last,False,Dr Jack  Green|W4360992377
Dr Jack  Green,A5102766488,W4385415993,middle,False,Dr Jack  Green|W4385415993
Dr Jack  Green,A5102766488,W4400102117,last,False,Dr Jack  Green|W4400102117
Dr Jack  Green,A5102766488,W4412993481,last,False,Dr Jack  Green|W4412993481
Dr Jack  Green,A5102766488,W66215373,middle,False,Dr Jack  Green|W66215373
Dr Jack  Green,A5102766488,W785461511,first,True,Dr Jack  Green|W785461511
Dr Jacqueline  Matulich,A5085088674,W2069868199,first,True,Dr Jacqueline  Matulich|W2069868199
Dr Jacqueline  Matulich,A5085088674,W2163344848,middle,False,Dr Jacqueline  Matulich|W2163344848
Dr Jacqueline  Matulich,A5085088674,W2130812259,first,True,Dr Jacqueline  Matulich|W2130812259
Dr Jacqueline  Matulich,A5085088674,W4236912368,middle,False,Dr Jacqueline  Matulich|W4236912368
Dr James Michael Butler,A5103467041,W2037458638,first,True,Dr James Michael Butler|W2037458638
Dr Jamie Andrew Von Nida,A5014928991,W2054628812,first,True,Dr Jamie Andrew Von Nida|W2054628812
Dr Jamie Andrew Von Nida,A5014928991,W2800811844,middle,False,Dr Jamie Andrew Von Nida|W2800811844
Dr Jamie Andrew Von Nida,A5014928991,W1989171730,first,False,Dr Jamie Andrew Von Nida|W1989171730
Dr Jamie Andrew Von Nida,A5014928991,W1978109268,middle,False,Dr Jamie Andrew Von Nida|W1978109268
Dr Jamie Andrew Von Nida,A5014928991,W2125985805,last,False,Dr Jamie Andrew Von Nida|W2125985805
Dr Jamie Andrew Von Nida,A5014928991,W4394819903,last,False,Dr Jamie Andrew Von Nida|W4394819903
Dr Jamie Andrew Von Nida,A5014928991,W3025073556,middle,False,Dr Jamie Andrew Von Nida|W3025073556
Dr Jamie Andrew Von Nida,A5014928991,W4415422364,first,False,Dr Jamie Andrew Von Nida|W4415422364
Dr Jamie Andrew Von Nida,A5014928991,W7133215085,last,False,Dr Jamie Andrew Von Nida|W7133215085
Dr Jamie Andrew Von Nida,A5014928991,W7160385254,last,False,Dr Jamie Andrew Von Nida|W7160385254
Dr Jane Anne Woods,A5086268109,W2810514516,middle,False,Dr Jane Anne Woods|W2810514516
Dr Jane Anne Woods,A5086268109,W2592494139,middle,False,Dr Jane Anne Woods|W2592494139
Dr Jane Anne Woods,A5086268109,W2751878583,middle,True,Dr Jane Anne Woods|W2751878583
Dr Jane Anne Woods,A5086268109,W2981072385,middle,False,Dr Jane Anne Woods|W2981072385
Dr Jane Anne Woods,A5086268109,W2803062292,middle,False,Dr Jane Anne Woods|W2803062292
Dr Jane Anne Woods,A5086268109,W3047351304,middle,False,Dr Jane Anne Woods|W3047351304
Dr Jane Anne Woods,A5086268109,W1518344404,last,False,Dr Jane Anne Woods|W1518344404
Dr Jane Anne Woods,A5086268109,W4386023075,middle,False,Dr Jane Anne Woods|W4386023075
Dr Jane Anne Woods,A5086268109,W2771170765,middle,False,Dr Jane Anne Woods|W2771170765
Dr Jane Anne Woods,A5086268109,W4388287822,middle,True,Dr Jane Anne Woods|W4388287822
Dr Jane Anne Woods,A5086268109,W4292951974,middle,False,Dr Jane Anne Woods|W4292951974
Dr Jane Anne Woods,A5086268109,W1992602219,middle,False,Dr Jane Anne Woods|W1992602219
Dr Jane Anne Woods,A5086268109,W2074724916,middle,False,Dr Jane Anne Woods|W2074724916
Dr Jane Anne Woods,A5086268109,W2427149672,middle,False,Dr Jane Anne Woods|W2427149672
Dr Jane Anne Woods,A5086268109,W2396145869,middle,False,Dr Jane Anne Woods|W2396145869
Dr Jane Anne Woods,A5086268109,W4317615537,middle,False,Dr Jane Anne Woods|W4317615537
Dr Jane Anne Woods,A5086268109,W2996654710,middle,False,Dr Jane Anne Woods|W2996654710
Dr Jane Anne Woods,A5086268109,W2742497899,middle,False,Dr Jane Anne Woods|W2742497899
Dr Jane Anne Woods,A5086268109,W2134120779,last,True,Dr Jane Anne Woods|W2134120779
Dr Jane Anne Woods,A5086268109,W2809873548,first,False,Dr Jane Anne Woods|W2809873548
Dr Jane Anne Woods,A5086268109,W2042583004,middle,False,Dr Jane Anne Woods|W2042583004
Dr Jane Anne Woods,A5086268109,W2514648995,middle,False,Dr Jane Anne Woods|W2514648995
Dr Jane Anne Woods,A5086268109,W2810986699,middle,False,Dr Jane Anne Woods|W2810986699
Dr Jane Anne Woods,A5086268109,W2910807962,middle,False,Dr Jane Anne Woods|W2910807962
Dr Jane Anne Woods,A5086268109,W2970072534,middle,False,Dr Jane Anne Woods|W2970072534
Dr Jane Anne Woods,A5086268109,W3007946513,middle,False,Dr Jane Anne Woods|W3007946513
Dr Jane Anne Woods,A5086268109,W4211118667,middle,False,Dr Jane Anne Woods|W4211118667
Dr Jane Anne Woods,A5086268109,W4385306815,middle,False,Dr Jane Anne Woods|W4385306815
Dr Jane Anne Woods,A5086268109,W4385307086,middle,False,Dr Jane Anne Woods|W4385307086
Dr Jane Anne Woods,A5086268109,W4385361846,middle,False,Dr Jane Anne Woods|W4385361846
Dr Jane Anne Woods,A5086268109,W4413472841,last,False,Dr Jane Anne Woods|W4413472841
Dr Jane Anne Woods,A5086268109,W4413878340,middle,False,Dr Jane Anne Woods|W4413878340
Dr Jane Anne Woods,A5086268109,W4417273983,middle,False,Dr Jane Anne Woods|W4417273983
Dr Jeffrey Alan Wayte,A5040819265,W2052210809,last,False,Dr Jeffrey Alan Wayte|W2052210809
Dr Jeffrey Alan Wayte,A5040819265,W1519093164,middle,False,Dr Jeffrey Alan Wayte|W1519093164
Dr Jeffrey Alan Wayte,A5040819265,W2094758495,first,False,Dr Jeffrey Alan Wayte|W2094758495
Dr Jeffrey Alan Wayte,A5040819265,W2094588950,middle,False,Dr Jeffrey Alan Wayte|W2094588950
Dr Jeffrey Alan Wayte,A5040819265,W2139486784,last,False,Dr Jeffrey Alan Wayte|W2139486784
Dr Jeffrey Alan Wayte,A5040819265,W4234174079,middle,False,Dr Jeffrey Alan Wayte|W4234174079
Dr Jeffrey Alan Wayte,A5040819265,W2475326588,last,False,Dr Jeffrey Alan Wayte|W2475326588
Dr Jemima  Fisher,A5053957923,W1983567033,first,True,Dr Jemima  Fisher|W1983567033
Dr Jemima  Fisher,A5053957923,W2130430638,first,True,Dr Jemima  Fisher|W2130430638
Dr Jennifer Louise Cahill,A5026790915,W2505814988,middle,False,Dr Jennifer Louise Cahill|W2505814988
Dr Jennifer Louise Cahill,A5026790915,W2623747047,middle,False,Dr Jennifer Louise Cahill|W2623747047
Dr Jennifer Louise Cahill,A5026790915,W2048655137,first,False,Dr Jennifer Louise Cahill|W2048655137
Dr Jennifer Louise Cahill,A5026790915,W1589007071,middle,False,Dr Jennifer Louise Cahill|W1589007071
Dr Jennifer Louise Cahill,A5026790915,W1975305063,first,False,Dr Jennifer Louise Cahill|W1975305063
Dr Jennifer Louise Cahill,A5026790915,W2022602329,middle,False,Dr Jennifer Louise Cahill|W2022602329
Dr Jennifer Louise Cahill,A5026790915,W1546923138,first,True,Dr Jennifer Louise Cahill|W1546923138
Dr Jennifer Louise Cahill,A5026790915,W2412405866,last,False,Dr Jennifer Louise Cahill|W2412405866
Dr Jennifer Louise Cahill,A5026790915,W1504164529,middle,False,Dr Jennifer Louise Cahill|W1504164529
Dr Jennifer Louise Cahill,A5026790915,W2915837255,middle,False,Dr Jennifer Louise Cahill|W2915837255
Dr Jennifer Louise Cahill,A5026790915,W4211070765,middle,False,Dr Jennifer Louise Cahill|W4211070765
Dr Jennifer Louise Cahill,A5026790915,W1968666595,middle,False,Dr Jennifer Louise Cahill|W1968666595
Dr Jennifer Louise Cahill,A5026790915,W2013865801,middle,False,Dr Jennifer Louise Cahill|W2013865801
Dr Jennifer Louise Cahill,A5026790915,W2603582527,middle,False,Dr Jennifer Louise Cahill|W2603582527
Dr Jennifer Louise Cahill,A5026790915,W2396660381,first,True,Dr Jennifer Louise Cahill|W2396660381
Dr Jennifer Louise Cahill,A5026790915,W1908156879,last,False,Dr Jennifer Louise Cahill|W1908156879
Dr Jennifer Louise Cahill,A5026790915,W2562170589,last,False,Dr Jennifer Louise Cahill|W2562170589
Dr Jennifer Louise Cahill,A5026790915,W4211045784,middle,False,Dr Jennifer Louise Cahill|W4211045784
Dr Jennifer Louise Cahill,A5026790915,W2001498516,middle,False,Dr Jennifer Louise Cahill|W2001498516
Dr Jennifer Louise Cahill,A5026790915,W1978406233,first,True,Dr Jennifer Louise Cahill|W1978406233
Dr Jennifer Louise Cahill,A5026790915,W2148788821,first,False,Dr Jennifer Louise Cahill|W2148788821
Dr Jennifer Louise Cahill,A5026790915,W2145121335,last,False,Dr Jennifer Louise Cahill|W2145121335
Dr Jennifer Louise Cahill,A5026790915,W1990272354,middle,False,Dr Jennifer Louise Cahill|W1990272354
Dr Jennifer Louise Cahill,A5026790915,W2944740110,middle,False,Dr Jennifer Louise Cahill|W2944740110
Dr Jennifer Louise Cahill,A5026790915,W4247595697,middle,False,Dr Jennifer Louise Cahill|W4247595697
Dr Jennifer Louise Cahill,A5026790915,W1975271188,middle,False,Dr Jennifer Louise Cahill|W1975271188
Dr Jennifer Louise Cahill,A5026790915,W1509542229,middle,False,Dr Jennifer Louise Cahill|W1509542229
Dr Jennifer Louise Cahill,A5026790915,W4239369307,middle,False,Dr Jennifer Louise Cahill|W4239369307
Dr Jennifer Louise Cahill,A5026790915,W2023271540,first,False,Dr Jennifer Louise Cahill|W2023271540
Dr Jennifer Louise Cahill,A5026790915,W2062141575,middle,False,Dr Jennifer Louise Cahill|W2062141575
Dr Jennifer Louise Cahill,A5026790915,W2315778248,first,True,Dr Jennifer Louise Cahill|W2315778248
Dr Jennifer Louise Cahill,A5026790915,W4389070063,middle,False,Dr Jennifer Louise Cahill|W4389070063
Dr Jennifer Louise Cahill,A5026790915,W2026280394,middle,False,Dr Jennifer Louise Cahill|W2026280394
Dr Jennifer Louise Cahill,A5026790915,W2082208889,last,False,Dr Jennifer Louise Cahill|W2082208889
Dr Jennifer Louise Cahill,A5026790915,W2018455431,first,False,Dr Jennifer Louise Cahill|W2018455431
Dr Jennifer Louise Cahill,A5026790915,W4211260312,middle,False,Dr Jennifer Louise Cahill|W4211260312
Dr Jennifer Louise Cahill,A5026790915,W1544592216,middle,False,Dr Jennifer Louise Cahill|W1544592216
Dr Jennifer Louise Cahill,A5026790915,W2431806363,first,True,Dr Jennifer Louise Cahill|W2431806363
Dr Jennifer Louise Cahill,A5026790915,W2470038473,last,False,Dr Jennifer Louise Cahill|W2470038473
Dr Jennifer Louise Cahill,A5026790915,W3179663181,middle,False,Dr Jennifer Louise Cahill|W3179663181
Dr Jennifer Louise Cahill,A5026790915,W4230682482,last,False,Dr Jennifer Louise Cahill|W4230682482
Dr Jennifer Louise Cahill,A5026790915,W4237434202,last,False,Dr Jennifer Louise Cahill|W4237434202
Dr Jennifer Louise Cahill,A5026790915,W4251757612,middle,False,Dr Jennifer Louise Cahill|W4251757612
Dr Jennifer Louise Cahill,A5026790915,W4401464739,last,False,Dr Jennifer Louise Cahill|W4401464739
Dr Jennifer Louise Cahill,A5026790915,W4408067255,middle,False,Dr Jennifer Louise Cahill|W4408067255
Dr Jennifer Louise Cahill,A5026790915,W4414249838,middle,False,Dr Jennifer Louise Cahill|W4414249838
Dr Jennifer Louise Cahill,A5026790915,W7128816757,middle,False,Dr Jennifer Louise Cahill|W7128816757
Dr Jennifer Louise Cahill,A5026790915,W7141554106,middle,False,Dr Jennifer Louise Cahill|W7141554106
Dr Jenny  Nicolopoulos,A5021107172,W4221135275,middle,False,Dr Jenny  Nicolopoulos|W4221135275
Dr Jenny  Nicolopoulos,A5021107172,W3040143542,middle,False,Dr Jenny  Nicolopoulos|W3040143542
Dr Jenny  Nicolopoulos,A5021107172,W3137598266,middle,False,Dr Jenny  Nicolopoulos|W3137598266
Dr Jenny  Nicolopoulos,A5021107172,W4317829683,middle,False,Dr Jenny  Nicolopoulos|W4317829683
Dr Jenny  Nicolopoulos,A5021107172,W3015340319,middle,False,Dr Jenny  Nicolopoulos|W3015340319
Dr Jenny  Nicolopoulos,A5021107172,W7117728756,middle,False,Dr Jenny  Nicolopoulos|W7117728756
Dr Jenny  Nicolopoulos,A5021107172,W2057006760,first,False,Dr Jenny  Nicolopoulos|W2057006760
Dr Jenny  Nicolopoulos,A5021107172,W1980393905,first,False,Dr Jenny  Nicolopoulos|W1980393905
Dr Jenny  Nicolopoulos,A5021107172,W2125854414,middle,False,Dr Jenny  Nicolopoulos|W2125854414
Dr Jenny  Nicolopoulos,A5021107172,W2916179088,middle,False,Dr Jenny  Nicolopoulos|W2916179088
Dr Jenny  Nicolopoulos,A5021107172,W4388036872,last,False,Dr Jenny  Nicolopoulos|W4388036872
Dr Jenny  Nicolopoulos,A5021107172,W4413488545,middle,False,Dr Jenny  Nicolopoulos|W4413488545
Dr Jenny  Nicolopoulos,A5021107172,W2953809616,middle,False,Dr Jenny  Nicolopoulos|W2953809616
Dr Jenny  Nicolopoulos,A5021107172,W4401200752,middle,False,Dr Jenny  Nicolopoulos|W4401200752
Dr Jenny  Nicolopoulos,A5021107172,W2986752491,middle,False,Dr Jenny  Nicolopoulos|W2986752491
Dr Jenny  Nicolopoulos,A5021107172,W4413296016,middle,False,Dr Jenny  Nicolopoulos|W4413296016
Dr Jenny  Nicolopoulos,A5021107172,W2041288413,middle,False,Dr Jenny  Nicolopoulos|W2041288413
Dr Jenny  Nicolopoulos,A5021107172,W121462051,middle,False,Dr Jenny  Nicolopoulos|W121462051
Dr Jenny  Nicolopoulos,A5021107172,W3008900665,middle,False,Dr Jenny  Nicolopoulos|W3008900665
Dr Jenny  Nicolopoulos,A5021107172,W4395053480,middle,False,Dr Jenny  Nicolopoulos|W4395053480
Dr Jenny  Nicolopoulos,A5021107172,W4403046970,middle,False,Dr Jenny  Nicolopoulos|W4403046970
Dr Jenny  Nicolopoulos,A5021107172,W4403172234,middle,False,Dr Jenny  Nicolopoulos|W4403172234
Dr Jenny  Tu,A5075018055,W2304001390,middle,False,Dr Jenny  Tu|W2304001390
Dr Jenny  Tu,A5075018055,W1523325609,first,True,Dr Jenny  Tu|W1523325609
Dr Jenny  Tu,A5075018055,W1701940236,first,False,Dr Jenny  Tu|W1701940236
Dr Jenny  Tu,A5075018055,W1883760822,first,True,Dr Jenny  Tu|W1883760822
Dr Jenny  Tu,A5075018055,W1703608173,first,True,Dr Jenny  Tu|W1703608173
Dr Jenny  Tu,A5075018055,W2166174508,middle,False,Dr Jenny  Tu|W2166174508
Dr Jenny  Tu,A5075018055,W2083480780,first,False,Dr Jenny  Tu|W2083480780
Dr Jenny  Tu,A5075018055,W2125985805,first,False,Dr Jenny  Tu|W2125985805
Dr Jenny  Tu,A5075018055,W2042738832,middle,False,Dr Jenny  Tu|W2042738832
Dr Jenny  Tu,A5075018055,W2898932231,first,True,Dr Jenny  Tu|W2898932231
Dr Jenny  Tu,A5075018055,W1830073622,first,True,Dr Jenny  Tu|W1830073622
Dr Jenny  Tu,A5075018055,W2765121086,first,False,Dr Jenny  Tu|W2765121086
Dr Jeremy Paul Banky,A5036323982,W2149877505,first,False,Dr Jeremy Paul Banky|W2149877505
Dr Jeremy Paul Banky,A5036323982,W2154447452,first,True,Dr Jeremy Paul Banky|W2154447452
Dr Jeremy Paul Banky,A5036323982,W2073884594,first,False,Dr Jeremy Paul Banky|W2073884594
Dr Jeremy Paul Banky,A5036323982,W1964218358,first,False,Dr Jeremy Paul Banky|W1964218358
Dr Jeremy Paul Banky,A5036323982,W2076495295,first,False,Dr Jeremy Paul Banky|W2076495295
Dr Jill Ann Cargnello,A5090723553,W2007308477,middle,False,Dr Jill Ann Cargnello|W2007308477
Dr Jill Ann Cargnello,A5090723553,W2415587769,middle,False,Dr Jill Ann Cargnello|W2415587769
Dr Jill Ann Cargnello,A5090723553,W2118050105,last,False,Dr Jill Ann Cargnello|W2118050105
Dr Jill Ann Cargnello,A5090723553,W2067495240,first,False,Dr Jill Ann Cargnello|W2067495240
Dr Jill Ann Cargnello,A5090723553,W2417810282,first,True,Dr Jill Ann Cargnello|W2417810282
Dr Jill Ann Cargnello,A5090723553,W4299151322,first,True,Dr Jill Ann Cargnello|W4299151322
Dr Jill Ann Cargnello,A5090723553,W2096029416,middle,False,Dr Jill Ann Cargnello|W2096029416
Dr Jill Ann Cargnello,A5090723553,W2411801268,first,True,Dr Jill Ann Cargnello|W2411801268
Dr Jill Ann Cargnello,A5090723553,W2416902030,first,True,Dr Jill Ann Cargnello|W2416902030
Dr Jill Ann Cargnello,A5090723553,W2915281311,last,False,Dr Jill Ann Cargnello|W2915281311
Dr Jillian  Wells,A5046545387,W2885239461,middle,False,Dr Jillian  Wells|W2885239461
Dr Jillian  Wells,A5046545387,W4221135275,middle,False,Dr Jillian  Wells|W4221135275
Dr Jillian  Wells,A5046545387,W4293194868,middle,False,Dr Jillian  Wells|W4293194868
Dr Jillian  Wells,A5046545387,W3116791471,middle,False,Dr Jillian  Wells|W3116791471
Dr Jillian  Wells,A5046545387,W3094491685,middle,False,Dr Jillian  Wells|W3094491685
Dr Jillian  Wells,A5046545387,W4245854445,middle,False,Dr Jillian  Wells|W4245854445
Dr Jillian  Wells,A5046545387,W4206902850,last,False,Dr Jillian  Wells|W4206902850
Dr Jillian  Wells,A5046545387,W4366998086,middle,False,Dr Jillian  Wells|W4366998086
Dr Jillian  Wells,A5046545387,W2980860966,middle,False,Dr Jillian  Wells|W2980860966
Dr Jillian  Wells,A5046545387,W2915657014,last,False,Dr Jillian  Wells|W2915657014
Dr Jillian  Wells,A5046545387,W2790942007,middle,False,Dr Jillian  Wells|W2790942007
Dr Jillian  Wells,A5046545387,W2075019945,first,True,Dr Jillian  Wells|W2075019945
Dr Jillian  Wells,A5046545387,W3012721240,middle,False,Dr Jillian  Wells|W3012721240
Dr Jillian  Wells,A5046545387,W4321748795,middle,False,Dr Jillian  Wells|W4321748795
Dr Jillian  Wells,A5046545387,W2114232407,first,False,Dr Jillian  Wells|W2114232407
Dr Jillian  Wells,A5046545387,W2056709090,first,True,Dr Jillian  Wells|W2056709090
Dr Jillian  Wells,A5046545387,W1959552476,middle,False,Dr Jillian  Wells|W1959552476
Dr Jillian  Wells,A5046545387,W2417269453,last,False,Dr Jillian  Wells|W2417269453
Dr Jillian  Wells,A5046545387,W2946575026,middle,False,Dr Jillian  Wells|W2946575026
Dr Jillian  Wells,A5046545387,W3160314717,last,False,Dr Jillian  Wells|W3160314717
Dr Jillian  Wells,A5046545387,W4317717756,last,False,Dr Jillian  Wells|W4317717756
Dr Jillian  Wells,A5046545387,W4383710761,middle,False,Dr Jillian  Wells|W4383710761
Dr Jillian  Wells,A5046545387,W4410684553,middle,False,Dr Jillian  Wells|W4410684553
Dr Jillian  Wells,A5046545387,W4415228816,first,True,Dr Jillian  Wells|W4415228816
Dr Jo-Ann  See,A5103339855,W2767747595,middle,False,Dr Jo-Ann  See|W2767747595
Dr Jo-Ann  See,A5103339855,W1992243393,middle,False,Dr Jo-Ann  See|W1992243393
Dr Jo-Ann  See,A5103339855,W2260504262,middle,False,Dr Jo-Ann  See|W2260504262
Dr Jo-Ann  See,A5103339855,W1499262187,first,True,Dr Jo-Ann  See|W1499262187
Dr Jo-Ann  See,A5103339855,W2159461257,middle,False,Dr Jo-Ann  See|W2159461257
Dr Jo-Ann  See,A5103339855,W1572341648,middle,False,Dr Jo-Ann  See|W1572341648
Dr Jo-Ann  See,A5103339855,W1574004266,middle,False,Dr Jo-Ann  See|W1574004266
Dr Jo-Ann  See,A5103339855,W4367043720,middle,False,Dr Jo-Ann  See|W4367043720
Dr Jo-Ann  See,A5103339855,W4394982213,first,True,Dr Jo-Ann  See|W4394982213
Dr Jo-Ann  See,A5103339855,W2000735993,middle,False,Dr Jo-Ann  See|W2000735993
Dr Jo-Ann  See,A5103339855,W2795605896,first,False,Dr Jo-Ann  See|W2795605896
Dr Jo-Ann  See,A5103339855,W4384484767,middle,False,Dr Jo-Ann  See|W4384484767
Dr Jo-Ann  See,A5103339855,W2804294840,last,False,Dr Jo-Ann  See|W2804294840
Dr Jo-Ann  See,A5103339855,W2019710701,middle,False,Dr Jo-Ann  See|W2019710701
Dr Jo-Ann  See,A5103339855,W2754542516,first,True,Dr Jo-Ann  See|W2754542516
Dr Jo-Ann  See,A5103339855,W2105532099,first,True,Dr Jo-Ann  See|W2105532099
Dr Jo-Ann  See,A5103339855,W2951154367,last,False,Dr Jo-Ann  See|W2951154367
Dr Jo-Ann  See,A5103339855,W2010544135,middle,False,Dr Jo-Ann  See|W2010544135
Dr Jo-Ann  See,A5103339855,W2464708829,first,True,Dr Jo-Ann  See|W2464708829
Dr Jo-Ann  See,A5103339855,W3086145591,middle,False,Dr Jo-Ann  See|W3086145591
Dr Jo-Ann  See,A5103339855,W2064773438,first,True,Dr Jo-Ann  See|W2064773438
Dr Jo-Ann  See,A5103339855,W2599306506,first,False,Dr Jo-Ann  See|W2599306506
Dr Jo-Ann  See,A5103339855,W2791135188,middle,False,Dr Jo-Ann  See|W2791135188
Dr Jo-Ann  See,A5103339855,W2803891840,first,False,Dr Jo-Ann  See|W2803891840
Dr Jo-Ann  See,A5103339855,W2808327902,last,False,Dr Jo-Ann  See|W2808327902
Dr Jo-Ann  See,A5103339855,W3113132961,last,False,Dr Jo-Ann  See|W3113132961
Dr Jo-Ann  See,A5103339855,W4253672723,last,False,Dr Jo-Ann  See|W4253672723
Dr Jo-Ann  See,A5103339855,W4414493900,middle,False,Dr Jo-Ann  See|W4414493900
Dr Jo-Ann  See,A5103339855,W606104076,first,True,Dr Jo-Ann  See|W606104076
Dr Johannes Steffen Kern,A5036841737,W2086180233,middle,False,Dr Johannes Steffen Kern|W2086180233
Dr Johannes Steffen Kern,A5036841737,W2094571914,middle,False,Dr Johannes Steffen Kern|W2094571914
Dr Johannes Steffen Kern,A5036841737,W1870255478,middle,False,Dr Johannes Steffen Kern|W1870255478
Dr Johannes Steffen Kern,A5036841737,W1877946602,middle,False,Dr Johannes Steffen Kern|W1877946602
Dr Johannes Steffen Kern,A5036841737,W2204532360,middle,False,Dr Johannes Steffen Kern|W2204532360
Dr Johannes Steffen Kern,A5036841737,W2169981839,middle,False,Dr Johannes Steffen Kern|W2169981839
Dr Johannes Steffen Kern,A5036841737,W1697575192,middle,False,Dr Johannes Steffen Kern|W1697575192
Dr Johannes Steffen Kern,A5036841737,W2340052439,middle,False,Dr Johannes Steffen Kern|W2340052439
Dr Johannes Steffen Kern,A5036841737,W2894783582,middle,False,Dr Johannes Steffen Kern|W2894783582
Dr Johannes Steffen Kern,A5036841737,W4210837060,middle,False,Dr Johannes Steffen Kern|W4210837060
Dr Johannes Steffen Kern,A5036841737,W3158535098,middle,False,Dr Johannes Steffen Kern|W3158535098
Dr Johannes Steffen Kern,A5036841737,W4317646948,first,True,Dr Johannes Steffen Kern|W4317646948
Dr Johannes Steffen Kern,A5036841737,W2769081873,last,False,Dr Johannes Steffen Kern|W2769081873
Dr Johannes Steffen Kern,A5036841737,W4391280946,middle,False,Dr Johannes Steffen Kern|W4391280946
Dr Johannes Steffen Kern,A5036841737,W4403434441,middle,False,Dr Johannes Steffen Kern|W4403434441
Dr Johannes Steffen Kern,A5036841737,W4416660271,middle,False,Dr Johannes Steffen Kern|W4416660271
Dr Johannes Steffen Kern,A5036841737,W4412634868,last,False,Dr Johannes Steffen Kern|W4412634868
Dr Johannes Steffen Kern,A5036841737,W1980369120,first,False,Dr Johannes Steffen Kern|W1980369120
Dr Johannes Steffen Kern,A5036841737,W2065016157,first,False,Dr Johannes Steffen Kern|W2065016157
Dr Johannes Steffen Kern,A5036841737,W2031306881,first,False,Dr Johannes Steffen Kern|W2031306881
Dr Johannes Steffen Kern,A5036841737,W2114104405,last,False,Dr Johannes Steffen Kern|W2114104405
Dr Johannes Steffen Kern,A5036841737,W2115690690,middle,False,Dr Johannes Steffen Kern|W2115690690
Dr Johannes Steffen Kern,A5036841737,W2014561604,first,False,Dr Johannes Steffen Kern|W2014561604
Dr Johannes Steffen Kern,A5036841737,W1987125621,last,False,Dr Johannes Steffen Kern|W1987125621
Dr Johannes Steffen Kern,A5036841737,W3025913650,middle,False,Dr Johannes Steffen Kern|W3025913650
Dr Johannes Steffen Kern,A5036841737,W2606851967,middle,False,Dr Johannes Steffen Kern|W2606851967
Dr Johannes Steffen Kern,A5036841737,W2515012788,first,True,Dr Johannes Steffen Kern|W2515012788
Dr Johannes Steffen Kern,A5036841737,W2116549827,middle,False,Dr Johannes Steffen Kern|W2116549827
Dr Johannes Steffen Kern,A5036841737,W2766057745,middle,False,Dr Johannes Steffen Kern|W2766057745
Dr Johannes Steffen Kern,A5036841737,W2001175931,middle,False,Dr Johannes Steffen Kern|W2001175931
Dr Johannes Steffen Kern,A5036841737,W2734434717,middle,False,Dr Johannes Steffen Kern|W2734434717
Dr Johannes Steffen Kern,A5036841737,W2980956008,middle,False,Dr Johannes Steffen Kern|W2980956008
Dr Johannes Steffen Kern,A5036841737,W3008330206,middle,False,Dr Johannes Steffen Kern|W3008330206
Dr Johannes Steffen Kern,A5036841737,W3024430239,middle,False,Dr Johannes Steffen Kern|W3024430239
Dr Johannes Steffen Kern,A5036841737,W2951660722,first,True,Dr Johannes Steffen Kern|W2951660722
Dr Johannes Steffen Kern,A5036841737,W2899966871,middle,False,Dr Johannes Steffen Kern|W2899966871
Dr Johannes Steffen Kern,A5036841737,W3124345003,middle,False,Dr Johannes Steffen Kern|W3124345003
Dr Johannes Steffen Kern,A5036841737,W3204210072,middle,False,Dr Johannes Steffen Kern|W3204210072
Dr Johannes Steffen Kern,A5036841737,W3040143542,middle,False,Dr Johannes Steffen Kern|W3040143542
Dr Johannes Steffen Kern,A5036841737,W4288709684,last,True,Dr Johannes Steffen Kern|W4288709684
Dr Johannes Steffen Kern,A5036841737,W2025945394,last,False,Dr Johannes Steffen Kern|W2025945394
Dr Johannes Steffen Kern,A5036841737,W4317829683,middle,False,Dr Johannes Steffen Kern|W4317829683
Dr Johannes Steffen Kern,A5036841737,W4406456762,last,False,Dr Johannes Steffen Kern|W4406456762
Dr Johannes Steffen Kern,A5036841737,W4366779192,middle,False,Dr Johannes Steffen Kern|W4366779192
Dr Johannes Steffen Kern,A5036841737,W4401323553,middle,False,Dr Johannes Steffen Kern|W4401323553
Dr Johannes Steffen Kern,A5036841737,W4407145005,last,False,Dr Johannes Steffen Kern|W4407145005
Dr Johannes Steffen Kern,A5036841737,W4412839088,middle,False,Dr Johannes Steffen Kern|W4412839088
Dr Johannes Steffen Kern,A5036841737,W7117246509,middle,False,Dr Johannes Steffen Kern|W7117246509
Dr Johannes Steffen Kern,A5036841737,W4236191752,last,False,Dr Johannes Steffen Kern|W4236191752
Dr Johannes Steffen Kern,A5036841737,W2759328121,middle,False,Dr Johannes Steffen Kern|W2759328121
Dr Johannes Steffen Kern,A5036841737,W1499056047,middle,False,Dr Johannes Steffen Kern|W1499056047
Dr Johannes Steffen Kern,A5036841737,W2120178512,middle,False,Dr Johannes Steffen Kern|W2120178512
Dr Johannes Steffen Kern,A5036841737,W1994272272,middle,False,Dr Johannes Steffen Kern|W1994272272
Dr Johannes Steffen Kern,A5036841737,W164690780,last,False,Dr Johannes Steffen Kern|W164690780
Dr Johannes Steffen Kern,A5036841737,W2126508676,middle,False,Dr Johannes Steffen Kern|W2126508676
Dr Johannes Steffen Kern,A5036841737,W2912797950,middle,False,Dr Johannes Steffen Kern|W2912797950
Dr Johannes Steffen Kern,A5036841737,W4245817956,middle,False,Dr Johannes Steffen Kern|W4245817956
Dr Johannes Steffen Kern,A5036841737,W2169882129,first,False,Dr Johannes Steffen Kern|W2169882129
Dr Johannes Steffen Kern,A5036841737,W3038140691,middle,False,Dr Johannes Steffen Kern|W3038140691
Dr Johannes Steffen Kern,A5036841737,W2077465551,middle,False,Dr Johannes Steffen Kern|W2077465551
Dr Johannes Steffen Kern,A5036841737,W2971219543,middle,False,Dr Johannes Steffen Kern|W2971219543
Dr Johannes Steffen Kern,A5036841737,W3167922364,last,True,Dr Johannes Steffen Kern|W3167922364
Dr Johannes Steffen Kern,A5036841737,W3205133209,middle,False,Dr Johannes Steffen Kern|W3205133209
Dr Johannes Steffen Kern,A5036841737,W4205207090,middle,False,Dr Johannes Steffen Kern|W4205207090
Dr Johannes Steffen Kern,A5036841737,W4281708961,middle,False,Dr Johannes Steffen Kern|W4281708961
Dr Johannes Steffen Kern,A5036841737,W1935816071,middle,False,Dr Johannes Steffen Kern|W1935816071
Dr Johannes Steffen Kern,A5036841737,W3165184593,last,True,Dr Johannes Steffen Kern|W3165184593
Dr Johannes Steffen Kern,A5036841737,W3195859872,last,True,Dr Johannes Steffen Kern|W3195859872
Dr Johannes Steffen Kern,A5036841737,W4226351005,middle,False,Dr Johannes Steffen Kern|W4226351005
Dr Johannes Steffen Kern,A5036841737,W2609874966,last,False,Dr Johannes Steffen Kern|W2609874966
Dr Johannes Steffen Kern,A5036841737,W4404636976,middle,False,Dr Johannes Steffen Kern|W4404636976
Dr Johannes Steffen Kern,A5036841737,W4405652357,middle,False,Dr Johannes Steffen Kern|W4405652357
Dr Johannes Steffen Kern,A5036841737,W4407284020,middle,False,Dr Johannes Steffen Kern|W4407284020
Dr Johannes Steffen Kern,A5036841737,W4367175190,last,True,Dr Johannes Steffen Kern|W4367175190
Dr Johannes Steffen Kern,A5036841737,W2042752210,middle,False,Dr Johannes Steffen Kern|W2042752210
Dr Johannes Steffen Kern,A5036841737,W2045628845,middle,False,Dr Johannes Steffen Kern|W2045628845
Dr Johannes Steffen Kern,A5036841737,W3163024482,middle,False,Dr Johannes Steffen Kern|W3163024482
Dr Johannes Steffen Kern,A5036841737,W1904041839,middle,False,Dr Johannes Steffen Kern|W1904041839
Dr Johannes Steffen Kern,A5036841737,W4292103613,middle,False,Dr Johannes Steffen Kern|W4292103613
Dr Johannes Steffen Kern,A5036841737,W2045713955,last,False,Dr Johannes Steffen Kern|W2045713955
Dr Johannes Steffen Kern,A5036841737,W2890835093,middle,False,Dr Johannes Steffen Kern|W2890835093
Dr Johannes Steffen Kern,A5036841737,W3042336585,middle,False,Dr Johannes Steffen Kern|W3042336585
Dr Johannes Steffen Kern,A5036841737,W3158590685,middle,False,Dr Johannes Steffen Kern|W3158590685
Dr Johannes Steffen Kern,A5036841737,W2953976183,middle,False,Dr Johannes Steffen Kern|W2953976183
Dr Johannes Steffen Kern,A5036841737,W1984086129,middle,False,Dr Johannes Steffen Kern|W1984086129
Dr Johannes Steffen Kern,A5036841737,W2891160559,middle,False,Dr Johannes Steffen Kern|W2891160559
Dr Johannes Steffen Kern,A5036841737,W4399563278,middle,False,Dr Johannes Steffen Kern|W4399563278
Dr Johannes Steffen Kern,A5036841737,W4414767628,middle,False,Dr Johannes Steffen Kern|W4414767628
Dr Johannes Steffen Kern,A5036841737,W2153426809,first,False,Dr Johannes Steffen Kern|W2153426809
Dr Johannes Steffen Kern,A5036841737,W1935112867,middle,False,Dr Johannes Steffen Kern|W1935112867
Dr Johannes Steffen Kern,A5036841737,W58424167,middle,False,Dr Johannes Steffen Kern|W58424167
Dr Johannes Steffen Kern,A5036841737,W2948601593,last,False,Dr Johannes Steffen Kern|W2948601593
Dr Johannes Steffen Kern,A5036841737,W4396947089,last,False,Dr Johannes Steffen Kern|W4396947089
Dr Johannes Steffen Kern,A5036841737,W1521472482,last,False,Dr Johannes Steffen Kern|W1521472482
Dr Johannes Steffen Kern,A5036841737,W4382025252,last,False,Dr Johannes Steffen Kern|W4382025252
Dr Johannes Steffen Kern,A5036841737,W4376872172,middle,False,Dr Johannes Steffen Kern|W4376872172
Dr Johannes Steffen Kern,A5036841737,W4390676201,last,True,Dr Johannes Steffen Kern|W4390676201
Dr Johannes Steffen Kern,A5036841737,W4402516392,middle,False,Dr Johannes Steffen Kern|W4402516392
Dr Johannes Steffen Kern,A5036841737,W4404326092,middle,False,Dr Johannes Steffen Kern|W4404326092
Dr Johannes Steffen Kern,A5036841737,W4413923315,middle,False,Dr Johannes Steffen Kern|W4413923315
Dr Johannes Steffen Kern,A5036841737,W2085663643,middle,False,Dr Johannes Steffen Kern|W2085663643
Dr Johannes Steffen Kern,A5036841737,W809008626,middle,False,Dr Johannes Steffen Kern|W809008626
Dr Johannes Steffen Kern,A5036841737,W2102342860,middle,False,Dr Johannes Steffen Kern|W2102342860
Dr Johannes Steffen Kern,A5036841737,W1999983135,middle,False,Dr Johannes Steffen Kern|W1999983135
Dr Johannes Steffen Kern,A5036841737,W2002356751,middle,False,Dr Johannes Steffen Kern|W2002356751
Dr Johannes Steffen Kern,A5036841737,W3161748198,first,True,Dr Johannes Steffen Kern|W3161748198
Dr Johannes Steffen Kern,A5036841737,W4211129203,middle,False,Dr Johannes Steffen Kern|W4211129203
Dr Johannes Steffen Kern,A5036841737,W1547106046,middle,False,Dr Johannes Steffen Kern|W1547106046
Dr Johannes Steffen Kern,A5036841737,W2885026893,last,True,Dr Johannes Steffen Kern|W2885026893
Dr Johannes Steffen Kern,A5036841737,W2888050154,middle,False,Dr Johannes Steffen Kern|W2888050154
Dr Johannes Steffen Kern,A5036841737,W2985830947,last,False,Dr Johannes Steffen Kern|W2985830947
Dr Johannes Steffen Kern,A5036841737,W3008900665,middle,False,Dr Johannes Steffen Kern|W3008900665
Dr Johannes Steffen Kern,A5036841737,W4237294460,middle,False,Dr Johannes Steffen Kern|W4237294460
Dr Johannes Steffen Kern,A5036841737,W1561573381,last,False,Dr Johannes Steffen Kern|W1561573381
Dr Johannes Steffen Kern,A5036841737,W2442911334,middle,False,Dr Johannes Steffen Kern|W2442911334
Dr Johannes Steffen Kern,A5036841737,W4210445313,middle,False,Dr Johannes Steffen Kern|W4210445313
Dr Johannes Steffen Kern,A5036841737,W4312122727,middle,False,Dr Johannes Steffen Kern|W4312122727
Dr Johannes Steffen Kern,A5036841737,W603525090,first,True,Dr Johannes Steffen Kern|W603525090
Dr Johannes Steffen Kern,A5036841737,W1491679611,last,False,Dr Johannes Steffen Kern|W1491679611
Dr Johannes Steffen Kern,A5036841737,W1539233213,first,False,Dr Johannes Steffen Kern|W1539233213
Dr Johannes Steffen Kern,A5036841737,W1766176567,last,False,Dr Johannes Steffen Kern|W1766176567
Dr Johannes Steffen Kern,A5036841737,W1963332972,last,True,Dr Johannes Steffen Kern|W1963332972
Dr Johannes Steffen Kern,A5036841737,W2000039731,middle,False,Dr Johannes Steffen Kern|W2000039731
Dr Johannes Steffen Kern,A5036841737,W2019335846,middle,False,Dr Johannes Steffen Kern|W2019335846
Dr Johannes Steffen Kern,A5036841737,W2057651436,last,False,Dr Johannes Steffen Kern|W2057651436
Dr Johannes Steffen Kern,A5036841737,W2067144270,first,False,Dr Johannes Steffen Kern|W2067144270
Dr Johannes Steffen Kern,A5036841737,W2131708982,last,True,Dr Johannes Steffen Kern|W2131708982
Dr Johannes Steffen Kern,A5036841737,W2207693918,middle,False,Dr Johannes Steffen Kern|W2207693918
Dr Johannes Steffen Kern,A5036841737,W2226557006,middle,False,Dr Johannes Steffen Kern|W2226557006
Dr Johannes Steffen Kern,A5036841737,W2253614610,middle,False,Dr Johannes Steffen Kern|W2253614610
Dr Johannes Steffen Kern,A5036841737,W2313679454,middle,False,Dr Johannes Steffen Kern|W2313679454
Dr Johannes Steffen Kern,A5036841737,W2316343482,middle,False,Dr Johannes Steffen Kern|W2316343482
Dr Johannes Steffen Kern,A5036841737,W2318362179,middle,False,Dr Johannes Steffen Kern|W2318362179
Dr Johannes Steffen Kern,A5036841737,W2331516414,middle,False,Dr Johannes Steffen Kern|W2331516414
Dr Johannes Steffen Kern,A5036841737,W2335110796,middle,False,Dr Johannes Steffen Kern|W2335110796
Dr Johannes Steffen Kern,A5036841737,W2340819530,first,False,Dr Johannes Steffen Kern|W2340819530
Dr Johannes Steffen Kern,A5036841737,W2404648425,middle,False,Dr Johannes Steffen Kern|W2404648425
Dr Johannes Steffen Kern,A5036841737,W2416843059,first,False,Dr Johannes Steffen Kern|W2416843059
Dr Johannes Steffen Kern,A5036841737,W2493709969,first,True,Dr Johannes Steffen Kern|W2493709969
Dr Johannes Steffen Kern,A5036841737,W2595413691,first,True,Dr Johannes Steffen Kern|W2595413691
Dr Johannes Steffen Kern,A5036841737,W2619178533,last,False,Dr Johannes Steffen Kern|W2619178533
Dr Johannes Steffen Kern,A5036841737,W2784158823,middle,False,Dr Johannes Steffen Kern|W2784158823
Dr Johannes Steffen Kern,A5036841737,W2790593597,first,True,Dr Johannes Steffen Kern|W2790593597
Dr Johannes Steffen Kern,A5036841737,W2887755380,middle,False,Dr Johannes Steffen Kern|W2887755380
Dr Johannes Steffen Kern,A5036841737,W2887907775,middle,False,Dr Johannes Steffen Kern|W2887907775
Dr Johannes Steffen Kern,A5036841737,W2890594100,middle,False,Dr Johannes Steffen Kern|W2890594100
Dr Johannes Steffen Kern,A5036841737,W2890706693,last,True,Dr Johannes Steffen Kern|W2890706693
Dr Johannes Steffen Kern,A5036841737,W2891721221,middle,False,Dr Johannes Steffen Kern|W2891721221
Dr Johannes Steffen Kern,A5036841737,W2891831431,middle,False,Dr Johannes Steffen Kern|W2891831431
Dr Johannes Steffen Kern,A5036841737,W2916151653,middle,False,Dr Johannes Steffen Kern|W2916151653
Dr Johannes Steffen Kern,A5036841737,W2944480327,middle,False,Dr Johannes Steffen Kern|W2944480327
Dr Johannes Steffen Kern,A5036841737,W3146579706,last,False,Dr Johannes Steffen Kern|W3146579706
Dr Johannes Steffen Kern,A5036841737,W3153305106,middle,False,Dr Johannes Steffen Kern|W3153305106
Dr Johannes Steffen Kern,A5036841737,W3155921693,middle,False,Dr Johannes Steffen Kern|W3155921693
Dr Johannes Steffen Kern,A5036841737,W3160757101,first,True,Dr Johannes Steffen Kern|W3160757101
Dr Johannes Steffen Kern,A5036841737,W3162049557,first,True,Dr Johannes Steffen Kern|W3162049557
Dr Johannes Steffen Kern,A5036841737,W3171531228,middle,False,Dr Johannes Steffen Kern|W3171531228
Dr Johannes Steffen Kern,A5036841737,W3194373564,middle,False,Dr Johannes Steffen Kern|W3194373564
Dr Johannes Steffen Kern,A5036841737,W3216031994,middle,False,Dr Johannes Steffen Kern|W3216031994
Dr Johannes Steffen Kern,A5036841737,W4205964843,first,False,Dr Johannes Steffen Kern|W4205964843
Dr Johannes Steffen Kern,A5036841737,W4206727938,first,False,Dr Johannes Steffen Kern|W4206727938
Dr Johannes Steffen Kern,A5036841737,W4211015965,middle,False,Dr Johannes Steffen Kern|W4211015965
Dr Johannes Steffen Kern,A5036841737,W4231023232,last,False,Dr Johannes Steffen Kern|W4231023232
Dr Johannes Steffen Kern,A5036841737,W4233853831,first,True,Dr Johannes Steffen Kern|W4233853831
Dr Johannes Steffen Kern,A5036841737,W4237899584,first,False,Dr Johannes Steffen Kern|W4237899584
Dr Johannes Steffen Kern,A5036841737,W4238108616,first,False,Dr Johannes Steffen Kern|W4238108616
Dr Johannes Steffen Kern,A5036841737,W4239274734,first,False,Dr Johannes Steffen Kern|W4239274734
Dr Johannes Steffen Kern,A5036841737,W4239584811,middle,False,Dr Johannes Steffen Kern|W4239584811
Dr Johannes Steffen Kern,A5036841737,W4240625093,first,True,Dr Johannes Steffen Kern|W4240625093
Dr Johannes Steffen Kern,A5036841737,W4241037852,first,False,Dr Johannes Steffen Kern|W4241037852
Dr Johannes Steffen Kern,A5036841737,W4248255087,first,False,Dr Johannes Steffen Kern|W4248255087
Dr Johannes Steffen Kern,A5036841737,W4248567068,first,False,Dr Johannes Steffen Kern|W4248567068
Dr Johannes Steffen Kern,A5036841737,W4248807762,first,False,Dr Johannes Steffen Kern|W4248807762
Dr Johannes Steffen Kern,A5036841737,W4249586766,first,False,Dr Johannes Steffen Kern|W4249586766
Dr Johannes Steffen Kern,A5036841737,W4249784106,first,False,Dr Johannes Steffen Kern|W4249784106
Dr Johannes Steffen Kern,A5036841737,W4251266549,first,False,Dr Johannes Steffen Kern|W4251266549
Dr Johannes Steffen Kern,A5036841737,W4253807511,first,True,Dr Johannes Steffen Kern|W4253807511
Dr Johannes Steffen Kern,A5036841737,W4254363484,first,False,Dr Johannes Steffen Kern|W4254363484
Dr Johannes Steffen Kern,A5036841737,W4256636022,first,False,Dr Johannes Steffen Kern|W4256636022
Dr Johannes Steffen Kern,A5036841737,W4321327796,last,False,Dr Johannes Steffen Kern|W4321327796
Dr Johannes Steffen Kern,A5036841737,W4361815551,middle,False,Dr Johannes Steffen Kern|W4361815551
Dr Johannes Steffen Kern,A5036841737,W4361827808,middle,False,Dr Johannes Steffen Kern|W4361827808
Dr Johannes Steffen Kern,A5036841737,W4361850311,middle,False,Dr Johannes Steffen Kern|W4361850311
Dr Johannes Steffen Kern,A5036841737,W4361850394,middle,False,Dr Johannes Steffen Kern|W4361850394
Dr Johannes Steffen Kern,A5036841737,W4361850462,middle,False,Dr Johannes Steffen Kern|W4361850462
Dr Johannes Steffen Kern,A5036841737,W4361850463,middle,False,Dr Johannes Steffen Kern|W4361850463
Dr Johannes Steffen Kern,A5036841737,W4361850701,middle,False,Dr Johannes Steffen Kern|W4361850701
Dr Johannes Steffen Kern,A5036841737,W4361850718,middle,False,Dr Johannes Steffen Kern|W4361850718
Dr Johannes Steffen Kern,A5036841737,W4361850728,middle,False,Dr Johannes Steffen Kern|W4361850728
Dr Johannes Steffen Kern,A5036841737,W4361875311,middle,False,Dr Johannes Steffen Kern|W4361875311
Dr Johannes Steffen Kern,A5036841737,W4361875605,middle,False,Dr Johannes Steffen Kern|W4361875605
Dr Johannes Steffen Kern,A5036841737,W4361972749,middle,False,Dr Johannes Steffen Kern|W4361972749
Dr Johannes Steffen Kern,A5036841737,W4361973108,middle,False,Dr Johannes Steffen Kern|W4361973108
Dr Johannes Steffen Kern,A5036841737,W4361973148,middle,False,Dr Johannes Steffen Kern|W4361973148
Dr Johannes Steffen Kern,A5036841737,W4361973367,middle,False,Dr Johannes Steffen Kern|W4361973367
Dr Johannes Steffen Kern,A5036841737,W4361974013,middle,False,Dr Johannes Steffen Kern|W4361974013
Dr Johannes Steffen Kern,A5036841737,W4384026209,middle,False,Dr Johannes Steffen Kern|W4384026209
Dr Johannes Steffen Kern,A5036841737,W4387662053,first,True,Dr Johannes Steffen Kern|W4387662053
Dr Johannes Steffen Kern,A5036841737,W4391534722,middle,False,Dr Johannes Steffen Kern|W4391534722
Dr Johannes Steffen Kern,A5036841737,W4391811140,middle,False,Dr Johannes Steffen Kern|W4391811140
Dr Johannes Steffen Kern,A5036841737,W4399487934,middle,False,Dr Johannes Steffen Kern|W4399487934
Dr Johannes Steffen Kern,A5036841737,W4400826522,last,False,Dr Johannes Steffen Kern|W4400826522
Dr Johannes Steffen Kern,A5036841737,W4404393343,middle,False,Dr Johannes Steffen Kern|W4404393343
Dr Johannes Steffen Kern,A5036841737,W4405372945,last,True,Dr Johannes Steffen Kern|W4405372945
Dr Johannes Steffen Kern,A5036841737,W4408530751,last,False,Dr Johannes Steffen Kern|W4408530751
Dr Johannes Steffen Kern,A5036841737,W4410052917,middle,False,Dr Johannes Steffen Kern|W4410052917
Dr Johannes Steffen Kern,A5036841737,W4412983156,middle,False,Dr Johannes Steffen Kern|W4412983156
Dr Johannes Steffen Kern,A5036841737,W4414350396,last,False,Dr Johannes Steffen Kern|W4414350396
Dr Johannes Steffen Kern,A5036841737,W4415751312,middle,False,Dr Johannes Steffen Kern|W4415751312
Dr Johannes Steffen Kern,A5036841737,W4416073215,last,False,Dr Johannes Steffen Kern|W4416073215
Dr Johannes Steffen Kern,A5036841737,W4416247801,middle,False,Dr Johannes Steffen Kern|W4416247801
Dr Johannes Steffen Kern,A5036841737,W4416647374,first,True,Dr Johannes Steffen Kern|W4416647374
Dr Johannes Steffen Kern,A5036841737,W4417112386,last,False,Dr Johannes Steffen Kern|W4417112386
Dr Johannes Steffen Kern,A5036841737,W569478119,middle,False,Dr Johannes Steffen Kern|W569478119
Dr Johannes Steffen Kern,A5036841737,W7162627361,middle,True,Dr Johannes Steffen Kern|W7162627361
Dr Johannes Steffen Kern,A5036841737,W7162797534,middle,False,Dr Johannes Steffen Kern|W7162797534
Dr Johannes Steffen Kern,A5036841737,W775834824,middle,False,Dr Johannes Steffen Kern|W775834824
Dr Johannes Steffen Kern,A5036841737,W792971544,middle,False,Dr Johannes Steffen Kern|W792971544
Dr Johannes Steffen Kern,A5036841737,W858258970,middle,False,Dr Johannes Steffen Kern|W858258970
Dr John Anthony Pagliaro,A5031278243,W2157674131,first,False,Dr John Anthony Pagliaro|W2157674131
Dr John Anthony Pagliaro,A5031278243,W4385778765,last,False,Dr John Anthony Pagliaro|W4385778765
Dr John Anthony Pagliaro,A5031278243,W2142434566,middle,False,Dr John Anthony Pagliaro|W2142434566
Dr John Anthony Pagliaro,A5031278243,W2735775692,middle,False,Dr John Anthony Pagliaro|W2735775692
Dr John Anthony Pagliaro,A5031278243,W1990808666,first,True,Dr John Anthony Pagliaro|W1990808666
Dr John Anthony Pagliaro,A5031278243,W2333912644,first,True,Dr John Anthony Pagliaro|W2333912644
Dr John Anthony Pagliaro,A5031278243,W2006666008,first,False,Dr John Anthony Pagliaro|W2006666008
Dr John Anthony Pagliaro,A5031278243,W4394577860,middle,False,Dr John Anthony Pagliaro|W4394577860
Dr John Chit Su,A5137797462,W7163401815,middle,False,Dr John Chit Su|W7163401815
Dr John Peter Relic,A5058208118,W1701837433,middle,False,Dr John Peter Relic|W1701837433
Dr John Peter Relic,A5058208118,W2046976624,middle,False,Dr John Peter Relic|W2046976624
Dr John Peter Relic,A5058208118,W2593538788,middle,False,Dr John Peter Relic|W2593538788
Dr John Peter Relic,A5058208118,W1970355894,last,False,Dr John Peter Relic|W1970355894
Dr John Peter Relic,A5058208118,W2095681115,middle,False,Dr John Peter Relic|W2095681115
Dr John Peter Relic,A5058208118,W2101984786,last,True,Dr John Peter Relic|W2101984786
Dr John Peter Relic,A5058208118,W2889194836,middle,False,Dr John Peter Relic|W2889194836
Dr John Peter Relic,A5058208118,W2072225137,last,False,Dr John Peter Relic|W2072225137
Dr John Peter Relic,A5058208118,W2061607692,middle,False,Dr John Peter Relic|W2061607692
Dr John Peter Relic,A5058208118,W2028572177,last,False,Dr John Peter Relic|W2028572177
Dr John Peter Relic,A5058208118,W1844569791,last,False,Dr John Peter Relic|W1844569791
Dr John Peter Relic,A5058208118,W3016415243,last,False,Dr John Peter Relic|W3016415243
Dr John Peter Relic,A5058208118,W3004641376,middle,False,Dr John Peter Relic|W3004641376
Dr John Peter Relic,A5058208118,W3109389079,middle,False,Dr John Peter Relic|W3109389079
Dr John Peter Relic,A5058208118,W4252918696,middle,False,Dr John Peter Relic|W4252918696
Dr John Peter Relic,A5058208118,W3109927185,middle,False,Dr John Peter Relic|W3109927185
Dr John Peter Relic,A5058208118,W3121207166,last,False,Dr John Peter Relic|W3121207166
Dr John Peter Relic,A5058208118,W4214544067,middle,False,Dr John Peter Relic|W4214544067
Dr John Peter Relic,A5058208118,W4236285691,middle,False,Dr John Peter Relic|W4236285691
Dr John Peter Relic,A5058208118,W4408026018,last,False,Dr John Peter Relic|W4408026018
Dr John Peter Relic,A5058208118,W7135230004,middle,True,Dr John Peter Relic|W7135230004
Dr John Peter Relic,A5058208118,W7149369014,last,False,Dr John Peter Relic|W7149369014
Dr John Walter Frew,A5024756062,W3093384529,middle,False,Dr John Walter Frew|W3093384529
Dr John Walter Frew,A5024756062,W1994535850,first,False,Dr John Walter Frew|W1994535850
Dr John Walter Frew,A5024756062,W2137577984,middle,False,Dr John Walter Frew|W2137577984
Dr John Walter Frew,A5024756062,W3127585790,middle,False,Dr John Walter Frew|W3127585790
Dr John Walter Frew,A5024756062,W3025940150,first,False,Dr John Walter Frew|W3025940150
Dr John Walter Frew,A5024756062,W2617197078,middle,False,Dr John Walter Frew|W2617197078
Dr John Walter Frew,A5024756062,W2059651841,middle,False,Dr John Walter Frew|W2059651841
Dr John Walter Frew,A5024756062,W3012932999,middle,False,Dr John Walter Frew|W3012932999
Dr John Walter Frew,A5024756062,W4386808342,middle,False,Dr John Walter Frew|W4386808342
Dr John Walter Frew,A5024756062,W2903701671,first,False,Dr John Walter Frew|W2903701671
Dr John Walter Frew,A5024756062,W3037431440,first,True,Dr John Walter Frew|W3037431440
Dr John Walter Frew,A5024756062,W2918680931,first,True,Dr John Walter Frew|W2918680931
Dr John Walter Frew,A5024756062,W3084437562,first,True,Dr John Walter Frew|W3084437562
Dr John Walter Frew,A5024756062,W3163978266,middle,False,Dr John Walter Frew|W3163978266
Dr John Walter Frew,A5024756062,W3139458741,middle,False,Dr John Walter Frew|W3139458741
Dr John Walter Frew,A5024756062,W4205679968,last,False,Dr John Walter Frew|W4205679968
Dr John Walter Frew,A5024756062,W4289778786,last,True,Dr John Walter Frew|W4289778786
Dr John Walter Frew,A5024756062,W3201606483,last,True,Dr John Walter Frew|W3201606483
Dr John Walter Frew,A5024756062,W3135490714,first,False,Dr John Walter Frew|W3135490714
Dr John Walter Frew,A5024756062,W4213036339,middle,False,Dr John Walter Frew|W4213036339
Dr John Walter Frew,A5024756062,W3193189414,middle,False,Dr John Walter Frew|W3193189414
Dr John Walter Frew,A5024756062,W3178553825,middle,False,Dr John Walter Frew|W3178553825
Dr John Walter Frew,A5024756062,W3038732999,middle,True,Dr John Walter Frew|W3038732999
Dr John Walter Frew,A5024756062,W4210498497,last,True,Dr John Walter Frew|W4210498497
Dr John Walter Frew,A5024756062,W4376225175,middle,False,Dr John Walter Frew|W4376225175
Dr John Walter Frew,A5024756062,W3164825399,middle,False,Dr John Walter Frew|W3164825399
Dr John Walter Frew,A5024756062,W4393990665,middle,False,Dr John Walter Frew|W4393990665
Dr John Walter Frew,A5024756062,W3210303905,last,True,Dr John Walter Frew|W3210303905
Dr John Walter Frew,A5024756062,W4407092779,first,True,Dr John Walter Frew|W4407092779
Dr John Walter Frew,A5024756062,W4396496505,middle,False,Dr John Walter Frew|W4396496505
Dr John Walter Frew,A5024756062,W4281287539,middle,False,Dr John Walter Frew|W4281287539
Dr John Walter Frew,A5024756062,W4407710220,middle,False,Dr John Walter Frew|W4407710220
Dr John Walter Frew,A5024756062,W4413758235,middle,False,Dr John Walter Frew|W4413758235
Dr John Walter Frew,A5024756062,W4403732517,last,False,Dr John Walter Frew|W4403732517
Dr John Walter Frew,A5024756062,W4410705467,last,False,Dr John Walter Frew|W4410705467
Dr John Walter Frew,A5024756062,W2030462950,middle,False,Dr John Walter Frew|W2030462950
Dr John Walter Frew,A5024756062,W2592494139,first,True,Dr John Walter Frew|W2592494139
Dr John Walter Frew,A5024756062,W2136796549,middle,False,Dr John Walter Frew|W2136796549
Dr John Walter Frew,A5024756062,W2167812198,first,False,Dr John Walter Frew|W2167812198
Dr John Walter Frew,A5024756062,W2947352805,first,True,Dr John Walter Frew|W2947352805
Dr John Walter Frew,A5024756062,W2998567132,first,True,Dr John Walter Frew|W2998567132
Dr John Walter Frew,A5024756062,W2912119260,first,True,Dr John Walter Frew|W2912119260
Dr John Walter Frew,A5024756062,W2325074698,first,True,Dr John Walter Frew|W2325074698
Dr John Walter Frew,A5024756062,W3036495900,first,True,Dr John Walter Frew|W3036495900
Dr John Walter Frew,A5024756062,W2002339664,first,False,Dr John Walter Frew|W2002339664
Dr John Walter Frew,A5024756062,W2916660491,middle,False,Dr John Walter Frew|W2916660491
Dr John Walter Frew,A5024756062,W2977229878,middle,False,Dr John Walter Frew|W2977229878
Dr John Walter Frew,A5024756062,W2124568182,middle,False,Dr John Walter Frew|W2124568182
Dr John Walter Frew,A5024756062,W2954357071,first,False,Dr John Walter Frew|W2954357071
Dr John Walter Frew,A5024756062,W3039504105,middle,True,Dr John Walter Frew|W3039504105
Dr John Walter Frew,A5024756062,W2981072385,last,False,Dr John Walter Frew|W2981072385
Dr John Walter Frew,A5024756062,W2051828880,middle,False,Dr John Walter Frew|W2051828880
Dr John Walter Frew,A5024756062,W3010445923,first,True,Dr John Walter Frew|W3010445923
Dr John Walter Frew,A5024756062,W4380150052,last,True,Dr John Walter Frew|W4380150052
Dr John Walter Frew,A5024756062,W2983843891,last,True,Dr John Walter Frew|W2983843891
Dr John Walter Frew,A5024756062,W2149137150,middle,False,Dr John Walter Frew|W2149137150
Dr John Walter Frew,A5024756062,W3087112323,first,True,Dr John Walter Frew|W3087112323
Dr John Walter Frew,A5024756062,W2053465302,first,False,Dr John Walter Frew|W2053465302
Dr John Walter Frew,A5024756062,W2905313728,first,False,Dr John Walter Frew|W2905313728
Dr John Walter Frew,A5024756062,W3086953770,last,True,Dr John Walter Frew|W3086953770
Dr John Walter Frew,A5024756062,W2803062292,last,False,Dr John Walter Frew|W2803062292
Dr John Walter Frew,A5024756062,W4320915074,last,False,Dr John Walter Frew|W4320915074
Dr John Walter Frew,A5024756062,W2902865996,middle,False,Dr John Walter Frew|W2902865996
Dr John Walter Frew,A5024756062,W4386023075,last,True,Dr John Walter Frew|W4386023075
Dr John Walter Frew,A5024756062,W4280623493,last,True,Dr John Walter Frew|W4280623493
Dr John Walter Frew,A5024756062,W2771170765,first,False,Dr John Walter Frew|W2771170765
Dr John Walter Frew,A5024756062,W4388287822,last,True,Dr John Walter Frew|W4388287822
Dr John Walter Frew,A5024756062,W2971836895,first,True,Dr John Walter Frew|W2971836895
Dr John Walter Frew,A5024756062,W3197093293,middle,False,Dr John Walter Frew|W3197093293
Dr John Walter Frew,A5024756062,W4323810036,last,True,Dr John Walter Frew|W4323810036
Dr John Walter Frew,A5024756062,W3174041955,first,True,Dr John Walter Frew|W3174041955
Dr John Walter Frew,A5024756062,W2776384899,first,True,Dr John Walter Frew|W2776384899
Dr John Walter Frew,A5024756062,W2975700952,first,False,Dr John Walter Frew|W2975700952
Dr John Walter Frew,A5024756062,W4205439723,last,True,Dr John Walter Frew|W4205439723
Dr John Walter Frew,A5024756062,W4229001645,last,True,Dr John Walter Frew|W4229001645
Dr John Walter Frew,A5024756062,W4292951974,last,True,Dr John Walter Frew|W4292951974
Dr John Walter Frew,A5024756062,W4393282240,last,False,Dr John Walter Frew|W4393282240
Dr John Walter Frew,A5024756062,W4404641436,first,True,Dr John Walter Frew|W4404641436
Dr John Walter Frew,A5024756062,W4386170208,last,False,Dr John Walter Frew|W4386170208
Dr John Walter Frew,A5024756062,W4404880284,first,True,Dr John Walter Frew|W4404880284
Dr John Walter Frew,A5024756062,W4226382949,last,False,Dr John Walter Frew|W4226382949
Dr John Walter Frew,A5024756062,W4404361234,last,True,Dr John Walter Frew|W4404361234
Dr John Walter Frew,A5024756062,W4416704562,middle,False,Dr John Walter Frew|W4416704562
Dr John Walter Frew,A5024756062,W4396733531,middle,False,Dr John Walter Frew|W4396733531
Dr John Walter Frew,A5024756062,W4407899227,middle,False,Dr John Walter Frew|W4407899227
Dr John Walter Frew,A5024756062,W4414806095,last,False,Dr John Walter Frew|W4414806095
Dr John Walter Frew,A5024756062,W4415027262,middle,False,Dr John Walter Frew|W4415027262
Dr John Walter Frew,A5024756062,W4403306248,last,True,Dr John Walter Frew|W4403306248
Dr John Walter Frew,A5024756062,W4410809425,last,False,Dr John Walter Frew|W4410809425
Dr John Walter Frew,A5024756062,W2142221487,first,False,Dr John Walter Frew|W2142221487
Dr John Walter Frew,A5024756062,W2081621459,first,False,Dr John Walter Frew|W2081621459
Dr John Walter Frew,A5024756062,W2074724916,first,True,Dr John Walter Frew|W2074724916
Dr John Walter Frew,A5024756062,W2921465279,first,True,Dr John Walter Frew|W2921465279
Dr John Walter Frew,A5024756062,W2979605572,first,True,Dr John Walter Frew|W2979605572
Dr John Walter Frew,A5024756062,W3037008267,middle,False,Dr John Walter Frew|W3037008267
Dr John Walter Frew,A5024756062,W1539725609,first,False,Dr John Walter Frew|W1539725609
Dr John Walter Frew,A5024756062,W3091647130,first,True,Dr John Walter Frew|W3091647130
Dr John Walter Frew,A5024756062,W3095571433,first,False,Dr John Walter Frew|W3095571433
Dr John Walter Frew,A5024756062,W3168705401,last,True,Dr John Walter Frew|W3168705401
Dr John Walter Frew,A5024756062,W2987519893,last,True,Dr John Walter Frew|W2987519893
Dr John Walter Frew,A5024756062,W3036165909,first,False,Dr John Walter Frew|W3036165909
Dr John Walter Frew,A5024756062,W3164792369,last,True,Dr John Walter Frew|W3164792369
Dr John Walter Frew,A5024756062,W2427149672,middle,False,Dr John Walter Frew|W2427149672
Dr John Walter Frew,A5024756062,W2969440303,middle,False,Dr John Walter Frew|W2969440303
Dr John Walter Frew,A5024756062,W3096311564,middle,False,Dr John Walter Frew|W3096311564
Dr John Walter Frew,A5024756062,W3201603123,middle,False,Dr John Walter Frew|W3201603123
Dr John Walter Frew,A5024756062,W2916693080,first,True,Dr John Walter Frew|W2916693080
Dr John Walter Frew,A5024756062,W3118337916,first,True,Dr John Walter Frew|W3118337916
Dr John Walter Frew,A5024756062,W4220653803,middle,False,Dr John Walter Frew|W4220653803
Dr John Walter Frew,A5024756062,W4385406807,last,True,Dr John Walter Frew|W4385406807
Dr John Walter Frew,A5024756062,W3185267047,first,True,Dr John Walter Frew|W3185267047
Dr John Walter Frew,A5024756062,W3209655623,first,True,Dr John Walter Frew|W3209655623
Dr John Walter Frew,A5024756062,W4327812211,last,True,Dr John Walter Frew|W4327812211
Dr John Walter Frew,A5024756062,W4399327498,last,False,Dr John Walter Frew|W4399327498
Dr John Walter Frew,A5024756062,W1606496485,first,False,Dr John Walter Frew|W1606496485
Dr John Walter Frew,A5024756062,W2901753983,first,True,Dr John Walter Frew|W2901753983
Dr John Walter Frew,A5024756062,W4206566137,last,True,Dr John Walter Frew|W4206566137
Dr John Walter Frew,A5024756062,W4321768639,last,True,Dr John Walter Frew|W4321768639
Dr John Walter Frew,A5024756062,W4362704946,middle,False,Dr John Walter Frew|W4362704946
Dr John Walter Frew,A5024756062,W4224300422,middle,False,Dr John Walter Frew|W4224300422
Dr John Walter Frew,A5024756062,W4403585034,last,False,Dr John Walter Frew|W4403585034
Dr John Walter Frew,A5024756062,W4406178054,last,True,Dr John Walter Frew|W4406178054
Dr John Walter Frew,A5024756062,W4226351005,last,False,Dr John Walter Frew|W4226351005
Dr John Walter Frew,A5024756062,W4403899348,last,True,Dr John Walter Frew|W4403899348
Dr John Walter Frew,A5024756062,W3014630221,first,True,Dr John Walter Frew|W3014630221
Dr John Walter Frew,A5024756062,W4292474903,last,False,Dr John Walter Frew|W4292474903
Dr John Walter Frew,A5024756062,W4387214289,middle,False,Dr John Walter Frew|W4387214289
Dr John Walter Frew,A5024756062,W4394689802,middle,False,Dr John Walter Frew|W4394689802
Dr John Walter Frew,A5024756062,W7134263756,middle,False,Dr John Walter Frew|W7134263756
Dr John Walter Frew,A5024756062,W4285984603,middle,False,Dr John Walter Frew|W4285984603
Dr John Walter Frew,A5024756062,W4413881684,middle,False,Dr John Walter Frew|W4413881684
Dr John Walter Frew,A5024756062,W4414806246,middle,False,Dr John Walter Frew|W4414806246
Dr John Walter Frew,A5024756062,W3023064917,first,True,Dr John Walter Frew|W3023064917
Dr John Walter Frew,A5024756062,W2085288190,middle,False,Dr John Walter Frew|W2085288190
Dr John Walter Frew,A5024756062,W2900705851,first,True,Dr John Walter Frew|W2900705851
Dr John Walter Frew,A5024756062,W2921596001,first,True,Dr John Walter Frew|W2921596001
Dr John Walter Frew,A5024756062,W3020962063,first,True,Dr John Walter Frew|W3020962063
Dr John Walter Frew,A5024756062,W4294000485,first,True,Dr John Walter Frew|W4294000485
Dr John Walter Frew,A5024756062,W4387910316,last,True,Dr John Walter Frew|W4387910316
Dr John Walter Frew,A5024756062,W2739044803,first,False,Dr John Walter Frew|W2739044803
Dr John Walter Frew,A5024756062,W2932327162,first,True,Dr John Walter Frew|W2932327162
Dr John Walter Frew,A5024756062,W4388801477,middle,False,Dr John Walter Frew|W4388801477
Dr John Walter Frew,A5024756062,W2943989109,last,True,Dr John Walter Frew|W2943989109
Dr John Walter Frew,A5024756062,W4399760013,middle,False,Dr John Walter Frew|W4399760013
Dr John Walter Frew,A5024756062,W4415283842,middle,False,Dr John Walter Frew|W4415283842
Dr John Walter Frew,A5024756062,W4416140963,middle,False,Dr John Walter Frew|W4416140963
Dr John Walter Frew,A5024756062,W7134839482,last,True,Dr John Walter Frew|W7134839482
Dr John Walter Frew,A5024756062,W7161958135,middle,False,Dr John Walter Frew|W7161958135
Dr John Walter Frew,A5024756062,W2003114643,first,False,Dr John Walter Frew|W2003114643
Dr John Walter Frew,A5024756062,W1986991528,middle,False,Dr John Walter Frew|W1986991528
Dr John Walter Frew,A5024756062,W2138800092,middle,False,Dr John Walter Frew|W2138800092
Dr John Walter Frew,A5024756062,W2254844531,first,True,Dr John Walter Frew|W2254844531
Dr John Walter Frew,A5024756062,W2125545217,first,False,Dr John Walter Frew|W2125545217
Dr John Walter Frew,A5024756062,W2016924619,first,False,Dr John Walter Frew|W2016924619
Dr John Walter Frew,A5024756062,W2151529607,first,True,Dr John Walter Frew|W2151529607
Dr John Walter Frew,A5024756062,W2899006816,last,True,Dr John Walter Frew|W2899006816
Dr John Walter Frew,A5024756062,W1588149812,first,True,Dr John Walter Frew|W1588149812
Dr John Walter Frew,A5024756062,W2608951702,first,True,Dr John Walter Frew|W2608951702
Dr John Walter Frew,A5024756062,W3028001300,last,True,Dr John Walter Frew|W3028001300
Dr John Walter Frew,A5024756062,W4317646788,last,True,Dr John Walter Frew|W4317646788
Dr John Walter Frew,A5024756062,W4388111896,last,True,Dr John Walter Frew|W4388111896
Dr John Walter Frew,A5024756062,W4399148866,middle,False,Dr John Walter Frew|W4399148866
Dr John Walter Frew,A5024756062,W4206598261,middle,False,Dr John Walter Frew|W4206598261
Dr John Walter Frew,A5024756062,W4402605685,last,True,Dr John Walter Frew|W4402605685
Dr John Walter Frew,A5024756062,W4405294517,last,True,Dr John Walter Frew|W4405294517
Dr John Walter Frew,A5024756062,W4284888417,last,True,Dr John Walter Frew|W4284888417
Dr John Walter Frew,A5024756062,W4318755081,first,True,Dr John Walter Frew|W4318755081
Dr John Walter Frew,A5024756062,W2915410713,first,True,Dr John Walter Frew|W2915410713
Dr John Walter Frew,A5024756062,W4386306283,last,False,Dr John Walter Frew|W4386306283
Dr John Walter Frew,A5024756062,W4391722728,last,True,Dr John Walter Frew|W4391722728
Dr John Walter Frew,A5024756062,W2778795064,last,False,Dr John Walter Frew|W2778795064
Dr John Walter Frew,A5024756062,W4380320061,first,False,Dr John Walter Frew|W4380320061
Dr John Walter Frew,A5024756062,W4388661994,last,False,Dr John Walter Frew|W4388661994
Dr John Walter Frew,A5024756062,W4402103927,middle,False,Dr John Walter Frew|W4402103927
Dr John Walter Frew,A5024756062,W4402109136,middle,False,Dr John Walter Frew|W4402109136
Dr John Walter Frew,A5024756062,W4407056214,last,True,Dr John Walter Frew|W4407056214
Dr John Walter Frew,A5024756062,W4412084452,last,False,Dr John Walter Frew|W4412084452
Dr John Walter Frew,A5024756062,W349517212,first,False,Dr John Walter Frew|W349517212
Dr John Walter Frew,A5024756062,W1916113764,first,True,Dr John Walter Frew|W1916113764
Dr John Walter Frew,A5024756062,W2416694147,first,True,Dr John Walter Frew|W2416694147
Dr John Walter Frew,A5024756062,W2774366410,last,False,Dr John Walter Frew|W2774366410
Dr John Walter Frew,A5024756062,W2972113724,first,True,Dr John Walter Frew|W2972113724
Dr John Walter Frew,A5024756062,W3108859913,first,False,Dr John Walter Frew|W3108859913
Dr John Walter Frew,A5024756062,W3166838733,first,True,Dr John Walter Frew|W3166838733
Dr John Walter Frew,A5024756062,W4232672910,first,False,Dr John Walter Frew|W4232672910
Dr John Walter Frew,A5024756062,W2177113871,first,False,Dr John Walter Frew|W2177113871
Dr John Walter Frew,A5024756062,W2313984059,first,False,Dr John Walter Frew|W2313984059
Dr John Walter Frew,A5024756062,W2793300085,first,False,Dr John Walter Frew|W2793300085
Dr John Walter Frew,A5024756062,W2907587618,last,False,Dr John Walter Frew|W2907587618
Dr John Walter Frew,A5024756062,W3035484681,middle,False,Dr John Walter Frew|W3035484681
Dr John Walter Frew,A5024756062,W3035846071,last,True,Dr John Walter Frew|W3035846071
Dr John Walter Frew,A5024756062,W3036280960,first,False,Dr John Walter Frew|W3036280960
Dr John Walter Frew,A5024756062,W4210390349,middle,False,Dr John Walter Frew|W4210390349
Dr John Walter Frew,A5024756062,W4225330547,last,False,Dr John Walter Frew|W4225330547
Dr John Walter Frew,A5024756062,W4376132922,last,True,Dr John Walter Frew|W4376132922
Dr John Walter Frew,A5024756062,W4388139019,last,True,Dr John Walter Frew|W4388139019
Dr John Walter Frew,A5024756062,W4390607373,last,False,Dr John Walter Frew|W4390607373
Dr John Walter Frew,A5024756062,W4321606005,last,True,Dr John Walter Frew|W4321606005
Dr John Walter Frew,A5024756062,W2427537996,first,True,Dr John Walter Frew|W2427537996
Dr John Walter Frew,A5024756062,W4322154570,last,True,Dr John Walter Frew|W4322154570
Dr John Walter Frew,A5024756062,W4362580510,last,True,Dr John Walter Frew|W4362580510
Dr John Walter Frew,A5024756062,W4391375551,last,False,Dr John Walter Frew|W4391375551
Dr John Walter Frew,A5024756062,W2043199564,first,True,Dr John Walter Frew|W2043199564
Dr John Walter Frew,A5024756062,W2045096914,middle,False,Dr John Walter Frew|W2045096914
Dr John Walter Frew,A5024756062,W2151878990,last,False,Dr John Walter Frew|W2151878990
Dr John Walter Frew,A5024756062,W2257159874,last,False,Dr John Walter Frew|W2257159874
Dr John Walter Frew,A5024756062,W2271893315,last,False,Dr John Walter Frew|W2271893315
Dr John Walter Frew,A5024756062,W2299990389,first,True,Dr John Walter Frew|W2299990389
Dr John Walter Frew,A5024756062,W2318171671,last,False,Dr John Walter Frew|W2318171671
Dr John Walter Frew,A5024756062,W2338666250,last,False,Dr John Walter Frew|W2338666250
Dr John Walter Frew,A5024756062,W2606493277,middle,False,Dr John Walter Frew|W2606493277
Dr John Walter Frew,A5024756062,W2741906779,middle,False,Dr John Walter Frew|W2741906779
Dr John Walter Frew,A5024756062,W2806875930,first,True,Dr John Walter Frew|W2806875930
Dr John Walter Frew,A5024756062,W2891095714,first,True,Dr John Walter Frew|W2891095714
Dr John Walter Frew,A5024756062,W2933769838,first,True,Dr John Walter Frew|W2933769838
Dr John Walter Frew,A5024756062,W2964890255,first,False,Dr John Walter Frew|W2964890255
Dr John Walter Frew,A5024756062,W2979039294,last,True,Dr John Walter Frew|W2979039294
Dr John Walter Frew,A5024756062,W3024054911,last,False,Dr John Walter Frew|W3024054911
Dr John Walter Frew,A5024756062,W3028685316,first,False,Dr John Walter Frew|W3028685316
Dr John Walter Frew,A5024756062,W3035987460,middle,False,Dr John Walter Frew|W3035987460
Dr John Walter Frew,A5024756062,W3036601935,middle,False,Dr John Walter Frew|W3036601935
Dr John Walter Frew,A5024756062,W3106749582,middle,False,Dr John Walter Frew|W3106749582
Dr John Walter Frew,A5024756062,W3107364474,middle,False,Dr John Walter Frew|W3107364474
Dr John Walter Frew,A5024756062,W3110249182,last,False,Dr John Walter Frew|W3110249182
Dr John Walter Frew,A5024756062,W3124210789,first,False,Dr John Walter Frew|W3124210789
Dr John Walter Frew,A5024756062,W3131639167,last,False,Dr John Walter Frew|W3131639167
Dr John Walter Frew,A5024756062,W3153315933,middle,False,Dr John Walter Frew|W3153315933
Dr John Walter Frew,A5024756062,W3155081827,middle,False,Dr John Walter Frew|W3155081827
Dr John Walter Frew,A5024756062,W3161846253,last,False,Dr John Walter Frew|W3161846253
Dr John Walter Frew,A5024756062,W3193988126,first,False,Dr John Walter Frew|W3193988126
Dr John Walter Frew,A5024756062,W3215379913,first,True,Dr John Walter Frew|W3215379913
Dr John Walter Frew,A5024756062,W4200129243,middle,False,Dr John Walter Frew|W4200129243
Dr John Walter Frew,A5024756062,W4205115650,middle,False,Dr John Walter Frew|W4205115650
Dr John Walter Frew,A5024756062,W4210455708,middle,False,Dr John Walter Frew|W4210455708
Dr John Walter Frew,A5024756062,W4210639282,middle,False,Dr John Walter Frew|W4210639282
Dr John Walter Frew,A5024756062,W4225971986,last,True,Dr John Walter Frew|W4225971986
Dr John Walter Frew,A5024756062,W4226328703,first,True,Dr John Walter Frew|W4226328703
Dr John Walter Frew,A5024756062,W4238670554,middle,False,Dr John Walter Frew|W4238670554
Dr John Walter Frew,A5024756062,W4239876280,first,True,Dr John Walter Frew|W4239876280
Dr John Walter Frew,A5024756062,W4245674124,last,False,Dr John Walter Frew|W4245674124
Dr John Walter Frew,A5024756062,W4249418268,middle,False,Dr John Walter Frew|W4249418268
Dr John Walter Frew,A5024756062,W4252507578,first,False,Dr John Walter Frew|W4252507578
Dr John Walter Frew,A5024756062,W4254326762,middle,False,Dr John Walter Frew|W4254326762
Dr John Walter Frew,A5024756062,W4256414783,middle,False,Dr John Walter Frew|W4256414783
Dr John Walter Frew,A5024756062,W4296123258,middle,False,Dr John Walter Frew|W4296123258
Dr John Walter Frew,A5024756062,W4361004045,last,True,Dr John Walter Frew|W4361004045
Dr John Walter Frew,A5024756062,W4362481716,first,True,Dr John Walter Frew|W4362481716
Dr John Walter Frew,A5024756062,W4365810248,first,True,Dr John Walter Frew|W4365810248
Dr John Walter Frew,A5024756062,W4385193516,middle,False,Dr John Walter Frew|W4385193516
Dr John Walter Frew,A5024756062,W4386023188,middle,False,Dr John Walter Frew|W4386023188
Dr John Walter Frew,A5024756062,W4386040774,last,False,Dr John Walter Frew|W4386040774
Dr John Walter Frew,A5024756062,W4389045889,last,True,Dr John Walter Frew|W4389045889
Dr John Walter Frew,A5024756062,W4391139451,last,False,Dr John Walter Frew|W4391139451
Dr John Walter Frew,A5024756062,W4392282428,last,False,Dr John Walter Frew|W4392282428
Dr John Walter Frew,A5024756062,W4392713583,first,True,Dr John Walter Frew|W4392713583
Dr John Walter Frew,A5024756062,W4392949037,first,False,Dr John Walter Frew|W4392949037
Dr John Walter Frew,A5024756062,W4393407978,last,False,Dr John Walter Frew|W4393407978
Dr John Walter Frew,A5024756062,W4393869625,middle,False,Dr John Walter Frew|W4393869625
Dr John Walter Frew,A5024756062,W4395066743,middle,False,Dr John Walter Frew|W4395066743
Dr John Walter Frew,A5024756062,W4400055850,last,True,Dr John Walter Frew|W4400055850
Dr John Walter Frew,A5024756062,W4400997238,first,True,Dr John Walter Frew|W4400997238
Dr John Walter Frew,A5024756062,W4404348244,middle,False,Dr John Walter Frew|W4404348244
Dr John Walter Frew,A5024756062,W4408338488,middle,False,Dr John Walter Frew|W4408338488
Dr John Walter Frew,A5024756062,W4409373385,middle,False,Dr John Walter Frew|W4409373385
Dr John Walter Frew,A5024756062,W4411108596,last,True,Dr John Walter Frew|W4411108596
Dr John Walter Frew,A5024756062,W4411195312,last,False,Dr John Walter Frew|W4411195312
Dr John Walter Frew,A5024756062,W4412727716,last,False,Dr John Walter Frew|W4412727716
Dr John Walter Frew,A5024756062,W4413116915,last,False,Dr John Walter Frew|W4413116915
Dr John Walter Frew,A5024756062,W4413870661,first,False,Dr John Walter Frew|W4413870661
Dr John Walter Frew,A5024756062,W4413871336,middle,False,Dr John Walter Frew|W4413871336
Dr John Walter Frew,A5024756062,W4413871726,middle,False,Dr John Walter Frew|W4413871726
Dr John Walter Frew,A5024756062,W4413878340,first,False,Dr John Walter Frew|W4413878340
Dr John Walter Frew,A5024756062,W4414184298,middle,False,Dr John Walter Frew|W4414184298
Dr John Walter Frew,A5024756062,W4415195778,last,True,Dr John Walter Frew|W4415195778
Dr John Walter Frew,A5024756062,W4415345241,middle,False,Dr John Walter Frew|W4415345241
Dr John Walter Frew,A5024756062,W4415758993,last,False,Dr John Walter Frew|W4415758993
Dr John Walter Frew,A5024756062,W4416535976,middle,False,Dr John Walter Frew|W4416535976
Dr John Walter Frew,A5024756062,W595938368,first,True,Dr John Walter Frew|W595938368
Dr John Walter Frew,A5024756062,W7121028577,middle,False,Dr John Walter Frew|W7121028577
Dr John Walter Frew,A5024756062,W7134648522,last,False,Dr John Walter Frew|W7134648522
Dr John Walter Frew,A5024756062,W7134814614,middle,False,Dr John Walter Frew|W7134814614
Dr John Walter Frew,A5024756062,W7162185329,middle,False,Dr John Walter Frew|W7162185329
Dr John Walter Frew,A5024756062,W7163510164,middle,False,Dr John Walter Frew|W7163510164
Dr John Walter Frew,A5024756062,W7165892613,middle,False,Dr John Walter Frew|W7165892613
Dr John Walter Frew,A5024756062,W7167478741,middle,False,Dr John Walter Frew|W7167478741
Dr John Walter Frew,A5024756062,W7167481281,first,True,Dr John Walter Frew|W7167481281
Dr John William Kelly,A5103679722,W2939324344,middle,False,Dr John William Kelly|W2939324344
Dr John William Kelly,A5103679722,W2106108627,last,False,Dr John William Kelly|W2106108627
Dr John William Kelly,A5103679722,W2018281326,first,True,Dr John William Kelly|W2018281326
Dr John William Kelly,A5103679722,W1985288981,first,True,Dr John William Kelly|W1985288981
Dr John William Kelly,A5103679722,W2395011148,first,True,Dr John William Kelly|W2395011148
Dr John William Kelly,A5103679722,W2761075856,last,False,Dr John William Kelly|W2761075856
Dr John William Kelly,A5103679722,W1946697349,last,False,Dr John William Kelly|W1946697349
Dr John William Kelly,A5103679722,W2916986797,middle,False,Dr John William Kelly|W2916986797
Dr John William Kelly,A5103679722,W3021556357,middle,False,Dr John William Kelly|W3021556357
Dr John William Kelly,A5103679722,W2801609329,middle,False,Dr John William Kelly|W2801609329
Dr John William Kelly,A5103679722,W2156175981,middle,False,Dr John William Kelly|W2156175981
Dr John William Kelly,A5103679722,W2024591424,first,True,Dr John William Kelly|W2024591424
Dr John William Kelly,A5103679722,W2996108966,middle,False,Dr John William Kelly|W2996108966
Dr John William Kelly,A5103679722,W1979118391,first,False,Dr John William Kelly|W1979118391
Dr John William Kelly,A5103679722,W2466456371,last,False,Dr John William Kelly|W2466456371
Dr John William Kelly,A5103679722,W2314799480,last,False,Dr John William Kelly|W2314799480
Dr John William Kelly,A5103679722,W2777706155,last,False,Dr John William Kelly|W2777706155
Dr John William Kelly,A5103679722,W2257110995,middle,False,Dr John William Kelly|W2257110995
Dr John William Kelly,A5103679722,W2968568123,first,False,Dr John William Kelly|W2968568123
Dr John William Kelly,A5103679722,W3144170740,last,False,Dr John William Kelly|W3144170740
Dr John William Kelly,A5103679722,W2051065242,first,True,Dr John William Kelly|W2051065242
Dr John William Kelly,A5103679722,W2079418452,first,True,Dr John William Kelly|W2079418452
Dr John William Kelly,A5103679722,W2402274664,first,True,Dr John William Kelly|W2402274664
Dr John William Kelly,A5103679722,W2089941769,first,False,Dr John William Kelly|W2089941769
Dr John William Kelly,A5103679722,W105088647,first,True,Dr John William Kelly|W105088647
Dr John William Kelly,A5103679722,W216338841,first,True,Dr John William Kelly|W216338841
Dr John William Kelly,A5103679722,W2806712711,first,False,Dr John William Kelly|W2806712711
Dr John William Kelly,A5103679722,W2976484922,first,True,Dr John William Kelly|W2976484922
Dr John William Kelly,A5103679722,W3187350406,last,False,Dr John William Kelly|W3187350406
Dr Joseph  Konya,A5041037832,W2940497125,last,False,Dr Joseph  Konya|W2940497125
Dr Joseph  Konya,A5041037832,W2980500350,middle,False,Dr Joseph  Konya|W2980500350
Dr Joseph  Konya,A5041037832,W3212738779,middle,False,Dr Joseph  Konya|W3212738779
Dr Joseph  Konya,A5041037832,W2087858779,first,False,Dr Joseph  Konya|W2087858779
Dr Joseph  Konya,A5041037832,W2023348131,first,True,Dr Joseph  Konya|W2023348131
Dr Joseph  Konya,A5041037832,W2529702017,middle,False,Dr Joseph  Konya|W2529702017
Dr Joseph  Konya,A5041037832,W2046474551,middle,False,Dr Joseph  Konya|W2046474551
Dr Joseph  Konya,A5041037832,W2048819157,middle,False,Dr Joseph  Konya|W2048819157
Dr Josephine Margaret Yeatman,A5007925200,W2149877505,middle,False,Dr Josephine Margaret Yeatman|W2149877505
Dr Josephine Margaret Yeatman,A5007925200,W186536535,middle,False,Dr Josephine Margaret Yeatman|W186536535
Dr Josephine Margaret Yeatman,A5007925200,W2121815123,first,False,Dr Josephine Margaret Yeatman|W2121815123
Dr Josephine Margaret Yeatman,A5007925200,W4238498873,first,False,Dr Josephine Margaret Yeatman|W4238498873
Dr Josephine Margaret Yeatman,A5007925200,W4205719899,first,True,Dr Josephine Margaret Yeatman|W4205719899
Dr Josephine Margaret Yeatman,A5007925200,W2043314686,middle,False,Dr Josephine Margaret Yeatman|W2043314686
Dr Josephine Margaret Yeatman,A5007925200,W2031166813,first,False,Dr Josephine Margaret Yeatman|W2031166813
Dr Josephine Margaret Yeatman,A5007925200,W2975747019,first,False,Dr Josephine Margaret Yeatman|W2975747019
Dr Joshua Angelo Elakis,A5005735274,W4360945153,middle,False,Dr Joshua Angelo Elakis|W4360945153
Dr Joshua Angelo Elakis,A5005735274,W2351380634,first,True,Dr Joshua Angelo Elakis|W2351380634
Dr Joy Sue Ming Yee,A5041848444,W2499585047,first,True,Dr Joy Sue Ming Yee|W2499585047
Dr Julia Emma Joy Rhodes,A5029318235,W3024101949,middle,False,Dr Julia Emma Joy Rhodes|W3024101949
Dr Julia Emma Joy Rhodes,A5029318235,W3035635139,middle,False,Dr Julia Emma Joy Rhodes|W3035635139
Dr Karen Elizabeth Behne,A5038861642,W2079707755,first,False,Dr Karen Elizabeth Behne|W2079707755
Dr Karen Elizabeth Behne,A5038861642,W2158618102,first,True,Dr Karen Elizabeth Behne|W2158618102
Dr Karen Julie Koh,A5058835394,W2160592520,first,True,Dr Karen Julie Koh|W2160592520
Dr Karen Julie Koh,A5058835394,W2047727589,middle,False,Dr Karen Julie Koh|W2047727589
Dr Karen Julie Koh,A5058835394,W2156996511,first,True,Dr Karen Julie Koh|W2156996511
Dr Karolina Louisa Suzanna Kerkemeyer,A5018566549,W3047120763,first,True,Dr Karolina Louisa Suzanna Kerkemeyer|W3047120763
Dr Karolina Louisa Suzanna Kerkemeyer,A5018566549,W3093242951,first,True,Dr Karolina Louisa Suzanna Kerkemeyer|W3093242951
Dr Karolina Louisa Suzanna Kerkemeyer,A5018566549,W3015270372,middle,False,Dr Karolina Louisa Suzanna Kerkemeyer|W3015270372
Dr Karolina Louisa Suzanna Kerkemeyer,A5018566549,W3158304953,first,True,Dr Karolina Louisa Suzanna Kerkemeyer|W3158304953
Dr Karolina Louisa Suzanna Kerkemeyer,A5018566549,W2982328915,first,False,Dr Karolina Louisa Suzanna Kerkemeyer|W2982328915
Dr Karolina Louisa Suzanna Kerkemeyer,A5018566549,W3085851154,first,True,Dr Karolina Louisa Suzanna Kerkemeyer|W3085851154
Dr Karolina Louisa Suzanna Kerkemeyer,A5018566549,W2992776075,first,True,Dr Karolina Louisa Suzanna Kerkemeyer|W2992776075
Dr Karolina Louisa Suzanna Kerkemeyer,A5018566549,W3010564526,first,True,Dr Karolina Louisa Suzanna Kerkemeyer|W3010564526
Dr Karolina Louisa Suzanna Kerkemeyer,A5018566549,W4400126343,first,False,Dr Karolina Louisa Suzanna Kerkemeyer|W4400126343
Dr Karolina Louisa Suzanna Kerkemeyer,A5018566549,W3010387085,first,True,Dr Karolina Louisa Suzanna Kerkemeyer|W3010387085
Dr Karolina Louisa Suzanna Kerkemeyer,A5018566549,W2781827483,first,True,Dr Karolina Louisa Suzanna Kerkemeyer|W2781827483
Dr Karolina Louisa Suzanna Kerkemeyer,A5018566549,W3006111242,first,True,Dr Karolina Louisa Suzanna Kerkemeyer|W3006111242
Dr Karolina Louisa Suzanna Kerkemeyer,A5018566549,W3081008068,first,True,Dr Karolina Louisa Suzanna Kerkemeyer|W3081008068
Dr Karolina Louisa Suzanna Kerkemeyer,A5018566549,W3171228295,first,True,Dr Karolina Louisa Suzanna Kerkemeyer|W3171228295
Dr Karolina Louisa Suzanna Kerkemeyer,A5018566549,W4388445033,first,True,Dr Karolina Louisa Suzanna Kerkemeyer|W4388445033
Dr Karolina Louisa Suzanna Kerkemeyer,A5018566549,W2971117207,first,False,Dr Karolina Louisa Suzanna Kerkemeyer|W2971117207
Dr Karolina Louisa Suzanna Kerkemeyer,A5018566549,W2983715775,first,True,Dr Karolina Louisa Suzanna Kerkemeyer|W2983715775
Dr Karolina Louisa Suzanna Kerkemeyer,A5018566549,W4287447320,middle,True,Dr Karolina Louisa Suzanna Kerkemeyer|W4287447320
Dr Karolina Louisa Suzanna Kerkemeyer,A5018566549,W3205026914,first,True,Dr Karolina Louisa Suzanna Kerkemeyer|W3205026914
Dr Karolina Louisa Suzanna Kerkemeyer,A5018566549,W4399788192,middle,False,Dr Karolina Louisa Suzanna Kerkemeyer|W4399788192
Dr Karyn Rae Lun,A5047279560,W2170645257,middle,False,Dr Karyn Rae Lun|W2170645257
Dr Karyn Rae Lun,A5047279560,W2023895042,last,False,Dr Karyn Rae Lun|W2023895042
Dr Karyn Rae Lun,A5047279560,W1999116941,middle,False,Dr Karyn Rae Lun|W1999116941
Dr Karyn Rae Lun,A5047279560,W3217617230,last,False,Dr Karyn Rae Lun|W3217617230
Dr Karyn Rae Lun,A5047279560,W3106873857,middle,False,Dr Karyn Rae Lun|W3106873857
Dr Karyn Rae Lun,A5047279560,W2896762908,middle,False,Dr Karyn Rae Lun|W2896762908
Dr Karyn Rae Lun,A5047279560,W1964075342,middle,False,Dr Karyn Rae Lun|W1964075342
Dr Karyn Rae Lun,A5047279560,W1580700572,middle,True,Dr Karyn Rae Lun|W1580700572
Dr Karyn Rae Lun,A5047279560,W2069125035,first,False,Dr Karyn Rae Lun|W2069125035
Dr Karyn Rae Lun,A5047279560,W1722507713,middle,False,Dr Karyn Rae Lun|W1722507713
Dr Karyn Rae Lun,A5047279560,W4200320345,first,False,Dr Karyn Rae Lun|W4200320345
Dr Karyn Rae Lun,A5047279560,W2018153201,first,False,Dr Karyn Rae Lun|W2018153201
Dr Karyn Rae Lun,A5047279560,W2014620369,last,False,Dr Karyn Rae Lun|W2014620369
Dr Karyn Rae Lun,A5047279560,W2083423766,last,False,Dr Karyn Rae Lun|W2083423766
Dr Karyn Rae Lun,A5047279560,W2341705314,last,False,Dr Karyn Rae Lun|W2341705314
Dr Kate Margaret Newland,A5077981810,W2045009458,middle,False,Dr Kate Margaret Newland|W2045009458
Dr Kate Margaret Newland,A5077981810,W1958506600,first,False,Dr Kate Margaret Newland|W1958506600
Dr Kate Margaret Newland,A5077981810,W1802794081,middle,False,Dr Kate Margaret Newland|W1802794081
Dr Kate Margaret Newland,A5077981810,W1946254616,first,True,Dr Kate Margaret Newland|W1946254616
Dr Kate Margaret Newland,A5077981810,W3116791471,middle,False,Dr Kate Margaret Newland|W3116791471
Dr Kate Margaret Newland,A5077981810,W2155678620,middle,False,Dr Kate Margaret Newland|W2155678620
Dr Kate Margaret Newland,A5077981810,W1543341120,first,True,Dr Kate Margaret Newland|W1543341120
Dr Kate Margaret Newland,A5077981810,W1915046961,first,True,Dr Kate Margaret Newland|W1915046961
Dr Kate Margaret Newland,A5077981810,W2272047465,middle,False,Dr Kate Margaret Newland|W2272047465
Dr Kate Margaret Newland,A5077981810,W1984217065,first,True,Dr Kate Margaret Newland|W1984217065
Dr Kate Margaret Newland,A5077981810,W2112657537,last,False,Dr Kate Margaret Newland|W2112657537
Dr Kate Margaret Newland,A5077981810,W2005758068,first,True,Dr Kate Margaret Newland|W2005758068
Dr Kate Margaret Newland,A5077981810,W3029387576,first,True,Dr Kate Margaret Newland|W3029387576
Dr Kate Margaret Newland,A5077981810,W2232494342,first,True,Dr Kate Margaret Newland|W2232494342
Dr Kate Margaret Newland,A5077981810,W4399788192,last,False,Dr Kate Margaret Newland|W4399788192
Dr Kate Margaret Newland,A5077981810,W4416924811,middle,False,Dr Kate Margaret Newland|W4416924811
Dr Katherine Julienne Allnutt,A5070852939,W4322719565,middle,False,Dr Katherine Julienne Allnutt|W4322719565
Dr Katherine Julienne Allnutt,A5070852939,W4220660783,first,False,Dr Katherine Julienne Allnutt|W4220660783
Dr Katherine Julienne Allnutt,A5070852939,W2749517051,middle,False,Dr Katherine Julienne Allnutt|W2749517051
Dr Katherine Julienne Allnutt,A5070852939,W2122336838,first,False,Dr Katherine Julienne Allnutt|W2122336838
Dr Katherine Julienne Allnutt,A5070852939,W3008524491,middle,False,Dr Katherine Julienne Allnutt|W3008524491
Dr Katherine Julienne Allnutt,A5070852939,W3113396610,first,False,Dr Katherine Julienne Allnutt|W3113396610
Dr Katherine Patricia York,A5044782193,W3010311971,middle,False,Dr Katherine Patricia York|W3010311971
Dr Katherine Patricia York,A5044782193,W3007628315,first,True,Dr Katherine Patricia York|W3007628315
Dr Katherine Patricia York,A5044782193,W3086247457,middle,False,Dr Katherine Patricia York|W3086247457
Dr Katherine Patricia York,A5044782193,W4205104799,middle,False,Dr Katherine Patricia York|W4205104799
Dr Katherine Patricia York,A5044782193,W4391598028,middle,False,Dr Katherine Patricia York|W4391598028
Dr Katherine Patricia York,A5044782193,W3133716063,middle,False,Dr Katherine Patricia York|W3133716063
Dr Katherine Patricia York,A5044782193,W4297837910,middle,False,Dr Katherine Patricia York|W4297837910
Dr Katherine Patricia York,A5044782193,W2565684574,first,False,Dr Katherine Patricia York|W2565684574
Dr Katherine Patricia York,A5044782193,W3140456516,middle,False,Dr Katherine Patricia York|W3140456516
Dr Katherine Patricia York,A5044782193,W3097439803,middle,False,Dr Katherine Patricia York|W3097439803
Dr Katherine Patricia York,A5044782193,W4413003122,middle,False,Dr Katherine Patricia York|W4413003122
Dr Katherine Patricia York,A5044782193,W4234378394,first,False,Dr Katherine Patricia York|W4234378394
Dr Katherine Patricia York,A5044782193,W3112973837,middle,False,Dr Katherine Patricia York|W3112973837
Dr Katherine Patricia York,A5044782193,W4414673637,middle,False,Dr Katherine Patricia York|W4414673637
Dr Katherine Patricia York,A5044782193,W4412597033,middle,False,Dr Katherine Patricia York|W4412597033
Dr Katherine Patricia York,A5044782193,W2528076255,middle,False,Dr Katherine Patricia York|W2528076255
Dr Katherine Patricia York,A5044782193,W4230609387,middle,False,Dr Katherine Patricia York|W4230609387
Dr Katherine Patricia York,A5044782193,W4246254415,middle,False,Dr Katherine Patricia York|W4246254415
Dr Katherine Patricia York,A5044782193,W4247759013,middle,False,Dr Katherine Patricia York|W4247759013
Dr Katherine Patricia York,A5044782193,W4394679431,middle,False,Dr Katherine Patricia York|W4394679431
Dr Katherine Patricia York,A5044782193,W4400125530,middle,False,Dr Katherine Patricia York|W4400125530
Dr Katherine Patricia York,A5044782193,W4410697464,middle,False,Dr Katherine Patricia York|W4410697464
Dr Katherine Patricia York,A5044782193,W4415200481,middle,False,Dr Katherine Patricia York|W4415200481
Dr Katherine Sarah Armour,A5086779083,W2617197078,middle,False,Dr Katherine Sarah Armour|W2617197078
Dr Katherine Sarah Armour,A5086779083,W2885022553,middle,False,Dr Katherine Sarah Armour|W2885022553
Dr Katherine Sarah Armour,A5086779083,W2100067080,middle,False,Dr Katherine Sarah Armour|W2100067080
Dr Katherine Sarah Armour,A5086779083,W2852754109,middle,False,Dr Katherine Sarah Armour|W2852754109
Dr Katherine Sarah Armour,A5086779083,W2025121555,first,True,Dr Katherine Sarah Armour|W2025121555
Dr Katherine Sarah Armour,A5086779083,W2474894958,middle,False,Dr Katherine Sarah Armour|W2474894958
Dr Katherine Sarah Armour,A5086779083,W2605460099,middle,False,Dr Katherine Sarah Armour|W2605460099
Dr Katherine Sarah Armour,A5086779083,W3048953062,middle,False,Dr Katherine Sarah Armour|W3048953062
Dr Katherine Sarah Armour,A5086779083,W4410370618,middle,False,Dr Katherine Sarah Armour|W4410370618
Dr Katherine Sarah Armour,A5086779083,W4388413942,middle,False,Dr Katherine Sarah Armour|W4388413942
Dr Katherine Sarah Armour,A5086779083,W2140930351,first,True,Dr Katherine Sarah Armour|W2140930351
Dr Katherine Sarah Armour,A5086779083,W2024494277,last,False,Dr Katherine Sarah Armour|W2024494277
Dr Katherine Sarah Armour,A5086779083,W2035549258,first,False,Dr Katherine Sarah Armour|W2035549258
Dr Katherine Sarah Armour,A5086779083,W2086202252,first,False,Dr Katherine Sarah Armour|W2086202252
Dr Katherine Sarah Armour,A5086779083,W1490336850,first,True,Dr Katherine Sarah Armour|W1490336850
Dr Kathryn Maree De Ambrosis,A5056801236,W1817685618,last,False,Dr Kathryn Maree De Ambrosis|W1817685618
Dr Ken Joseph Gudmundsen,A5018379944,W2076499338,last,False,Dr Ken Joseph Gudmundsen|W2076499338
Dr Ken Joseph Gudmundsen,A5018379944,W2064733748,first,False,Dr Ken Joseph Gudmundsen|W2064733748
Dr Ken Joseph Gudmundsen,A5018379944,W2064337385,first,False,Dr Ken Joseph Gudmundsen|W2064337385
Dr Ken Joseph Gudmundsen,A5018379944,W1968816818,first,False,Dr Ken Joseph Gudmundsen|W1968816818
Dr Ken Joseph Gudmundsen,A5018379944,W2010776831,first,False,Dr Ken Joseph Gudmundsen|W2010776831
Dr Ken Joseph Gudmundsen,A5018379944,W2056217685,first,False,Dr Ken Joseph Gudmundsen|W2056217685
Dr Ken Joseph Gudmundsen,A5018379944,W2999901380,middle,False,Dr Ken Joseph Gudmundsen|W2999901380
Dr Kendall Katie Sharpe,A5013987995,W2481695400,middle,False,Dr Kendall Katie Sharpe|W2481695400
Dr Kendall Katie Sharpe,A5013987995,W2109259063,middle,False,Dr Kendall Katie Sharpe|W2109259063
Dr Kendall Katie Sharpe,A5013987995,W2619687601,middle,True,Dr Kendall Katie Sharpe|W2619687601
Dr Keng-Ee  Thai,A5035955354,W2038956615,first,False,Dr Keng-Ee  Thai|W2038956615
Dr Keng-Ee  Thai,A5035955354,W2003365230,first,False,Dr Keng-Ee  Thai|W2003365230
Dr Keng-Ee  Thai,A5035955354,W1980064440,first,False,Dr Keng-Ee  Thai|W1980064440
Dr Keng-Ee  Thai,A5035955354,W1668023273,last,False,Dr Keng-Ee  Thai|W1668023273
Dr Keng-Ee  Thai,A5035955354,W2158178564,first,False,Dr Keng-Ee  Thai|W2158178564
Dr Keng-Ee  Thai,A5035955354,W1952807862,first,True,Dr Keng-Ee  Thai|W1952807862
Dr Keng-Ee  Thai,A5035955354,W2034207876,first,False,Dr Keng-Ee  Thai|W2034207876
Dr Keng-Ee  Thai,A5035955354,W2137597763,first,False,Dr Keng-Ee  Thai|W2137597763
Dr Keng-Ee  Thai,A5035955354,W2127245706,first,False,Dr Keng-Ee  Thai|W2127245706
Dr Keng-Ee  Thai,A5035955354,W2056239240,last,False,Dr Keng-Ee  Thai|W2056239240
Dr Keng-Ee  Thai,A5035955354,W3033543534,last,False,Dr Keng-Ee  Thai|W3033543534
Dr Keng-Ee  Thai,A5035955354,W2165375625,first,False,Dr Keng-Ee  Thai|W2165375625
Dr Keng-Ee  Thai,A5035955354,W2158006054,first,False,Dr Keng-Ee  Thai|W2158006054
Dr Keng-Ee  Thai,A5035955354,W4380481462,last,False,Dr Keng-Ee  Thai|W4380481462
Dr Keng-Ee  Thai,A5035955354,W2047324837,first,True,Dr Keng-Ee  Thai|W2047324837
Dr Keng-Ee  Thai,A5035955354,W2126670718,last,False,Dr Keng-Ee  Thai|W2126670718
Dr Kerry Ann Crotty,A5035643981,W2052280998,middle,False,Dr Kerry Ann Crotty|W2052280998
Dr Kerry Ann Crotty,A5035643981,W2008516757,middle,False,Dr Kerry Ann Crotty|W2008516757
Dr Kerry Ann Crotty,A5035643981,W4322700127,middle,False,Dr Kerry Ann Crotty|W4322700127
Dr Kerry Ann Crotty,A5035643981,W1973159506,middle,False,Dr Kerry Ann Crotty|W1973159506
Dr Kerry Ann Crotty,A5035643981,W2021419048,middle,False,Dr Kerry Ann Crotty|W2021419048
Dr Kerry Ann Crotty,A5035643981,W2038276637,middle,False,Dr Kerry Ann Crotty|W2038276637
Dr Kerry Ann Crotty,A5035643981,W2056506974,middle,False,Dr Kerry Ann Crotty|W2056506974
Dr Kerry Ann Crotty,A5035643981,W2133157220,first,False,Dr Kerry Ann Crotty|W2133157220
Dr Kerry Ann Crotty,A5035643981,W2144468416,middle,False,Dr Kerry Ann Crotty|W2144468416
Dr Kerry Ann Crotty,A5035643981,W2018152200,middle,False,Dr Kerry Ann Crotty|W2018152200
Dr Kerry Ann Crotty,A5035643981,W1983409653,middle,False,Dr Kerry Ann Crotty|W1983409653
Dr Kerry Ann Crotty,A5035643981,W2005489720,middle,False,Dr Kerry Ann Crotty|W2005489720
Dr Kerry Ann Crotty,A5035643981,W198123609,middle,False,Dr Kerry Ann Crotty|W198123609
Dr Kerry Ann Crotty,A5035643981,W2037559181,middle,False,Dr Kerry Ann Crotty|W2037559181
Dr Kerry Ann Crotty,A5035643981,W1984528344,middle,False,Dr Kerry Ann Crotty|W1984528344
Dr Kerry Ann Crotty,A5035643981,W1996639067,middle,False,Dr Kerry Ann Crotty|W1996639067
Dr Kerry Ann Crotty,A5035643981,W2037374009,first,True,Dr Kerry Ann Crotty|W2037374009
Dr Kerry Ann Crotty,A5035643981,W2069582165,last,False,Dr Kerry Ann Crotty|W2069582165
Dr Kerry Ann Crotty,A5035643981,W2064138790,first,True,Dr Kerry Ann Crotty|W2064138790
Dr Kerry Ann Crotty,A5035643981,W2061649410,first,False,Dr Kerry Ann Crotty|W2061649410
Dr Kerry Ann Crotty,A5035643981,W2029234276,middle,False,Dr Kerry Ann Crotty|W2029234276
Dr Kerry Ann Crotty,A5035643981,W2045297055,middle,False,Dr Kerry Ann Crotty|W2045297055
Dr Kerry Ann Crotty,A5035643981,W1992999801,middle,False,Dr Kerry Ann Crotty|W1992999801
Dr Kerry Ann Crotty,A5035643981,W1977125542,middle,False,Dr Kerry Ann Crotty|W1977125542
Dr Kerry Ann Crotty,A5035643981,W2117863009,first,True,Dr Kerry Ann Crotty|W2117863009
Dr Kerry Ann Crotty,A5035643981,W2317583393,middle,False,Dr Kerry Ann Crotty|W2317583393
Dr Kerry Ann Crotty,A5035643981,W1979643444,first,True,Dr Kerry Ann Crotty|W1979643444
Dr Kerry Ann Crotty,A5035643981,W1994074871,middle,False,Dr Kerry Ann Crotty|W1994074871
Dr Kerry Ann Crotty,A5035643981,W1547437067,middle,False,Dr Kerry Ann Crotty|W1547437067
Dr Kerry Ann Crotty,A5035643981,W2067938131,middle,False,Dr Kerry Ann Crotty|W2067938131
Dr Kerry Ann Crotty,A5035643981,W1963790140,middle,False,Dr Kerry Ann Crotty|W1963790140
Dr Kerry Ann Crotty,A5035643981,W2020434347,middle,False,Dr Kerry Ann Crotty|W2020434347
Dr Kerry Ann Crotty,A5035643981,W2469651000,middle,False,Dr Kerry Ann Crotty|W2469651000
Dr Kerry Ann Crotty,A5035643981,W1971615046,middle,False,Dr Kerry Ann Crotty|W1971615046
Dr Kerry Ann Crotty,A5035643981,W1998950123,middle,False,Dr Kerry Ann Crotty|W1998950123
Dr Kerry Ann Crotty,A5035643981,W2039795659,middle,False,Dr Kerry Ann Crotty|W2039795659
Dr Kerry Ann Crotty,A5035643981,W2488215895,first,False,Dr Kerry Ann Crotty|W2488215895
Dr Kerry Ann Crotty,A5035643981,W2408227526,middle,False,Dr Kerry Ann Crotty|W2408227526
Dr Kerry Ann Crotty,A5035643981,W2035819804,middle,False,Dr Kerry Ann Crotty|W2035819804
Dr Kerry Ann Crotty,A5035643981,W2082091656,first,True,Dr Kerry Ann Crotty|W2082091656
Dr Kerry Ann Crotty,A5035643981,W2087363803,middle,False,Dr Kerry Ann Crotty|W2087363803
Dr Kerry Ann Crotty,A5035643981,W2319776658,first,False,Dr Kerry Ann Crotty|W2319776658
Dr Kerry Ann Crotty,A5035643981,W327901940,middle,False,Dr Kerry Ann Crotty|W327901940
Dr Kerry Ann Crotty,A5035643981,W4234321698,middle,False,Dr Kerry Ann Crotty|W4234321698
Dr Kerry Ann Crotty,A5035643981,W1982180984,middle,False,Dr Kerry Ann Crotty|W1982180984
Dr Kerry Ann Crotty,A5035643981,W2011377251,middle,False,Dr Kerry Ann Crotty|W2011377251
Dr Kerry Ann Crotty,A5035643981,W2028605828,middle,False,Dr Kerry Ann Crotty|W2028605828
Dr Kerry Ann Crotty,A5035643981,W2040276785,middle,False,Dr Kerry Ann Crotty|W2040276785
Dr Kerry Ann Crotty,A5035643981,W2067817779,middle,False,Dr Kerry Ann Crotty|W2067817779
Dr Kerry Ann Crotty,A5035643981,W2071954107,middle,False,Dr Kerry Ann Crotty|W2071954107
Dr Kerry Ann Crotty,A5035643981,W2072393324,middle,False,Dr Kerry Ann Crotty|W2072393324
Dr Kerry Ann Crotty,A5035643981,W2089657871,middle,False,Dr Kerry Ann Crotty|W2089657871
Dr Kerry Ann Crotty,A5035643981,W2242228900,last,False,Dr Kerry Ann Crotty|W2242228900
Dr Kerry Ann Crotty,A5035643981,W2331653168,first,True,Dr Kerry Ann Crotty|W2331653168
Dr Kerry Ann Crotty,A5035643981,W2480295370,last,False,Dr Kerry Ann Crotty|W2480295370
Dr Kerry Ann Crotty,A5035643981,W2482987736,last,False,Dr Kerry Ann Crotty|W2482987736
Dr Kerry Ann Crotty,A5035643981,W4251628412,middle,True,Dr Kerry Ann Crotty|W4251628412
Dr Kerry Ann Crotty,A5035643981,W4414716590,first,False,Dr Kerry Ann Crotty|W4414716590
Dr Kurosh  Parsi,A5071771484,W2148195080,middle,False,Dr Kurosh  Parsi|W2148195080
Dr Kurosh  Parsi,A5071771484,W2120962056,last,False,Dr Kurosh  Parsi|W2120962056
Dr Kurosh  Parsi,A5071771484,W2422302159,middle,False,Dr Kurosh  Parsi|W2422302159
Dr Kurosh  Parsi,A5071771484,W2101439827,first,True,Dr Kurosh  Parsi|W2101439827
Dr Kurosh  Parsi,A5071771484,W2256288584,middle,False,Dr Kurosh  Parsi|W2256288584
Dr Kurosh  Parsi,A5071771484,W4324129496,middle,True,Dr Kurosh  Parsi|W4324129496
Dr Kurosh  Parsi,A5071771484,W4388014196,first,True,Dr Kurosh  Parsi|W4388014196
Dr Kurosh  Parsi,A5071771484,W1972776442,first,True,Dr Kurosh  Parsi|W1972776442
Dr Kurosh  Parsi,A5071771484,W2101970430,first,True,Dr Kurosh  Parsi|W2101970430
Dr Kurosh  Parsi,A5071771484,W1971656059,first,True,Dr Kurosh  Parsi|W1971656059
Dr Kurosh  Parsi,A5071771484,W2052108448,first,True,Dr Kurosh  Parsi|W2052108448
Dr Kurosh  Parsi,A5071771484,W1997825006,middle,False,Dr Kurosh  Parsi|W1997825006
Dr Kurosh  Parsi,A5071771484,W2586528321,last,True,Dr Kurosh  Parsi|W2586528321
Dr Kurosh  Parsi,A5071771484,W2005772242,last,False,Dr Kurosh  Parsi|W2005772242
Dr Kurosh  Parsi,A5071771484,W2129247355,last,True,Dr Kurosh  Parsi|W2129247355
Dr Kurosh  Parsi,A5071771484,W2038136943,last,True,Dr Kurosh  Parsi|W2038136943
Dr Kurosh  Parsi,A5071771484,W2061686458,last,True,Dr Kurosh  Parsi|W2061686458
Dr Kurosh  Parsi,A5071771484,W2952678668,first,False,Dr Kurosh  Parsi|W2952678668
Dr Kurosh  Parsi,A5071771484,W2035649382,first,True,Dr Kurosh  Parsi|W2035649382
Dr Kurosh  Parsi,A5071771484,W1969036326,first,True,Dr Kurosh  Parsi|W1969036326
Dr Kurosh  Parsi,A5071771484,W1900743477,middle,False,Dr Kurosh  Parsi|W1900743477
Dr Kurosh  Parsi,A5071771484,W2972335125,first,True,Dr Kurosh  Parsi|W2972335125
Dr Kurosh  Parsi,A5071771484,W4388014229,middle,False,Dr Kurosh  Parsi|W4388014229
Dr Kurosh  Parsi,A5071771484,W3013688849,last,True,Dr Kurosh  Parsi|W3013688849
Dr Kurosh  Parsi,A5071771484,W4225378164,last,True,Dr Kurosh  Parsi|W4225378164
Dr Kurosh  Parsi,A5071771484,W4389804944,middle,False,Dr Kurosh  Parsi|W4389804944
Dr Kurosh  Parsi,A5071771484,W4400951675,first,True,Dr Kurosh  Parsi|W4400951675
Dr Kurosh  Parsi,A5071771484,W2048407117,first,True,Dr Kurosh  Parsi|W2048407117
Dr Kurosh  Parsi,A5071771484,W2093433483,last,True,Dr Kurosh  Parsi|W2093433483
Dr Kurosh  Parsi,A5071771484,W2021294046,first,True,Dr Kurosh  Parsi|W2021294046
Dr Kurosh  Parsi,A5071771484,W2043146836,first,False,Dr Kurosh  Parsi|W2043146836
Dr Kurosh  Parsi,A5071771484,W2171821051,last,True,Dr Kurosh  Parsi|W2171821051
Dr Kurosh  Parsi,A5071771484,W1982011321,first,False,Dr Kurosh  Parsi|W1982011321
Dr Kurosh  Parsi,A5071771484,W2102528400,first,True,Dr Kurosh  Parsi|W2102528400
Dr Kurosh  Parsi,A5071771484,W2402435609,last,True,Dr Kurosh  Parsi|W2402435609
Dr Kurosh  Parsi,A5071771484,W3025488453,first,True,Dr Kurosh  Parsi|W3025488453
Dr Kurosh  Parsi,A5071771484,W4295910731,last,True,Dr Kurosh  Parsi|W4295910731
Dr Kurosh  Parsi,A5071771484,W2528527193,last,True,Dr Kurosh  Parsi|W2528527193
Dr Kurosh  Parsi,A5071771484,W3139402667,last,True,Dr Kurosh  Parsi|W3139402667
Dr Kurosh  Parsi,A5071771484,W4386254771,last,True,Dr Kurosh  Parsi|W4386254771
Dr Kurosh  Parsi,A5071771484,W2312267046,last,False,Dr Kurosh  Parsi|W2312267046
Dr Kurosh  Parsi,A5071771484,W2969265571,last,True,Dr Kurosh  Parsi|W2969265571
Dr Kurosh  Parsi,A5071771484,W4389299286,middle,False,Dr Kurosh  Parsi|W4389299286
Dr Kurosh  Parsi,A5071771484,W4389395067,middle,False,Dr Kurosh  Parsi|W4389395067
Dr Kurosh  Parsi,A5071771484,W4388129785,middle,False,Dr Kurosh  Parsi|W4388129785
Dr Kurosh  Parsi,A5071771484,W3164514859,last,True,Dr Kurosh  Parsi|W3164514859
Dr Kurosh  Parsi,A5071771484,W4321494865,last,True,Dr Kurosh  Parsi|W4321494865
Dr Kurosh  Parsi,A5071771484,W2057089110,first,True,Dr Kurosh  Parsi|W2057089110
Dr Kurosh  Parsi,A5071771484,W1840486214,first,True,Dr Kurosh  Parsi|W1840486214
Dr Kurosh  Parsi,A5071771484,W1598387850,first,True,Dr Kurosh  Parsi|W1598387850
Dr Kurosh  Parsi,A5071771484,W2921832589,last,False,Dr Kurosh  Parsi|W2921832589
Dr Kurosh  Parsi,A5071771484,W2169101511,first,True,Dr Kurosh  Parsi|W2169101511
Dr Kurosh  Parsi,A5071771484,W2103056192,first,True,Dr Kurosh  Parsi|W2103056192
Dr Kurosh  Parsi,A5071771484,W2044528860,last,True,Dr Kurosh  Parsi|W2044528860
Dr Kurosh  Parsi,A5071771484,W2320824354,last,True,Dr Kurosh  Parsi|W2320824354
Dr Kurosh  Parsi,A5071771484,W2781430127,middle,False,Dr Kurosh  Parsi|W2781430127
Dr Kurosh  Parsi,A5071771484,W2254333252,first,False,Dr Kurosh  Parsi|W2254333252
Dr Kurosh  Parsi,A5071771484,W2038443759,last,False,Dr Kurosh  Parsi|W2038443759
Dr Kurosh  Parsi,A5071771484,W3083172711,first,True,Dr Kurosh  Parsi|W3083172711
Dr Kurosh  Parsi,A5071771484,W4221134919,last,True,Dr Kurosh  Parsi|W4221134919
Dr Kurosh  Parsi,A5071771484,W4221059508,first,True,Dr Kurosh  Parsi|W4221059508
Dr Kurosh  Parsi,A5071771484,W4388516504,last,False,Dr Kurosh  Parsi|W4388516504
Dr Kurosh  Parsi,A5071771484,W4393318793,middle,False,Dr Kurosh  Parsi|W4393318793
Dr Kurosh  Parsi,A5071771484,W4409767312,last,True,Dr Kurosh  Parsi|W4409767312
Dr Kurosh  Parsi,A5071771484,W1973882996,first,True,Dr Kurosh  Parsi|W1973882996
Dr Kurosh  Parsi,A5071771484,W1964222549,last,False,Dr Kurosh  Parsi|W1964222549
Dr Kurosh  Parsi,A5071771484,W1977128047,last,True,Dr Kurosh  Parsi|W1977128047
Dr Kurosh  Parsi,A5071771484,W2125545217,last,False,Dr Kurosh  Parsi|W2125545217
Dr Kurosh  Parsi,A5071771484,W2800667837,last,True,Dr Kurosh  Parsi|W2800667837
Dr Kurosh  Parsi,A5071771484,W2128098169,last,True,Dr Kurosh  Parsi|W2128098169
Dr Kurosh  Parsi,A5071771484,W2735329819,last,True,Dr Kurosh  Parsi|W2735329819
Dr Kurosh  Parsi,A5071771484,W2760989470,first,True,Dr Kurosh  Parsi|W2760989470
Dr Kurosh  Parsi,A5071771484,W2152756500,last,False,Dr Kurosh  Parsi|W2152756500
Dr Kurosh  Parsi,A5071771484,W2531665176,last,True,Dr Kurosh  Parsi|W2531665176
Dr Kurosh  Parsi,A5071771484,W2911674199,first,True,Dr Kurosh  Parsi|W2911674199
Dr Kurosh  Parsi,A5071771484,W2915053430,last,True,Dr Kurosh  Parsi|W2915053430
Dr Kurosh  Parsi,A5071771484,W4223440306,last,True,Dr Kurosh  Parsi|W4223440306
Dr Kurosh  Parsi,A5071771484,W4388133206,middle,False,Dr Kurosh  Parsi|W4388133206
Dr Kurosh  Parsi,A5071771484,W4389356312,middle,False,Dr Kurosh  Parsi|W4389356312
Dr Kurosh  Parsi,A5071771484,W4399587482,last,True,Dr Kurosh  Parsi|W4399587482
Dr Kurosh  Parsi,A5071771484,W1998406592,first,False,Dr Kurosh  Parsi|W1998406592
Dr Kurosh  Parsi,A5071771484,W2130430638,middle,False,Dr Kurosh  Parsi|W2130430638
Dr Kurosh  Parsi,A5071771484,W4211013014,middle,False,Dr Kurosh  Parsi|W4211013014
Dr Kurosh  Parsi,A5071771484,W4402721458,first,False,Dr Kurosh  Parsi|W4402721458
Dr Kurosh  Parsi,A5071771484,W2412168350,last,False,Dr Kurosh  Parsi|W2412168350
Dr Kurosh  Parsi,A5071771484,W3087185172,last,False,Dr Kurosh  Parsi|W3087185172
Dr Kurosh  Parsi,A5071771484,W4402736728,last,False,Dr Kurosh  Parsi|W4402736728
Dr Kurosh  Parsi,A5071771484,W3017461363,first,False,Dr Kurosh  Parsi|W3017461363
Dr Kurosh  Parsi,A5071771484,W3020599349,first,True,Dr Kurosh  Parsi|W3020599349
Dr Kurosh  Parsi,A5071771484,W4240356154,first,False,Dr Kurosh  Parsi|W4240356154
Dr Kurosh  Parsi,A5071771484,W4378783626,last,True,Dr Kurosh  Parsi|W4378783626
Dr Kurosh  Parsi,A5071771484,W4388033609,middle,False,Dr Kurosh  Parsi|W4388033609
Dr Kurosh  Parsi,A5071771484,W4393161912,first,True,Dr Kurosh  Parsi|W4393161912
Dr Kurosh  Parsi,A5071771484,W753320747,first,True,Dr Kurosh  Parsi|W753320747
Dr Kurosh  Parsi,A5071771484,W2103173364,middle,False,Dr Kurosh  Parsi|W2103173364
Dr Kurosh  Parsi,A5071771484,W2339014554,middle,False,Dr Kurosh  Parsi|W2339014554
Dr Kurosh  Parsi,A5071771484,W2738603090,middle,False,Dr Kurosh  Parsi|W2738603090
Dr Kurosh  Parsi,A5071771484,W2759410917,last,False,Dr Kurosh  Parsi|W2759410917
Dr Kurosh  Parsi,A5071771484,W2760884364,first,True,Dr Kurosh  Parsi|W2760884364
Dr Kurosh  Parsi,A5071771484,W2809518896,first,False,Dr Kurosh  Parsi|W2809518896
Dr Kurosh  Parsi,A5071771484,W2910687875,first,True,Dr Kurosh  Parsi|W2910687875
Dr Kurosh  Parsi,A5071771484,W2963780726,last,True,Dr Kurosh  Parsi|W2963780726
Dr Kurosh  Parsi,A5071771484,W2988711408,first,False,Dr Kurosh  Parsi|W2988711408
Dr Kurosh  Parsi,A5071771484,W3009380631,first,False,Dr Kurosh  Parsi|W3009380631
Dr Kurosh  Parsi,A5071771484,W3009447055,first,False,Dr Kurosh  Parsi|W3009447055
Dr Kurosh  Parsi,A5071771484,W3010354858,first,False,Dr Kurosh  Parsi|W3010354858
Dr Kurosh  Parsi,A5071771484,W3010523087,first,False,Dr Kurosh  Parsi|W3010523087
Dr Kurosh  Parsi,A5071771484,W3158639700,first,True,Dr Kurosh  Parsi|W3158639700
Dr Kurosh  Parsi,A5071771484,W3185944191,last,False,Dr Kurosh  Parsi|W3185944191
Dr Kurosh  Parsi,A5071771484,W4290861367,first,True,Dr Kurosh  Parsi|W4290861367
Dr Kurosh  Parsi,A5071771484,W4307340637,first,True,Dr Kurosh  Parsi|W4307340637
Dr Kurosh  Parsi,A5071771484,W4318393438,first,False,Dr Kurosh  Parsi|W4318393438
Dr Kurosh  Parsi,A5071771484,W4387542246,last,True,Dr Kurosh  Parsi|W4387542246
Dr Kurosh  Parsi,A5071771484,W4389831979,middle,False,Dr Kurosh  Parsi|W4389831979
Dr Kurosh  Parsi,A5071771484,W4394242076,last,False,Dr Kurosh  Parsi|W4394242076
Dr Kurosh  Parsi,A5071771484,W4401315193,last,True,Dr Kurosh  Parsi|W4401315193
Dr Kurosh  Parsi,A5071771484,W4403457341,first,True,Dr Kurosh  Parsi|W4403457341
Dr Kurosh  Parsi,A5071771484,W4412492233,last,True,Dr Kurosh  Parsi|W4412492233
Dr Kurosh  Parsi,A5071771484,W4414468352,last,True,Dr Kurosh  Parsi|W4414468352
Dr Kurosh  Parsi,A5071771484,W7124434576,last,True,Dr Kurosh  Parsi|W7124434576
Dr Kurosh  Parsi,A5071771484,W7148628399,last,False,Dr Kurosh  Parsi|W7148628399
Dr Kurt Aaron Josef Gebauer,A5069967041,W1991520044,middle,False,Dr Kurt Aaron Josef Gebauer|W1991520044
Dr Kurt Aaron Josef Gebauer,A5069967041,W2617197078,middle,False,Dr Kurt Aaron Josef Gebauer|W2617197078
Dr Kurt Aaron Josef Gebauer,A5069967041,W2885022553,middle,False,Dr Kurt Aaron Josef Gebauer|W2885022553
Dr Kurt Aaron Josef Gebauer,A5069967041,W2410446282,middle,False,Dr Kurt Aaron Josef Gebauer|W2410446282
Dr Kurt Aaron Josef Gebauer,A5069967041,W1527180777,last,False,Dr Kurt Aaron Josef Gebauer|W1527180777
Dr Kurt Aaron Josef Gebauer,A5069967041,W3190122872,middle,False,Dr Kurt Aaron Josef Gebauer|W3190122872
Dr Kurt Aaron Josef Gebauer,A5069967041,W1514153239,last,False,Dr Kurt Aaron Josef Gebauer|W1514153239
Dr Kurt Aaron Josef Gebauer,A5069967041,W4387077952,middle,False,Dr Kurt Aaron Josef Gebauer|W4387077952
Dr Kurt Aaron Josef Gebauer,A5069967041,W4393282627,first,True,Dr Kurt Aaron Josef Gebauer|W4393282627
Dr Kurt Aaron Josef Gebauer,A5069967041,W4405695730,middle,False,Dr Kurt Aaron Josef Gebauer|W4405695730
Dr Kurt Aaron Josef Gebauer,A5069967041,W1970298612,middle,False,Dr Kurt Aaron Josef Gebauer|W1970298612
Dr Kurt Aaron Josef Gebauer,A5069967041,W2139525078,middle,False,Dr Kurt Aaron Josef Gebauer|W2139525078
Dr Kurt Aaron Josef Gebauer,A5069967041,W1980209790,last,True,Dr Kurt Aaron Josef Gebauer|W1980209790
Dr Kurt Aaron Josef Gebauer,A5069967041,W2055979589,first,True,Dr Kurt Aaron Josef Gebauer|W2055979589
Dr Kurt Aaron Josef Gebauer,A5069967041,W2132478148,middle,False,Dr Kurt Aaron Josef Gebauer|W2132478148
Dr Kurt Aaron Josef Gebauer,A5069967041,W2159478438,middle,False,Dr Kurt Aaron Josef Gebauer|W2159478438
Dr Kurt Aaron Josef Gebauer,A5069967041,W2122545507,middle,False,Dr Kurt Aaron Josef Gebauer|W2122545507
Dr Kurt Aaron Josef Gebauer,A5069967041,W2018738562,first,True,Dr Kurt Aaron Josef Gebauer|W2018738562
Dr Kurt Aaron Josef Gebauer,A5069967041,W2852754109,middle,False,Dr Kurt Aaron Josef Gebauer|W2852754109
Dr Kurt Aaron Josef Gebauer,A5069967041,W2973998844,middle,False,Dr Kurt Aaron Josef Gebauer|W2973998844
Dr Kurt Aaron Josef Gebauer,A5069967041,W2781282184,first,True,Dr Kurt Aaron Josef Gebauer|W2781282184
Dr Kurt Aaron Josef Gebauer,A5069967041,W4221135275,middle,False,Dr Kurt Aaron Josef Gebauer|W4221135275
Dr Kurt Aaron Josef Gebauer,A5069967041,W4224327048,middle,False,Dr Kurt Aaron Josef Gebauer|W4224327048
Dr Kurt Aaron Josef Gebauer,A5069967041,W2734369267,middle,False,Dr Kurt Aaron Josef Gebauer|W2734369267
Dr Kurt Aaron Josef Gebauer,A5069967041,W4404641436,last,False,Dr Kurt Aaron Josef Gebauer|W4404641436
Dr Kurt Aaron Josef Gebauer,A5069967041,W4402731446,middle,False,Dr Kurt Aaron Josef Gebauer|W4402731446
Dr Kurt Aaron Josef Gebauer,A5069967041,W4416704562,middle,False,Dr Kurt Aaron Josef Gebauer|W4416704562
Dr Kurt Aaron Josef Gebauer,A5069967041,W4408070453,middle,False,Dr Kurt Aaron Josef Gebauer|W4408070453
Dr Kurt Aaron Josef Gebauer,A5069967041,W2080179220,last,False,Dr Kurt Aaron Josef Gebauer|W2080179220
Dr Kurt Aaron Josef Gebauer,A5069967041,W2008283339,middle,False,Dr Kurt Aaron Josef Gebauer|W2008283339
Dr Kurt Aaron Josef Gebauer,A5069967041,W2593514818,middle,False,Dr Kurt Aaron Josef Gebauer|W2593514818
Dr Kurt Aaron Josef Gebauer,A5069967041,W2126291581,first,True,Dr Kurt Aaron Josef Gebauer|W2126291581
Dr Kurt Aaron Josef Gebauer,A5069967041,W2143803333,last,False,Dr Kurt Aaron Josef Gebauer|W2143803333
Dr Kurt Aaron Josef Gebauer,A5069967041,W2474894958,middle,False,Dr Kurt Aaron Josef Gebauer|W2474894958
Dr Kurt Aaron Josef Gebauer,A5069967041,W2965239245,middle,False,Dr Kurt Aaron Josef Gebauer|W2965239245
Dr Kurt Aaron Josef Gebauer,A5069967041,W2166174508,middle,False,Dr Kurt Aaron Josef Gebauer|W2166174508
Dr Kurt Aaron Josef Gebauer,A5069967041,W3048953062,middle,False,Dr Kurt Aaron Josef Gebauer|W3048953062
Dr Kurt Aaron Josef Gebauer,A5069967041,W4385331055,middle,False,Dr Kurt Aaron Josef Gebauer|W4385331055
Dr Kurt Aaron Josef Gebauer,A5069967041,W1999901070,first,True,Dr Kurt Aaron Josef Gebauer|W1999901070
Dr Kurt Aaron Josef Gebauer,A5069967041,W4213031211,middle,False,Dr Kurt Aaron Josef Gebauer|W4213031211
Dr Kurt Aaron Josef Gebauer,A5069967041,W4404489452,middle,False,Dr Kurt Aaron Josef Gebauer|W4404489452
Dr Kurt Aaron Josef Gebauer,A5069967041,W4410370618,middle,False,Dr Kurt Aaron Josef Gebauer|W4410370618
Dr Kurt Aaron Josef Gebauer,A5069967041,W2129152041,middle,False,Dr Kurt Aaron Josef Gebauer|W2129152041
Dr Kurt Aaron Josef Gebauer,A5069967041,W2132660491,middle,False,Dr Kurt Aaron Josef Gebauer|W2132660491
Dr Kurt Aaron Josef Gebauer,A5069967041,W2039694163,middle,False,Dr Kurt Aaron Josef Gebauer|W2039694163
Dr Kurt Aaron Josef Gebauer,A5069967041,W2041442305,first,False,Dr Kurt Aaron Josef Gebauer|W2041442305
Dr Kurt Aaron Josef Gebauer,A5069967041,W2006664743,first,True,Dr Kurt Aaron Josef Gebauer|W2006664743
Dr Kurt Aaron Josef Gebauer,A5069967041,W1525009581,last,False,Dr Kurt Aaron Josef Gebauer|W1525009581
Dr Kurt Aaron Josef Gebauer,A5069967041,W2800063206,last,False,Dr Kurt Aaron Josef Gebauer|W2800063206
Dr Kurt Aaron Josef Gebauer,A5069967041,W2754542516,middle,False,Dr Kurt Aaron Josef Gebauer|W2754542516
Dr Kurt Aaron Josef Gebauer,A5069967041,W3081835091,middle,False,Dr Kurt Aaron Josef Gebauer|W3081835091
Dr Kurt Aaron Josef Gebauer,A5069967041,W7117452065,middle,False,Dr Kurt Aaron Josef Gebauer|W7117452065
Dr Kurt Aaron Josef Gebauer,A5069967041,W2085587601,last,True,Dr Kurt Aaron Josef Gebauer|W2085587601
Dr Kurt Aaron Josef Gebauer,A5069967041,W2135096962,last,False,Dr Kurt Aaron Josef Gebauer|W2135096962
Dr Kurt Aaron Josef Gebauer,A5069967041,W1986653651,first,True,Dr Kurt Aaron Josef Gebauer|W1986653651
Dr Kurt Aaron Josef Gebauer,A5069967041,W2008180363,last,False,Dr Kurt Aaron Josef Gebauer|W2008180363
Dr Kurt Aaron Josef Gebauer,A5069967041,W2004365385,middle,False,Dr Kurt Aaron Josef Gebauer|W2004365385
Dr Kurt Aaron Josef Gebauer,A5069967041,W2037267863,first,True,Dr Kurt Aaron Josef Gebauer|W2037267863
Dr Kurt Aaron Josef Gebauer,A5069967041,W2145717719,last,False,Dr Kurt Aaron Josef Gebauer|W2145717719
Dr Kurt Aaron Josef Gebauer,A5069967041,W2060784211,first,False,Dr Kurt Aaron Josef Gebauer|W2060784211
Dr Kurt Aaron Josef Gebauer,A5069967041,W2802169218,last,False,Dr Kurt Aaron Josef Gebauer|W2802169218
Dr Kurt Aaron Josef Gebauer,A5069967041,W3193937532,middle,False,Dr Kurt Aaron Josef Gebauer|W3193937532
Dr Kurt Aaron Josef Gebauer,A5069967041,W3004473967,first,False,Dr Kurt Aaron Josef Gebauer|W3004473967
Dr Kurt Aaron Josef Gebauer,A5069967041,W2076457333,first,True,Dr Kurt Aaron Josef Gebauer|W2076457333
Dr Kurt Aaron Josef Gebauer,A5069967041,W2054878897,last,False,Dr Kurt Aaron Josef Gebauer|W2054878897
Dr Kurt Aaron Josef Gebauer,A5069967041,W2066538855,first,False,Dr Kurt Aaron Josef Gebauer|W2066538855
Dr Kurt Aaron Josef Gebauer,A5069967041,W2118027244,middle,False,Dr Kurt Aaron Josef Gebauer|W2118027244
Dr Kurt Aaron Josef Gebauer,A5069967041,W2433370991,first,True,Dr Kurt Aaron Josef Gebauer|W2433370991
Dr Kurt Aaron Josef Gebauer,A5069967041,W2469895259,middle,False,Dr Kurt Aaron Josef Gebauer|W2469895259
Dr Kurt Aaron Josef Gebauer,A5069967041,W4249533482,first,False,Dr Kurt Aaron Josef Gebauer|W4249533482
Dr Kurt Aaron Josef Gebauer,A5069967041,W2018892286,first,True,Dr Kurt Aaron Josef Gebauer|W2018892286
Dr Kurt Aaron Josef Gebauer,A5069967041,W2066621374,last,False,Dr Kurt Aaron Josef Gebauer|W2066621374
Dr Kurt Aaron Josef Gebauer,A5069967041,W2075352179,first,True,Dr Kurt Aaron Josef Gebauer|W2075352179
Dr Kurt Aaron Josef Gebauer,A5069967041,W4231726995,first,True,Dr Kurt Aaron Josef Gebauer|W4231726995
Dr Kurt Aaron Josef Gebauer,A5069967041,W1967057698,middle,False,Dr Kurt Aaron Josef Gebauer|W1967057698
Dr Kurt Aaron Josef Gebauer,A5069967041,W2023517314,middle,False,Dr Kurt Aaron Josef Gebauer|W2023517314
Dr Kurt Aaron Josef Gebauer,A5069967041,W2255786699,first,True,Dr Kurt Aaron Josef Gebauer|W2255786699
Dr Kurt Aaron Josef Gebauer,A5069967041,W2281727197,last,False,Dr Kurt Aaron Josef Gebauer|W2281727197
Dr Kurt Aaron Josef Gebauer,A5069967041,W2496646964,first,True,Dr Kurt Aaron Josef Gebauer|W2496646964
Dr Kurt Aaron Josef Gebauer,A5069967041,W2894652951,first,False,Dr Kurt Aaron Josef Gebauer|W2894652951
Dr Kurt Aaron Josef Gebauer,A5069967041,W2989744960,middle,False,Dr Kurt Aaron Josef Gebauer|W2989744960
Dr Kurt Aaron Josef Gebauer,A5069967041,W3155333342,last,False,Dr Kurt Aaron Josef Gebauer|W3155333342
Dr Kurt Aaron Josef Gebauer,A5069967041,W3193808171,middle,False,Dr Kurt Aaron Josef Gebauer|W3193808171
Dr Kurt Aaron Josef Gebauer,A5069967041,W3194328499,first,False,Dr Kurt Aaron Josef Gebauer|W3194328499
Dr Kurt Aaron Josef Gebauer,A5069967041,W3196240023,middle,False,Dr Kurt Aaron Josef Gebauer|W3196240023
Dr Kurt Aaron Josef Gebauer,A5069967041,W4225592439,first,False,Dr Kurt Aaron Josef Gebauer|W4225592439
Dr Kurt Aaron Josef Gebauer,A5069967041,W4378549195,last,False,Dr Kurt Aaron Josef Gebauer|W4378549195
Dr Kurt Aaron Josef Gebauer,A5069967041,W4399298423,last,False,Dr Kurt Aaron Josef Gebauer|W4399298423
Dr Kurt Aaron Josef Gebauer,A5069967041,W4402104290,middle,False,Dr Kurt Aaron Josef Gebauer|W4402104290
Dr Kurt Aaron Josef Gebauer,A5069967041,W4405948286,middle,False,Dr Kurt Aaron Josef Gebauer|W4405948286
Dr Kurt Aaron Josef Gebauer,A5069967041,W4412994077,last,False,Dr Kurt Aaron Josef Gebauer|W4412994077
Dr Kurt Aaron Josef Gebauer,A5069967041,W7119473258,last,False,Dr Kurt Aaron Josef Gebauer|W7119473258
Dr Kyoko  Shirato,A5016674239,W2001528266,middle,False,Dr Kyoko  Shirato|W2001528266
Dr Kyoko  Shirato,A5016674239,W1895338825,middle,False,Dr Kyoko  Shirato|W1895338825
Dr Kyoko  Shirato,A5016674239,W2085836183,first,False,Dr Kyoko  Shirato|W2085836183
Dr Kyoko  Shirato,A5016674239,W1941465026,first,True,Dr Kyoko  Shirato|W1941465026
Dr Kyoko  Shirato,A5016674239,W2147018933,middle,False,Dr Kyoko  Shirato|W2147018933
Dr Lachlan John Warren,A5075404345,W1943961267,middle,False,Dr Lachlan John Warren|W1943961267
Dr Lachlan John Warren,A5075404345,W2593538788,middle,False,Dr Lachlan John Warren|W2593538788
Dr Lachlan John Warren,A5075404345,W2509475781,middle,False,Dr Lachlan John Warren|W2509475781
Dr Lachlan John Warren,A5075404345,W2160592520,middle,False,Dr Lachlan John Warren|W2160592520
Dr Lachlan John Warren,A5075404345,W1490140176,last,False,Dr Lachlan John Warren|W1490140176
Dr Lachlan John Warren,A5075404345,W2052210809,middle,False,Dr Lachlan John Warren|W2052210809
Dr Lachlan John Warren,A5075404345,W2119695252,first,False,Dr Lachlan John Warren|W2119695252
Dr Lachlan John Warren,A5075404345,W2047727589,last,False,Dr Lachlan John Warren|W2047727589
Dr Lachlan John Warren,A5075404345,W1896356855,middle,False,Dr Lachlan John Warren|W1896356855
Dr Lachlan John Warren,A5075404345,W2137129465,last,False,Dr Lachlan John Warren|W2137129465
Dr Lachlan John Warren,A5075404345,W2763454400,first,True,Dr Lachlan John Warren|W2763454400
Dr Lachlan John Warren,A5075404345,W4294568038,middle,False,Dr Lachlan John Warren|W4294568038
Dr Lachlan John Warren,A5075404345,W2071377898,first,True,Dr Lachlan John Warren|W2071377898
Dr Lachlan John Warren,A5075404345,W2032559341,middle,False,Dr Lachlan John Warren|W2032559341
Dr Lachlan John Warren,A5075404345,W1978044424,middle,False,Dr Lachlan John Warren|W1978044424
Dr Lachlan John Warren,A5075404345,W1605307464,last,False,Dr Lachlan John Warren|W1605307464
Dr Lachlan John Warren,A5075404345,W2068065582,middle,False,Dr Lachlan John Warren|W2068065582
Dr Lachlan John Warren,A5075404345,W1543341120,middle,False,Dr Lachlan John Warren|W1543341120
Dr Lachlan John Warren,A5075404345,W2332490917,last,False,Dr Lachlan John Warren|W2332490917
Dr Lachlan John Warren,A5075404345,W2414350864,last,False,Dr Lachlan John Warren|W2414350864
Dr Lachlan John Warren,A5075404345,W4413355953,middle,False,Dr Lachlan John Warren|W4413355953
Dr Lachlan John Warren,A5075404345,W2792514036,middle,False,Dr Lachlan John Warren|W2792514036
Dr Lachlan John Warren,A5075404345,W2805166325,first,False,Dr Lachlan John Warren|W2805166325
Dr Lachlan John Warren,A5075404345,W4236092980,first,False,Dr Lachlan John Warren|W4236092980
Dr Lachlan John Warren,A5075404345,W4407107778,first,True,Dr Lachlan John Warren|W4407107778
Dr Lara  Trindade De Carvalho,A5066500109,W3132913155,middle,False,Dr Lara  Trindade De Carvalho|W3132913155
Dr Lara  Trindade De Carvalho,A5066500109,W3012911470,middle,False,Dr Lara  Trindade De Carvalho|W3012911470
Dr Lara  Trindade De Carvalho,A5066500109,W3015270372,middle,False,Dr Lara  Trindade De Carvalho|W3015270372
Dr Lara  Trindade De Carvalho,A5066500109,W3093893021,middle,False,Dr Lara  Trindade De Carvalho|W3093893021
Dr Lara  Trindade De Carvalho,A5066500109,W3021797191,middle,True,Dr Lara  Trindade De Carvalho|W3021797191
Dr Lara  Trindade De Carvalho,A5066500109,W3039017274,middle,False,Dr Lara  Trindade De Carvalho|W3039017274
Dr Lara  Trindade De Carvalho,A5066500109,W3029146098,first,True,Dr Lara  Trindade De Carvalho|W3029146098
Dr Lara  Trindade De Carvalho,A5066500109,W3085851154,middle,False,Dr Lara  Trindade De Carvalho|W3085851154
Dr Lara  Trindade De Carvalho,A5066500109,W3118805466,middle,False,Dr Lara  Trindade De Carvalho|W3118805466
Dr Lara  Trindade De Carvalho,A5066500109,W4391212299,middle,False,Dr Lara  Trindade De Carvalho|W4391212299
Dr Lara  Trindade De Carvalho,A5066500109,W1885118836,last,False,Dr Lara  Trindade De Carvalho|W1885118836
Dr Lara  Trindade De Carvalho,A5066500109,W3171228295,middle,False,Dr Lara  Trindade De Carvalho|W3171228295
Dr Lara  Trindade De Carvalho,A5066500109,W3130289785,first,False,Dr Lara  Trindade De Carvalho|W3130289785
Dr Lara  Trindade De Carvalho,A5066500109,W3010422070,middle,False,Dr Lara  Trindade De Carvalho|W3010422070
Dr Lara  Trindade De Carvalho,A5066500109,W2895155261,middle,False,Dr Lara  Trindade De Carvalho|W2895155261
Dr Lara  Trindade De Carvalho,A5066500109,W1567197729,first,True,Dr Lara  Trindade De Carvalho|W1567197729
Dr Lara  Trindade De Carvalho,A5066500109,W2328520094,middle,False,Dr Lara  Trindade De Carvalho|W2328520094
Dr Lara  Trindade De Carvalho,A5066500109,W3048128734,first,True,Dr Lara  Trindade De Carvalho|W3048128734
Dr Lara  Trindade De Carvalho,A5066500109,W3163784678,first,True,Dr Lara  Trindade De Carvalho|W3163784678
Dr Lara  Trindade De Carvalho,A5066500109,W4317860934,first,False,Dr Lara  Trindade De Carvalho|W4317860934
Dr Laura  Scardamaglia,A5063349330,W4360945153,last,True,Dr Laura  Scardamaglia|W4360945153
Dr Laura  Scardamaglia,A5063349330,W1701837433,middle,False,Dr Laura  Scardamaglia|W1701837433
Dr Laura  Scardamaglia,A5063349330,W2593538788,middle,False,Dr Laura  Scardamaglia|W2593538788
Dr Laura  Scardamaglia,A5063349330,W4303942462,last,False,Dr Laura  Scardamaglia|W4303942462
Dr Laura  Scardamaglia,A5063349330,W4210833508,middle,False,Dr Laura  Scardamaglia|W4210833508
Dr Laura  Scardamaglia,A5063349330,W4366779192,middle,False,Dr Laura  Scardamaglia|W4366779192
Dr Laura  Scardamaglia,A5063349330,W4401323553,middle,False,Dr Laura  Scardamaglia|W4401323553
Dr Laura  Scardamaglia,A5063349330,W2005312241,first,True,Dr Laura  Scardamaglia|W2005312241
Dr Laura  Scardamaglia,A5063349330,W2912797950,last,False,Dr Laura  Scardamaglia|W2912797950
Dr Laura  Scardamaglia,A5063349330,W3038140691,last,False,Dr Laura  Scardamaglia|W3038140691
Dr Laura  Scardamaglia,A5063349330,W3205133209,last,True,Dr Laura  Scardamaglia|W3205133209
Dr Laura  Scardamaglia,A5063349330,W2800077956,last,False,Dr Laura  Scardamaglia|W2800077956
Dr Laura  Scardamaglia,A5063349330,W3165184593,middle,False,Dr Laura  Scardamaglia|W3165184593
Dr Laura  Scardamaglia,A5063349330,W4224218273,last,False,Dr Laura  Scardamaglia|W4224218273
Dr Laura  Scardamaglia,A5063349330,W3195859872,middle,False,Dr Laura  Scardamaglia|W3195859872
Dr Laura  Scardamaglia,A5063349330,W4294568038,middle,False,Dr Laura  Scardamaglia|W4294568038
Dr Laura  Scardamaglia,A5063349330,W4306641688,last,False,Dr Laura  Scardamaglia|W4306641688
Dr Laura  Scardamaglia,A5063349330,W2117476743,first,True,Dr Laura  Scardamaglia|W2117476743
Dr Laura  Scardamaglia,A5063349330,W2588264712,last,False,Dr Laura  Scardamaglia|W2588264712
Dr Laura  Scardamaglia,A5063349330,W2800819901,last,False,Dr Laura  Scardamaglia|W2800819901
Dr Laura  Scardamaglia,A5063349330,W3130121114,last,True,Dr Laura  Scardamaglia|W3130121114
Dr Laura  Scardamaglia,A5063349330,W4321769112,last,False,Dr Laura  Scardamaglia|W4321769112
Dr Laura  Scardamaglia,A5063349330,W2073424856,first,False,Dr Laura  Scardamaglia|W2073424856
Dr Laura  Scardamaglia,A5063349330,W4385576649,last,False,Dr Laura  Scardamaglia|W4385576649
Dr Laura  Scardamaglia,A5063349330,W4409284520,last,False,Dr Laura  Scardamaglia|W4409284520
Dr Laura  Scardamaglia,A5063349330,W4413923315,middle,False,Dr Laura  Scardamaglia|W4413923315
Dr Laura  Scardamaglia,A5063349330,W4211129203,last,False,Dr Laura  Scardamaglia|W4211129203
Dr Laura  Scardamaglia,A5063349330,W2905273408,last,False,Dr Laura  Scardamaglia|W2905273408
Dr Laura  Scardamaglia,A5063349330,W3140456651,last,True,Dr Laura  Scardamaglia|W3140456651
Dr Laura  Scardamaglia,A5063349330,W4310589172,last,False,Dr Laura  Scardamaglia|W4310589172
Dr Laura  Scardamaglia,A5063349330,W2105649925,middle,False,Dr Laura  Scardamaglia|W2105649925
Dr Laura  Scardamaglia,A5063349330,W2784158823,last,False,Dr Laura  Scardamaglia|W2784158823
Dr Laura  Scardamaglia,A5063349330,W2885667969,first,True,Dr Laura  Scardamaglia|W2885667969
Dr Laura  Scardamaglia,A5063349330,W3171531228,last,True,Dr Laura  Scardamaglia|W3171531228
Dr Laura  Scardamaglia,A5063349330,W4211015965,last,False,Dr Laura  Scardamaglia|W4211015965
Dr Laura  Scardamaglia,A5063349330,W4281776914,last,False,Dr Laura  Scardamaglia|W4281776914
Dr Laura  Scardamaglia,A5063349330,W4300689731,middle,False,Dr Laura  Scardamaglia|W4300689731
Dr Laura  Scardamaglia,A5063349330,W4321170211,middle,False,Dr Laura  Scardamaglia|W4321170211
Dr Laura  Scardamaglia,A5063349330,W4321327796,middle,False,Dr Laura  Scardamaglia|W4321327796
Dr Laura  Scardamaglia,A5063349330,W4391811140,last,False,Dr Laura  Scardamaglia|W4391811140
Dr Laura  Scardamaglia,A5063349330,W4401404548,last,False,Dr Laura  Scardamaglia|W4401404548
Dr Laura  Scardamaglia,A5063349330,W4402814729,last,False,Dr Laura  Scardamaglia|W4402814729
Dr Laura  Scardamaglia,A5063349330,W4406371035,last,False,Dr Laura  Scardamaglia|W4406371035
Dr Laura  Scardamaglia,A5063349330,W4406814809,last,False,Dr Laura  Scardamaglia|W4406814809
Dr Laura  Scardamaglia,A5063349330,W4407858820,middle,False,Dr Laura  Scardamaglia|W4407858820
Dr Laura  Scardamaglia,A5063349330,W4408790021,last,False,Dr Laura  Scardamaglia|W4408790021
Dr Laura  Scardamaglia,A5063349330,W4412487309,last,False,Dr Laura  Scardamaglia|W4412487309
Dr Laura  Scardamaglia,A5063349330,W4414991775,last,False,Dr Laura  Scardamaglia|W4414991775
Dr Laura  Scardamaglia,A5063349330,W4416729160,last,True,Dr Laura  Scardamaglia|W4416729160
Dr Laura  Scardamaglia,A5063349330,W7117462237,middle,False,Dr Laura  Scardamaglia|W7117462237
Dr Laura  Scardamaglia,A5063349330,W7117738523,first,True,Dr Laura  Scardamaglia|W7117738523
Dr Laura  Scardamaglia,A5063349330,W7118639230,last,False,Dr Laura  Scardamaglia|W7118639230
Dr Laura  Scardamaglia,A5063349330,W7119498047,last,True,Dr Laura  Scardamaglia|W7119498047
Dr Laura  Scardamaglia,A5063349330,W7125804817,last,True,Dr Laura  Scardamaglia|W7125804817
Dr Laura  Scardamaglia,A5063349330,W7131418533,middle,False,Dr Laura  Scardamaglia|W7131418533
Dr Laura  Scardamaglia,A5063349330,W7139951926,last,False,Dr Laura  Scardamaglia|W7139951926
Dr Laura  Scardamaglia,A5063349330,W7147367011,last,False,Dr Laura  Scardamaglia|W7147367011
Dr Laura  Scardamaglia,A5063349330,W7154455146,middle,False,Dr Laura  Scardamaglia|W7154455146
Dr Laura  Scardamaglia,A5063349330,W7154692603,last,False,Dr Laura  Scardamaglia|W7154692603
Dr Laura  Scardamaglia,A5063349330,W7155696824,last,False,Dr Laura  Scardamaglia|W7155696824
Dr Laura  Scardamaglia,A5063349330,W7157646479,middle,False,Dr Laura  Scardamaglia|W7157646479
Dr Laura  Scardamaglia,A5063349330,W7163083137,middle,False,Dr Laura  Scardamaglia|W7163083137
Dr Laura Dionisio Wheller,A5078386551,W3174120101,last,False,Dr Laura Dionisio Wheller|W3174120101
Dr Laura Dionisio Wheller,A5078386551,W4417350630,first,False,Dr Laura Dionisio Wheller|W4417350630
Dr Laura Dionisio Wheller,A5078386551,W1915776836,first,True,Dr Laura Dionisio Wheller|W1915776836
Dr Laura Dionisio Wheller,A5078386551,W2908614042,last,False,Dr Laura Dionisio Wheller|W2908614042
Dr Laura Dionisio Wheller,A5078386551,W3024462906,middle,False,Dr Laura Dionisio Wheller|W3024462906
Dr Laura Dionisio Wheller,A5078386551,W1499264076,first,False,Dr Laura Dionisio Wheller|W1499264076
Dr Laura Dionisio Wheller,A5078386551,W2115607389,first,False,Dr Laura Dionisio Wheller|W2115607389
Dr Laura Dionisio Wheller,A5078386551,W3042763564,last,False,Dr Laura Dionisio Wheller|W3042763564
Dr Laura Dionisio Wheller,A5078386551,W4280512640,last,False,Dr Laura Dionisio Wheller|W4280512640
Dr Laura Dionisio Wheller,A5078386551,W3118748859,last,False,Dr Laura Dionisio Wheller|W3118748859
Dr Laura Dionisio Wheller,A5078386551,W3088875494,last,False,Dr Laura Dionisio Wheller|W3088875494
Dr Laura Dionisio Wheller,A5078386551,W1919309850,middle,False,Dr Laura Dionisio Wheller|W1919309850
Dr Laura Dionisio Wheller,A5078386551,W3162641140,last,False,Dr Laura Dionisio Wheller|W3162641140
Dr Laura Dionisio Wheller,A5078386551,W4406679406,last,False,Dr Laura Dionisio Wheller|W4406679406
Dr Laura Dionisio Wheller,A5078386551,W2318435499,middle,False,Dr Laura Dionisio Wheller|W2318435499
Dr Laura Dionisio Wheller,A5078386551,W2891132742,last,False,Dr Laura Dionisio Wheller|W2891132742
Dr Laura Dionisio Wheller,A5078386551,W4225391829,last,False,Dr Laura Dionisio Wheller|W4225391829
Dr Laura Dionisio Wheller,A5078386551,W3043606493,middle,False,Dr Laura Dionisio Wheller|W3043606493
Dr Laura Dionisio Wheller,A5078386551,W187625996,middle,False,Dr Laura Dionisio Wheller|W187625996
Dr Laura Dionisio Wheller,A5078386551,W2246764183,middle,False,Dr Laura Dionisio Wheller|W2246764183
Dr Laura Dionisio Wheller,A5078386551,W2249359080,middle,False,Dr Laura Dionisio Wheller|W2249359080
Dr Laura Dionisio Wheller,A5078386551,W3110422008,last,False,Dr Laura Dionisio Wheller|W3110422008
Dr Laura Dionisio Wheller,A5078386551,W7134041775,last,False,Dr Laura Dionisio Wheller|W7134041775
Dr Laura Dionisio Wheller,A5078386551,W7163029441,first,False,Dr Laura Dionisio Wheller|W7163029441
Dr Laura Dionisio Wheller,A5078386551,W7165484152,last,False,Dr Laura Dionisio Wheller|W7165484152
Dr Lauren Cordelia Young,A5109870477,W1567333742,first,True,Dr Lauren Cordelia Young|W1567333742
Dr Lauren Cordelia Young,A5109870477,W2735775692,first,True,Dr Lauren Cordelia Young|W2735775692
Dr Lee Mei Yap,A5109236701,W2055657798,middle,False,Dr Lee Mei Yap|W2055657798
Dr Lee Mei Yap,A5109236701,W2141377721,middle,False,Dr Lee Mei Yap|W2141377721
Dr Lena Alexandra Beatrix Von Schuckmann,A5041437740,W2943229739,first,True,Dr Lena Alexandra Beatrix Von Schuckmann|W2943229739
Dr Lena Alexandra Beatrix Von Schuckmann,A5041437740,W3047525493,first,True,Dr Lena Alexandra Beatrix Von Schuckmann|W3047525493
Dr Lena Alexandra Beatrix Von Schuckmann,A5041437740,W2749408736,first,True,Dr Lena Alexandra Beatrix Von Schuckmann|W2749408736
Dr Lena Alexandra Beatrix Von Schuckmann,A5041437740,W3034069549,middle,False,Dr Lena Alexandra Beatrix Von Schuckmann|W3034069549
Dr Lena Alexandra Beatrix Von Schuckmann,A5041437740,W3009154995,first,True,Dr Lena Alexandra Beatrix Von Schuckmann|W3009154995
Dr Lena Alexandra Beatrix Von Schuckmann,A5041437740,W2411240852,first,False,Dr Lena Alexandra Beatrix Von Schuckmann|W2411240852
Dr Lena Alexandra Beatrix Von Schuckmann,A5041437740,W2508611383,first,True,Dr Lena Alexandra Beatrix Von Schuckmann|W2508611383
Dr Lena Alexandra Beatrix Von Schuckmann,A5041437740,W2902530306,first,True,Dr Lena Alexandra Beatrix Von Schuckmann|W2902530306
Dr Lena Alexandra Beatrix Von Schuckmann,A5041437740,W3106873857,middle,False,Dr Lena Alexandra Beatrix Von Schuckmann|W3106873857
Dr Lena Alexandra Beatrix Von Schuckmann,A5041437740,W2995409712,middle,False,Dr Lena Alexandra Beatrix Von Schuckmann|W2995409712
Dr Lena Alexandra Beatrix Von Schuckmann,A5041437740,W4393544562,middle,False,Dr Lena Alexandra Beatrix Von Schuckmann|W4393544562
Dr Lena Alexandra Beatrix Von Schuckmann,A5041437740,W4412653267,last,False,Dr Lena Alexandra Beatrix Von Schuckmann|W4412653267
Dr Lena Alexandra Beatrix Von Schuckmann,A5041437740,W4366819869,middle,False,Dr Lena Alexandra Beatrix Von Schuckmann|W4366819869
Dr Lena Alexandra Beatrix Von Schuckmann,A5041437740,W4402253380,first,False,Dr Lena Alexandra Beatrix Von Schuckmann|W4402253380
Dr Lena Alexandra Beatrix Von Schuckmann,A5041437740,W2921652299,middle,False,Dr Lena Alexandra Beatrix Von Schuckmann|W2921652299
Dr Lena Alexandra Beatrix Von Schuckmann,A5041437740,W2802232618,first,True,Dr Lena Alexandra Beatrix Von Schuckmann|W2802232618
Dr Lena Alexandra Beatrix Von Schuckmann,A5041437740,W3026761098,middle,False,Dr Lena Alexandra Beatrix Von Schuckmann|W3026761098
Dr Lena Alexandra Beatrix Von Schuckmann,A5041437740,W2599237156,first,True,Dr Lena Alexandra Beatrix Von Schuckmann|W2599237156
Dr Lena Alexandra Beatrix Von Schuckmann,A5041437740,W3093363641,middle,False,Dr Lena Alexandra Beatrix Von Schuckmann|W3093363641
Dr Lena Alexandra Beatrix Von Schuckmann,A5041437740,W4406324420,middle,False,Dr Lena Alexandra Beatrix Von Schuckmann|W4406324420
Dr Lena Alexandra Beatrix Von Schuckmann,A5041437740,W3005381950,first,False,Dr Lena Alexandra Beatrix Von Schuckmann|W3005381950
Dr Lena Alexandra Beatrix Von Schuckmann,A5041437740,W4412565124,last,True,Dr Lena Alexandra Beatrix Von Schuckmann|W4412565124
Dr Lena Alexandra Beatrix Von Schuckmann,A5041437740,W2765518276,middle,False,Dr Lena Alexandra Beatrix Von Schuckmann|W2765518276
Dr Lena Alexandra Beatrix Von Schuckmann,A5041437740,W4225391829,middle,False,Dr Lena Alexandra Beatrix Von Schuckmann|W4225391829
Dr Lena Alexandra Beatrix Von Schuckmann,A5041437740,W2249106858,first,False,Dr Lena Alexandra Beatrix Von Schuckmann|W2249106858
Dr Lena Alexandra Beatrix Von Schuckmann,A5041437740,W2405478386,first,False,Dr Lena Alexandra Beatrix Von Schuckmann|W2405478386
Dr Lena Alexandra Beatrix Von Schuckmann,A5041437740,W2617536751,first,False,Dr Lena Alexandra Beatrix Von Schuckmann|W2617536751
Dr Lena Alexandra Beatrix Von Schuckmann,A5041437740,W2726677086,first,False,Dr Lena Alexandra Beatrix Von Schuckmann|W2726677086
Dr Lena Alexandra Beatrix Von Schuckmann,A5041437740,W2792969782,first,True,Dr Lena Alexandra Beatrix Von Schuckmann|W2792969782
Dr Lena Alexandra Beatrix Von Schuckmann,A5041437740,W2964016618,middle,False,Dr Lena Alexandra Beatrix Von Schuckmann|W2964016618
Dr Lena Alexandra Beatrix Von Schuckmann,A5041437740,W3000410516,middle,False,Dr Lena Alexandra Beatrix Von Schuckmann|W3000410516
Dr Lena Alexandra Beatrix Von Schuckmann,A5041437740,W3022198929,first,False,Dr Lena Alexandra Beatrix Von Schuckmann|W3022198929
Dr Lena Alexandra Beatrix Von Schuckmann,A5041437740,W3165423056,first,False,Dr Lena Alexandra Beatrix Von Schuckmann|W3165423056
Dr Lena Alexandra Beatrix Von Schuckmann,A5041437740,W4317358578,middle,False,Dr Lena Alexandra Beatrix Von Schuckmann|W4317358578
Dr Lena Alexandra Beatrix Von Schuckmann,A5041437740,W4404070421,middle,False,Dr Lena Alexandra Beatrix Von Schuckmann|W4404070421
Dr Lena Alexandra Beatrix Von Schuckmann,A5041437740,W4404534201,middle,False,Dr Lena Alexandra Beatrix Von Schuckmann|W4404534201
Dr Lena Alexandra Beatrix Von Schuckmann,A5041437740,W4406338763,last,False,Dr Lena Alexandra Beatrix Von Schuckmann|W4406338763
Dr Lena Alexandra Beatrix Von Schuckmann,A5041437740,W4408128523,first,False,Dr Lena Alexandra Beatrix Von Schuckmann|W4408128523
Dr Lena Alexandra Beatrix Von Schuckmann,A5041437740,W4414485970,last,True,Dr Lena Alexandra Beatrix Von Schuckmann|W4414485970
Dr Lena Alexandra Beatrix Von Schuckmann,A5041437740,W4417231186,middle,False,Dr Lena Alexandra Beatrix Von Schuckmann|W4417231186
Dr Lena Alexandra Beatrix Von Schuckmann,A5041437740,W4417317179,middle,False,Dr Lena Alexandra Beatrix Von Schuckmann|W4417317179
Dr Lena My Thanh Ly,A5103245638,W2163915096,first,True,Dr Lena My Thanh Ly|W2163915096
Dr Lena My Thanh Ly,A5103245638,W4412740703,middle,False,Dr Lena My Thanh Ly|W4412740703
Dr Lena My Thanh Ly,A5103245638,W2277520796,middle,False,Dr Lena My Thanh Ly|W2277520796
Dr Lena My Thanh Ly,A5103245638,W2157420293,first,True,Dr Lena My Thanh Ly|W2157420293
Dr Lena My Thanh Ly,A5103245638,W2944162080,middle,False,Dr Lena My Thanh Ly|W2944162080
Dr Lena My Thanh Ly,A5103245638,W2154528321,middle,False,Dr Lena My Thanh Ly|W2154528321
Dr Lena My Thanh Ly,A5103245638,W2288208902,first,True,Dr Lena My Thanh Ly|W2288208902
Dr Lena My Thanh Ly,A5103245638,W3010104672,first,False,Dr Lena My Thanh Ly|W3010104672
Dr Lena My Thanh Ly,A5103245638,W4249264332,first,True,Dr Lena My Thanh Ly|W4249264332
Dr Leona Wan Yi Yip,A5072554499,W3010311971,middle,False,Dr Leona Wan Yi Yip|W3010311971
Dr Leona Wan Yi Yip,A5072554499,W2900292386,middle,False,Dr Leona Wan Yi Yip|W2900292386
Dr Leona Wan Yi Yip,A5072554499,W3086247457,middle,False,Dr Leona Wan Yi Yip|W3086247457
Dr Leona Wan Yi Yip,A5072554499,W4391598028,middle,False,Dr Leona Wan Yi Yip|W4391598028
Dr Leona Wan Yi Yip,A5072554499,W2158968896,first,False,Dr Leona Wan Yi Yip|W2158968896
Dr Leona Wan Yi Yip,A5072554499,W2169692206,middle,False,Dr Leona Wan Yi Yip|W2169692206
Dr Leona Wan Yi Yip,A5072554499,W2029602821,first,False,Dr Leona Wan Yi Yip|W2029602821
Dr Leona Wan Yi Yip,A5072554499,W2039424020,first,False,Dr Leona Wan Yi Yip|W2039424020
Dr Leona Wan Yi Yip,A5072554499,W2940481514,first,True,Dr Leona Wan Yi Yip|W2940481514
Dr Leona Wan Yi Yip,A5072554499,W2399100226,first,False,Dr Leona Wan Yi Yip|W2399100226
Dr Leona Wan Yi Yip,A5072554499,W2898493362,last,False,Dr Leona Wan Yi Yip|W2898493362
Dr Leona Wan Yi Yip,A5072554499,W3133716063,middle,False,Dr Leona Wan Yi Yip|W3133716063
Dr Leona Wan Yi Yip,A5072554499,W4399749992,first,True,Dr Leona Wan Yi Yip|W4399749992
Dr Leona Wan Yi Yip,A5072554499,W4307973373,last,False,Dr Leona Wan Yi Yip|W4307973373
Dr Leona Wan Yi Yip,A5072554499,W4410216820,middle,False,Dr Leona Wan Yi Yip|W4410216820
Dr Leona Wan Yi Yip,A5072554499,W1480549951,middle,False,Dr Leona Wan Yi Yip|W1480549951
Dr Leona Wan Yi Yip,A5072554499,W2146622546,first,False,Dr Leona Wan Yi Yip|W2146622546
Dr Leona Wan Yi Yip,A5072554499,W1953445863,first,True,Dr Leona Wan Yi Yip|W1953445863
Dr Leona Wan Yi Yip,A5072554499,W4236895469,middle,False,Dr Leona Wan Yi Yip|W4236895469
Dr Leona Wan Yi Yip,A5072554499,W2965420865,middle,False,Dr Leona Wan Yi Yip|W2965420865
Dr Leona Wan Yi Yip,A5072554499,W1999812863,first,False,Dr Leona Wan Yi Yip|W1999812863
Dr Leona Wan Yi Yip,A5072554499,W2161622284,middle,False,Dr Leona Wan Yi Yip|W2161622284
Dr Leona Wan Yi Yip,A5072554499,W4379768568,middle,False,Dr Leona Wan Yi Yip|W4379768568
Dr Leona Wan Yi Yip,A5072554499,W4407907933,middle,False,Dr Leona Wan Yi Yip|W4407907933
Dr Leona Wan Yi Yip,A5072554499,W4413003122,middle,False,Dr Leona Wan Yi Yip|W4413003122
Dr Leona Wan Yi Yip,A5072554499,W2029471930,first,True,Dr Leona Wan Yi Yip|W2029471930
Dr Leona Wan Yi Yip,A5072554499,W2090603665,first,False,Dr Leona Wan Yi Yip|W2090603665
Dr Leona Wan Yi Yip,A5072554499,W1492479267,first,True,Dr Leona Wan Yi Yip|W1492479267
Dr Leona Wan Yi Yip,A5072554499,W2277520796,middle,False,Dr Leona Wan Yi Yip|W2277520796
Dr Leona Wan Yi Yip,A5072554499,W2588269822,last,False,Dr Leona Wan Yi Yip|W2588269822
Dr Leona Wan Yi Yip,A5072554499,W4414673637,middle,False,Dr Leona Wan Yi Yip|W4414673637
Dr Leona Wan Yi Yip,A5072554499,W7126279847,last,False,Dr Leona Wan Yi Yip|W7126279847
Dr Leona Wan Yi Yip,A5072554499,W1602905697,first,False,Dr Leona Wan Yi Yip|W1602905697
Dr Leona Wan Yi Yip,A5072554499,W3004308876,last,False,Dr Leona Wan Yi Yip|W3004308876
Dr Leona Wan Yi Yip,A5072554499,W4412597033,middle,False,Dr Leona Wan Yi Yip|W4412597033
Dr Leona Wan Yi Yip,A5072554499,W2104935698,first,False,Dr Leona Wan Yi Yip|W2104935698
Dr Leona Wan Yi Yip,A5072554499,W2035506660,first,False,Dr Leona Wan Yi Yip|W2035506660
Dr Leona Wan Yi Yip,A5072554499,W4414628472,middle,False,Dr Leona Wan Yi Yip|W4414628472
Dr Leona Wan Yi Yip,A5072554499,W7129466319,middle,False,Dr Leona Wan Yi Yip|W7129466319
Dr Leona Wan Yi Yip,A5072554499,W7160861775,middle,False,Dr Leona Wan Yi Yip|W7160861775
Dr Liang Joo  Leow,A5013059219,W3091646181,middle,False,Dr Liang Joo  Leow|W3091646181
Dr Liang Joo  Leow,A5013059219,W2060314433,middle,False,Dr Liang Joo  Leow|W2060314433
Dr Liang Joo  Leow,A5013059219,W2001528266,middle,False,Dr Liang Joo  Leow|W2001528266
Dr Liang Joo  Leow,A5013059219,W4404190575,middle,False,Dr Liang Joo  Leow|W4404190575
Dr Liang Joo  Leow,A5013059219,W3114175961,middle,False,Dr Liang Joo  Leow|W3114175961
Dr Liang Joo  Leow,A5013059219,W4292707448,first,False,Dr Liang Joo  Leow|W4292707448
Dr Liang Joo  Leow,A5013059219,W4318614986,first,False,Dr Liang Joo  Leow|W4318614986
Dr Liang Joo  Leow,A5013059219,W2028424906,first,True,Dr Liang Joo  Leow|W2028424906
Dr Liang Joo  Leow,A5013059219,W3217749216,first,True,Dr Liang Joo  Leow|W3217749216
Dr Liang Joo  Leow,A5013059219,W3100490462,last,False,Dr Liang Joo  Leow|W3100490462
Dr Liang Joo  Leow,A5013059219,W4307232771,first,False,Dr Liang Joo  Leow|W4307232771
Dr Liang Joo  Leow,A5013059219,W1975668481,first,True,Dr Liang Joo  Leow|W1975668481
Dr Liang Joo  Leow,A5013059219,W2013680348,last,False,Dr Liang Joo  Leow|W2013680348
Dr Liang Joo  Leow,A5013059219,W4220741940,last,False,Dr Liang Joo  Leow|W4220741940
Dr Liang Joo  Leow,A5013059219,W2143965869,first,False,Dr Liang Joo  Leow|W2143965869
Dr Liang Joo  Leow,A5013059219,W2777372909,first,True,Dr Liang Joo  Leow|W2777372909
Dr Liang Joo  Leow,A5013059219,W2766237477,first,True,Dr Liang Joo  Leow|W2766237477
Dr Liang Joo  Leow,A5013059219,W4200036190,last,False,Dr Liang Joo  Leow|W4200036190
Dr Liang Joo  Leow,A5013059219,W2054413068,first,False,Dr Liang Joo  Leow|W2054413068
Dr Liang Joo  Leow,A5013059219,W4210772900,first,False,Dr Liang Joo  Leow|W4210772900
Dr Liang Joo  Leow,A5013059219,W4236285691,middle,False,Dr Liang Joo  Leow|W4236285691
Dr Liang Joo  Leow,A5013059219,W4293105111,last,False,Dr Liang Joo  Leow|W4293105111
Dr Liang Joo  Leow,A5013059219,W4295261346,first,True,Dr Liang Joo  Leow|W4295261346
Dr Liang Joo  Leow,A5013059219,W4403449912,first,True,Dr Liang Joo  Leow|W4403449912
Dr Linda  Chan,A5009374536,W2951610783,first,True,Dr Linda  Chan|W2951610783
Dr Linda  Chan,A5009374536,W1973771191,last,False,Dr Linda  Chan|W1973771191
Dr Linda  Chan,A5009374536,W2819727795,first,False,Dr Linda  Chan|W2819727795
Dr Linda  Chan,A5009374536,W1584812869,middle,False,Dr Linda  Chan|W1584812869
Dr Linda  Chan,A5009374536,W2930031968,first,True,Dr Linda  Chan|W2930031968
Dr Linda  Chan,A5009374536,W4210826351,middle,False,Dr Linda  Chan|W4210826351
Dr Linda  Chan,A5009374536,W3036002867,middle,False,Dr Linda  Chan|W3036002867
Dr Linda  Chan,A5009374536,W2070949083,last,False,Dr Linda  Chan|W2070949083
Dr Linda  Chan,A5009374536,W2306791217,last,False,Dr Linda  Chan|W2306791217
Dr Linda  Chan,A5009374536,W2804078829,first,True,Dr Linda  Chan|W2804078829
Dr Linda  Chan,A5009374536,W2055318733,last,False,Dr Linda  Chan|W2055318733
Dr Linda  Chan,A5009374536,W1988376503,last,False,Dr Linda  Chan|W1988376503
Dr Linda  Chan,A5009374536,W2890871523,first,True,Dr Linda  Chan|W2890871523
Dr Linda  Chan,A5009374536,W2419478312,last,False,Dr Linda  Chan|W2419478312
Dr Linda  Chan,A5009374536,W2463365281,last,False,Dr Linda  Chan|W2463365281
Dr Linda  Chan,A5009374536,W2801952664,first,False,Dr Linda  Chan|W2801952664
Dr Linda  Chan,A5009374536,W2898157596,middle,False,Dr Linda  Chan|W2898157596
Dr Linda  Chan,A5009374536,W4224323814,middle,False,Dr Linda  Chan|W4224323814
Dr Linda Katherine Martin,A5043969975,W2122715855,middle,False,Dr Linda Katherine Martin|W2122715855
Dr Linda Katherine Martin,A5043969975,W2615117870,first,True,Dr Linda Katherine Martin|W2615117870
Dr Linda Katherine Martin,A5043969975,W1994535850,middle,False,Dr Linda Katherine Martin|W1994535850
Dr Linda Katherine Martin,A5043969975,W1628098355,first,False,Dr Linda Katherine Martin|W1628098355
Dr Linda Katherine Martin,A5043969975,W2022345441,first,False,Dr Linda Katherine Martin|W2022345441
Dr Linda Katherine Martin,A5043969975,W4401577856,middle,False,Dr Linda Katherine Martin|W4401577856
Dr Linda Katherine Martin,A5043969975,W2315320995,last,False,Dr Linda Katherine Martin|W2315320995
Dr Linda Katherine Martin,A5043969975,W2030462950,middle,False,Dr Linda Katherine Martin|W2030462950
Dr Linda Katherine Martin,A5043969975,W2084866981,middle,False,Dr Linda Katherine Martin|W2084866981
Dr Linda Katherine Martin,A5043969975,W2561035487,middle,False,Dr Linda Katherine Martin|W2561035487
Dr Linda Katherine Martin,A5043969975,W2586190916,first,True,Dr Linda Katherine Martin|W2586190916
Dr Linda Katherine Martin,A5043969975,W2051828880,middle,False,Dr Linda Katherine Martin|W2051828880
Dr Linda Katherine Martin,A5043969975,W4210377439,middle,False,Dr Linda Katherine Martin|W4210377439
Dr Linda Katherine Martin,A5043969975,W3124345003,middle,False,Dr Linda Katherine Martin|W3124345003
Dr Linda Katherine Martin,A5043969975,W1970222748,middle,False,Dr Linda Katherine Martin|W1970222748
Dr Linda Katherine Martin,A5043969975,W2049418197,middle,False,Dr Linda Katherine Martin|W2049418197
Dr Linda Katherine Martin,A5043969975,W4411475116,middle,False,Dr Linda Katherine Martin|W4411475116
Dr Linda Katherine Martin,A5043969975,W4402319149,first,True,Dr Linda Katherine Martin|W4402319149
Dr Linda Katherine Martin,A5043969975,W4405481596,middle,False,Dr Linda Katherine Martin|W4405481596
Dr Linda Katherine Martin,A5043969975,W4401813850,middle,False,Dr Linda Katherine Martin|W4401813850
Dr Linda Katherine Martin,A5043969975,W7134976278,middle,False,Dr Linda Katherine Martin|W7134976278
Dr Linda Katherine Martin,A5043969975,W2335358463,first,False,Dr Linda Katherine Martin|W2335358463
Dr Linda Katherine Martin,A5043969975,W2335077520,first,False,Dr Linda Katherine Martin|W2335077520
Dr Linda Katherine Martin,A5043969975,W2073142609,middle,False,Dr Linda Katherine Martin|W2073142609
Dr Linda Katherine Martin,A5043969975,W2081621459,middle,False,Dr Linda Katherine Martin|W2081621459
Dr Linda Katherine Martin,A5043969975,W1988405218,first,True,Dr Linda Katherine Martin|W1988405218
Dr Linda Katherine Martin,A5043969975,W2104384629,middle,False,Dr Linda Katherine Martin|W2104384629
Dr Linda Katherine Martin,A5043969975,W2945658338,last,True,Dr Linda Katherine Martin|W2945658338
Dr Linda Katherine Martin,A5043969975,W4221073856,last,False,Dr Linda Katherine Martin|W4221073856
Dr Linda Katherine Martin,A5043969975,W4379281250,middle,False,Dr Linda Katherine Martin|W4379281250
Dr Linda Katherine Martin,A5043969975,W4403266015,middle,False,Dr Linda Katherine Martin|W4403266015
Dr Linda Katherine Martin,A5043969975,W4404326044,middle,False,Dr Linda Katherine Martin|W4404326044
Dr Linda Katherine Martin,A5043969975,W4413285587,middle,False,Dr Linda Katherine Martin|W4413285587
Dr Linda Katherine Martin,A5043969975,W4416466474,middle,False,Dr Linda Katherine Martin|W4416466474
Dr Linda Katherine Martin,A5043969975,W4412839888,first,True,Dr Linda Katherine Martin|W4412839888
Dr Linda Katherine Martin,A5043969975,W7131630006,middle,False,Dr Linda Katherine Martin|W7131630006
Dr Linda Katherine Martin,A5043969975,W1985168855,first,False,Dr Linda Katherine Martin|W1985168855
Dr Linda Katherine Martin,A5043969975,W2008737075,first,False,Dr Linda Katherine Martin|W2008737075
Dr Linda Katherine Martin,A5043969975,W2071866727,first,False,Dr Linda Katherine Martin|W2071866727
Dr Linda Katherine Martin,A5043969975,W3042336585,middle,False,Dr Linda Katherine Martin|W3042336585
Dr Linda Katherine Martin,A5043969975,W2031645962,middle,False,Dr Linda Katherine Martin|W2031645962
Dr Linda Katherine Martin,A5043969975,W4214903447,middle,False,Dr Linda Katherine Martin|W4214903447
Dr Linda Katherine Martin,A5043969975,W4385406781,middle,False,Dr Linda Katherine Martin|W4385406781
Dr Linda Katherine Martin,A5043969975,W3208528599,last,False,Dr Linda Katherine Martin|W3208528599
Dr Linda Katherine Martin,A5043969975,W4412738492,middle,False,Dr Linda Katherine Martin|W4412738492
Dr Linda Katherine Martin,A5043969975,W4415773095,middle,False,Dr Linda Katherine Martin|W4415773095
Dr Linda Katherine Martin,A5043969975,W7151353337,last,False,Dr Linda Katherine Martin|W7151353337
Dr Linda Katherine Martin,A5043969975,W2473331714,last,False,Dr Linda Katherine Martin|W2473331714
Dr Linda Katherine Martin,A5043969975,W2322291414,middle,False,Dr Linda Katherine Martin|W2322291414
Dr Linda Katherine Martin,A5043969975,W4206260131,last,False,Dr Linda Katherine Martin|W4206260131
Dr Linda Katherine Martin,A5043969975,W2261631249,middle,True,Dr Linda Katherine Martin|W2261631249
Dr Linda Katherine Martin,A5043969975,W4309548792,middle,False,Dr Linda Katherine Martin|W4309548792
Dr Linda Katherine Martin,A5043969975,W4385514931,middle,False,Dr Linda Katherine Martin|W4385514931
Dr Linda Katherine Martin,A5043969975,W4391545748,middle,False,Dr Linda Katherine Martin|W4391545748
Dr Linda Katherine Martin,A5043969975,W2168769882,last,False,Dr Linda Katherine Martin|W2168769882
Dr Linda Katherine Martin,A5043969975,W4225368720,last,False,Dr Linda Katherine Martin|W4225368720
Dr Linda Katherine Martin,A5043969975,W4402516392,middle,False,Dr Linda Katherine Martin|W4402516392
Dr Linda Katherine Martin,A5043969975,W4403955725,last,False,Dr Linda Katherine Martin|W4403955725
Dr Linda Katherine Martin,A5043969975,W4407799916,last,False,Dr Linda Katherine Martin|W4407799916
Dr Linda Katherine Martin,A5043969975,W2059608040,first,False,Dr Linda Katherine Martin|W2059608040
Dr Linda Katherine Martin,A5043969975,W2065258936,first,False,Dr Linda Katherine Martin|W2065258936
Dr Linda Katherine Martin,A5043969975,W2093819572,first,False,Dr Linda Katherine Martin|W2093819572
Dr Linda Katherine Martin,A5043969975,W2103651191,first,False,Dr Linda Katherine Martin|W2103651191
Dr Linda Katherine Martin,A5043969975,W4296483236,last,False,Dr Linda Katherine Martin|W4296483236
Dr Linda Katherine Martin,A5043969975,W2339850476,middle,False,Dr Linda Katherine Martin|W2339850476
Dr Linda Katherine Martin,A5043969975,W2801732835,middle,True,Dr Linda Katherine Martin|W2801732835
Dr Linda Katherine Martin,A5043969975,W4206994316,middle,False,Dr Linda Katherine Martin|W4206994316
Dr Linda Katherine Martin,A5043969975,W4378174721,middle,False,Dr Linda Katherine Martin|W4378174721
Dr Linda Katherine Martin,A5043969975,W2076822859,middle,False,Dr Linda Katherine Martin|W2076822859
Dr Linda Katherine Martin,A5043969975,W1994127505,middle,False,Dr Linda Katherine Martin|W1994127505
Dr Linda Katherine Martin,A5043969975,W2970978941,first,False,Dr Linda Katherine Martin|W2970978941
Dr Linda Katherine Martin,A5043969975,W2438202338,last,False,Dr Linda Katherine Martin|W2438202338
Dr Linda Katherine Martin,A5043969975,W4205584399,middle,False,Dr Linda Katherine Martin|W4205584399
Dr Linda Katherine Martin,A5043969975,W2299167493,first,True,Dr Linda Katherine Martin|W2299167493
Dr Linda Katherine Martin,A5043969975,W2403968363,first,False,Dr Linda Katherine Martin|W2403968363
Dr Linda Katherine Martin,A5043969975,W2418583730,last,False,Dr Linda Katherine Martin|W2418583730
Dr Linda Katherine Martin,A5043969975,W3138139240,middle,False,Dr Linda Katherine Martin|W3138139240
Dr Linda Katherine Martin,A5043969975,W3155921693,middle,False,Dr Linda Katherine Martin|W3155921693
Dr Linda Katherine Martin,A5043969975,W3212508914,last,False,Dr Linda Katherine Martin|W3212508914
Dr Linda Katherine Martin,A5043969975,W4220770893,last,False,Dr Linda Katherine Martin|W4220770893
Dr Linda Katherine Martin,A5043969975,W4245893050,first,False,Dr Linda Katherine Martin|W4245893050
Dr Linda Katherine Martin,A5043969975,W4252904771,middle,False,Dr Linda Katherine Martin|W4252904771
Dr Linda Katherine Martin,A5043969975,W4254724825,middle,False,Dr Linda Katherine Martin|W4254724825
Dr Linda Katherine Martin,A5043969975,W4282970449,middle,False,Dr Linda Katherine Martin|W4282970449
Dr Linda Katherine Martin,A5043969975,W4299955636,middle,False,Dr Linda Katherine Martin|W4299955636
Dr Linda Katherine Martin,A5043969975,W4398250891,last,False,Dr Linda Katherine Martin|W4398250891
Dr Linda Katherine Martin,A5043969975,W4399441723,middle,False,Dr Linda Katherine Martin|W4399441723
Dr Linda Katherine Martin,A5043969975,W4402002513,middle,False,Dr Linda Katherine Martin|W4402002513
Dr Linda Katherine Martin,A5043969975,W4408452786,middle,False,Dr Linda Katherine Martin|W4408452786
Dr Linda Katherine Martin,A5043969975,W4412044485,last,False,Dr Linda Katherine Martin|W4412044485
Dr Linda Katherine Martin,A5043969975,W4412465356,middle,False,Dr Linda Katherine Martin|W4412465356
Dr Linda Katherine Martin,A5043969975,W4412521680,middle,False,Dr Linda Katherine Martin|W4412521680
Dr Linda Katherine Martin,A5043969975,W4415055489,middle,False,Dr Linda Katherine Martin|W4415055489
Dr Linda Katherine Martin,A5043969975,W4415595932,middle,False,Dr Linda Katherine Martin|W4415595932
Dr Linda Katherine Martin,A5043969975,W4416966433,middle,False,Dr Linda Katherine Martin|W4416966433
Dr Linda Katherine Martin,A5043969975,W7117361019,middle,False,Dr Linda Katherine Martin|W7117361019
Dr Linda Katherine Martin,A5043969975,W7119582004,middle,False,Dr Linda Katherine Martin|W7119582004
Dr Linda Katherine Martin,A5043969975,W7125886617,middle,False,Dr Linda Katherine Martin|W7125886617
Dr Linda Katherine Martin,A5043969975,W7127283705,last,False,Dr Linda Katherine Martin|W7127283705
Dr Linda Katherine Martin,A5043969975,W7130712962,middle,False,Dr Linda Katherine Martin|W7130712962
Dr Linda Katherine Martin,A5043969975,W7162291387,first,True,Dr Linda Katherine Martin|W7162291387
Dr Linda Katherine Martin,A5043969975,W7163048231,middle,False,Dr Linda Katherine Martin|W7163048231
Dr Linda Katherine Martin,A5043969975,W7163061625,middle,False,Dr Linda Katherine Martin|W7163061625
Dr Lisa Michelle Byrom,A5082195945,W2530784983,middle,False,Dr Lisa Michelle Byrom|W2530784983
Dr Lisa Michelle Byrom,A5082195945,W2107190277,first,False,Dr Lisa Michelle Byrom|W2107190277
Dr Lisa Michelle Byrom,A5082195945,W2211815467,first,False,Dr Lisa Michelle Byrom|W2211815467
Dr Lisa Michelle Byrom,A5082195945,W1896209190,middle,False,Dr Lisa Michelle Byrom|W1896209190
Dr Lisa Michelle Byrom,A5082195945,W1458046201,first,True,Dr Lisa Michelle Byrom|W1458046201
Dr Lisa Michelle Byrom,A5082195945,W2937699518,middle,False,Dr Lisa Michelle Byrom|W2937699518
Dr Lisa Michelle Byrom,A5082195945,W2261680135,first,False,Dr Lisa Michelle Byrom|W2261680135
Dr Lisa Michelle Byrom,A5082195945,W2589097465,middle,False,Dr Lisa Michelle Byrom|W2589097465
Dr Lisa Michelle Byrom,A5082195945,W2136200904,middle,False,Dr Lisa Michelle Byrom|W2136200904
Dr Lisa Michelle Byrom,A5082195945,W1949370430,first,True,Dr Lisa Michelle Byrom|W1949370430
Dr Lisa Michelle Byrom,A5082195945,W1506776252,first,True,Dr Lisa Michelle Byrom|W1506776252
Dr Lisa Michelle Byrom,A5082195945,W3040602003,last,False,Dr Lisa Michelle Byrom|W3040602003
Dr Lisa Michelle Byrom,A5082195945,W577284243,first,False,Dr Lisa Michelle Byrom|W577284243
Dr Lisa Michelle Byrom,A5082195945,W2106267971,first,False,Dr Lisa Michelle Byrom|W2106267971
Dr Lisa Michelle Byrom,A5082195945,W2417970032,middle,False,Dr Lisa Michelle Byrom|W2417970032
Dr Lisa Michelle Byrom,A5082195945,W2560237066,first,False,Dr Lisa Michelle Byrom|W2560237066
Dr Lisa Michelle Byrom,A5082195945,W4236826299,first,False,Dr Lisa Michelle Byrom|W4236826299
Dr Lisa Michelle Byrom,A5082195945,W2563070622,middle,False,Dr Lisa Michelle Byrom|W2563070622
Dr Lisa Michelle Byrom,A5082195945,W3007480814,middle,False,Dr Lisa Michelle Byrom|W3007480814
Dr Lisa Michelle Byrom,A5082195945,W1997240667,middle,False,Dr Lisa Michelle Byrom|W1997240667
Dr Lisa Michelle Byrom,A5082195945,W2954413277,middle,False,Dr Lisa Michelle Byrom|W2954413277
Dr Lisa Michelle Byrom,A5082195945,W1799027366,first,True,Dr Lisa Michelle Byrom|W1799027366
Dr Lisa Michelle Byrom,A5082195945,W2247026907,middle,False,Dr Lisa Michelle Byrom|W2247026907
Dr Lisa Michelle Byrom,A5082195945,W2247101206,first,False,Dr Lisa Michelle Byrom|W2247101206
Dr Lisa Michelle Byrom,A5082195945,W2249362012,middle,False,Dr Lisa Michelle Byrom|W2249362012
Dr Lisa Michelle Byrom,A5082195945,W2328926246,middle,False,Dr Lisa Michelle Byrom|W2328926246
Dr Lisa Michelle Byrom,A5082195945,W237747114,first,False,Dr Lisa Michelle Byrom|W237747114
Dr Lisa Michelle Byrom,A5082195945,W2567437867,middle,False,Dr Lisa Michelle Byrom|W2567437867
Dr Lisa Michelle Byrom,A5082195945,W2737894760,middle,False,Dr Lisa Michelle Byrom|W2737894760
Dr Lisa Michelle Byrom,A5082195945,W4402253329,middle,False,Dr Lisa Michelle Byrom|W4402253329
Dr Lisa Michelle Byrom,A5082195945,W54643908,middle,False,Dr Lisa Michelle Byrom|W54643908
Dr Lisa Michelle Byrom,A5082195945,W7134082830,last,False,Dr Lisa Michelle Byrom|W7134082830
Dr Lisa Michelle Byrom,A5082195945,W7163125686,middle,False,Dr Lisa Michelle Byrom|W7163125686
Dr Lizbeth Ruth Aragones Wheeler,A5051873726,W4241158502,middle,False,Dr Lizbeth Ruth Aragones Wheeler|W4241158502
Dr Lucy Kate Pitney,A5021814612,W2592872802,first,False,Dr Lucy Kate Pitney|W2592872802
Dr Lucy Kate Pitney,A5021814612,W1938781152,first,False,Dr Lucy Kate Pitney|W1938781152
Dr Lucy Kate Pitney,A5021814612,W2070412853,first,False,Dr Lucy Kate Pitney|W2070412853
Dr Lucy Kate Pitney,A5021814612,W3042763564,middle,False,Dr Lucy Kate Pitney|W3042763564
Dr Lucy Kate Pitney,A5021814612,W1565654802,first,False,Dr Lucy Kate Pitney|W1565654802
Dr Ludi  Ge,A5007265383,W3045169014,middle,False,Dr Ludi  Ge|W3045169014
Dr Ludi  Ge,A5007265383,W2973025564,middle,False,Dr Ludi  Ge|W2973025564
Dr Ludi  Ge,A5007265383,W2551387057,middle,False,Dr Ludi  Ge|W2551387057
Dr Ludi  Ge,A5007265383,W3212035140,middle,False,Dr Ludi  Ge|W3212035140
Dr Ludi  Ge,A5007265383,W2733468116,middle,False,Dr Ludi  Ge|W2733468116
Dr Ludi  Ge,A5007265383,W2338369324,first,False,Dr Ludi  Ge|W2338369324
Dr Ludi  Ge,A5007265383,W2781510403,first,False,Dr Ludi  Ge|W2781510403
Dr Ludi  Ge,A5007265383,W4377234369,first,True,Dr Ludi  Ge|W4377234369
Dr Ludi  Ge,A5007265383,W2297352838,middle,False,Dr Ludi  Ge|W2297352838
Dr Ludi  Ge,A5007265383,W2133992735,middle,False,Dr Ludi  Ge|W2133992735
Dr Ludi  Ge,A5007265383,W2892830253,last,False,Dr Ludi  Ge|W2892830253
Dr Ludi  Ge,A5007265383,W2433660428,first,False,Dr Ludi  Ge|W2433660428
Dr Ludi  Ge,A5007265383,W2560353801,first,False,Dr Ludi  Ge|W2560353801
Dr Ludi  Ge,A5007265383,W3195867351,middle,False,Dr Ludi  Ge|W3195867351
Dr Ludi  Ge,A5007265383,W4206286938,middle,False,Dr Ludi  Ge|W4206286938
Dr Ludi  Ge,A5007265383,W4414438294,middle,False,Dr Ludi  Ge|W4414438294
Dr Ludi  Ge,A5007265383,W7160558970,middle,False,Dr Ludi  Ge|W7160558970
Dr Lynda Jane Spelman,A5019091788,W1973354423,middle,False,Dr Lynda Jane Spelman|W1973354423
Dr Lynda Jane Spelman,A5019091788,W2326643498,middle,False,Dr Lynda Jane Spelman|W2326643498
Dr Lynda Jane Spelman,A5019091788,W3091046625,middle,False,Dr Lynda Jane Spelman|W3091046625
Dr Lynda Jane Spelman,A5019091788,W3003334583,middle,False,Dr Lynda Jane Spelman|W3003334583
Dr Lynda Jane Spelman,A5019091788,W2007413267,middle,False,Dr Lynda Jane Spelman|W2007413267
Dr Lynda Jane Spelman,A5019091788,W1992243393,middle,False,Dr Lynda Jane Spelman|W1992243393
Dr Lynda Jane Spelman,A5019091788,W2038956615,middle,False,Dr Lynda Jane Spelman|W2038956615
Dr Lynda Jane Spelman,A5019091788,W2098885980,middle,False,Dr Lynda Jane Spelman|W2098885980
Dr Lynda Jane Spelman,A5019091788,W2593211227,middle,False,Dr Lynda Jane Spelman|W2593211227
Dr Lynda Jane Spelman,A5019091788,W2883085905,middle,False,Dr Lynda Jane Spelman|W2883085905
Dr Lynda Jane Spelman,A5019091788,W2741340135,middle,False,Dr Lynda Jane Spelman|W2741340135
Dr Lynda Jane Spelman,A5019091788,W2410446282,middle,False,Dr Lynda Jane Spelman|W2410446282
Dr Lynda Jane Spelman,A5019091788,W1499262187,last,False,Dr Lynda Jane Spelman|W1499262187
Dr Lynda Jane Spelman,A5019091788,W2418638731,middle,False,Dr Lynda Jane Spelman|W2418638731
Dr Lynda Jane Spelman,A5019091788,W4390919561,middle,False,Dr Lynda Jane Spelman|W4390919561
Dr Lynda Jane Spelman,A5019091788,W4404755298,middle,False,Dr Lynda Jane Spelman|W4404755298
Dr Lynda Jane Spelman,A5019091788,W4387728652,middle,False,Dr Lynda Jane Spelman|W4387728652
Dr Lynda Jane Spelman,A5019091788,W4393282627,middle,False,Dr Lynda Jane Spelman|W4393282627
Dr Lynda Jane Spelman,A5019091788,W4408003542,middle,False,Dr Lynda Jane Spelman|W4408003542
Dr Lynda Jane Spelman,A5019091788,W4411539937,middle,False,Dr Lynda Jane Spelman|W4411539937
Dr Lynda Jane Spelman,A5019091788,W4405695730,middle,False,Dr Lynda Jane Spelman|W4405695730
Dr Lynda Jane Spelman,A5019091788,W2139525078,middle,False,Dr Lynda Jane Spelman|W2139525078
Dr Lynda Jane Spelman,A5019091788,W2418912185,middle,False,Dr Lynda Jane Spelman|W2418912185
Dr Lynda Jane Spelman,A5019091788,W2050055082,middle,False,Dr Lynda Jane Spelman|W2050055082
Dr Lynda Jane Spelman,A5019091788,W3162163374,last,False,Dr Lynda Jane Spelman|W3162163374
Dr Lynda Jane Spelman,A5019091788,W2981214845,middle,False,Dr Lynda Jane Spelman|W2981214845
Dr Lynda Jane Spelman,A5019091788,W3190727384,middle,False,Dr Lynda Jane Spelman|W3190727384
Dr Lynda Jane Spelman,A5019091788,W3080625582,middle,False,Dr Lynda Jane Spelman|W3080625582
Dr Lynda Jane Spelman,A5019091788,W1572341648,first,True,Dr Lynda Jane Spelman|W1572341648
Dr Lynda Jane Spelman,A5019091788,W4296782842,middle,False,Dr Lynda Jane Spelman|W4296782842
Dr Lynda Jane Spelman,A5019091788,W2151067845,middle,False,Dr Lynda Jane Spelman|W2151067845
Dr Lynda Jane Spelman,A5019091788,W3044843065,last,False,Dr Lynda Jane Spelman|W3044843065
Dr Lynda Jane Spelman,A5019091788,W4391610049,middle,False,Dr Lynda Jane Spelman|W4391610049
Dr Lynda Jane Spelman,A5019091788,W4406295719,middle,False,Dr Lynda Jane Spelman|W4406295719
Dr Lynda Jane Spelman,A5019091788,W4403306248,middle,False,Dr Lynda Jane Spelman|W4403306248
Dr Lynda Jane Spelman,A5019091788,W2023895042,middle,False,Dr Lynda Jane Spelman|W2023895042
Dr Lynda Jane Spelman,A5019091788,W2131379523,first,False,Dr Lynda Jane Spelman|W2131379523
Dr Lynda Jane Spelman,A5019091788,W1837477529,first,True,Dr Lynda Jane Spelman|W1837477529
Dr Lynda Jane Spelman,A5019091788,W2603582527,middle,False,Dr Lynda Jane Spelman|W2603582527
Dr Lynda Jane Spelman,A5019091788,W2804663200,first,True,Dr Lynda Jane Spelman|W2804663200
Dr Lynda Jane Spelman,A5019091788,W3021421518,middle,False,Dr Lynda Jane Spelman|W3021421518
Dr Lynda Jane Spelman,A5019091788,W4220744500,first,False,Dr Lynda Jane Spelman|W4220744500
Dr Lynda Jane Spelman,A5019091788,W4211079062,middle,False,Dr Lynda Jane Spelman|W4211079062
Dr Lynda Jane Spelman,A5019091788,W3106873857,middle,False,Dr Lynda Jane Spelman|W3106873857
Dr Lynda Jane Spelman,A5019091788,W3125588754,middle,False,Dr Lynda Jane Spelman|W3125588754
Dr Lynda Jane Spelman,A5019091788,W3168722943,middle,False,Dr Lynda Jane Spelman|W3168722943
Dr Lynda Jane Spelman,A5019091788,W4309316997,middle,False,Dr Lynda Jane Spelman|W4309316997
Dr Lynda Jane Spelman,A5019091788,W4401105003,last,True,Dr Lynda Jane Spelman|W4401105003
Dr Lynda Jane Spelman,A5019091788,W2980854448,middle,False,Dr Lynda Jane Spelman|W2980854448
Dr Lynda Jane Spelman,A5019091788,W4295255182,middle,False,Dr Lynda Jane Spelman|W4295255182
Dr Lynda Jane Spelman,A5019091788,W4366819869,middle,False,Dr Lynda Jane Spelman|W4366819869
Dr Lynda Jane Spelman,A5019091788,W4322723004,middle,False,Dr Lynda Jane Spelman|W4322723004
Dr Lynda Jane Spelman,A5019091788,W1983154633,first,True,Dr Lynda Jane Spelman|W1983154633
Dr Lynda Jane Spelman,A5019091788,W2086482046,middle,False,Dr Lynda Jane Spelman|W2086482046
Dr Lynda Jane Spelman,A5019091788,W2800498915,middle,False,Dr Lynda Jane Spelman|W2800498915
Dr Lynda Jane Spelman,A5019091788,W2467107371,middle,False,Dr Lynda Jane Spelman|W2467107371
Dr Lynda Jane Spelman,A5019091788,W2964946855,last,False,Dr Lynda Jane Spelman|W2964946855
Dr Lynda Jane Spelman,A5019091788,W2790952861,middle,False,Dr Lynda Jane Spelman|W2790952861
Dr Lynda Jane Spelman,A5019091788,W4281294257,middle,False,Dr Lynda Jane Spelman|W4281294257
Dr Lynda Jane Spelman,A5019091788,W3017034225,first,False,Dr Lynda Jane Spelman|W3017034225
Dr Lynda Jane Spelman,A5019091788,W3193369608,last,False,Dr Lynda Jane Spelman|W3193369608
Dr Lynda Jane Spelman,A5019091788,W3008192367,last,False,Dr Lynda Jane Spelman|W3008192367
Dr Lynda Jane Spelman,A5019091788,W4285010296,middle,False,Dr Lynda Jane Spelman|W4285010296
Dr Lynda Jane Spelman,A5019091788,W2007174134,last,False,Dr Lynda Jane Spelman|W2007174134
Dr Lynda Jane Spelman,A5019091788,W3033686142,last,False,Dr Lynda Jane Spelman|W3033686142
Dr Lynda Jane Spelman,A5019091788,W4229034592,middle,False,Dr Lynda Jane Spelman|W4229034592
Dr Lynda Jane Spelman,A5019091788,W2513858849,last,False,Dr Lynda Jane Spelman|W2513858849
Dr Lynda Jane Spelman,A5019091788,W4244294741,middle,False,Dr Lynda Jane Spelman|W4244294741
Dr Lynda Jane Spelman,A5019091788,W4324057470,middle,False,Dr Lynda Jane Spelman|W4324057470
Dr Lynda Jane Spelman,A5019091788,W4389264280,first,True,Dr Lynda Jane Spelman|W4389264280
Dr Lynda Jane Spelman,A5019091788,W3195322805,middle,False,Dr Lynda Jane Spelman|W3195322805
Dr Lynda Jane Spelman,A5019091788,W4400930743,middle,False,Dr Lynda Jane Spelman|W4400930743
Dr Lynda Jane Spelman,A5019091788,W4404455103,middle,False,Dr Lynda Jane Spelman|W4404455103
Dr Lynda Jane Spelman,A5019091788,W3139256394,last,False,Dr Lynda Jane Spelman|W3139256394
Dr Lynda Jane Spelman,A5019091788,W3108275820,middle,False,Dr Lynda Jane Spelman|W3108275820
Dr Lynda Jane Spelman,A5019091788,W4295255191,middle,False,Dr Lynda Jane Spelman|W4295255191
Dr Lynda Jane Spelman,A5019091788,W4388627694,middle,False,Dr Lynda Jane Spelman|W4388627694
Dr Lynda Jane Spelman,A5019091788,W4309316040,middle,False,Dr Lynda Jane Spelman|W4309316040
Dr Lynda Jane Spelman,A5019091788,W4388625669,middle,False,Dr Lynda Jane Spelman|W4388625669
Dr Lynda Jane Spelman,A5019091788,W4392926895,middle,False,Dr Lynda Jane Spelman|W4392926895
Dr Lynda Jane Spelman,A5019091788,W4404455104,middle,False,Dr Lynda Jane Spelman|W4404455104
Dr Lynda Jane Spelman,A5019091788,W4405993354,middle,False,Dr Lynda Jane Spelman|W4405993354
Dr Lynda Jane Spelman,A5019091788,W4200320345,last,True,Dr Lynda Jane Spelman|W4200320345
Dr Lynda Jane Spelman,A5019091788,W1563922249,last,False,Dr Lynda Jane Spelman|W1563922249
Dr Lynda Jane Spelman,A5019091788,W2768923000,last,False,Dr Lynda Jane Spelman|W2768923000
Dr Lynda Jane Spelman,A5019091788,W2792419658,last,False,Dr Lynda Jane Spelman|W2792419658
Dr Lynda Jane Spelman,A5019091788,W3158135967,last,False,Dr Lynda Jane Spelman|W3158135967
Dr Lynda Jane Spelman,A5019091788,W4388627499,middle,False,Dr Lynda Jane Spelman|W4388627499
Dr Lynda Jane Spelman,A5019091788,W2248912756,last,False,Dr Lynda Jane Spelman|W2248912756
Dr Lynda Jane Spelman,A5019091788,W2644947972,first,True,Dr Lynda Jane Spelman|W2644947972
Dr Lynda Jane Spelman,A5019091788,W2809600460,middle,False,Dr Lynda Jane Spelman|W2809600460
Dr Lynda Jane Spelman,A5019091788,W4254534384,first,True,Dr Lynda Jane Spelman|W4254534384
Dr Lynda Jane Spelman,A5019091788,W2118027244,last,False,Dr Lynda Jane Spelman|W2118027244
Dr Lynda Jane Spelman,A5019091788,W2407106574,middle,False,Dr Lynda Jane Spelman|W2407106574
Dr Lynda Jane Spelman,A5019091788,W24370512,last,False,Dr Lynda Jane Spelman|W24370512
Dr Lynda Jane Spelman,A5019091788,W2527492799,middle,False,Dr Lynda Jane Spelman|W2527492799
Dr Lynda Jane Spelman,A5019091788,W2603258072,middle,False,Dr Lynda Jane Spelman|W2603258072
Dr Lynda Jane Spelman,A5019091788,W2770597435,first,True,Dr Lynda Jane Spelman|W2770597435
Dr Lynda Jane Spelman,A5019091788,W2784977696,first,True,Dr Lynda Jane Spelman|W2784977696
Dr Lynda Jane Spelman,A5019091788,W2809203976,middle,False,Dr Lynda Jane Spelman|W2809203976
Dr Lynda Jane Spelman,A5019091788,W2809245501,last,False,Dr Lynda Jane Spelman|W2809245501
Dr Lynda Jane Spelman,A5019091788,W2990048737,middle,False,Dr Lynda Jane Spelman|W2990048737
Dr Lynda Jane Spelman,A5019091788,W2990759295,middle,False,Dr Lynda Jane Spelman|W2990759295
Dr Lynda Jane Spelman,A5019091788,W2991146490,middle,False,Dr Lynda Jane Spelman|W2991146490
Dr Lynda Jane Spelman,A5019091788,W3036190357,middle,False,Dr Lynda Jane Spelman|W3036190357
Dr Lynda Jane Spelman,A5019091788,W3086148902,middle,False,Dr Lynda Jane Spelman|W3086148902
Dr Lynda Jane Spelman,A5019091788,W3129820491,middle,False,Dr Lynda Jane Spelman|W3129820491
Dr Lynda Jane Spelman,A5019091788,W3186068219,middle,False,Dr Lynda Jane Spelman|W3186068219
Dr Lynda Jane Spelman,A5019091788,W3195312365,last,False,Dr Lynda Jane Spelman|W3195312365
Dr Lynda Jane Spelman,A5019091788,W3196090700,middle,False,Dr Lynda Jane Spelman|W3196090700
Dr Lynda Jane Spelman,A5019091788,W3212033307,middle,False,Dr Lynda Jane Spelman|W3212033307
Dr Lynda Jane Spelman,A5019091788,W4237905488,first,True,Dr Lynda Jane Spelman|W4237905488
Dr Lynda Jane Spelman,A5019091788,W4240597988,middle,False,Dr Lynda Jane Spelman|W4240597988
Dr Lynda Jane Spelman,A5019091788,W4250359796,first,False,Dr Lynda Jane Spelman|W4250359796
Dr Lynda Jane Spelman,A5019091788,W4281956064,middle,False,Dr Lynda Jane Spelman|W4281956064
Dr Lynda Jane Spelman,A5019091788,W4324057465,middle,False,Dr Lynda Jane Spelman|W4324057465
Dr Lynda Jane Spelman,A5019091788,W4362506663,first,True,Dr Lynda Jane Spelman|W4362506663
Dr Lynda Jane Spelman,A5019091788,W4372200656,middle,False,Dr Lynda Jane Spelman|W4372200656
Dr Lynda Jane Spelman,A5019091788,W4379282250,middle,False,Dr Lynda Jane Spelman|W4379282250
Dr Lynda Jane Spelman,A5019091788,W4379795143,middle,False,Dr Lynda Jane Spelman|W4379795143
Dr Lynda Jane Spelman,A5019091788,W4384469487,middle,False,Dr Lynda Jane Spelman|W4384469487
Dr Lynda Jane Spelman,A5019091788,W4387015096,middle,False,Dr Lynda Jane Spelman|W4387015096
Dr Lynda Jane Spelman,A5019091788,W4392955137,first,True,Dr Lynda Jane Spelman|W4392955137
Dr Lynda Jane Spelman,A5019091788,W4399482982,middle,False,Dr Lynda Jane Spelman|W4399482982
Dr Lynda Jane Spelman,A5019091788,W4400930442,middle,False,Dr Lynda Jane Spelman|W4400930442
Dr Lynda Jane Spelman,A5019091788,W4402104290,middle,False,Dr Lynda Jane Spelman|W4402104290
Dr Lynda Jane Spelman,A5019091788,W4404348172,middle,False,Dr Lynda Jane Spelman|W4404348172
Dr Lynda Jane Spelman,A5019091788,W4406752858,last,False,Dr Lynda Jane Spelman|W4406752858
Dr Lynda Jane Spelman,A5019091788,W4413872134,first,False,Dr Lynda Jane Spelman|W4413872134
Dr Lynda Jane Spelman,A5019091788,W4417048633,middle,False,Dr Lynda Jane Spelman|W4417048633
Dr Lynda Jane Spelman,A5019091788,W4417481730,middle,False,Dr Lynda Jane Spelman|W4417481730
Dr Mahdieh  Gorji,A5053330550,W4401296660,middle,False,Dr Mahdieh  Gorji|W4401296660
Dr Mahdieh  Gorji,A5053330550,W4220744293,first,False,Dr Mahdieh  Gorji|W4220744293
Dr Mahdieh  Gorji,A5053330550,W3199248837,middle,False,Dr Mahdieh  Gorji|W3199248837
Dr Mahdieh  Gorji,A5053330550,W3080363792,middle,False,Dr Mahdieh  Gorji|W3080363792
Dr Mahdieh  Gorji,A5053330550,W4288801561,middle,False,Dr Mahdieh  Gorji|W4288801561
Dr Mahdieh  Gorji,A5053330550,W4401232489,middle,False,Dr Mahdieh  Gorji|W4401232489
Dr Mahdieh  Gorji,A5053330550,W4407799916,middle,False,Dr Mahdieh  Gorji|W4407799916
Dr Mahdieh  Gorji,A5053330550,W2331435141,first,False,Dr Mahdieh  Gorji|W2331435141
Dr Mahdieh  Gorji,A5053330550,W4382243973,middle,False,Dr Mahdieh  Gorji|W4382243973
Dr Mahdieh  Gorji,A5053330550,W2752722293,middle,False,Dr Mahdieh  Gorji|W2752722293
Dr Mahdieh  Gorji,A5053330550,W2317536153,first,False,Dr Mahdieh  Gorji|W2317536153
Dr Mahdieh  Gorji,A5053330550,W2322905911,last,False,Dr Mahdieh  Gorji|W2322905911
Dr Mahdieh  Gorji,A5053330550,W2326280476,first,False,Dr Mahdieh  Gorji|W2326280476
Dr Mahdieh  Gorji,A5053330550,W2794157030,last,False,Dr Mahdieh  Gorji|W2794157030
Dr Mahdieh  Gorji,A5053330550,W3091263867,middle,False,Dr Mahdieh  Gorji|W3091263867
Dr Mahdieh  Gorji,A5053330550,W4309620164,middle,False,Dr Mahdieh  Gorji|W4309620164
Dr Margaret Ann Oziemski,A5037649269,W2151067845,middle,False,Dr Margaret Ann Oziemski|W2151067845
Dr Margaret Ann Oziemski,A5037649269,W2069834122,middle,False,Dr Margaret Ann Oziemski|W2069834122
Dr Margaret Ann Oziemski,A5037649269,W2057874923,first,True,Dr Margaret Ann Oziemski|W2057874923
Dr Margaret Ann Oziemski,A5037649269,W2408820248,last,False,Dr Margaret Ann Oziemski|W2408820248
Dr Margaret Ann Oziemski,A5037649269,W1892356150,first,True,Dr Margaret Ann Oziemski|W1892356150
Dr Margaret Ann Oziemski,A5037649269,W2150084951,middle,False,Dr Margaret Ann Oziemski|W2150084951
Dr Margaret Ann Oziemski,A5037649269,W2338665307,middle,False,Dr Margaret Ann Oziemski|W2338665307
Dr Margit Marisa Polcz,A5004010783,W2748856169,first,True,Dr Margit Marisa Polcz|W2748856169
Dr Margit Marisa Polcz,A5004010783,W2087228309,first,False,Dr Margit Marisa Polcz|W2087228309
Dr Margit Marisa Polcz,A5004010783,W2926173773,middle,False,Dr Margit Marisa Polcz|W2926173773
Dr Margit Marisa Polcz,A5004010783,W4375866861,middle,False,Dr Margit Marisa Polcz|W4375866861
Dr Margit Marisa Polcz,A5004010783,W4408142027,middle,False,Dr Margit Marisa Polcz|W4408142027
Dr Margit Marisa Polcz,A5004010783,W4303647703,last,True,Dr Margit Marisa Polcz|W4303647703
Dr Margit Marisa Polcz,A5004010783,W4386198901,last,False,Dr Margit Marisa Polcz|W4386198901
Dr Margit Marisa Polcz,A5004010783,W2954413277,middle,False,Dr Margit Marisa Polcz|W2954413277
Dr Margit Marisa Polcz,A5004010783,W4390110121,middle,False,Dr Margit Marisa Polcz|W4390110121
Dr Margit Marisa Polcz,A5004010783,W3085572411,last,False,Dr Margit Marisa Polcz|W3085572411
Dr Margit Marisa Polcz,A5004010783,W3086856781,last,False,Dr Margit Marisa Polcz|W3086856781
Dr Margit Marisa Polcz,A5004010783,W3092011948,last,False,Dr Margit Marisa Polcz|W3092011948
Dr Margit Marisa Polcz,A5004010783,W3111443295,last,False,Dr Margit Marisa Polcz|W3111443295
Dr Margit Marisa Polcz,A5004010783,W4246110238,last,False,Dr Margit Marisa Polcz|W4246110238
Dr Margit Marisa Polcz,A5004010783,W4375863716,middle,False,Dr Margit Marisa Polcz|W4375863716
Dr Margit Marisa Polcz,A5004010783,W4375866731,middle,False,Dr Margit Marisa Polcz|W4375866731
Dr Margit Marisa Polcz,A5004010783,W4375866834,middle,False,Dr Margit Marisa Polcz|W4375866834
Dr Margit Marisa Polcz,A5004010783,W4392757712,middle,False,Dr Margit Marisa Polcz|W4392757712
Dr Margit Marisa Polcz,A5004010783,W4399034913,middle,False,Dr Margit Marisa Polcz|W4399034913
Dr Margit Marisa Polcz,A5004010783,W4399049087,last,False,Dr Margit Marisa Polcz|W4399049087
Dr Margit Marisa Polcz,A5004010783,W4399056353,last,False,Dr Margit Marisa Polcz|W4399056353
Dr Margit Marisa Polcz,A5004010783,W4407351206,first,True,Dr Margit Marisa Polcz|W4407351206
Dr Margit Marisa Polcz,A5004010783,W7143688161,middle,False,Dr Margit Marisa Polcz|W7143688161
Dr Margot Julie Whitfeld,A5070811297,W2122231026,middle,False,Dr Margot Julie Whitfeld|W2122231026
Dr Margot Julie Whitfeld,A5070811297,W2051209414,middle,False,Dr Margot Julie Whitfeld|W2051209414
Dr Margot Julie Whitfeld,A5070811297,W2759013423,middle,False,Dr Margot Julie Whitfeld|W2759013423
Dr Margot Julie Whitfeld,A5070811297,W3005031357,middle,False,Dr Margot Julie Whitfeld|W3005031357
Dr Margot Julie Whitfeld,A5070811297,W2317702186,middle,False,Dr Margot Julie Whitfeld|W2317702186
Dr Margot Julie Whitfeld,A5070811297,W2948825612,middle,False,Dr Margot Julie Whitfeld|W2948825612
Dr Margot Julie Whitfeld,A5070811297,W1985493133,last,False,Dr Margot Julie Whitfeld|W1985493133
Dr Margot Julie Whitfeld,A5070811297,W2928276993,middle,False,Dr Margot Julie Whitfeld|W2928276993
Dr Margot Julie Whitfeld,A5070811297,W2792073070,last,False,Dr Margot Julie Whitfeld|W2792073070
Dr Margot Julie Whitfeld,A5070811297,W2969600525,middle,False,Dr Margot Julie Whitfeld|W2969600525
Dr Margot Julie Whitfeld,A5070811297,W3175637726,middle,False,Dr Margot Julie Whitfeld|W3175637726
Dr Margot Julie Whitfeld,A5070811297,W4400930061,middle,False,Dr Margot Julie Whitfeld|W4400930061
Dr Margot Julie Whitfeld,A5070811297,W2001528266,first,True,Dr Margot Julie Whitfeld|W2001528266
Dr Margot Julie Whitfeld,A5070811297,W2736672272,middle,False,Dr Margot Julie Whitfeld|W2736672272
Dr Margot Julie Whitfeld,A5070811297,W2162950025,last,True,Dr Margot Julie Whitfeld|W2162950025
Dr Margot Julie Whitfeld,A5070811297,W2785626664,last,False,Dr Margot Julie Whitfeld|W2785626664
Dr Margot Julie Whitfeld,A5070811297,W2953998387,middle,False,Dr Margot Julie Whitfeld|W2953998387
Dr Margot Julie Whitfeld,A5070811297,W2972844678,middle,False,Dr Margot Julie Whitfeld|W2972844678
Dr Margot Julie Whitfeld,A5070811297,W2946857541,middle,False,Dr Margot Julie Whitfeld|W2946857541
Dr Margot Julie Whitfeld,A5070811297,W3138028982,last,False,Dr Margot Julie Whitfeld|W3138028982
Dr Margot Julie Whitfeld,A5070811297,W2906840643,middle,False,Dr Margot Julie Whitfeld|W2906840643
Dr Margot Julie Whitfeld,A5070811297,W2891534801,middle,False,Dr Margot Julie Whitfeld|W2891534801
Dr Margot Julie Whitfeld,A5070811297,W3132129586,middle,False,Dr Margot Julie Whitfeld|W3132129586
Dr Margot Julie Whitfeld,A5070811297,W2074912449,last,False,Dr Margot Julie Whitfeld|W2074912449
Dr Margot Julie Whitfeld,A5070811297,W4220982949,middle,False,Dr Margot Julie Whitfeld|W4220982949
Dr Margot Julie Whitfeld,A5070811297,W3010883656,middle,False,Dr Margot Julie Whitfeld|W3010883656
Dr Margot Julie Whitfeld,A5070811297,W3212006827,middle,False,Dr Margot Julie Whitfeld|W3212006827
Dr Margot Julie Whitfeld,A5070811297,W3081934785,middle,False,Dr Margot Julie Whitfeld|W3081934785
Dr Margot Julie Whitfeld,A5070811297,W3137865555,middle,False,Dr Margot Julie Whitfeld|W3137865555
Dr Margot Julie Whitfeld,A5070811297,W3214035567,middle,False,Dr Margot Julie Whitfeld|W3214035567
Dr Margot Julie Whitfeld,A5070811297,W2728111923,middle,False,Dr Margot Julie Whitfeld|W2728111923
Dr Margot Julie Whitfeld,A5070811297,W3111093735,middle,False,Dr Margot Julie Whitfeld|W3111093735
Dr Margot Julie Whitfeld,A5070811297,W1966203606,last,True,Dr Margot Julie Whitfeld|W1966203606
Dr Margot Julie Whitfeld,A5070811297,W2069700359,middle,False,Dr Margot Julie Whitfeld|W2069700359
Dr Margot Julie Whitfeld,A5070811297,W1900418607,last,False,Dr Margot Julie Whitfeld|W1900418607
Dr Margot Julie Whitfeld,A5070811297,W2081028475,last,False,Dr Margot Julie Whitfeld|W2081028475
Dr Margot Julie Whitfeld,A5070811297,W4280586180,middle,False,Dr Margot Julie Whitfeld|W4280586180
Dr Margot Julie Whitfeld,A5070811297,W4210300866,middle,False,Dr Margot Julie Whitfeld|W4210300866
Dr Margot Julie Whitfeld,A5070811297,W2058478100,middle,False,Dr Margot Julie Whitfeld|W2058478100
Dr Margot Julie Whitfeld,A5070811297,W2025735909,first,False,Dr Margot Julie Whitfeld|W2025735909
Dr Margot Julie Whitfeld,A5070811297,W2065873547,middle,False,Dr Margot Julie Whitfeld|W2065873547
Dr Margot Julie Whitfeld,A5070811297,W1492181299,last,True,Dr Margot Julie Whitfeld|W1492181299
Dr Margot Julie Whitfeld,A5070811297,W2076035785,last,False,Dr Margot Julie Whitfeld|W2076035785
Dr Margot Julie Whitfeld,A5070811297,W2009370145,last,False,Dr Margot Julie Whitfeld|W2009370145
Dr Margot Julie Whitfeld,A5070811297,W3165581557,middle,False,Dr Margot Julie Whitfeld|W3165581557
Dr Margot Julie Whitfeld,A5070811297,W3162276318,middle,False,Dr Margot Julie Whitfeld|W3162276318
Dr Margot Julie Whitfeld,A5070811297,W2155236268,first,True,Dr Margot Julie Whitfeld|W2155236268
Dr Margot Julie Whitfeld,A5070811297,W1999237559,first,False,Dr Margot Julie Whitfeld|W1999237559
Dr Margot Julie Whitfeld,A5070811297,W1948814619,last,True,Dr Margot Julie Whitfeld|W1948814619
Dr Margot Julie Whitfeld,A5070811297,W4327676109,middle,True,Dr Margot Julie Whitfeld|W4327676109
Dr Margot Julie Whitfeld,A5070811297,W3210320955,middle,False,Dr Margot Julie Whitfeld|W3210320955
Dr Margot Julie Whitfeld,A5070811297,W1795370042,middle,False,Dr Margot Julie Whitfeld|W1795370042
Dr Margot Julie Whitfeld,A5070811297,W2147018933,last,False,Dr Margot Julie Whitfeld|W2147018933
Dr Margot Julie Whitfeld,A5070811297,W2143965869,last,False,Dr Margot Julie Whitfeld|W2143965869
Dr Margot Julie Whitfeld,A5070811297,W4252707865,first,True,Dr Margot Julie Whitfeld|W4252707865
Dr Margot Julie Whitfeld,A5070811297,W2416289747,middle,False,Dr Margot Julie Whitfeld|W2416289747
Dr Margot Julie Whitfeld,A5070811297,W2062642828,middle,False,Dr Margot Julie Whitfeld|W2062642828
Dr Margot Julie Whitfeld,A5070811297,W2090797486,last,False,Dr Margot Julie Whitfeld|W2090797486
Dr Margot Julie Whitfeld,A5070811297,W2109275149,first,True,Dr Margot Julie Whitfeld|W2109275149
Dr Margot Julie Whitfeld,A5070811297,W3035777769,middle,False,Dr Margot Julie Whitfeld|W3035777769
Dr Margot Julie Whitfeld,A5070811297,W3200725738,last,False,Dr Margot Julie Whitfeld|W3200725738
Dr Margot Julie Whitfeld,A5070811297,W4205156995,first,True,Dr Margot Julie Whitfeld|W4205156995
Dr Margot Julie Whitfeld,A5070811297,W4205721788,first,True,Dr Margot Julie Whitfeld|W4205721788
Dr Margot Julie Whitfeld,A5070811297,W4205847051,first,True,Dr Margot Julie Whitfeld|W4205847051
Dr Margot Julie Whitfeld,A5070811297,W4205868529,first,True,Dr Margot Julie Whitfeld|W4205868529
Dr Margot Julie Whitfeld,A5070811297,W4206385729,first,True,Dr Margot Julie Whitfeld|W4206385729
Dr Margot Julie Whitfeld,A5070811297,W4206830960,first,True,Dr Margot Julie Whitfeld|W4206830960
Dr Margot Julie Whitfeld,A5070811297,W4206842616,first,True,Dr Margot Julie Whitfeld|W4206842616
Dr Margot Julie Whitfeld,A5070811297,W4230455863,first,True,Dr Margot Julie Whitfeld|W4230455863
Dr Margot Julie Whitfeld,A5070811297,W4230657327,first,True,Dr Margot Julie Whitfeld|W4230657327
Dr Margot Julie Whitfeld,A5070811297,W4232516712,first,True,Dr Margot Julie Whitfeld|W4232516712
Dr Margot Julie Whitfeld,A5070811297,W4236925519,first,True,Dr Margot Julie Whitfeld|W4236925519
Dr Margot Julie Whitfeld,A5070811297,W4240211702,first,True,Dr Margot Julie Whitfeld|W4240211702
Dr Margot Julie Whitfeld,A5070811297,W4241284554,middle,False,Dr Margot Julie Whitfeld|W4241284554
Dr Margot Julie Whitfeld,A5070811297,W4242558011,first,True,Dr Margot Julie Whitfeld|W4242558011
Dr Margot Julie Whitfeld,A5070811297,W4248768047,first,True,Dr Margot Julie Whitfeld|W4248768047
Dr Margot Julie Whitfeld,A5070811297,W4252020563,first,True,Dr Margot Julie Whitfeld|W4252020563
Dr Margot Julie Whitfeld,A5070811297,W4252178433,first,True,Dr Margot Julie Whitfeld|W4252178433
Dr Margot Julie Whitfeld,A5070811297,W4253122615,first,True,Dr Margot Julie Whitfeld|W4253122615
Dr Margot Julie Whitfeld,A5070811297,W4255147178,first,True,Dr Margot Julie Whitfeld|W4255147178
Dr Margot Julie Whitfeld,A5070811297,W4287266839,middle,False,Dr Margot Julie Whitfeld|W4287266839
Dr Margot Julie Whitfeld,A5070811297,W4388271568,middle,False,Dr Margot Julie Whitfeld|W4388271568
Dr Maria  Jones-Caballero,A5018033064,W2081084100,first,False,Dr Maria  Jones-Caballero|W2081084100
Dr Maria  Jones-Caballero,A5018033064,W2007355448,middle,False,Dr Maria  Jones-Caballero|W2007355448
Dr Maria  Jones-Caballero,A5018033064,W2006585150,first,True,Dr Maria  Jones-Caballero|W2006585150
Dr Maria  Jones-Caballero,A5018033064,W2114160915,middle,False,Dr Maria  Jones-Caballero|W2114160915
Dr Maria  Jones-Caballero,A5018033064,W1892203605,middle,False,Dr Maria  Jones-Caballero|W1892203605
Dr Maria  Jones-Caballero,A5018033064,W2064513764,first,False,Dr Maria  Jones-Caballero|W2064513764
Dr Maria  Jones-Caballero,A5018033064,W2060953488,middle,False,Dr Maria  Jones-Caballero|W2060953488
Dr Maria  Jones-Caballero,A5018033064,W4253074358,middle,False,Dr Maria  Jones-Caballero|W4253074358
Dr Maria  Jones-Caballero,A5018033064,W2000237839,first,True,Dr Maria  Jones-Caballero|W2000237839
Dr Maria  Jones-Caballero,A5018033064,W2031455367,middle,False,Dr Maria  Jones-Caballero|W2031455367
Dr Maria  Jones-Caballero,A5018033064,W2026746584,last,True,Dr Maria  Jones-Caballero|W2026746584
Dr Maria  Jones-Caballero,A5018033064,W2162723495,last,False,Dr Maria  Jones-Caballero|W2162723495
Dr Maria  Jones-Caballero,A5018033064,W2004944812,first,True,Dr Maria  Jones-Caballero|W2004944812
Dr Maria  Jones-Caballero,A5018033064,W4403764729,middle,False,Dr Maria  Jones-Caballero|W4403764729
Dr Maria  Jones-Caballero,A5018033064,W2034034827,first,False,Dr Maria  Jones-Caballero|W2034034827
Dr Maria  Jones-Caballero,A5018033064,W2527872773,middle,False,Dr Maria  Jones-Caballero|W2527872773
Dr Maria  Jones-Caballero,A5018033064,W1981602886,middle,False,Dr Maria  Jones-Caballero|W1981602886
Dr Maria  Jones-Caballero,A5018033064,W1999861204,middle,False,Dr Maria  Jones-Caballero|W1999861204
Dr Maria  Jones-Caballero,A5018033064,W2058663706,middle,False,Dr Maria  Jones-Caballero|W2058663706
Dr Maria  Jones-Caballero,A5018033064,W2031568686,middle,False,Dr Maria  Jones-Caballero|W2031568686
Dr Maria  Jones-Caballero,A5018033064,W1534088024,middle,False,Dr Maria  Jones-Caballero|W1534088024
Dr Maria  Jones-Caballero,A5018033064,W4254136155,last,False,Dr Maria  Jones-Caballero|W4254136155
Dr Maria  Jones-Caballero,A5018033064,W2051678817,middle,False,Dr Maria  Jones-Caballero|W2051678817
Dr Maria  Jones-Caballero,A5018033064,W4362652552,middle,False,Dr Maria  Jones-Caballero|W4362652552
Dr Maria  Jones-Caballero,A5018033064,W2092346592,first,False,Dr Maria  Jones-Caballero|W2092346592
Dr Maria  Jones-Caballero,A5018033064,W1502631981,middle,False,Dr Maria  Jones-Caballero|W1502631981
Dr Maria  Jones-Caballero,A5018033064,W1619522931,first,False,Dr Maria  Jones-Caballero|W1619522931
Dr Maria  Jones-Caballero,A5018033064,W1986681181,middle,False,Dr Maria  Jones-Caballero|W1986681181
Dr Maria  Jones-Caballero,A5018033064,W2509043922,middle,False,Dr Maria  Jones-Caballero|W2509043922
Dr Maria  Jones-Caballero,A5018033064,W2088095775,last,False,Dr Maria  Jones-Caballero|W2088095775
Dr Maria  Jones-Caballero,A5018033064,W1540549305,first,False,Dr Maria  Jones-Caballero|W1540549305
Dr Maria  Jones-Caballero,A5018033064,W2001115998,first,False,Dr Maria  Jones-Caballero|W2001115998
Dr Maria  Jones-Caballero,A5018033064,W35922774,first,False,Dr Maria  Jones-Caballero|W35922774
Dr Maria  Jones-Caballero,A5018033064,W4214828806,first,False,Dr Maria  Jones-Caballero|W4214828806
Dr Maria  Jones-Caballero,A5018033064,W1968663414,middle,False,Dr Maria  Jones-Caballero|W1968663414
Dr Maria  Jones-Caballero,A5018033064,W1971841197,first,True,Dr Maria  Jones-Caballero|W1971841197
Dr Maria  Jones-Caballero,A5018033064,W1996253454,first,True,Dr Maria  Jones-Caballero|W1996253454
Dr Maria  Jones-Caballero,A5018033064,W2027186493,middle,False,Dr Maria  Jones-Caballero|W2027186493
Dr Maria  Jones-Caballero,A5018033064,W2508804397,middle,False,Dr Maria  Jones-Caballero|W2508804397
Dr Maria  Jones-Caballero,A5018033064,W2522060357,middle,False,Dr Maria  Jones-Caballero|W2522060357
Dr Maria  Jones-Caballero,A5018033064,W2601389274,middle,False,Dr Maria  Jones-Caballero|W2601389274
Dr Maria  Jones-Caballero,A5018033064,W2602009186,middle,False,Dr Maria  Jones-Caballero|W2602009186
Dr Maria  Jones-Caballero,A5018033064,W2608278235,middle,False,Dr Maria  Jones-Caballero|W2608278235
Dr Maria  Jones-Caballero,A5018033064,W2742762789,middle,False,Dr Maria  Jones-Caballero|W2742762789
Dr Maria  Jones-Caballero,A5018033064,W2900941986,middle,False,Dr Maria  Jones-Caballero|W2900941986
Dr Maria  Jones-Caballero,A5018033064,W4250264904,last,False,Dr Maria  Jones-Caballero|W4250264904
Dr Maria  Jones-Caballero,A5018033064,W4253879946,middle,False,Dr Maria  Jones-Caballero|W4253879946
Dr Maria  Jones-Caballero,A5018033064,W4405617895,middle,False,Dr Maria  Jones-Caballero|W4405617895
Dr Maria  Jones-Caballero,A5018033064,W77908432,first,False,Dr Maria  Jones-Caballero|W77908432
Dr Maria  Jones-Caballero,A5018033064,W976244970,first,False,Dr Maria  Jones-Caballero|W976244970
Dr Mark  Cicchiello,A5010663231,W2419424428,first,True,Dr Mark  Cicchiello|W2419424428
Dr Matthew James Lin,A5078377550,W4391918506,middle,False,Dr Matthew James Lin|W4391918506
Dr Matthew James Lin,A5078377550,W7140680271,last,True,Dr Matthew James Lin|W7140680271
Dr Matthew Paul Hishon,A5110522916,W1990691059,middle,False,Dr Matthew Paul Hishon|W1990691059
Dr Matthew Paul Hishon,A5110522916,W2752440908,middle,False,Dr Matthew Paul Hishon|W2752440908
Dr Matthew Paul Hishon,A5110522916,W2886833484,middle,True,Dr Matthew Paul Hishon|W2886833484
Dr May-Lian  Lee,A5110252023,W2045800292,first,True,Dr May-Lian  Lee|W2045800292
Dr May-Lian  Lee,A5110252023,W2003762495,first,False,Dr May-Lian  Lee|W2003762495
Dr May-Lian  Lee,A5110252023,W2430313304,first,False,Dr May-Lian  Lee|W2430313304
Dr May-Lian  Lee,A5110252023,W2021616882,first,True,Dr May-Lian  Lee|W2021616882
Dr May-Lian  Lee,A5110252023,W2000097501,middle,False,Dr May-Lian  Lee|W2000097501
Dr May-Lian  Lee,A5110252023,W2147777419,first,True,Dr May-Lian  Lee|W2147777419
Dr May-Lian  Lee,A5110252023,W2006919119,first,False,Dr May-Lian  Lee|W2006919119
Dr Mei-Heng  Tan,A5108662434,W2029664240,first,False,Dr Mei-Heng  Tan|W2029664240
Dr Mei-Heng  Tan,A5108662434,W2032861557,middle,False,Dr Mei-Heng  Tan|W2032861557
Dr Mei-Heng  Tan,A5108662434,W2085098141,middle,False,Dr Mei-Heng  Tan|W2085098141
Dr Mei-Heng  Tan,A5108662434,W2129664312,first,True,Dr Mei-Heng  Tan|W2129664312
Dr Mei-Heng  Tan,A5108662434,W4239711896,middle,False,Dr Mei-Heng  Tan|W4239711896
Dr Mei-Heng  Tan,A5108662434,W1986168756,middle,False,Dr Mei-Heng  Tan|W1986168756
Dr Mei-Heng  Tan,A5108662434,W2025580153,first,False,Dr Mei-Heng  Tan|W2025580153
Dr Mei-Heng  Tan,A5108662434,W2152768256,middle,False,Dr Mei-Heng  Tan|W2152768256
Dr Mei-Heng  Tan,A5108662434,W2624774781,middle,False,Dr Mei-Heng  Tan|W2624774781
Dr Mei-Heng  Tan,A5108662434,W2296181109,middle,False,Dr Mei-Heng  Tan|W2296181109
Dr Mei-Heng  Tan,A5108662434,W1976803035,middle,False,Dr Mei-Heng  Tan|W1976803035
Dr Mei-Heng  Tan,A5108662434,W2077427799,first,False,Dr Mei-Heng  Tan|W2077427799
Dr Mei-Heng  Tan,A5108662434,W4254361866,first,True,Dr Mei-Heng  Tan|W4254361866
Dr Mei-Heng  Tan,A5108662434,W2039634881,first,False,Dr Mei-Heng  Tan|W2039634881
Dr Mei-Heng  Tan,A5108662434,W2090697386,last,False,Dr Mei-Heng  Tan|W2090697386
Dr Mei-Heng  Tan,A5108662434,W2038142198,middle,False,Dr Mei-Heng  Tan|W2038142198
Dr Mei-Heng  Tan,A5108662434,W2873620693,middle,False,Dr Mei-Heng  Tan|W2873620693
Dr Mei-Heng  Tan,A5108662434,W2822508527,first,False,Dr Mei-Heng  Tan|W2822508527
Dr Mei-Heng  Tan,A5108662434,W2842527432,middle,False,Dr Mei-Heng  Tan|W2842527432
Dr Mei-Heng  Tan,A5108662434,W2847765149,first,False,Dr Mei-Heng  Tan|W2847765149
Dr Mei-Heng  Tan,A5108662434,W123854172,first,True,Dr Mei-Heng  Tan|W123854172
Dr Mei-Heng  Tan,A5108662434,W1994076437,first,True,Dr Mei-Heng  Tan|W1994076437
Dr Mei-Heng  Tan,A5108662434,W2791097525,middle,False,Dr Mei-Heng  Tan|W2791097525
Dr Mei-Heng  Tan,A5108662434,W2793257394,middle,False,Dr Mei-Heng  Tan|W2793257394
Dr Mei-Heng  Tan,A5108662434,W2796622854,last,False,Dr Mei-Heng  Tan|W2796622854
Dr Mei-Heng  Tan,A5108662434,W2841526900,middle,False,Dr Mei-Heng  Tan|W2841526900
Dr Mei-Heng  Tan,A5108662434,W2866932936,middle,False,Dr Mei-Heng  Tan|W2866932936
Dr Mei-Heng  Tan,A5108662434,W2868835827,middle,False,Dr Mei-Heng  Tan|W2868835827
Dr Mei-Heng  Tan,A5108662434,W4254326762,middle,False,Dr Mei-Heng  Tan|W4254326762
Dr Mei-Heng  Tan,A5108662434,W4256168125,middle,False,Dr Mei-Heng  Tan|W4256168125
Dr Melissa Nicole Manahan,A5001457265,W202245901,middle,False,Dr Melissa Nicole Manahan|W202245901
Dr Melissa Nicole Manahan,A5001457265,W2148889761,first,False,Dr Melissa Nicole Manahan|W2148889761
Dr Melissa Nicole Manahan,A5001457265,W2326491551,first,True,Dr Melissa Nicole Manahan|W2326491551
Dr Melissa Nicole Manahan,A5001457265,W2059284279,first,False,Dr Melissa Nicole Manahan|W2059284279
Dr Melissa Nicole Manahan,A5001457265,W2241180908,first,False,Dr Melissa Nicole Manahan|W2241180908
Dr Melissa Nicole Manahan,A5001457265,W2765189475,middle,False,Dr Melissa Nicole Manahan|W2765189475
Dr Melissa Nicole Manahan,A5001457265,W2795083551,middle,False,Dr Melissa Nicole Manahan|W2795083551
Dr Melissa Nicole Manahan,A5001457265,W7131083242,middle,False,Dr Melissa Nicole Manahan|W7131083242
Dr Michael George Freeman,A5101421797,W4376111096,middle,False,Dr Michael George Freeman|W4376111096
Dr Michael George Freeman,A5101421797,W4415662104,last,False,Dr Michael George Freeman|W4415662104
Dr Michael George Freeman,A5101421797,W4256394436,first,False,Dr Michael George Freeman|W4256394436
Dr Michael George Freeman,A5101421797,W4413488944,first,True,Dr Michael George Freeman|W4413488944
Dr Michael George Freeman,A5101421797,W4413518542,first,True,Dr Michael George Freeman|W4413518542
Dr Michael George Freeman,A5101421797,W4413539152,first,True,Dr Michael George Freeman|W4413539152
Dr Michael George Freeman,A5101421797,W4413561301,first,True,Dr Michael George Freeman|W4413561301
Dr Michael George Freeman,A5101421797,W4413576003,first,True,Dr Michael George Freeman|W4413576003
Dr Michael George Freeman,A5101421797,W4413598106,first,True,Dr Michael George Freeman|W4413598106
Dr Michael John Bannister,A5079139897,W2007464650,first,True,Dr Michael John Bannister|W2007464650
Dr Michael John Bannister,A5079139897,W2045227063,first,True,Dr Michael John Bannister|W2045227063
Dr Michaela  Zallmann,A5079806847,W2767033167,first,True,Dr Michaela  Zallmann|W2767033167
Dr Michaela  Zallmann,A5079806847,W4307211755,last,False,Dr Michaela  Zallmann|W4307211755
Dr Michaela  Zallmann,A5079806847,W2883797221,first,True,Dr Michaela  Zallmann|W2883797221
Dr Michaela  Zallmann,A5079806847,W2603582527,first,True,Dr Michaela  Zallmann|W2603582527
Dr Michaela  Zallmann,A5079806847,W2587699086,middle,False,Dr Michaela  Zallmann|W2587699086
Dr Michaela  Zallmann,A5079806847,W4220721857,middle,False,Dr Michaela  Zallmann|W4220721857
Dr Michaela  Zallmann,A5079806847,W2462848164,middle,False,Dr Michaela  Zallmann|W2462848164
Dr Michelle Anne Rodrigues,A5136024776,W7161011099,last,False,Dr Michelle Anne Rodrigues|W7161011099
Dr Michelle Yvonne McRae,A5006951454,W2883593925,first,True,Dr Michelle Yvonne McRae|W2883593925
Dr Michelle Yvonne McRae,A5006951454,W7134976278,middle,False,Dr Michelle Yvonne McRae|W7134976278
Dr Michelle Yvonne McRae,A5006951454,W2159906220,middle,False,Dr Michelle Yvonne McRae|W2159906220
Dr Michelle Yvonne McRae,A5006951454,W4386406948,last,False,Dr Michelle Yvonne McRae|W4386406948
Dr Michelle Yvonne McRae,A5006951454,W2009738947,first,True,Dr Michelle Yvonne McRae|W2009738947
Dr Michelle Yvonne McRae,A5006951454,W3165047502,middle,False,Dr Michelle Yvonne McRae|W3165047502
Dr Michelle Yvonne McRae,A5006951454,W2072246054,first,False,Dr Michelle Yvonne McRae|W2072246054
Dr Millicent Heather Osti,A5070832993,W3005031357,middle,False,Dr Millicent Heather Osti|W3005031357
Dr Millicent Heather Osti,A5070832993,W2969600525,first,False,Dr Millicent Heather Osti|W2969600525
Dr Millicent Heather Osti,A5070832993,W2972844678,first,False,Dr Millicent Heather Osti|W2972844678
Dr Millicent Heather Osti,A5070832993,W3132129586,middle,False,Dr Millicent Heather Osti|W3132129586
Dr Millicent Heather Osti,A5070832993,W3081934785,middle,False,Dr Millicent Heather Osti|W3081934785
Dr Millicent Heather Osti,A5070832993,W4280586180,first,False,Dr Millicent Heather Osti|W4280586180
Dr Millicent Heather Osti,A5070832993,W4327676109,middle,True,Dr Millicent Heather Osti|W4327676109
Dr Millicent Heather Osti,A5070832993,W4283825050,middle,False,Dr Millicent Heather Osti|W4283825050
Dr Millicent Heather Osti,A5070832993,W3140456651,first,False,Dr Millicent Heather Osti|W3140456651
Dr Millicent Heather Osti,A5070832993,W3046094705,first,True,Dr Millicent Heather Osti|W3046094705
Dr Millicent Heather Osti,A5070832993,W4404554537,middle,False,Dr Millicent Heather Osti|W4404554537
Dr Millicent Heather Osti,A5070832993,W4408667157,last,False,Dr Millicent Heather Osti|W4408667157
Dr Monisha  Gupta,A5079821873,W4399703149,last,False,Dr Monisha  Gupta|W4399703149
Dr Monisha  Gupta,A5079821873,W4404489452,middle,False,Dr Monisha  Gupta|W4404489452
Dr Monisha  Gupta,A5079821873,W4396899392,middle,False,Dr Monisha  Gupta|W4396899392
Dr Monisha  Gupta,A5079821873,W4410370618,middle,False,Dr Monisha  Gupta|W4410370618
Dr Monisha  Gupta,A5079821873,W2441941786,middle,False,Dr Monisha  Gupta|W2441941786
Dr Monisha  Gupta,A5079821873,W7116872017,last,False,Dr Monisha  Gupta|W7116872017
Dr Monisha  Gupta,A5079821873,W7117700777,last,False,Dr Monisha  Gupta|W7117700777
Dr Munther Shabib Ghanim Zureigat,A5050792257,W7119535305,middle,False,Dr Munther Shabib Ghanim Zureigat|W7119535305
Dr Munther Shabib Ghanim Zureigat,A5050792257,W2951154367,first,False,Dr Munther Shabib Ghanim Zureigat|W2951154367
Dr Munther Shabib Ghanim Zureigat,A5050792257,W2808327902,first,False,Dr Munther Shabib Ghanim Zureigat|W2808327902
Dr Nelly  Jang,A5031981183,W1987500443,first,True,Dr Nelly  Jang|W1987500443
Dr Nerilee Ann Wall,A5061129503,W4417350630,middle,False,Dr Nerilee Ann Wall|W4417350630
Dr Nerilee Ann Wall,A5061129503,W2766435547,first,True,Dr Nerilee Ann Wall|W2766435547
Dr Nerilee Ann Wall,A5061129503,W2034380770,first,False,Dr Nerilee Ann Wall|W2034380770
Dr Nerilee Ann Wall,A5061129503,W7163029441,middle,False,Dr Nerilee Ann Wall|W7163029441
Dr Nerilee Ann Wall,A5061129503,W7163125686,middle,False,Dr Nerilee Ann Wall|W7163125686
Dr Nghi Tu Huynh,A5111866510,W2010443404,first,False,Dr Nghi Tu Huynh|W2010443404
Dr Nghi Tu Huynh,A5111866510,W2003027324,middle,False,Dr Nghi Tu Huynh|W2003027324
Dr Nghi Tu Huynh,A5111866510,W2091369658,first,False,Dr Nghi Tu Huynh|W2091369658
Dr Nghi Tu Huynh,A5111866510,W2121792106,first,False,Dr Nghi Tu Huynh|W2121792106
Dr Nghi Tu Huynh,A5111866510,W1994249360,middle,False,Dr Nghi Tu Huynh|W1994249360
Dr Nghi Tu Huynh,A5111866510,W2061694207,middle,False,Dr Nghi Tu Huynh|W2061694207
Dr Nghi Tu Huynh,A5111866510,W2043470825,first,False,Dr Nghi Tu Huynh|W2043470825
Dr Nghi Tu Huynh,A5111866510,W2465233858,middle,False,Dr Nghi Tu Huynh|W2465233858
Dr Nghi Tu Huynh,A5111866510,W2028576593,first,False,Dr Nghi Tu Huynh|W2028576593
Dr Nghi Tu Huynh,A5111866510,W2025786917,first,False,Dr Nghi Tu Huynh|W2025786917
Dr Nghi Tu Huynh,A5111866510,W4244940897,middle,False,Dr Nghi Tu Huynh|W4244940897
Dr Nghi Tu Huynh,A5111866510,W2473812863,middle,False,Dr Nghi Tu Huynh|W2473812863
Dr Nghi Tu Huynh,A5111866510,W3135570332,middle,False,Dr Nghi Tu Huynh|W3135570332
Dr Nghi Tu Huynh,A5111866510,W2092370044,first,True,Dr Nghi Tu Huynh|W2092370044
Dr Nghi Tu Huynh,A5111866510,W2062642828,middle,False,Dr Nghi Tu Huynh|W2062642828
Dr Nghi Tu Huynh,A5111866510,W2544001581,first,True,Dr Nghi Tu Huynh|W2544001581
Dr Nicholas  Aspres,A5044209875,W2163265502,first,False,Dr Nicholas  Aspres|W2163265502
Dr Nicholas  Aspres,A5044209875,W1983218403,first,True,Dr Nicholas  Aspres|W1983218403
Dr Nicholas  Aspres,A5044209875,W2013618542,first,False,Dr Nicholas  Aspres|W2013618542
Dr Nicholas  Aspres,A5044209875,W1699504803,first,True,Dr Nicholas  Aspres|W1699504803
Dr Nicholas  Aspres,A5044209875,W2003495899,first,True,Dr Nicholas  Aspres|W2003495899
Dr Nina Yvette Wines,A5019409622,W2167301004,first,False,Dr Nina Yvette Wines|W2167301004
Dr Nina Yvette Wines,A5019409622,W4319825951,middle,False,Dr Nina Yvette Wines|W4319825951
Dr Nina Yvette Wines,A5019409622,W2170925713,middle,False,Dr Nina Yvette Wines|W2170925713
Dr Nina Yvette Wines,A5019409622,W2112693576,middle,False,Dr Nina Yvette Wines|W2112693576
Dr Nina Yvette Wines,A5019409622,W35635617,first,False,Dr Nina Yvette Wines|W35635617
Dr Nina Yvette Wines,A5019409622,W2163344848,first,False,Dr Nina Yvette Wines|W2163344848
Dr Nina Yvette Wines,A5019409622,W1997702220,first,False,Dr Nina Yvette Wines|W1997702220
Dr Nina Yvette Wines,A5019409622,W4205238600,middle,False,Dr Nina Yvette Wines|W4205238600
Dr Nina Yvette Wines,A5019409622,W4410079553,middle,False,Dr Nina Yvette Wines|W4410079553
Dr Nina Yvette Wines,A5019409622,W2039949221,middle,False,Dr Nina Yvette Wines|W2039949221
Dr Nina Yvette Wines,A5019409622,W2130663908,first,True,Dr Nina Yvette Wines|W2130663908
Dr Nina Yvette Wines,A5019409622,W4236912368,first,False,Dr Nina Yvette Wines|W4236912368
Dr Nina Yvette Wines,A5019409622,W2484356470,first,False,Dr Nina Yvette Wines|W2484356470
Dr Nina Yvette Wines,A5019409622,W2804605451,last,False,Dr Nina Yvette Wines|W2804605451
Dr Nina Yvette Wines,A5019409622,W2805862589,last,False,Dr Nina Yvette Wines|W2805862589
Dr Nina Yvette Wines,A5019409622,W2808454072,last,False,Dr Nina Yvette Wines|W2808454072
Dr Nina Yvette Wines,A5019409622,W2809012063,last,False,Dr Nina Yvette Wines|W2809012063
Dr Nina Yvette Wines,A5019409622,W2884599745,first,False,Dr Nina Yvette Wines|W2884599745
Dr Nina Yvette Wines,A5019409622,W2946575026,middle,False,Dr Nina Yvette Wines|W2946575026
Dr Niranthari  Chinniah,A5012005259,W1852538637,middle,False,Dr Niranthari  Chinniah|W1852538637
Dr Niranthari  Chinniah,A5012005259,W2052020035,first,False,Dr Niranthari  Chinniah|W2052020035
Dr Niranthari  Chinniah,A5012005259,W1518344404,middle,True,Dr Niranthari  Chinniah|W1518344404
Dr Niranthari  Chinniah,A5012005259,W1917790641,first,False,Dr Niranthari  Chinniah|W1917790641
Dr Niranthari  Chinniah,A5012005259,W1988787484,first,False,Dr Niranthari  Chinniah|W1988787484
Dr Niranthari  Chinniah,A5012005259,W2407849386,first,False,Dr Niranthari  Chinniah|W2407849386
Dr Niranthari  Chinniah,A5012005259,W2924711288,middle,False,Dr Niranthari  Chinniah|W2924711288
Dr Niranthari  Chinniah,A5012005259,W4233497634,first,False,Dr Niranthari  Chinniah|W4233497634
Dr Nisansala Mahenthi Nagodavithana,A5012112653,W4210970351,first,False,Dr Nisansala Mahenthi Nagodavithana|W4210970351
Dr Olivia Jean Milne,A5089361198,W2955657457,middle,False,Dr Olivia Jean Milne|W2955657457
Dr On Bon  Chan,A5066105641,W4311330985,middle,False,Dr On Bon  Chan|W4311330985
Dr Orli  Wargon,A5040403743,W2100584705,middle,False,Dr Orli  Wargon|W2100584705
Dr Orli  Wargon,A5040403743,W2627083739,middle,False,Dr Orli  Wargon|W2627083739
Dr Orli  Wargon,A5040403743,W2155495006,middle,False,Dr Orli  Wargon|W2155495006
Dr Orli  Wargon,A5040403743,W2148017240,last,False,Dr Orli  Wargon|W2148017240
Dr Orli  Wargon,A5040403743,W3193452342,middle,False,Dr Orli  Wargon|W3193452342
Dr Orli  Wargon,A5040403743,W2808646259,middle,False,Dr Orli  Wargon|W2808646259
Dr Orli  Wargon,A5040403743,W2107981820,last,False,Dr Orli  Wargon|W2107981820
Dr Orli  Wargon,A5040403743,W2169361301,last,False,Dr Orli  Wargon|W2169361301
Dr Orli  Wargon,A5040403743,W3194335412,last,False,Dr Orli  Wargon|W3194335412
Dr Orli  Wargon,A5040403743,W2086510728,middle,False,Dr Orli  Wargon|W2086510728
Dr Orli  Wargon,A5040403743,W2051968119,middle,False,Dr Orli  Wargon|W2051968119
Dr Orli  Wargon,A5040403743,W1920018264,last,False,Dr Orli  Wargon|W1920018264
Dr Orli  Wargon,A5040403743,W1701837433,middle,False,Dr Orli  Wargon|W1701837433
Dr Orli  Wargon,A5040403743,W2036833060,middle,True,Dr Orli  Wargon|W2036833060
Dr Orli  Wargon,A5040403743,W2074607869,middle,False,Dr Orli  Wargon|W2074607869
Dr Orli  Wargon,A5040403743,W2593538788,middle,False,Dr Orli  Wargon|W2593538788
Dr Orli  Wargon,A5040403743,W2587132217,middle,False,Dr Orli  Wargon|W2587132217
Dr Orli  Wargon,A5040403743,W1529961505,last,False,Dr Orli  Wargon|W1529961505
Dr Orli  Wargon,A5040403743,W2048336014,middle,False,Dr Orli  Wargon|W2048336014
Dr Orli  Wargon,A5040403743,W1951347841,last,False,Dr Orli  Wargon|W1951347841
Dr Orli  Wargon,A5040403743,W2117243947,last,False,Dr Orli  Wargon|W2117243947
Dr Orli  Wargon,A5040403743,W2618612696,middle,False,Dr Orli  Wargon|W2618612696
Dr Orli  Wargon,A5040403743,W1900743477,last,False,Dr Orli  Wargon|W1900743477
Dr Orli  Wargon,A5040403743,W2107949434,middle,False,Dr Orli  Wargon|W2107949434
Dr Orli  Wargon,A5040403743,W2528568185,middle,False,Dr Orli  Wargon|W2528568185
Dr Orli  Wargon,A5040403743,W4402786447,last,False,Dr Orli  Wargon|W4402786447
Dr Orli  Wargon,A5040403743,W4400138808,middle,False,Dr Orli  Wargon|W4400138808
Dr Orli  Wargon,A5040403743,W4403114247,middle,False,Dr Orli  Wargon|W4403114247
Dr Orli  Wargon,A5040403743,W2148052326,last,False,Dr Orli  Wargon|W2148052326
Dr Orli  Wargon,A5040403743,W2487991954,last,False,Dr Orli  Wargon|W2487991954
Dr Orli  Wargon,A5040403743,W1916528217,last,False,Dr Orli  Wargon|W1916528217
Dr Orli  Wargon,A5040403743,W2159906220,last,False,Dr Orli  Wargon|W2159906220
Dr Orli  Wargon,A5040403743,W3037710438,middle,False,Dr Orli  Wargon|W3037710438
Dr Orli  Wargon,A5040403743,W3117928084,last,True,Dr Orli  Wargon|W3117928084
Dr Orli  Wargon,A5040403743,W3121472225,middle,False,Dr Orli  Wargon|W3121472225
Dr Orli  Wargon,A5040403743,W4389892190,last,False,Dr Orli  Wargon|W4389892190
Dr Orli  Wargon,A5040403743,W4414030280,last,False,Dr Orli  Wargon|W4414030280
Dr Orli  Wargon,A5040403743,W2751449867,middle,False,Dr Orli  Wargon|W2751449867
Dr Orli  Wargon,A5040403743,W1985168855,last,True,Dr Orli  Wargon|W1985168855
Dr Orli  Wargon,A5040403743,W1970168973,middle,False,Dr Orli  Wargon|W1970168973
Dr Orli  Wargon,A5040403743,W2023005414,middle,False,Dr Orli  Wargon|W2023005414
Dr Orli  Wargon,A5040403743,W1976158924,last,True,Dr Orli  Wargon|W1976158924
Dr Orli  Wargon,A5040403743,W1953089268,last,False,Dr Orli  Wargon|W1953089268
Dr Orli  Wargon,A5040403743,W2055574859,last,True,Dr Orli  Wargon|W2055574859
Dr Orli  Wargon,A5040403743,W1587490886,last,False,Dr Orli  Wargon|W1587490886
Dr Orli  Wargon,A5040403743,W2784296446,last,False,Dr Orli  Wargon|W2784296446
Dr Orli  Wargon,A5040403743,W2909216461,last,False,Dr Orli  Wargon|W2909216461
Dr Orli  Wargon,A5040403743,W3046448407,middle,False,Dr Orli  Wargon|W3046448407
Dr Orli  Wargon,A5040403743,W1567530356,last,False,Dr Orli  Wargon|W1567530356
Dr Orli  Wargon,A5040403743,W3174249846,last,False,Dr Orli  Wargon|W3174249846
Dr Orli  Wargon,A5040403743,W1989083367,middle,False,Dr Orli  Wargon|W1989083367
Dr Orli  Wargon,A5040403743,W2022870581,first,True,Dr Orli  Wargon|W2022870581
Dr Orli  Wargon,A5040403743,W2038679098,last,False,Dr Orli  Wargon|W2038679098
Dr Orli  Wargon,A5040403743,W2167852406,middle,False,Dr Orli  Wargon|W2167852406
Dr Orli  Wargon,A5040403743,W2044051347,last,True,Dr Orli  Wargon|W2044051347
Dr Orli  Wargon,A5040403743,W2088050474,last,False,Dr Orli  Wargon|W2088050474
Dr Orli  Wargon,A5040403743,W1989219795,first,True,Dr Orli  Wargon|W1989219795
Dr Orli  Wargon,A5040403743,W2041156547,middle,False,Dr Orli  Wargon|W2041156547
Dr Orli  Wargon,A5040403743,W2027527630,first,True,Dr Orli  Wargon|W2027527630
Dr Orli  Wargon,A5040403743,W2594568936,middle,False,Dr Orli  Wargon|W2594568936
Dr Orli  Wargon,A5040403743,W1492845033,last,False,Dr Orli  Wargon|W1492845033
Dr Orli  Wargon,A5040403743,W2063920283,first,False,Dr Orli  Wargon|W2063920283
Dr Orli  Wargon,A5040403743,W2483821303,last,False,Dr Orli  Wargon|W2483821303
Dr Orli  Wargon,A5040403743,W4248324672,first,True,Dr Orli  Wargon|W4248324672
Dr Orli  Wargon,A5040403743,W9157796,first,True,Dr Orli  Wargon|W9157796
Dr Orli  Wargon,A5040403743,W1977249758,middle,False,Dr Orli  Wargon|W1977249758
Dr Orli  Wargon,A5040403743,W1979688352,first,True,Dr Orli  Wargon|W1979688352
Dr Orli  Wargon,A5040403743,W2075584824,first,False,Dr Orli  Wargon|W2075584824
Dr Orli  Wargon,A5040403743,W2159920632,first,True,Dr Orli  Wargon|W2159920632
Dr Orli  Wargon,A5040403743,W2553025760,last,False,Dr Orli  Wargon|W2553025760
Dr Orli  Wargon,A5040403743,W2808149290,middle,True,Dr Orli  Wargon|W2808149290
Dr Orli  Wargon,A5040403743,W2808197572,first,False,Dr Orli  Wargon|W2808197572
Dr Orli  Wargon,A5040403743,W4253770915,first,False,Dr Orli  Wargon|W4253770915
Dr Orli  Wargon,A5040403743,W4385296534,middle,False,Dr Orli  Wargon|W4385296534
Dr Orli  Wargon,A5040403743,W7163083137,middle,False,Dr Orli  Wargon|W7163083137
Dr Orli  Wargon,A5040403743,W7163659078,middle,False,Dr Orli  Wargon|W7163659078
Dr Orli  Wargon,A5040403743,W7164297206,first,True,Dr Orli  Wargon|W7164297206
Dr Parastoo  Banan,A5038997376,W1986588122,middle,False,Dr Parastoo  Banan|W1986588122
Dr Parastoo  Banan,A5038997376,W2057571872,first,False,Dr Parastoo  Banan|W2057571872
Dr Parastoo  Banan,A5038997376,W2125223871,first,True,Dr Parastoo  Banan|W2125223871
Dr Parastoo  Banan,A5038997376,W1919372583,first,True,Dr Parastoo  Banan|W1919372583
Dr Parastoo  Banan,A5038997376,W599615294,first,False,Dr Parastoo  Banan|W599615294
Dr Parastoo  Banan,A5038997376,W1527507786,first,True,Dr Parastoo  Banan|W1527507786
Dr Parastoo  Banan,A5038997376,W1536948781,middle,False,Dr Parastoo  Banan|W1536948781
Dr Parastoo  Banan,A5038997376,W116883406,first,False,Dr Parastoo  Banan|W116883406
Dr Parastoo  Banan,A5038997376,W118141566,first,False,Dr Parastoo  Banan|W118141566
Dr Parastoo  Banan,A5038997376,W131452458,first,False,Dr Parastoo  Banan|W131452458
Dr Parastoo  Banan,A5038997376,W2247227751,first,False,Dr Parastoo  Banan|W2247227751
Dr Parastoo  Banan,A5038997376,W2247259711,first,False,Dr Parastoo  Banan|W2247259711
Dr Parastoo  Banan,A5038997376,W4232098783,last,False,Dr Parastoo  Banan|W4232098783
Dr Parastoo  Banan,A5038997376,W4235134914,last,False,Dr Parastoo  Banan|W4235134914
Dr Parastoo  Banan,A5038997376,W4252088069,last,False,Dr Parastoo  Banan|W4252088069
Dr Parastoo  Banan,A5038997376,W4298180602,middle,False,Dr Parastoo  Banan|W4298180602
Dr Parastoo  Banan,A5038997376,W55702285,first,False,Dr Parastoo  Banan|W55702285
Dr Pascale Rovel Guitera,A5102807820,W2945948223,last,False,Dr Pascale Rovel Guitera|W2945948223
Dr Pascale Rovel Guitera,A5102807820,W3178662265,middle,False,Dr Pascale Rovel Guitera|W3178662265
Dr Pascale Rovel Guitera,A5102807820,W3208327196,middle,False,Dr Pascale Rovel Guitera|W3208327196
Dr Pascale Rovel Guitera,A5102807820,W4295136833,middle,False,Dr Pascale Rovel Guitera|W4295136833
Dr Pascale Rovel Guitera,A5102807820,W2902088691,middle,False,Dr Pascale Rovel Guitera|W2902088691
Dr Pascale Rovel Guitera,A5102807820,W3139431222,first,False,Dr Pascale Rovel Guitera|W3139431222
Dr Pascale Rovel Guitera,A5102807820,W3112144588,middle,False,Dr Pascale Rovel Guitera|W3112144588
Dr Pascale Rovel Guitera,A5102807820,W3047668915,middle,False,Dr Pascale Rovel Guitera|W3047668915
Dr Pascale Rovel Guitera,A5102807820,W3137142123,middle,False,Dr Pascale Rovel Guitera|W3137142123
Dr Pascale Rovel Guitera,A5102807820,W4321789303,middle,False,Dr Pascale Rovel Guitera|W4321789303
Dr Pascale Rovel Guitera,A5102807820,W4401813850,middle,False,Dr Pascale Rovel Guitera|W4401813850
Dr Pascale Rovel Guitera,A5102807820,W4307630819,middle,False,Dr Pascale Rovel Guitera|W4307630819
Dr Pascale Rovel Guitera,A5102807820,W4405199899,middle,False,Dr Pascale Rovel Guitera|W4405199899
Dr Pascale Rovel Guitera,A5102807820,W4410292412,middle,False,Dr Pascale Rovel Guitera|W4410292412
Dr Pascale Rovel Guitera,A5102807820,W4411846080,middle,False,Dr Pascale Rovel Guitera|W4411846080
Dr Pascale Rovel Guitera,A5102807820,W4214903447,middle,False,Dr Pascale Rovel Guitera|W4214903447
Dr Pascale Rovel Guitera,A5102807820,W2995790733,middle,False,Dr Pascale Rovel Guitera|W2995790733
Dr Pascale Rovel Guitera,A5102807820,W4399389315,middle,False,Dr Pascale Rovel Guitera|W4399389315
Dr Pascale Rovel Guitera,A5102807820,W4381839455,middle,False,Dr Pascale Rovel Guitera|W4381839455
Dr Pascale Rovel Guitera,A5102807820,W4282972328,last,True,Dr Pascale Rovel Guitera|W4282972328
Dr Pascale Rovel Guitera,A5102807820,W4248957441,middle,False,Dr Pascale Rovel Guitera|W4248957441
Dr Pascale Rovel Guitera,A5102807820,W2324098286,middle,False,Dr Pascale Rovel Guitera|W2324098286
Dr Pascale Rovel Guitera,A5102807820,W3204255521,middle,False,Dr Pascale Rovel Guitera|W3204255521
Dr Pascale Rovel Guitera,A5102807820,W4396498140,middle,False,Dr Pascale Rovel Guitera|W4396498140
Dr Pascale Rovel Guitera,A5102807820,W4412465356,last,False,Dr Pascale Rovel Guitera|W4412465356
Dr Patricia  Le,A5018757744,W3137068775,first,False,Dr Patricia  Le|W3137068775
Dr Patricia  Le,A5018757744,W4376274714,middle,False,Dr Patricia  Le|W4376274714
Dr Patricia  Le,A5018757744,W3212594694,middle,False,Dr Patricia  Le|W3212594694
Dr Patricia  Le,A5018757744,W3040743806,middle,False,Dr Patricia  Le|W3040743806
Dr Patricia  Le,A5018757744,W4362458957,middle,False,Dr Patricia  Le|W4362458957
Dr Patricia  Le,A5018757744,W3081352387,middle,False,Dr Patricia  Le|W3081352387
Dr Patricia  Le,A5018757744,W4286500079,middle,False,Dr Patricia  Le|W4286500079
Dr Patricia  Le,A5018757744,W4309740600,middle,False,Dr Patricia  Le|W4309740600
Dr Patricia  Le,A5018757744,W4387366282,middle,False,Dr Patricia  Le|W4387366282
Dr Patricia  Le,A5018757744,W4226087418,middle,False,Dr Patricia  Le|W4226087418
Dr Patricia  Le,A5018757744,W1963922921,first,True,Dr Patricia  Le|W1963922921
Dr Patricia  Le,A5018757744,W2166174508,first,True,Dr Patricia  Le|W2166174508
Dr Patricia  Le,A5018757744,W4406623567,last,False,Dr Patricia  Le|W4406623567
Dr Patricia  Le,A5018757744,W1576100377,first,True,Dr Patricia  Le|W1576100377
Dr Patricia  Le,A5018757744,W4389454446,middle,False,Dr Patricia  Le|W4389454446
Dr Patricia  Le,A5018757744,W1990912882,middle,False,Dr Patricia  Le|W1990912882
Dr Patricia  Le,A5018757744,W4404262350,middle,False,Dr Patricia  Le|W4404262350
Dr Patricia  Le,A5018757744,W4388923364,middle,False,Dr Patricia  Le|W4388923364
Dr Patricia  Le,A5018757744,W4206837937,middle,False,Dr Patricia  Le|W4206837937
Dr Patricia  Le,A5018757744,W4294798019,middle,False,Dr Patricia  Le|W4294798019
Dr Patricia  Le,A5018757744,W4392148389,first,True,Dr Patricia  Le|W4392148389
Dr Patricia  Le,A5018757744,W4408777925,first,False,Dr Patricia  Le|W4408777925
Dr Patrick Campbell Walker,A5018705454,W2028083892,middle,False,Dr Patrick Campbell Walker|W2028083892
Dr Patrick Campbell Walker,A5018705454,W1964584270,middle,False,Dr Patrick Campbell Walker|W1964584270
Dr Patrick David Mahar,A5050098623,W2178313603,middle,False,Dr Patrick David Mahar|W2178313603
Dr Patrick David Mahar,A5050098623,W3155291748,last,False,Dr Patrick David Mahar|W3155291748
Dr Patrick David Mahar,A5050098623,W3157350349,last,True,Dr Patrick David Mahar|W3157350349
Dr Patrick David Mahar,A5050098623,W2169261381,middle,False,Dr Patrick David Mahar|W2169261381
Dr Patrick David Mahar,A5050098623,W1554568214,last,False,Dr Patrick David Mahar|W1554568214
Dr Patrick David Mahar,A5050098623,W2000308700,first,True,Dr Patrick David Mahar|W2000308700
Dr Patrick David Mahar,A5050098623,W1978495406,first,False,Dr Patrick David Mahar|W1978495406
Dr Patrick David Mahar,A5050098623,W2159182598,middle,False,Dr Patrick David Mahar|W2159182598
Dr Patrick David Mahar,A5050098623,W2096640237,first,False,Dr Patrick David Mahar|W2096640237
Dr Patrick David Mahar,A5050098623,W1972515614,middle,False,Dr Patrick David Mahar|W1972515614
Dr Patrick David Mahar,A5050098623,W2054759648,first,False,Dr Patrick David Mahar|W2054759648
Dr Patrick David Mahar,A5050098623,W3074407552,first,True,Dr Patrick David Mahar|W3074407552
Dr Patrick David Mahar,A5050098623,W3187490622,first,True,Dr Patrick David Mahar|W3187490622
Dr Patrick David Mahar,A5050098623,W3087865364,middle,False,Dr Patrick David Mahar|W3087865364
Dr Patrick David Mahar,A5050098623,W4318313427,middle,False,Dr Patrick David Mahar|W4318313427
Dr Patrick David Mahar,A5050098623,W2028034504,middle,False,Dr Patrick David Mahar|W2028034504
Dr Patrick David Mahar,A5050098623,W2129046239,first,False,Dr Patrick David Mahar|W2129046239
Dr Patrick David Mahar,A5050098623,W1538378090,last,True,Dr Patrick David Mahar|W1538378090
Dr Patrick David Mahar,A5050098623,W1989686514,middle,False,Dr Patrick David Mahar|W1989686514
Dr Patrick David Mahar,A5050098623,W1549208188,last,False,Dr Patrick David Mahar|W1549208188
Dr Patrick David Mahar,A5050098623,W2092507409,middle,False,Dr Patrick David Mahar|W2092507409
Dr Patrick David Mahar,A5050098623,W2022199227,first,False,Dr Patrick David Mahar|W2022199227
Dr Patrick David Mahar,A5050098623,W1999263940,first,False,Dr Patrick David Mahar|W1999263940
Dr Patrick David Mahar,A5050098623,W3154235184,last,True,Dr Patrick David Mahar|W3154235184
Dr Patrick David Mahar,A5050098623,W2560489200,middle,False,Dr Patrick David Mahar|W2560489200
Dr Patrick David Mahar,A5050098623,W4410105802,last,False,Dr Patrick David Mahar|W4410105802
Dr Patrick David Mahar,A5050098623,W4396899392,middle,False,Dr Patrick David Mahar|W4396899392
Dr Patrick David Mahar,A5050098623,W4399785713,first,False,Dr Patrick David Mahar|W4399785713
Dr Patrick David Mahar,A5050098623,W2139623331,middle,False,Dr Patrick David Mahar|W2139623331
Dr Patrick David Mahar,A5050098623,W1550683937,middle,False,Dr Patrick David Mahar|W1550683937
Dr Patrick David Mahar,A5050098623,W1998344928,first,True,Dr Patrick David Mahar|W1998344928
Dr Patrick David Mahar,A5050098623,W1935174963,first,False,Dr Patrick David Mahar|W1935174963
Dr Patrick David Mahar,A5050098623,W2080508630,middle,False,Dr Patrick David Mahar|W2080508630
Dr Patrick David Mahar,A5050098623,W1975255274,middle,False,Dr Patrick David Mahar|W1975255274
Dr Patrick David Mahar,A5050098623,W2314799480,middle,True,Dr Patrick David Mahar|W2314799480
Dr Patrick David Mahar,A5050098623,W1968084254,middle,False,Dr Patrick David Mahar|W1968084254
Dr Patrick David Mahar,A5050098623,W90450281,first,True,Dr Patrick David Mahar|W90450281
Dr Patrick David Mahar,A5050098623,W1827890064,first,False,Dr Patrick David Mahar|W1827890064
Dr Patrick David Mahar,A5050098623,W2043913103,first,False,Dr Patrick David Mahar|W2043913103
Dr Patrick David Mahar,A5050098623,W4289455760,first,True,Dr Patrick David Mahar|W4289455760
Dr Patrick David Mahar,A5050098623,W1941230091,last,False,Dr Patrick David Mahar|W1941230091
Dr Patrick David Mahar,A5050098623,W2327652785,middle,False,Dr Patrick David Mahar|W2327652785
Dr Patrick David Mahar,A5050098623,W90948931,middle,False,Dr Patrick David Mahar|W90948931
Dr Patrick David Mahar,A5050098623,W1510925603,middle,True,Dr Patrick David Mahar|W1510925603
Dr Patrick David Mahar,A5050098623,W187067445,middle,False,Dr Patrick David Mahar|W187067445
Dr Patrick David Mahar,A5050098623,W1995876177,first,False,Dr Patrick David Mahar|W1995876177
Dr Patrick David Mahar,A5050098623,W2481137487,first,True,Dr Patrick David Mahar|W2481137487
Dr Patrick David Mahar,A5050098623,W2777706155,middle,False,Dr Patrick David Mahar|W2777706155
Dr Patrick David Mahar,A5050098623,W2037842289,first,False,Dr Patrick David Mahar|W2037842289
Dr Patrick David Mahar,A5050098623,W2070173088,first,True,Dr Patrick David Mahar|W2070173088
Dr Patrick David Mahar,A5050098623,W2285856255,first,False,Dr Patrick David Mahar|W2285856255
Dr Patrick David Mahar,A5050098623,W4392518560,first,True,Dr Patrick David Mahar|W4392518560
Dr Patrick David Mahar,A5050098623,W1532960264,first,False,Dr Patrick David Mahar|W1532960264
Dr Patrick David Mahar,A5050098623,W1830637559,middle,False,Dr Patrick David Mahar|W1830637559
Dr Patrick David Mahar,A5050098623,W4238678597,middle,False,Dr Patrick David Mahar|W4238678597
Dr Patrick David Mahar,A5050098623,W1932469081,first,False,Dr Patrick David Mahar|W1932469081
Dr Patrick David Mahar,A5050098623,W2138109614,first,False,Dr Patrick David Mahar|W2138109614
Dr Patrick David Mahar,A5050098623,W2594968197,middle,False,Dr Patrick David Mahar|W2594968197
Dr Patrick David Mahar,A5050098623,W2626747539,first,True,Dr Patrick David Mahar|W2626747539
Dr Patrick David Mahar,A5050098623,W2908046394,middle,False,Dr Patrick David Mahar|W2908046394
Dr Patrick David Mahar,A5050098623,W2971936057,middle,False,Dr Patrick David Mahar|W2971936057
Dr Patrick David Mahar,A5050098623,W3187350406,middle,False,Dr Patrick David Mahar|W3187350406
Dr Patrick David Mahar,A5050098623,W4245736819,middle,False,Dr Patrick David Mahar|W4245736819
Dr Patrick David Mahar,A5050098623,W4246445682,middle,False,Dr Patrick David Mahar|W4246445682
Dr Patrick David Mahar,A5050098623,W4256581513,middle,False,Dr Patrick David Mahar|W4256581513
Dr Patrick David Mahar,A5050098623,W4323834800,middle,False,Dr Patrick David Mahar|W4323834800
Dr Patrick David Mahar,A5050098623,W4392767179,last,False,Dr Patrick David Mahar|W4392767179
Dr Patrick David Mahar,A5050098623,W4400747498,middle,True,Dr Patrick David Mahar|W4400747498
Dr Patrick David Mahar,A5050098623,W4404122210,middle,False,Dr Patrick David Mahar|W4404122210
Dr Patrick David Mahar,A5050098623,W4405309787,middle,False,Dr Patrick David Mahar|W4405309787
Dr Patrick David Mahar,A5050098623,W4417428568,middle,False,Dr Patrick David Mahar|W4417428568
Dr Patrick David Mahar,A5050098623,W7163083137,first,True,Dr Patrick David Mahar|W7163083137
Dr Paul  Armenores,A5051861833,W1895338825,first,True,Dr Paul  Armenores|W1895338825
Dr Paul  Armenores,A5051861833,W1964584270,first,True,Dr Paul  Armenores|W1964584270
Dr Paul  Armenores,A5051861833,W1483861894,first,True,Dr Paul  Armenores|W1483861894
Dr Paul  Armenores,A5051861833,W1607998703,first,True,Dr Paul  Armenores|W1607998703
Dr Paul  Armenores,A5051861833,W2146660477,first,False,Dr Paul  Armenores|W2146660477
Dr Paul  Cherian,A5050070564,W2119061919,first,False,Dr Paul  Cherian|W2119061919
Dr Paul  Cherian,A5050070564,W2171657190,middle,False,Dr Paul  Cherian|W2171657190
Dr Paul  Cherian,A5050070564,W1869624610,first,False,Dr Paul  Cherian|W1869624610
Dr Paul  Cherian,A5050070564,W2892967320,middle,False,Dr Paul  Cherian|W2892967320
Dr Paul  Cherian,A5050070564,W2148149011,middle,False,Dr Paul  Cherian|W2148149011
Dr Paul  Cherian,A5050070564,W4377234369,middle,False,Dr Paul  Cherian|W4377234369
Dr Paul  Cherian,A5050070564,W2014519996,first,False,Dr Paul  Cherian|W2014519996
Dr Paul  Cherian,A5050070564,W2032876010,middle,False,Dr Paul  Cherian|W2032876010
Dr Paul  Cherian,A5050070564,W2082126629,first,True,Dr Paul  Cherian|W2082126629
Dr Paul  Cherian,A5050070564,W2070961429,middle,False,Dr Paul  Cherian|W2070961429
Dr Paul  Cherian,A5050070564,W2410401222,middle,False,Dr Paul  Cherian|W2410401222
Dr Paul  Cherian,A5050070564,W2942959533,middle,False,Dr Paul  Cherian|W2942959533
Dr Paul  Cherian,A5050070564,W2442885095,middle,False,Dr Paul  Cherian|W2442885095
Dr Paul  Cherian,A5050070564,W1982408330,first,True,Dr Paul  Cherian|W1982408330
Dr Paul  Cherian,A5050070564,W2077058354,middle,False,Dr Paul  Cherian|W2077058354
Dr Paul  Cherian,A5050070564,W1999457796,middle,False,Dr Paul  Cherian|W1999457796
Dr Paul  Cherian,A5050070564,W1983559601,first,True,Dr Paul  Cherian|W1983559601
Dr Paul  Cherian,A5050070564,W2143147421,first,False,Dr Paul  Cherian|W2143147421
Dr Paul  Cherian,A5050070564,W150561327,last,False,Dr Paul  Cherian|W150561327
Dr Paul  Cherian,A5050070564,W2187762501,first,True,Dr Paul  Cherian|W2187762501
Dr Paul  Cherian,A5050070564,W105409378,first,False,Dr Paul  Cherian|W105409378
Dr Paul  Cherian,A5050070564,W2957048788,middle,True,Dr Paul  Cherian|W2957048788
Dr Paul  Cherian,A5050070564,W3006098996,middle,False,Dr Paul  Cherian|W3006098996
Dr Paul  Cherian,A5050070564,W4281832937,last,False,Dr Paul  Cherian|W4281832937
Dr Paul  Cherian,A5050070564,W4286762270,middle,True,Dr Paul  Cherian|W4286762270
Dr Paul  Cherian,A5050070564,W7135197125,middle,False,Dr Paul  Cherian|W7135197125
Dr Penny Poh Lu Lim,A5110425484,W2470427542,first,True,Dr Penny Poh Lu Lim|W2470427542
Dr Philip Sion Bekhor,A5010144658,W1598842294,middle,False,Dr Philip Sion Bekhor|W1598842294
Dr Philip Sion Bekhor,A5010144658,W2987833827,middle,False,Dr Philip Sion Bekhor|W2987833827
Dr Philip Sion Bekhor,A5010144658,W2767033167,middle,False,Dr Philip Sion Bekhor|W2767033167
Dr Philip Sion Bekhor,A5010144658,W2593538788,middle,False,Dr Philip Sion Bekhor|W2593538788
Dr Philip Sion Bekhor,A5010144658,W1808100106,middle,False,Dr Philip Sion Bekhor|W1808100106
Dr Philip Sion Bekhor,A5010144658,W1999344923,middle,False,Dr Philip Sion Bekhor|W1999344923
Dr Philip Sion Bekhor,A5010144658,W3173576240,middle,False,Dr Philip Sion Bekhor|W3173576240
Dr Philip Sion Bekhor,A5010144658,W3074407552,middle,False,Dr Philip Sion Bekhor|W3074407552
Dr Philip Sion Bekhor,A5010144658,W2554744443,last,False,Dr Philip Sion Bekhor|W2554744443
Dr Philip Sion Bekhor,A5010144658,W4391174044,middle,False,Dr Philip Sion Bekhor|W4391174044
Dr Philip Sion Bekhor,A5010144658,W4319825951,middle,False,Dr Philip Sion Bekhor|W4319825951
Dr Philip Sion Bekhor,A5010144658,W4220723658,last,False,Dr Philip Sion Bekhor|W4220723658
Dr Philip Sion Bekhor,A5010144658,W2073600486,first,True,Dr Philip Sion Bekhor|W2073600486
Dr Philip Sion Bekhor,A5010144658,W2014780520,first,True,Dr Philip Sion Bekhor|W2014780520
Dr Philip Sion Bekhor,A5010144658,W2883797221,middle,False,Dr Philip Sion Bekhor|W2883797221
Dr Philip Sion Bekhor,A5010144658,W2418119299,last,False,Dr Philip Sion Bekhor|W2418119299
Dr Philip Sion Bekhor,A5010144658,W1989996629,last,False,Dr Philip Sion Bekhor|W1989996629
Dr Philip Sion Bekhor,A5010144658,W4415615638,last,False,Dr Philip Sion Bekhor|W4415615638
Dr Philip Sion Bekhor,A5010144658,W2062769695,last,False,Dr Philip Sion Bekhor|W2062769695
Dr Philip Sion Bekhor,A5010144658,W2277520796,last,True,Dr Philip Sion Bekhor|W2277520796
Dr Philip Sion Bekhor,A5010144658,W2105368486,first,True,Dr Philip Sion Bekhor|W2105368486
Dr Philip Sion Bekhor,A5010144658,W2063511286,middle,False,Dr Philip Sion Bekhor|W2063511286
Dr Philip Sion Bekhor,A5010144658,W4410079553,middle,False,Dr Philip Sion Bekhor|W4410079553
Dr Philip Sion Bekhor,A5010144658,W2587981590,last,False,Dr Philip Sion Bekhor|W2587981590
Dr Philip Sion Bekhor,A5010144658,W3081145660,middle,False,Dr Philip Sion Bekhor|W3081145660
Dr Philip Sion Bekhor,A5010144658,W3205065479,last,True,Dr Philip Sion Bekhor|W3205065479
Dr Philip Sion Bekhor,A5010144658,W2898981597,middle,False,Dr Philip Sion Bekhor|W2898981597
Dr Philip Sion Bekhor,A5010144658,W2017192277,first,False,Dr Philip Sion Bekhor|W2017192277
Dr Philip Sion Bekhor,A5010144658,W2024573712,middle,True,Dr Philip Sion Bekhor|W2024573712
Dr Philip Sion Bekhor,A5010144658,W1988230960,first,True,Dr Philip Sion Bekhor|W1988230960
Dr Philip Sion Bekhor,A5010144658,W2028970102,last,True,Dr Philip Sion Bekhor|W2028970102
Dr Philip Sion Bekhor,A5010144658,W4253327025,first,True,Dr Philip Sion Bekhor|W4253327025
Dr Philip Sion Bekhor,A5010144658,W2031917028,first,True,Dr Philip Sion Bekhor|W2031917028
Dr Philip Sion Bekhor,A5010144658,W2418796250,middle,True,Dr Philip Sion Bekhor|W2418796250
Dr Philip Sion Bekhor,A5010144658,W2068050044,first,True,Dr Philip Sion Bekhor|W2068050044
Dr Philip Sion Bekhor,A5010144658,W2028240868,first,True,Dr Philip Sion Bekhor|W2028240868
Dr Philip Sion Bekhor,A5010144658,W2462195400,first,True,Dr Philip Sion Bekhor|W2462195400
Dr Philip Sion Bekhor,A5010144658,W4243004000,middle,False,Dr Philip Sion Bekhor|W4243004000
Dr Philip Sion Bekhor,A5010144658,W4251853507,middle,False,Dr Philip Sion Bekhor|W4251853507
Dr Philip Sion Bekhor,A5010144658,W4391767410,middle,False,Dr Philip Sion Bekhor|W4391767410
Dr Philip Sion Bekhor,A5010144658,W4393191381,middle,False,Dr Philip Sion Bekhor|W4393191381
Dr Philip Sion Bekhor,A5010144658,W4409962257,middle,False,Dr Philip Sion Bekhor|W4409962257
Dr Philip Sion Bekhor,A5010144658,W7135232848,last,True,Dr Philip Sion Bekhor|W7135232848
Dr Phillip  Artemi,A5025353701,W2269424924,middle,False,Dr Phillip  Artemi|W2269424924
Dr Phillip  Artemi,A5025353701,W3145357500,middle,False,Dr Phillip  Artemi|W3145357500
Dr Phillip  Artemi,A5025353701,W2031616706,first,False,Dr Phillip  Artemi|W2031616706
Dr Phillip  Artemi,A5025353701,W2083335714,last,False,Dr Phillip  Artemi|W2083335714
Dr Phillip  Artemi,A5025353701,W2000402276,first,True,Dr Phillip  Artemi|W2000402276
Dr Phillip  Artemi,A5025353701,W2061442507,first,False,Dr Phillip  Artemi|W2061442507
Dr Phillip  Artemi,A5025353701,W3142108083,first,False,Dr Phillip  Artemi|W3142108083
Dr Phillip Keith Dwyer,A5030705806,W1998706293,middle,False,Dr Phillip Keith Dwyer|W1998706293
Dr Phillip Keith Dwyer,A5030705806,W2052720714,last,False,Dr Phillip Keith Dwyer|W2052720714
Dr Phillip Keith Dwyer,A5030705806,W2166164873,first,False,Dr Phillip Keith Dwyer|W2166164873
Dr Priska Barbara Brodbeck McDonald,A5079035758,W1838802806,middle,False,Dr Priska Barbara Brodbeck McDonald|W1838802806
Dr Priska Barbara Brodbeck McDonald,A5079035758,W2791538923,first,False,Dr Priska Barbara Brodbeck McDonald|W2791538923
Dr Priyamvada  Sobarun,A5072396572,W4220677558,middle,False,Dr Priyamvada  Sobarun|W4220677558
Dr Priyamvada  Sobarun,A5072396572,W2587202585,first,False,Dr Priyamvada  Sobarun|W2587202585
Dr Rachael Barbra Davenport,A5074170272,W4322719565,middle,False,Dr Rachael Barbra Davenport|W4322719565
Dr Rachael Barbra Davenport,A5074170272,W2980443318,middle,False,Dr Rachael Barbra Davenport|W2980443318
Dr Rachael Barbra Davenport,A5074170272,W4307211755,middle,False,Dr Rachael Barbra Davenport|W4307211755
Dr Rachael Barbra Davenport,A5074170272,W4220660783,middle,False,Dr Rachael Barbra Davenport|W4220660783
Dr Rachael Barbra Davenport,A5074170272,W4288060486,first,True,Dr Rachael Barbra Davenport|W4288060486
Dr Rachael Barbra Davenport,A5074170272,W2883290134,first,True,Dr Rachael Barbra Davenport|W2883290134
Dr Rachael Barbra Davenport,A5074170272,W2769236273,first,False,Dr Rachael Barbra Davenport|W2769236273
Dr Rachael Barbra Davenport,A5074170272,W3040435795,middle,False,Dr Rachael Barbra Davenport|W3040435795
Dr Rachael Barbra Davenport,A5074170272,W2801239974,first,False,Dr Rachael Barbra Davenport|W2801239974
Dr Rachael Barbra Davenport,A5074170272,W2883406162,last,False,Dr Rachael Barbra Davenport|W2883406162
Dr Rachael Barbra Davenport,A5074170272,W4406078583,middle,False,Dr Rachael Barbra Davenport|W4406078583
Dr Rachael Barbra Davenport,A5074170272,W4414708958,middle,False,Dr Rachael Barbra Davenport|W4414708958
Dr Rachael Barbra Davenport,A5074170272,W755402927,middle,False,Dr Rachael Barbra Davenport|W755402927
Dr Rachael Stewart Foster,A5032562977,W1829835490,first,True,Dr Rachael Stewart Foster|W1829835490
Dr Rachael Stewart Foster,A5032562977,W1701837433,middle,False,Dr Rachael Stewart Foster|W1701837433
Dr Rachael Stewart Foster,A5032562977,W1523325609,middle,False,Dr Rachael Stewart Foster|W1523325609
Dr Rachael Stewart Foster,A5032562977,W2522087435,middle,False,Dr Rachael Stewart Foster|W2522087435
Dr Rachael Stewart Foster,A5032562977,W3186014945,last,False,Dr Rachael Stewart Foster|W3186014945
Dr Rachael Stewart Foster,A5032562977,W4387326494,middle,False,Dr Rachael Stewart Foster|W4387326494
Dr Rachael Stewart Foster,A5032562977,W4405966009,middle,False,Dr Rachael Stewart Foster|W4405966009
Dr Rachael Stewart Foster,A5032562977,W4404254520,middle,False,Dr Rachael Stewart Foster|W4404254520
Dr Rachael Stewart Foster,A5032562977,W4417415614,middle,False,Dr Rachael Stewart Foster|W4417415614
Dr Rachael Stewart Foster,A5032562977,W3020407665,last,False,Dr Rachael Stewart Foster|W3020407665
Dr Rachael Stewart Foster,A5032562977,W4294568038,middle,False,Dr Rachael Stewart Foster|W4294568038
Dr Rachael Stewart Foster,A5032562977,W4390365482,middle,False,Dr Rachael Stewart Foster|W4390365482
Dr Rachael Stewart Foster,A5032562977,W1505730788,first,True,Dr Rachael Stewart Foster|W1505730788
Dr Rachael Stewart Foster,A5032562977,W4313453741,middle,False,Dr Rachael Stewart Foster|W4313453741
Dr Rachael Stewart Foster,A5032562977,W7117452065,last,False,Dr Rachael Stewart Foster|W7117452065
Dr Rachael Stewart Foster,A5032562977,W2130241643,middle,False,Dr Rachael Stewart Foster|W2130241643
Dr Rachael Stewart Foster,A5032562977,W1577679133,middle,False,Dr Rachael Stewart Foster|W1577679133
Dr Rachael Stewart Foster,A5032562977,W2260673295,last,False,Dr Rachael Stewart Foster|W2260673295
Dr Rachael Stewart Foster,A5032562977,W1972306694,first,False,Dr Rachael Stewart Foster|W1972306694
Dr Rachael Stewart Foster,A5032562977,W4390915585,middle,False,Dr Rachael Stewart Foster|W4390915585
Dr Rachael Stewart Foster,A5032562977,W4392730435,last,False,Dr Rachael Stewart Foster|W4392730435
Dr Rachael Stewart Foster,A5032562977,W4416940842,middle,False,Dr Rachael Stewart Foster|W4416940842
Dr Rachael Stewart Foster,A5032562977,W7152618555,middle,False,Dr Rachael Stewart Foster|W7152618555
Dr Ramez Ihab Barsoum,A5025985792,W2984589545,middle,False,Dr Ramez Ihab Barsoum|W2984589545
Dr Ramez Ihab Barsoum,A5025985792,W4383186625,middle,False,Dr Ramez Ihab Barsoum|W4383186625
Dr Ramez Ihab Barsoum,A5025985792,W3107004661,first,False,Dr Ramez Ihab Barsoum|W3107004661
Dr Ramez Ihab Barsoum,A5025985792,W3185484349,middle,False,Dr Ramez Ihab Barsoum|W3185484349
Dr Ramez Ihab Barsoum,A5025985792,W2784364118,first,False,Dr Ramez Ihab Barsoum|W2784364118
Dr Ramez Ihab Barsoum,A5025985792,W4281997854,middle,False,Dr Ramez Ihab Barsoum|W4281997854
Dr Ramez Ihab Barsoum,A5025985792,W4386045901,middle,False,Dr Ramez Ihab Barsoum|W4386045901
Dr Rashi  Malesu,A5087679293,W4229039517,middle,False,Dr Rashi  Malesu|W4229039517
Dr Rebecca  Dunn,A5052005265,W2775241253,middle,False,Dr Rebecca  Dunn|W2775241253
Dr Rebecca  Dunn,A5052005265,W2340938285,middle,False,Dr Rebecca  Dunn|W2340938285
Dr Rebecca  Dunn,A5052005265,W1954355819,middle,False,Dr Rebecca  Dunn|W1954355819
Dr Rebecca  Dunn,A5052005265,W2996458248,middle,False,Dr Rebecca  Dunn|W2996458248
Dr Rebecca  Dunn,A5052005265,W2128296896,last,False,Dr Rebecca  Dunn|W2128296896
Dr Rebecca  Dunn,A5052005265,W2589546146,middle,False,Dr Rebecca  Dunn|W2589546146
Dr Rebecca  Dunn,A5052005265,W2793491135,middle,False,Dr Rebecca  Dunn|W2793491135
Dr Rebecca  Dunn,A5052005265,W2898641289,middle,False,Dr Rebecca  Dunn|W2898641289
Dr Rebecca  Dunn,A5052005265,W2066262303,first,True,Dr Rebecca  Dunn|W2066262303
Dr Rebecca  Dunn,A5052005265,W1578777093,first,True,Dr Rebecca  Dunn|W1578777093
Dr Rebecca  Dunn,A5052005265,W1964855112,first,False,Dr Rebecca  Dunn|W1964855112
Dr Rebecca  Dunn,A5052005265,W3126561312,middle,False,Dr Rebecca  Dunn|W3126561312
Dr Rebecca  Dunn,A5052005265,W2055798885,first,True,Dr Rebecca  Dunn|W2055798885
Dr Rebecca  Dunn,A5052005265,W1587546753,middle,False,Dr Rebecca  Dunn|W1587546753
Dr Rebecca  Dunn,A5052005265,W3163024482,last,False,Dr Rebecca  Dunn|W3163024482
Dr Rebecca  Dunn,A5052005265,W2020966907,middle,False,Dr Rebecca  Dunn|W2020966907
Dr Rebecca  Dunn,A5052005265,W2898981597,middle,False,Dr Rebecca  Dunn|W2898981597
Dr Rebecca  Dunn,A5052005265,W2277802564,first,False,Dr Rebecca  Dunn|W2277802564
Dr Rebecca  Dunn,A5052005265,W65342032,first,False,Dr Rebecca  Dunn|W65342032
Dr Rebecca  Dunn,A5052005265,W4414573874,middle,False,Dr Rebecca  Dunn|W4414573874
Dr Rebecca Bronwyn Saunderson,A5088798986,W2743358303,middle,False,Dr Rebecca Bronwyn Saunderson|W2743358303
Dr Rebecca Bronwyn Saunderson,A5088798986,W3009909582,middle,False,Dr Rebecca Bronwyn Saunderson|W3009909582
Dr Rebecca Bronwyn Saunderson,A5088798986,W4250142474,middle,False,Dr Rebecca Bronwyn Saunderson|W4250142474
Dr Rebecca Bronwyn Saunderson,A5088798986,W3002496374,first,True,Dr Rebecca Bronwyn Saunderson|W3002496374
Dr Rebecca Bronwyn Saunderson,A5088798986,W2901570132,middle,False,Dr Rebecca Bronwyn Saunderson|W2901570132
Dr Rebecca Bronwyn Saunderson,A5088798986,W2111469370,first,False,Dr Rebecca Bronwyn Saunderson|W2111469370
Dr Rebecca Bronwyn Saunderson,A5088798986,W2168671586,first,False,Dr Rebecca Bronwyn Saunderson|W2168671586
Dr Rebecca Bronwyn Saunderson,A5088798986,W3024101949,last,False,Dr Rebecca Bronwyn Saunderson|W3024101949
Dr Rebecca Bronwyn Saunderson,A5088798986,W3035635139,last,True,Dr Rebecca Bronwyn Saunderson|W3035635139
Dr Rebecca Bronwyn Saunderson,A5088798986,W4399972356,middle,False,Dr Rebecca Bronwyn Saunderson|W4399972356
Dr Rebecca Bronwyn Saunderson,A5088798986,W4392714814,last,False,Dr Rebecca Bronwyn Saunderson|W4392714814
Dr Rebecca Bronwyn Saunderson,A5088798986,W4407591597,last,True,Dr Rebecca Bronwyn Saunderson|W4407591597
Dr Rebecca Bronwyn Saunderson,A5088798986,W2022826782,middle,False,Dr Rebecca Bronwyn Saunderson|W2022826782
Dr Rebecca Bronwyn Saunderson,A5088798986,W2024156027,middle,False,Dr Rebecca Bronwyn Saunderson|W2024156027
Dr Rebecca Bronwyn Saunderson,A5088798986,W2105611675,first,False,Dr Rebecca Bronwyn Saunderson|W2105611675
Dr Rebecca Bronwyn Saunderson,A5088798986,W4366085421,last,False,Dr Rebecca Bronwyn Saunderson|W4366085421
Dr Rebecca Bronwyn Saunderson,A5088798986,W4402131274,last,False,Dr Rebecca Bronwyn Saunderson|W4402131274
Dr Rebecca Bronwyn Saunderson,A5088798986,W4409290237,middle,False,Dr Rebecca Bronwyn Saunderson|W4409290237
Dr Rebecca Bronwyn Saunderson,A5088798986,W4402197940,middle,False,Dr Rebecca Bronwyn Saunderson|W4402197940
Dr Rebecca Bronwyn Saunderson,A5088798986,W4408419177,middle,False,Dr Rebecca Bronwyn Saunderson|W4408419177
Dr Rebecca Bronwyn Saunderson,A5088798986,W4411765875,middle,False,Dr Rebecca Bronwyn Saunderson|W4411765875
Dr Rebecca Bronwyn Saunderson,A5088798986,W2024644739,first,False,Dr Rebecca Bronwyn Saunderson|W2024644739
Dr Rebecca Bronwyn Saunderson,A5088798986,W2909216461,first,False,Dr Rebecca Bronwyn Saunderson|W2909216461
Dr Rebecca Bronwyn Saunderson,A5088798986,W2323957873,first,False,Dr Rebecca Bronwyn Saunderson|W2323957873
Dr Rebecca Bronwyn Saunderson,A5088798986,W1964922445,first,False,Dr Rebecca Bronwyn Saunderson|W1964922445
Dr Rebecca Bronwyn Saunderson,A5088798986,W2024037057,first,False,Dr Rebecca Bronwyn Saunderson|W2024037057
Dr Rebecca Bronwyn Saunderson,A5088798986,W4310421882,last,False,Dr Rebecca Bronwyn Saunderson|W4310421882
Dr Rebecca Bronwyn Saunderson,A5088798986,W2068178833,first,False,Dr Rebecca Bronwyn Saunderson|W2068178833
Dr Rebecca Bronwyn Saunderson,A5088798986,W4389489667,last,False,Dr Rebecca Bronwyn Saunderson|W4389489667
Dr Rebecca Bronwyn Saunderson,A5088798986,W4399369280,middle,False,Dr Rebecca Bronwyn Saunderson|W4399369280
Dr Rebecca Bronwyn Saunderson,A5088798986,W4404249016,middle,False,Dr Rebecca Bronwyn Saunderson|W4404249016
Dr Rebecca Bronwyn Saunderson,A5088798986,W3149941698,first,False,Dr Rebecca Bronwyn Saunderson|W3149941698
Dr Rebecca Bronwyn Saunderson,A5088798986,W3030088135,middle,False,Dr Rebecca Bronwyn Saunderson|W3030088135
Dr Rebecca Bronwyn Saunderson,A5088798986,W2103237703,first,False,Dr Rebecca Bronwyn Saunderson|W2103237703
Dr Rebecca Bronwyn Saunderson,A5088798986,W2281738419,first,False,Dr Rebecca Bronwyn Saunderson|W2281738419
Dr Rebecca Bronwyn Saunderson,A5088798986,W2415210239,first,False,Dr Rebecca Bronwyn Saunderson|W2415210239
Dr Rebecca Bronwyn Saunderson,A5088798986,W2418854285,first,False,Dr Rebecca Bronwyn Saunderson|W2418854285
Dr Rebecca Bronwyn Saunderson,A5088798986,W2466717746,middle,False,Dr Rebecca Bronwyn Saunderson|W2466717746
Dr Rebecca Bronwyn Saunderson,A5088798986,W4397041691,middle,False,Dr Rebecca Bronwyn Saunderson|W4397041691
Dr Rebecca Bronwyn Saunderson,A5088798986,W4400322231,middle,False,Dr Rebecca Bronwyn Saunderson|W4400322231
Dr Rebecca Bronwyn Saunderson,A5088798986,W4400598646,middle,False,Dr Rebecca Bronwyn Saunderson|W4400598646
Dr Rebecca Bronwyn Saunderson,A5088798986,W4403830962,middle,False,Dr Rebecca Bronwyn Saunderson|W4403830962
Dr Rebecca Bronwyn Saunderson,A5088798986,W4415173097,last,False,Dr Rebecca Bronwyn Saunderson|W4415173097
Dr Renae Alison Howes,A5019997202,W2025708919,first,False,Dr Renae Alison Howes|W2025708919
Dr Renae Alison Howes,A5019997202,W2111936068,first,False,Dr Renae Alison Howes|W2111936068
Dr Renae Alison Howes,A5019997202,W2061877714,first,False,Dr Renae Alison Howes|W2061877714
Dr Renae Alison Howes,A5019997202,W2046044950,first,False,Dr Renae Alison Howes|W2046044950
Dr Richard Anthony Wittal,A5036106926,W2128098574,last,False,Dr Richard Anthony Wittal|W2128098574
Dr Richard Anthony Wittal,A5036106926,W1919498774,last,True,Dr Richard Anthony Wittal|W1919498774
Dr Richard Anthony Wittal,A5036106926,W2554064357,middle,False,Dr Richard Anthony Wittal|W2554064357
Dr Richard Anthony Wittal,A5036106926,W4412096904,middle,False,Dr Richard Anthony Wittal|W4412096904
Dr Richard Anthony Wittal,A5036106926,W1976987614,middle,False,Dr Richard Anthony Wittal|W1976987614
Dr Richard Anthony Wittal,A5036106926,W1996430692,first,True,Dr Richard Anthony Wittal|W1996430692
Dr Richard Anthony Wittal,A5036106926,W2006423058,middle,False,Dr Richard Anthony Wittal|W2006423058
Dr Richard Anthony Wittal,A5036106926,W2048211658,first,False,Dr Richard Anthony Wittal|W2048211658
Dr Richard Anthony Wittal,A5036106926,W2050113017,middle,False,Dr Richard Anthony Wittal|W2050113017
Dr Robert Bruce Stephens,A5079625663,W2061215322,first,True,Dr Robert Bruce Stephens|W2061215322
Dr Robert Bruce Stephens,A5079625663,W2000097501,first,False,Dr Robert Bruce Stephens|W2000097501
Dr Robert Bruce Stephens,A5079625663,W1997503380,first,True,Dr Robert Bruce Stephens|W1997503380
Dr Robert Bruce Stephens,A5079625663,W2312647515,middle,False,Dr Robert Bruce Stephens|W2312647515
Dr Robert Ian Kelly,A5128190418,W7133636012,middle,False,Dr Robert Ian Kelly|W7133636012
Dr Rochelle  Gild,A5032935976,W1592100888,first,True,Dr Rochelle  Gild|W1592100888
Dr Rochelle  Gild,A5032935976,W2143450800,first,True,Dr Rochelle  Gild|W2143450800
Dr Rochelle  Gild,A5032935976,W2337160829,first,True,Dr Rochelle  Gild|W2337160829
Dr Roland  Brand,A5019798425,W1770912864,middle,False,Dr Roland  Brand|W1770912864
Dr Roland  Brand,A5019798425,W2133303116,middle,False,Dr Roland  Brand|W2133303116
Dr Roland  Brand,A5019798425,W4387326494,middle,False,Dr Roland  Brand|W4387326494
Dr Roland  Brand,A5019798425,W4404386272,middle,False,Dr Roland  Brand|W4404386272
Dr Roland  Brand,A5019798425,W2127799076,middle,False,Dr Roland  Brand|W2127799076
Dr Roland  Brand,A5019798425,W2089449544,middle,False,Dr Roland  Brand|W2089449544
Dr Roland  Brand,A5019798425,W4293446078,last,False,Dr Roland  Brand|W4293446078
Dr Roland  Brand,A5019798425,W1551698161,last,False,Dr Roland  Brand|W1551698161
Dr Roland  Brand,A5019798425,W1967521971,first,True,Dr Roland  Brand|W1967521971
Dr Roland  Brand,A5019798425,W2118657050,first,False,Dr Roland  Brand|W2118657050
Dr Roland  Brand,A5019798425,W1989540863,middle,False,Dr Roland  Brand|W1989540863
Dr Roland  Brand,A5019798425,W2601667637,last,False,Dr Roland  Brand|W2601667637
Dr Roland  Brand,A5019798425,W3194783067,last,False,Dr Roland  Brand|W3194783067
Dr Roland  Brand,A5019798425,W2096533638,middle,False,Dr Roland  Brand|W2096533638
Dr Roland  Brand,A5019798425,W2047501199,middle,False,Dr Roland  Brand|W2047501199
Dr Roland  Brand,A5019798425,W1943315048,middle,False,Dr Roland  Brand|W1943315048
Dr Roland  Brand,A5019798425,W2130241643,middle,False,Dr Roland  Brand|W2130241643
Dr Roland  Brand,A5019798425,W2982974470,last,True,Dr Roland  Brand|W2982974470
Dr Roland  Brand,A5019798425,W2018508793,middle,False,Dr Roland  Brand|W2018508793
Dr Roland  Brand,A5019798425,W2416034884,middle,False,Dr Roland  Brand|W2416034884
Dr Roland  Brand,A5019798425,W2078375126,middle,False,Dr Roland  Brand|W2078375126
Dr Roland  Brand,A5019798425,W1990872585,middle,False,Dr Roland  Brand|W1990872585
Dr Roland  Brand,A5019798425,W1979282236,last,False,Dr Roland  Brand|W1979282236
Dr Roland  Brand,A5019798425,W2028228721,first,True,Dr Roland  Brand|W2028228721
Dr Roland  Brand,A5019798425,W2618295218,first,False,Dr Roland  Brand|W2618295218
Dr Roland  Brand,A5019798425,W4320014804,middle,False,Dr Roland  Brand|W4320014804
Dr Romuald Taras Czechowicz,A5009993214,W2032559341,first,True,Dr Romuald Taras Czechowicz|W2032559341
Dr Romuald Taras Czechowicz,A5009993214,W1978044424,first,True,Dr Romuald Taras Czechowicz|W1978044424
Dr Rose Congwei Liu,A5083646511,W2770339667,first,True,Dr Rose Congwei Liu|W2770339667
Dr Rose Congwei Liu,A5083646511,W2770701714,middle,False,Dr Rose Congwei Liu|W2770701714
Dr Ryan William Toholka,A5033563079,W2623747047,middle,False,Dr Ryan William Toholka|W2623747047
Dr Ryan William Toholka,A5033563079,W1514153239,middle,False,Dr Ryan William Toholka|W1514153239
Dr Ryan William Toholka,A5033563079,W1589007071,first,True,Dr Ryan William Toholka|W1589007071
Dr Ryan William Toholka,A5033563079,W1515123265,first,True,Dr Ryan William Toholka|W1515123265
Dr Ryan William Toholka,A5033563079,W1583595863,first,True,Dr Ryan William Toholka|W1583595863
Dr Ryan William Toholka,A5033563079,W3116876129,middle,False,Dr Ryan William Toholka|W3116876129
Dr Ryan William Toholka,A5033563079,W4412096197,last,False,Dr Ryan William Toholka|W4412096197
Dr Ryan William Toholka,A5033563079,W2026224534,middle,False,Dr Ryan William Toholka|W2026224534
Dr Ryan William Toholka,A5033563079,W2315778248,middle,False,Dr Ryan William Toholka|W2315778248
Dr Ryan William Toholka,A5033563079,W2505515244,first,False,Dr Ryan William Toholka|W2505515244
Dr Ryan William Toholka,A5033563079,W2900950676,first,False,Dr Ryan William Toholka|W2900950676
Dr Ryan William Toholka,A5033563079,W337943324,first,False,Dr Ryan William Toholka|W337943324
Dr Sally Beth Ball,A5043189734,W2065453871,first,False,Dr Sally Beth Ball|W2065453871
Dr Sally Beth Ball,A5043189734,W2162091296,first,False,Dr Sally Beth Ball|W2162091296
Dr Sally Beth Ball,A5043189734,W3169815449,middle,False,Dr Sally Beth Ball|W3169815449
Dr Sally Beth Ball,A5043189734,W2087444817,first,True,Dr Sally Beth Ball|W2087444817
Dr Sally Beth Ball,A5043189734,W4317513074,middle,False,Dr Sally Beth Ball|W4317513074
Dr Sally Beth Ball,A5043189734,W2004778897,first,False,Dr Sally Beth Ball|W2004778897
Dr Sally Beth Ball,A5043189734,W2028492987,first,True,Dr Sally Beth Ball|W2028492987
Dr Sally Beth Ball,A5043189734,W2468995324,first,True,Dr Sally Beth Ball|W2468995324
Dr Sally Beth Ball,A5043189734,W2767837821,first,True,Dr Sally Beth Ball|W2767837821
Dr Sally Beth Ball,A5043189734,W4230406480,first,True,Dr Sally Beth Ball|W4230406480
Dr Sally Beth Ball,A5043189734,W4248476564,first,True,Dr Sally Beth Ball|W4248476564
Dr Sally Beth Ball,A5043189734,W4252763198,middle,False,Dr Sally Beth Ball|W4252763198
Dr Sally Beth Ball,A5043189734,W648260043,first,True,Dr Sally Beth Ball|W648260043
Dr Sally Elizabeth De Zwaan,A5053162408,W1952868082,first,False,Dr Sally Elizabeth De Zwaan|W1952868082
Dr Sally Elizabeth De Zwaan,A5053162408,W341564384,first,True,Dr Sally Elizabeth De Zwaan|W341564384
Dr Salvatore  Scuderi,A5016001248,W2288626347,first,True,Dr Salvatore  Scuderi|W2288626347
Dr Salvatore  Scuderi,A5016001248,W2471686543,first,True,Dr Salvatore  Scuderi|W2471686543
Dr Salvatore  Scuderi,A5016001248,W2925057606,last,False,Dr Salvatore  Scuderi|W2925057606
Dr Salvatore  Scuderi,A5016001248,W2326491551,middle,False,Dr Salvatore  Scuderi|W2326491551
Dr Salvatore  Scuderi,A5016001248,W2416131981,first,False,Dr Salvatore  Scuderi|W2416131981
Dr Salvatore  Scuderi,A5016001248,W2000575714,last,False,Dr Salvatore  Scuderi|W2000575714
Dr Salvatore  Scuderi,A5016001248,W24370512,middle,False,Dr Salvatore  Scuderi|W24370512
Dr Sam  Kalouche,A5060033451,W2521015678,middle,False,Dr Sam  Kalouche|W2521015678
Dr Sam  Kalouche,A5060033451,W1512250691,first,True,Dr Sam  Kalouche|W1512250691
Dr Samantha  Eisman,A5003739980,W3010311971,middle,False,Dr Samantha  Eisman|W3010311971
Dr Samantha  Eisman,A5003739980,W2900292386,middle,False,Dr Samantha  Eisman|W2900292386
Dr Samantha  Eisman,A5003739980,W3196275328,middle,False,Dr Samantha  Eisman|W3196275328
Dr Samantha  Eisman,A5003739980,W3086247457,middle,False,Dr Samantha  Eisman|W3086247457
Dr Samantha  Eisman,A5003739980,W4377690919,middle,False,Dr Samantha  Eisman|W4377690919
Dr Samantha  Eisman,A5003739980,W4213270474,middle,False,Dr Samantha  Eisman|W4213270474
Dr Samantha  Eisman,A5003739980,W3093242951,middle,False,Dr Samantha  Eisman|W3093242951
Dr Samantha  Eisman,A5003739980,W4391598028,middle,False,Dr Samantha  Eisman|W4391598028
Dr Samantha  Eisman,A5003739980,W4362635255,middle,False,Dr Samantha  Eisman|W4362635255
Dr Samantha  Eisman,A5003739980,W4396229687,last,False,Dr Samantha  Eisman|W4396229687
Dr Samantha  Eisman,A5003739980,W2092304162,first,False,Dr Samantha  Eisman|W2092304162
Dr Samantha  Eisman,A5003739980,W3093893021,middle,False,Dr Samantha  Eisman|W3093893021
Dr Samantha  Eisman,A5003739980,W3133716063,middle,False,Dr Samantha  Eisman|W3133716063
Dr Samantha  Eisman,A5003739980,W4313627845,middle,False,Dr Samantha  Eisman|W4313627845
Dr Samantha  Eisman,A5003739980,W4363646568,middle,False,Dr Samantha  Eisman|W4363646568
Dr Samantha  Eisman,A5003739980,W4383302243,middle,False,Dr Samantha  Eisman|W4383302243
Dr Samantha  Eisman,A5003739980,W4207073408,middle,False,Dr Samantha  Eisman|W4207073408
Dr Samantha  Eisman,A5003739980,W4388539207,middle,False,Dr Samantha  Eisman|W4388539207
Dr Samantha  Eisman,A5003739980,W4307973373,middle,False,Dr Samantha  Eisman|W4307973373
Dr Samantha  Eisman,A5003739980,W4398138391,middle,False,Dr Samantha  Eisman|W4398138391
Dr Samantha  Eisman,A5003739980,W1984872535,first,True,Dr Samantha  Eisman|W1984872535
Dr Samantha  Eisman,A5003739980,W4247309830,first,False,Dr Samantha  Eisman|W4247309830
Dr Samantha  Eisman,A5003739980,W3215820297,first,True,Dr Samantha  Eisman|W3215820297
Dr Samantha  Eisman,A5003739980,W4310068878,middle,False,Dr Samantha  Eisman|W4310068878
Dr Samantha  Eisman,A5003739980,W4410050374,middle,False,Dr Samantha  Eisman|W4410050374
Dr Samantha  Eisman,A5003739980,W4413003122,middle,False,Dr Samantha  Eisman|W4413003122
Dr Samantha  Eisman,A5003739980,W2018785144,first,True,Dr Samantha  Eisman|W2018785144
Dr Samantha  Eisman,A5003739980,W1989192303,first,False,Dr Samantha  Eisman|W1989192303
Dr Samantha  Eisman,A5003739980,W4391212299,middle,False,Dr Samantha  Eisman|W4391212299
Dr Samantha  Eisman,A5003739980,W4414673637,middle,False,Dr Samantha  Eisman|W4414673637
Dr Samantha  Eisman,A5003739980,W2420686437,last,False,Dr Samantha  Eisman|W2420686437
Dr Samantha  Eisman,A5003739980,W2016300432,first,False,Dr Samantha  Eisman|W2016300432
Dr Samantha  Eisman,A5003739980,W2026374546,first,False,Dr Samantha  Eisman|W2026374546
Dr Samantha  Eisman,A5003739980,W3171228295,middle,False,Dr Samantha  Eisman|W3171228295
Dr Samantha  Eisman,A5003739980,W4313830256,last,False,Dr Samantha  Eisman|W4313830256
Dr Samantha  Eisman,A5003739980,W4224064620,middle,False,Dr Samantha  Eisman|W4224064620
Dr Samantha  Eisman,A5003739980,W4412597033,middle,False,Dr Samantha  Eisman|W4412597033
Dr Samantha  Eisman,A5003739980,W2085074445,first,False,Dr Samantha  Eisman|W2085074445
Dr Samantha  Eisman,A5003739980,W4385997423,middle,False,Dr Samantha  Eisman|W4385997423
Dr Samantha  Eisman,A5003739980,W2167795056,first,False,Dr Samantha  Eisman|W2167795056
Dr Samantha  Eisman,A5003739980,W2410383349,middle,False,Dr Samantha  Eisman|W2410383349
Dr Samantha  Eisman,A5003739980,W3031210641,first,False,Dr Samantha  Eisman|W3031210641
Dr Samantha  Eisman,A5003739980,W4400125530,middle,False,Dr Samantha  Eisman|W4400125530
Dr Samantha  Eisman,A5003739980,W4406207352,last,False,Dr Samantha  Eisman|W4406207352
Dr Samantha  Eisman,A5003739980,W4410697464,middle,False,Dr Samantha  Eisman|W4410697464
Dr Samantha  Eisman,A5003739980,W4413873457,middle,False,Dr Samantha  Eisman|W4413873457
Dr Samantha  Eisman,A5003739980,W4413960400,last,False,Dr Samantha  Eisman|W4413960400
Dr Samantha  Eisman,A5003739980,W7160861775,middle,False,Dr Samantha  Eisman|W7160861775
Dr Samantha  Eisman,A5003739980,W7161270194,middle,False,Dr Samantha  Eisman|W7161270194
Dr Samantha Jane Davidson,A5044679433,W3042763564,middle,False,Dr Samantha Jane Davidson|W3042763564
Dr Samantha Jane Davidson,A5044679433,W1876595131,first,False,Dr Samantha Jane Davidson|W1876595131
Dr Samantha Leigh Conias,A5038709365,W2056095113,first,False,Dr Samantha Leigh Conias|W2056095113
Dr Samantha Leigh Conias,A5038709365,W1971906082,first,False,Dr Samantha Leigh Conias|W1971906082
Dr Samuel Antranig Der Sarkissian,A5103920109,W3015824340,first,False,Dr Samuel Antranig Der Sarkissian|W3015824340
Dr Samuel Antranig Der Sarkissian,A5103920109,W3047952083,first,True,Dr Samuel Antranig Der Sarkissian|W3047952083
Dr Samuel Antranig Der Sarkissian,A5103920109,W3046448407,first,False,Dr Samuel Antranig Der Sarkissian|W3046448407
Dr Sara Marie Tritton,A5071415854,W2171902348,middle,False,Dr Sara Marie Tritton|W2171902348
Dr Sara Marie Tritton,A5071415854,W2080224495,first,False,Dr Sara Marie Tritton|W2080224495
Dr Sara Marie Tritton,A5071415854,W2089878545,middle,False,Dr Sara Marie Tritton|W2089878545
Dr Sara Marie Tritton,A5071415854,W2071733165,first,True,Dr Sara Marie Tritton|W2071733165
Dr Sara Marie Tritton,A5071415854,W2419015332,first,False,Dr Sara Marie Tritton|W2419015332
Dr Sara Marie Tritton,A5071415854,W2143305836,middle,False,Dr Sara Marie Tritton|W2143305836
Dr Sara Marie Tritton,A5071415854,W2244114838,middle,False,Dr Sara Marie Tritton|W2244114838
Dr Sara Marie Tritton,A5071415854,W2341705314,middle,False,Dr Sara Marie Tritton|W2341705314
Dr Sarah  Shen,A5016825200,W1696546567,first,True,Dr Sarah  Shen|W1696546567
Dr Sarah  Shen,A5016825200,W2084889320,first,True,Dr Sarah  Shen|W2084889320
Dr Sarah  Shen,A5016825200,W1989511490,middle,False,Dr Sarah  Shen|W1989511490
Dr Sarah  Shen,A5016825200,W1993577438,middle,False,Dr Sarah  Shen|W1993577438
Dr Sarah  Shen,A5016825200,W2912679988,first,False,Dr Sarah  Shen|W2912679988
Dr Sarah  Shen,A5016825200,W1688863073,first,True,Dr Sarah  Shen|W1688863073
Dr Sarah  Shen,A5016825200,W2050764086,first,False,Dr Sarah  Shen|W2050764086
Dr Sarah  Shen,A5016825200,W2057938199,middle,False,Dr Sarah  Shen|W2057938199
Dr Sarah  Shen,A5016825200,W2055955880,middle,False,Dr Sarah  Shen|W2055955880
Dr Sarah  Shen,A5016825200,W2043703814,first,False,Dr Sarah  Shen|W2043703814
Dr Sarah  Shen,A5016825200,W2910491562,middle,False,Dr Sarah  Shen|W2910491562
Dr Sarah  Shen,A5016825200,W2262571497,first,False,Dr Sarah  Shen|W2262571497
Dr Sarah  Shen,A5016825200,W2997408770,first,False,Dr Sarah  Shen|W2997408770
Dr Sarah  Shen,A5016825200,W2330406868,middle,True,Dr Sarah  Shen|W2330406868
Dr Sarah  Shen,A5016825200,W2085004695,first,False,Dr Sarah  Shen|W2085004695
Dr Sarah  Shen,A5016825200,W2158975129,middle,False,Dr Sarah  Shen|W2158975129
Dr Sarah  Shen,A5016825200,W2262361434,first,False,Dr Sarah  Shen|W2262361434
Dr Sarah  Shen,A5016825200,W2272436147,first,True,Dr Sarah  Shen|W2272436147
Dr Sarah  Shen,A5016825200,W2393968064,first,True,Dr Sarah  Shen|W2393968064
Dr Sarah  Shen,A5016825200,W3120520137,first,False,Dr Sarah  Shen|W3120520137
Dr Sarah Jessica Strathie Page,A5056014271,W2377182427,first,False,Dr Sarah Jessica Strathie Page|W2377182427
Dr Sarah Jessica Strathie Page,A5056014271,W1998169740,first,True,Dr Sarah Jessica Strathie Page|W1998169740
Dr Sarah Jessica Strathie Page,A5056014271,W2260673295,first,True,Dr Sarah Jessica Strathie Page|W2260673295
Dr Sarah Jessica Strathie Page,A5056014271,W2070627589,first,False,Dr Sarah Jessica Strathie Page|W2070627589
Dr Sarah Louise Smithson,A5019074628,W3093292403,middle,False,Dr Sarah Louise Smithson|W3093292403
Dr Sarah Louise Smithson,A5019074628,W2111661868,middle,False,Dr Sarah Louise Smithson|W2111661868
Dr Sarah Louise Smithson,A5019074628,W1977221972,middle,False,Dr Sarah Louise Smithson|W1977221972
Dr Sarah Louise Smithson,A5019074628,W2040675004,middle,False,Dr Sarah Louise Smithson|W2040675004
Dr Sarah Louise Smithson,A5019074628,W2144366487,middle,False,Dr Sarah Louise Smithson|W2144366487
Dr Sarah Louise Smithson,A5019074628,W2040141661,middle,False,Dr Sarah Louise Smithson|W2040141661
Dr Sarah Louise Smithson,A5019074628,W2069351794,middle,False,Dr Sarah Louise Smithson|W2069351794
Dr Sarah Louise Smithson,A5019074628,W2163888890,middle,False,Dr Sarah Louise Smithson|W2163888890
Dr Sarah Louise Smithson,A5019074628,W2123679185,middle,False,Dr Sarah Louise Smithson|W2123679185
Dr Sarah Louise Smithson,A5019074628,W2167740461,middle,False,Dr Sarah Louise Smithson|W2167740461
Dr Sarah Louise Smithson,A5019074628,W2619566212,middle,False,Dr Sarah Louise Smithson|W2619566212
Dr Sarah Louise Smithson,A5019074628,W2137322577,middle,False,Dr Sarah Louise Smithson|W2137322577
Dr Sarah Louise Smithson,A5019074628,W2168960644,middle,False,Dr Sarah Louise Smithson|W2168960644
Dr Sarah Louise Smithson,A5019074628,W2166573934,middle,False,Dr Sarah Louise Smithson|W2166573934
Dr Sarah Louise Smithson,A5019074628,W2009596928,middle,False,Dr Sarah Louise Smithson|W2009596928
Dr Sarah Louise Smithson,A5019074628,W2765715217,middle,False,Dr Sarah Louise Smithson|W2765715217
Dr Sarah Louise Smithson,A5019074628,W2062495236,middle,False,Dr Sarah Louise Smithson|W2062495236
Dr Sarah Louise Smithson,A5019074628,W3206822721,middle,False,Dr Sarah Louise Smithson|W3206822721
Dr Sarah Louise Smithson,A5019074628,W2808057155,middle,False,Dr Sarah Louise Smithson|W2808057155
Dr Sarah Louise Smithson,A5019074628,W2766819678,middle,False,Dr Sarah Louise Smithson|W2766819678
Dr Sarah Louise Smithson,A5019074628,W2996239000,middle,False,Dr Sarah Louise Smithson|W2996239000
Dr Sarah Louise Smithson,A5019074628,W3122084917,middle,False,Dr Sarah Louise Smithson|W3122084917
Dr Sarah Louise Smithson,A5019074628,W4288037877,middle,False,Dr Sarah Louise Smithson|W4288037877
Dr Sarah Louise Smithson,A5019074628,W3158013157,middle,False,Dr Sarah Louise Smithson|W3158013157
Dr Sarah Louise Smithson,A5019074628,W3092360474,middle,False,Dr Sarah Louise Smithson|W3092360474
Dr Sarah Louise Smithson,A5019074628,W4398175715,middle,False,Dr Sarah Louise Smithson|W4398175715
Dr Sarah Louise Smithson,A5019074628,W4307854883,middle,False,Dr Sarah Louise Smithson|W4307854883
Dr Sarah Louise Smithson,A5019074628,W1978692736,middle,False,Dr Sarah Louise Smithson|W1978692736
Dr Sarah Louise Smithson,A5019074628,W2101590636,middle,False,Dr Sarah Louise Smithson|W2101590636
Dr Sarah Louise Smithson,A5019074628,W2024027406,last,False,Dr Sarah Louise Smithson|W2024027406
Dr Sarah Louise Smithson,A5019074628,W2114108731,middle,False,Dr Sarah Louise Smithson|W2114108731
Dr Sarah Louise Smithson,A5019074628,W2138396428,middle,False,Dr Sarah Louise Smithson|W2138396428
Dr Sarah Louise Smithson,A5019074628,W2007053389,middle,False,Dr Sarah Louise Smithson|W2007053389
Dr Sarah Louise Smithson,A5019074628,W2194817365,middle,False,Dr Sarah Louise Smithson|W2194817365
Dr Sarah Louise Smithson,A5019074628,W2598238115,last,True,Dr Sarah Louise Smithson|W2598238115
Dr Sarah Louise Smithson,A5019074628,W2301847182,middle,False,Dr Sarah Louise Smithson|W2301847182
Dr Sarah Louise Smithson,A5019074628,W2888445925,middle,False,Dr Sarah Louise Smithson|W2888445925
Dr Sarah Louise Smithson,A5019074628,W3129262272,middle,False,Dr Sarah Louise Smithson|W3129262272
Dr Sarah Louise Smithson,A5019074628,W2029839559,middle,False,Dr Sarah Louise Smithson|W2029839559
Dr Sarah Louise Smithson,A5019074628,W4214650385,middle,False,Dr Sarah Louise Smithson|W4214650385
Dr Sarah Louise Smithson,A5019074628,W2952457689,middle,False,Dr Sarah Louise Smithson|W2952457689
Dr Sarah Louise Smithson,A5019074628,W2295339981,last,True,Dr Sarah Louise Smithson|W2295339981
Dr Sarah Louise Smithson,A5019074628,W3160712508,middle,False,Dr Sarah Louise Smithson|W3160712508
Dr Sarah Louise Smithson,A5019074628,W2007370270,middle,False,Dr Sarah Louise Smithson|W2007370270
Dr Sarah Louise Smithson,A5019074628,W2913780913,middle,False,Dr Sarah Louise Smithson|W2913780913
Dr Sarah Louise Smithson,A5019074628,W2908586881,middle,False,Dr Sarah Louise Smithson|W2908586881
Dr Sarah Louise Smithson,A5019074628,W3044661927,middle,False,Dr Sarah Louise Smithson|W3044661927
Dr Sarah Louise Smithson,A5019074628,W2884271123,middle,False,Dr Sarah Louise Smithson|W2884271123
Dr Sarah Louise Smithson,A5019074628,W4307211755,middle,False,Dr Sarah Louise Smithson|W4307211755
Dr Sarah Louise Smithson,A5019074628,W4309496707,middle,False,Dr Sarah Louise Smithson|W4309496707
Dr Sarah Louise Smithson,A5019074628,W4391451362,middle,False,Dr Sarah Louise Smithson|W4391451362
Dr Sarah Louise Smithson,A5019074628,W4411078550,middle,False,Dr Sarah Louise Smithson|W4411078550
Dr Sarah Louise Smithson,A5019074628,W4398782505,middle,False,Dr Sarah Louise Smithson|W4398782505
Dr Sarah Louise Smithson,A5019074628,W2127829777,middle,False,Dr Sarah Louise Smithson|W2127829777
Dr Sarah Louise Smithson,A5019074628,W2074706861,last,True,Dr Sarah Louise Smithson|W2074706861
Dr Sarah Louise Smithson,A5019074628,W2081710633,last,True,Dr Sarah Louise Smithson|W2081710633
Dr Sarah Louise Smithson,A5019074628,W1971844878,first,False,Dr Sarah Louise Smithson|W1971844878
Dr Sarah Louise Smithson,A5019074628,W3013378248,middle,False,Dr Sarah Louise Smithson|W3013378248
Dr Sarah Louise Smithson,A5019074628,W2785517869,last,True,Dr Sarah Louise Smithson|W2785517869
Dr Sarah Louise Smithson,A5019074628,W2988834236,middle,False,Dr Sarah Louise Smithson|W2988834236
Dr Sarah Louise Smithson,A5019074628,W3091879665,middle,False,Dr Sarah Louise Smithson|W3091879665
Dr Sarah Louise Smithson,A5019074628,W2745420719,last,False,Dr Sarah Louise Smithson|W2745420719
Dr Sarah Louise Smithson,A5019074628,W4403402638,middle,False,Dr Sarah Louise Smithson|W4403402638
Dr Sarah Louise Smithson,A5019074628,W4399703421,middle,False,Dr Sarah Louise Smithson|W4399703421
Dr Sarah Louise Smithson,A5019074628,W4407072044,last,True,Dr Sarah Louise Smithson|W4407072044
Dr Sarah Louise Smithson,A5019074628,W2098918429,middle,False,Dr Sarah Louise Smithson|W2098918429
Dr Sarah Louise Smithson,A5019074628,W1967900061,middle,False,Dr Sarah Louise Smithson|W1967900061
Dr Sarah Louise Smithson,A5019074628,W2014341853,first,False,Dr Sarah Louise Smithson|W2014341853
Dr Sarah Louise Smithson,A5019074628,W2059037000,last,True,Dr Sarah Louise Smithson|W2059037000
Dr Sarah Louise Smithson,A5019074628,W3108189180,middle,False,Dr Sarah Louise Smithson|W3108189180
Dr Sarah Louise Smithson,A5019074628,W3120788874,last,True,Dr Sarah Louise Smithson|W3120788874
Dr Sarah Louise Smithson,A5019074628,W4376133397,middle,False,Dr Sarah Louise Smithson|W4376133397
Dr Sarah Louise Smithson,A5019074628,W4410946338,middle,False,Dr Sarah Louise Smithson|W4410946338
Dr Sarah Louise Smithson,A5019074628,W4386220115,middle,False,Dr Sarah Louise Smithson|W4386220115
Dr Sarah Louise Smithson,A5019074628,W4252443655,last,False,Dr Sarah Louise Smithson|W4252443655
Dr Sarah Louise Smithson,A5019074628,W2048909922,middle,False,Dr Sarah Louise Smithson|W2048909922
Dr Sarah Louise Smithson,A5019074628,W2037309563,first,True,Dr Sarah Louise Smithson|W2037309563
Dr Sarah Louise Smithson,A5019074628,W1999470213,last,True,Dr Sarah Louise Smithson|W1999470213
Dr Sarah Louise Smithson,A5019074628,W4231571805,middle,True,Dr Sarah Louise Smithson|W4231571805
Dr Sarah Louise Smithson,A5019074628,W2914432818,middle,False,Dr Sarah Louise Smithson|W2914432818
Dr Sarah Louise Smithson,A5019074628,W2569620721,middle,False,Dr Sarah Louise Smithson|W2569620721
Dr Sarah Louise Smithson,A5019074628,W3048672234,last,False,Dr Sarah Louise Smithson|W3048672234
Dr Sarah Louise Smithson,A5019074628,W3141146408,middle,False,Dr Sarah Louise Smithson|W3141146408
Dr Sarah Louise Smithson,A5019074628,W3211490251,middle,False,Dr Sarah Louise Smithson|W3211490251
Dr Sarah Louise Smithson,A5019074628,W2129790245,middle,False,Dr Sarah Louise Smithson|W2129790245
Dr Sarah Louise Smithson,A5019074628,W2628216519,middle,False,Dr Sarah Louise Smithson|W2628216519
Dr Sarah Louise Smithson,A5019074628,W2902923601,middle,False,Dr Sarah Louise Smithson|W2902923601
Dr Sarah Louise Smithson,A5019074628,W4313643167,middle,False,Dr Sarah Louise Smithson|W4313643167
Dr Sarah Louise Smithson,A5019074628,W4405834575,middle,False,Dr Sarah Louise Smithson|W4405834575
Dr Sarah Louise Smithson,A5019074628,W2071315242,middle,False,Dr Sarah Louise Smithson|W2071315242
Dr Sarah Louise Smithson,A5019074628,W2128828169,middle,False,Dr Sarah Louise Smithson|W2128828169
Dr Sarah Louise Smithson,A5019074628,W2755959682,last,False,Dr Sarah Louise Smithson|W2755959682
Dr Sarah Louise Smithson,A5019074628,W4287919667,middle,False,Dr Sarah Louise Smithson|W4287919667
Dr Sarah Louise Smithson,A5019074628,W4221009780,middle,False,Dr Sarah Louise Smithson|W4221009780
Dr Sarah Louise Smithson,A5019074628,W4387770283,middle,False,Dr Sarah Louise Smithson|W4387770283
Dr Sarah Louise Smithson,A5019074628,W2081508046,last,False,Dr Sarah Louise Smithson|W2081508046
Dr Sarah Louise Smithson,A5019074628,W4395960414,last,False,Dr Sarah Louise Smithson|W4395960414
Dr Sarah Louise Smithson,A5019074628,W1522204110,middle,False,Dr Sarah Louise Smithson|W1522204110
Dr Sarah Louise Smithson,A5019074628,W2473987236,middle,False,Dr Sarah Louise Smithson|W2473987236
Dr Sarah Louise Smithson,A5019074628,W2891310820,middle,False,Dr Sarah Louise Smithson|W2891310820
Dr Sarah Louise Smithson,A5019074628,W2901330068,middle,False,Dr Sarah Louise Smithson|W2901330068
Dr Sarah Louise Smithson,A5019074628,W2953064210,first,True,Dr Sarah Louise Smithson|W2953064210
Dr Sarah Louise Smithson,A5019074628,W2979654041,middle,False,Dr Sarah Louise Smithson|W2979654041
Dr Sarah Louise Smithson,A5019074628,W2980096596,middle,False,Dr Sarah Louise Smithson|W2980096596
Dr Sarah Louise Smithson,A5019074628,W3043360673,first,False,Dr Sarah Louise Smithson|W3043360673
Dr Sarah Louise Smithson,A5019074628,W3100653960,middle,False,Dr Sarah Louise Smithson|W3100653960
Dr Sarah Louise Smithson,A5019074628,W4213064596,middle,False,Dr Sarah Louise Smithson|W4213064596
Dr Sarah Louise Smithson,A5019074628,W4235677709,middle,False,Dr Sarah Louise Smithson|W4235677709
Dr Sarah Louise Smithson,A5019074628,W4235818474,last,True,Dr Sarah Louise Smithson|W4235818474
Dr Sarah Louise Smithson,A5019074628,W4254787985,middle,False,Dr Sarah Louise Smithson|W4254787985
Dr Sarah Louise Smithson,A5019074628,W4282977316,first,False,Dr Sarah Louise Smithson|W4282977316
Dr Sarah Louise Smithson,A5019074628,W4287416343,last,False,Dr Sarah Louise Smithson|W4287416343
Dr Sarah Louise Smithson,A5019074628,W4300695764,middle,False,Dr Sarah Louise Smithson|W4300695764
Dr Sarah Louise Smithson,A5019074628,W4313637744,first,False,Dr Sarah Louise Smithson|W4313637744
Dr Sarah Louise Smithson,A5019074628,W4313644251,middle,False,Dr Sarah Louise Smithson|W4313644251
Dr Sarah Louise Smithson,A5019074628,W4324116908,middle,False,Dr Sarah Louise Smithson|W4324116908
Dr Sarah Louise Smithson,A5019074628,W4376135357,middle,False,Dr Sarah Louise Smithson|W4376135357
Dr Sarah Louise Smithson,A5019074628,W4394102453,middle,False,Dr Sarah Louise Smithson|W4394102453
Dr Sarah Louise Smithson,A5019074628,W4394105610,middle,False,Dr Sarah Louise Smithson|W4394105610
Dr Sarah Louise Smithson,A5019074628,W4394124555,middle,False,Dr Sarah Louise Smithson|W4394124555
Dr Sarah Louise Smithson,A5019074628,W4394328187,middle,False,Dr Sarah Louise Smithson|W4394328187
Dr Sarah Louise Smithson,A5019074628,W4396992777,middle,False,Dr Sarah Louise Smithson|W4396992777
Dr Sarah Louise Smithson,A5019074628,W4407098461,middle,False,Dr Sarah Louise Smithson|W4407098461
Dr Sarah Louise Smithson,A5019074628,W4407896242,middle,False,Dr Sarah Louise Smithson|W4407896242
Dr Sarath Naidu Bodapati,A5082896435,W2233067275,first,True,Dr Sarath Naidu Bodapati|W2233067275
Dr Sarath Naidu Bodapati,A5082896435,W3088875494,middle,False,Dr Sarath Naidu Bodapati|W3088875494
Dr Sarath Naidu Bodapati,A5082896435,W3136352107,middle,False,Dr Sarath Naidu Bodapati|W3136352107
Dr Sarath Naidu Bodapati,A5082896435,W4414335014,last,False,Dr Sarath Naidu Bodapati|W4414335014
Dr Sarath Naidu Bodapati,A5082896435,W2917892024,middle,False,Dr Sarath Naidu Bodapati|W2917892024
Dr Sarath Naidu Bodapati,A5082896435,W3048316515,middle,False,Dr Sarath Naidu Bodapati|W3048316515
Dr Sarath Naidu Bodapati,A5082896435,W3110422008,middle,False,Dr Sarath Naidu Bodapati|W3110422008
Dr Scott Andrew Webber,A5026353724,W2162123211,first,True,Dr Scott Andrew Webber|W2162123211
Dr Scott Andrew Webber,A5026353724,W2761818055,middle,False,Dr Scott Andrew Webber|W2761818055
Dr Scott Andrew Webber,A5026353724,W2663270440,middle,False,Dr Scott Andrew Webber|W2663270440
Dr Scott Andrew Webber,A5026353724,W1940598842,first,True,Dr Scott Andrew Webber|W1940598842
Dr Scott Andrew Webber,A5026353724,W1914951521,first,True,Dr Scott Andrew Webber|W1914951521
Dr Scott Andrew Webber,A5026353724,W2240172036,last,False,Dr Scott Andrew Webber|W2240172036
Dr Senhong  Lee,A5001658092,W2800793324,middle,False,Dr Senhong  Lee|W2800793324
Dr Senhong  Lee,A5001658092,W2800217440,first,False,Dr Senhong  Lee|W2800217440
Dr Senhong  Lee,A5001658092,W2948409363,middle,False,Dr Senhong  Lee|W2948409363
Dr Senhong  Lee,A5001658092,W4407058339,middle,False,Dr Senhong  Lee|W4407058339
Dr Senhong  Lee,A5001658092,W2801621547,first,True,Dr Senhong  Lee|W2801621547
Dr Senhong  Lee,A5001658092,W4225270799,middle,False,Dr Senhong  Lee|W4225270799
Dr Senhong  Lee,A5001658092,W3121081476,middle,False,Dr Senhong  Lee|W3121081476
Dr Senhong  Lee,A5001658092,W2418314983,first,True,Dr Senhong  Lee|W2418314983
Dr Senhong  Lee,A5001658092,W2941068729,middle,False,Dr Senhong  Lee|W2941068729
Dr Senhong  Lee,A5001658092,W4409978091,last,False,Dr Senhong  Lee|W4409978091
Dr Senhong  Lee,A5001658092,W4411134806,last,False,Dr Senhong  Lee|W4411134806
Dr Senhong  Lee,A5001658092,W4415523780,last,False,Dr Senhong  Lee|W4415523780
Dr Senhong  Lee,A5001658092,W4416395993,first,True,Dr Senhong  Lee|W4416395993
Dr Senhong  Lee,A5001658092,W7126098436,last,False,Dr Senhong  Lee|W7126098436
Dr Senhong  Lee,A5001658092,W2724557864,first,False,Dr Senhong  Lee|W2724557864
Dr Senhong  Lee,A5001658092,W3081008068,middle,False,Dr Senhong  Lee|W3081008068
Dr Senhong  Lee,A5001658092,W4225418282,middle,False,Dr Senhong  Lee|W4225418282
Dr Senhong  Lee,A5001658092,W4402455150,last,False,Dr Senhong  Lee|W4402455150
Dr Senhong  Lee,A5001658092,W4411927975,middle,False,Dr Senhong  Lee|W4411927975
Dr Senhong  Lee,A5001658092,W3195191565,middle,False,Dr Senhong  Lee|W3195191565
Dr Senhong  Lee,A5001658092,W3039701277,middle,False,Dr Senhong  Lee|W3039701277
Dr Senhong  Lee,A5001658092,W2614837355,middle,False,Dr Senhong  Lee|W2614837355
Dr Senhong  Lee,A5001658092,W4402115429,middle,False,Dr Senhong  Lee|W4402115429
Dr Senhong  Lee,A5001658092,W4409053028,last,False,Dr Senhong  Lee|W4409053028
Dr Senhong  Lee,A5001658092,W4409204507,last,False,Dr Senhong  Lee|W4409204507
Dr Senhong  Lee,A5001658092,W4409839637,last,False,Dr Senhong  Lee|W4409839637
Dr Senhong  Lee,A5001658092,W4410108934,last,False,Dr Senhong  Lee|W4410108934
Dr Senhong  Lee,A5001658092,W4410608601,middle,False,Dr Senhong  Lee|W4410608601
Dr Senhong  Lee,A5001658092,W4411280743,middle,False,Dr Senhong  Lee|W4411280743
Dr Senhong  Lee,A5001658092,W4415276876,last,False,Dr Senhong  Lee|W4415276876
Dr Senhong  Lee,A5001658092,W4416389856,last,False,Dr Senhong  Lee|W4416389856
Dr Senhong  Lee,A5001658092,W4417048461,middle,False,Dr Senhong  Lee|W4417048461
Dr Senhong  Lee,A5001658092,W4417520152,last,True,Dr Senhong  Lee|W4417520152
Dr Senhong  Lee,A5001658092,W7131354391,last,False,Dr Senhong  Lee|W7131354391
Dr Senhong  Lee,A5001658092,W7131643271,last,False,Dr Senhong  Lee|W7131643271
Dr Senhong  Lee,A5001658092,W7151785345,last,False,Dr Senhong  Lee|W7151785345
Dr Senhong  Lee,A5001658092,W7161609767,last,True,Dr Senhong  Lee|W7161609767
Dr Senhong  Lee,A5001658092,W7164759341,middle,True,Dr Senhong  Lee|W7164759341
Dr Shelley Ji Eun  Hwang,A5081030831,W2234757355,first,True,Dr Shelley Ji Eun  Hwang|W2234757355
Dr Shelley Ji Eun  Hwang,A5081030831,W2341408002,first,True,Dr Shelley Ji Eun  Hwang|W2341408002
Dr Shelley Ji Eun  Hwang,A5081030831,W2951610783,middle,False,Dr Shelley Ji Eun  Hwang|W2951610783
Dr Shelley Ji Eun  Hwang,A5081030831,W2343576451,middle,False,Dr Shelley Ji Eun  Hwang|W2343576451
Dr Shelley Ji Eun  Hwang,A5081030831,W2342126794,first,True,Dr Shelley Ji Eun  Hwang|W2342126794
Dr Shelley Ji Eun  Hwang,A5081030831,W1979418411,first,False,Dr Shelley Ji Eun  Hwang|W1979418411
Dr Shelley Ji Eun  Hwang,A5081030831,W2519327250,first,True,Dr Shelley Ji Eun  Hwang|W2519327250
Dr Shelley Ji Eun  Hwang,A5081030831,W3010132040,middle,False,Dr Shelley Ji Eun  Hwang|W3010132040
Dr Shelley Ji Eun  Hwang,A5081030831,W2563309829,middle,False,Dr Shelley Ji Eun  Hwang|W2563309829
Dr Shelley Ji Eun  Hwang,A5081030831,W2889003004,middle,False,Dr Shelley Ji Eun  Hwang|W2889003004
Dr Shelley Ji Eun  Hwang,A5081030831,W4242763567,first,True,Dr Shelley Ji Eun  Hwang|W4242763567
Dr Shelley Ji Eun  Hwang,A5081030831,W2895107385,first,True,Dr Shelley Ji Eun  Hwang|W2895107385
Dr Shelley Ji Eun  Hwang,A5081030831,W2741698948,middle,False,Dr Shelley Ji Eun  Hwang|W2741698948
Dr Shelley Ji Eun  Hwang,A5081030831,W2809459630,middle,True,Dr Shelley Ji Eun  Hwang|W2809459630
Dr Shelley Ji Eun  Hwang,A5081030831,W2767821896,first,False,Dr Shelley Ji Eun  Hwang|W2767821896
Dr Shelley Ji Eun  Hwang,A5081030831,W2133321287,middle,False,Dr Shelley Ji Eun  Hwang|W2133321287
Dr Shelley Ji Eun  Hwang,A5081030831,W3011565910,middle,False,Dr Shelley Ji Eun  Hwang|W3011565910
Dr Shelley Ji Eun  Hwang,A5081030831,W2736213453,middle,False,Dr Shelley Ji Eun  Hwang|W2736213453
Dr Shelley Ji Eun  Hwang,A5081030831,W4240809366,middle,False,Dr Shelley Ji Eun  Hwang|W4240809366
Dr Shelley Ji Eun  Hwang,A5081030831,W2196252159,first,False,Dr Shelley Ji Eun  Hwang|W2196252159
Dr Shelley Ji Eun  Hwang,A5081030831,W2577812468,first,True,Dr Shelley Ji Eun  Hwang|W2577812468
Dr Shelley Ji Eun  Hwang,A5081030831,W2333201910,first,False,Dr Shelley Ji Eun  Hwang|W2333201910
Dr Shelley Ji Eun  Hwang,A5081030831,W2789259376,first,False,Dr Shelley Ji Eun  Hwang|W2789259376
Dr Shelley Ji Eun  Hwang,A5081030831,W2792250306,first,False,Dr Shelley Ji Eun  Hwang|W2792250306
Dr Shevya Manjri Tiwari,A5027316612,W2734369267,first,True,Dr Shevya Manjri Tiwari|W2734369267
Dr Shevya Manjri Tiwari,A5027316612,W2910940341,middle,False,Dr Shevya Manjri Tiwari|W2910940341
Dr Shevya Manjri Tiwari,A5027316612,W1942316420,first,True,Dr Shevya Manjri Tiwari|W1942316420
Dr Shevya Manjri Tiwari,A5027316612,W2736854808,middle,False,Dr Shevya Manjri Tiwari|W2736854808
Dr Shevya Manjri Tiwari,A5027316612,W2765373146,first,False,Dr Shevya Manjri Tiwari|W2765373146
Dr Shevya Manjri Tiwari,A5027316612,W2740277561,middle,False,Dr Shevya Manjri Tiwari|W2740277561
Dr Shevya Manjri Tiwari,A5027316612,W1866314692,first,False,Dr Shevya Manjri Tiwari|W1866314692
Dr Shevya Manjri Tiwari,A5027316612,W2580497892,first,True,Dr Shevya Manjri Tiwari|W2580497892
Dr Shevya Manjri Tiwari,A5027316612,W2914512728,middle,False,Dr Shevya Manjri Tiwari|W2914512728
Dr Shevya Manjri Tiwari,A5027316612,W3047290919,first,False,Dr Shevya Manjri Tiwari|W3047290919
Dr Shevya Manjri Tiwari,A5027316612,W4236369996,first,False,Dr Shevya Manjri Tiwari|W4236369996
Dr Shevya Manjri Tiwari,A5027316612,W4411291047,last,False,Dr Shevya Manjri Tiwari|W4411291047
Dr Shien-Ning  Chee,A5085950363,W2030462950,middle,False,Dr Shien-Ning  Chee|W2030462950
Dr Shien-Ning  Chee,A5085950363,W2124316416,first,False,Dr Shien-Ning  Chee|W2124316416
Dr Shien-Ning  Chee,A5085950363,W2733468116,first,True,Dr Shien-Ning  Chee|W2733468116
Dr Shien-Ning  Chee,A5085950363,W2419610748,first,True,Dr Shien-Ning  Chee|W2419610748
Dr Shien-Ning  Chee,A5085950363,W2781510403,middle,False,Dr Shien-Ning  Chee|W2781510403
Dr Shien-Ning  Chee,A5085950363,W4408142027,middle,False,Dr Shien-Ning  Chee|W4408142027
Dr Shien-Ning  Chee,A5085950363,W1912008764,first,True,Dr Shien-Ning  Chee|W1912008764
Dr Shien-Ning  Chee,A5085950363,W2109433263,first,False,Dr Shien-Ning  Chee|W2109433263
Dr Shien-Ning  Chee,A5085950363,W2054962159,first,False,Dr Shien-Ning  Chee|W2054962159
Dr Shien-Ning  Chee,A5085950363,W2793176082,middle,False,Dr Shien-Ning  Chee|W2793176082
Dr Shien-Ning  Chee,A5085950363,W584487160,first,False,Dr Shien-Ning  Chee|W584487160
Dr Shien-Ning  Chee,A5085950363,W2803665996,last,False,Dr Shien-Ning  Chee|W2803665996
Dr Shien-Ning  Chee,A5085950363,W4230180311,last,False,Dr Shien-Ning  Chee|W4230180311
Dr Shien-Ning  Chee,A5085950363,W4251567315,last,False,Dr Shien-Ning  Chee|W4251567315
Dr Shireen Kaur Sidhu,A5102708468,W4322719565,middle,False,Dr Shireen Kaur Sidhu|W4322719565
Dr Shireen Kaur Sidhu,A5102708468,W2108228625,middle,False,Dr Shireen Kaur Sidhu|W2108228625
Dr Shireen Kaur Sidhu,A5102708468,W1895338825,last,False,Dr Shireen Kaur Sidhu|W1895338825
Dr Shireen Kaur Sidhu,A5102708468,W2105943909,middle,False,Dr Shireen Kaur Sidhu|W2105943909
Dr Shireen Kaur Sidhu,A5102708468,W1917271480,last,False,Dr Shireen Kaur Sidhu|W1917271480
Dr Shireen Kaur Sidhu,A5102708468,W4401323553,middle,False,Dr Shireen Kaur Sidhu|W4401323553
Dr Shireen Kaur Sidhu,A5102708468,W3153077339,last,False,Dr Shireen Kaur Sidhu|W3153077339
Dr Shireen Kaur Sidhu,A5102708468,W2072305804,first,True,Dr Shireen Kaur Sidhu|W2072305804
Dr Shireen Kaur Sidhu,A5102708468,W1961011931,last,False,Dr Shireen Kaur Sidhu|W1961011931
Dr Shireen Kaur Sidhu,A5102708468,W2908610976,last,False,Dr Shireen Kaur Sidhu|W2908610976
Dr Shireen Kaur Sidhu,A5102708468,W2152639454,first,False,Dr Shireen Kaur Sidhu|W2152639454
Dr Shireen Kaur Sidhu,A5102708468,W2464237238,middle,False,Dr Shireen Kaur Sidhu|W2464237238
Dr Shireen Kaur Sidhu,A5102708468,W4385331055,middle,False,Dr Shireen Kaur Sidhu|W4385331055
Dr Shireen Kaur Sidhu,A5102708468,W2155678620,last,False,Dr Shireen Kaur Sidhu|W2155678620
Dr Shireen Kaur Sidhu,A5102708468,W1913523113,last,False,Dr Shireen Kaur Sidhu|W1913523113
Dr Shireen Kaur Sidhu,A5102708468,W2141846795,last,False,Dr Shireen Kaur Sidhu|W2141846795
Dr Shireen Kaur Sidhu,A5102708468,W4362452895,last,False,Dr Shireen Kaur Sidhu|W4362452895
Dr Shireen Kaur Sidhu,A5102708468,W1531950567,last,False,Dr Shireen Kaur Sidhu|W1531950567
Dr Shireen Kaur Sidhu,A5102708468,W1567036452,last,False,Dr Shireen Kaur Sidhu|W1567036452
Dr Shireen Kaur Sidhu,A5102708468,W2531734249,middle,False,Dr Shireen Kaur Sidhu|W2531734249
Dr Shireen Kaur Sidhu,A5102708468,W2765119144,middle,False,Dr Shireen Kaur Sidhu|W2765119144
Dr Shireen Kaur Sidhu,A5102708468,W4283514017,last,False,Dr Shireen Kaur Sidhu|W4283514017
Dr Shireen Kaur Sidhu,A5102708468,W2013461086,last,False,Dr Shireen Kaur Sidhu|W2013461086
Dr Shireen Kaur Sidhu,A5102708468,W2529915425,middle,False,Dr Shireen Kaur Sidhu|W2529915425
Dr Shireen Kaur Sidhu,A5102708468,W4210370293,last,False,Dr Shireen Kaur Sidhu|W4210370293
Dr Shireen Kaur Sidhu,A5102708468,W4317513074,last,False,Dr Shireen Kaur Sidhu|W4317513074
Dr Shireen Kaur Sidhu,A5102708468,W2125104150,middle,False,Dr Shireen Kaur Sidhu|W2125104150
Dr Shireen Kaur Sidhu,A5102708468,W2163160594,first,False,Dr Shireen Kaur Sidhu|W2163160594
Dr Shireen Kaur Sidhu,A5102708468,W2065840743,first,True,Dr Shireen Kaur Sidhu|W2065840743
Dr Shireen Kaur Sidhu,A5102708468,W2131706393,middle,False,Dr Shireen Kaur Sidhu|W2131706393
Dr Shireen Kaur Sidhu,A5102708468,W2248780429,middle,False,Dr Shireen Kaur Sidhu|W2248780429
Dr Shireen Kaur Sidhu,A5102708468,W2531044538,middle,False,Dr Shireen Kaur Sidhu|W2531044538
Dr Shireen Kaur Sidhu,A5102708468,W2889921818,middle,False,Dr Shireen Kaur Sidhu|W2889921818
Dr Shireen Kaur Sidhu,A5102708468,W4221120618,last,False,Dr Shireen Kaur Sidhu|W4221120618
Dr Shireen Kaur Sidhu,A5102708468,W7131160629,middle,False,Dr Shireen Kaur Sidhu|W7131160629
Dr Shivam  Kapila,A5010673351,W1985835425,first,True,Dr Shivam  Kapila|W1985835425
Dr Shivam  Kapila,A5010673351,W1512268436,first,True,Dr Shivam  Kapila|W1512268436
Dr Shivam  Kapila,A5010673351,W1966153981,middle,False,Dr Shivam  Kapila|W1966153981
Dr Shivam  Kapila,A5010673351,W1999709207,first,False,Dr Shivam  Kapila|W1999709207
Dr Shivam  Kapila,A5010673351,W1600731161,middle,False,Dr Shivam  Kapila|W1600731161
Dr Shivam  Kapila,A5010673351,W1943750233,middle,False,Dr Shivam  Kapila|W1943750233
Dr Shivam  Kapila,A5010673351,W2078310268,middle,False,Dr Shivam  Kapila|W2078310268
Dr Shivam  Kapila,A5010673351,W2586104755,middle,False,Dr Shivam  Kapila|W2586104755
Dr Shivam  Kapila,A5010673351,W1523156914,middle,False,Dr Shivam  Kapila|W1523156914
Dr Shivam  Kapila,A5010673351,W1976233495,first,False,Dr Shivam  Kapila|W1976233495
Dr Shivam  Kapila,A5010673351,W1984655529,middle,False,Dr Shivam  Kapila|W1984655529
Dr Shivam  Kapila,A5010673351,W2035510461,middle,False,Dr Shivam  Kapila|W2035510461
Dr Shivam  Kapila,A5010673351,W2809287704,middle,False,Dr Shivam  Kapila|W2809287704
Dr Shivam  Kapila,A5010673351,W3196974043,middle,False,Dr Shivam  Kapila|W3196974043
Dr Shivam  Kapila,A5010673351,W1999061679,first,False,Dr Shivam  Kapila|W1999061679
Dr Shivam  Kapila,A5010673351,W2014796053,first,False,Dr Shivam  Kapila|W2014796053
Dr Shivam  Kapila,A5010673351,W2070750509,first,False,Dr Shivam  Kapila|W2070750509
Dr Shivam  Kapila,A5010673351,W2154669279,first,False,Dr Shivam  Kapila|W2154669279
Dr Shivam  Kapila,A5010673351,W2323609861,first,False,Dr Shivam  Kapila|W2323609861
Dr Shobha  Joseph,A5019135138,W2900292386,middle,False,Dr Shobha  Joseph|W2900292386
Dr Shobha  Joseph,A5019135138,W4362635255,middle,False,Dr Shobha  Joseph|W4362635255
Dr Shobha  Joseph,A5019135138,W4313627845,middle,False,Dr Shobha  Joseph|W4313627845
Dr Shobha  Joseph,A5019135138,W4391212299,middle,False,Dr Shobha  Joseph|W4391212299
Dr Shueh-Wei  Lim,A5109970939,W1989996629,first,True,Dr Shueh-Wei  Lim|W1989996629
Dr Shyamala Claire Huilgol,A5040989235,W2003589889,middle,True,Dr Shyamala Claire Huilgol|W2003589889
Dr Shyamala Claire Huilgol,A5040989235,W2165904438,middle,True,Dr Shyamala Claire Huilgol|W2165904438
Dr Shyamala Claire Huilgol,A5040989235,W2041972418,middle,True,Dr Shyamala Claire Huilgol|W2041972418
Dr Shyamala Claire Huilgol,A5040989235,W2017194589,middle,True,Dr Shyamala Claire Huilgol|W2017194589
Dr Shyamala Claire Huilgol,A5040989235,W4309436603,middle,False,Dr Shyamala Claire Huilgol|W4309436603
Dr Shyamala Claire Huilgol,A5040989235,W1986769762,first,False,Dr Shyamala Claire Huilgol|W1986769762
Dr Shyamala Claire Huilgol,A5040989235,W2170645257,middle,False,Dr Shyamala Claire Huilgol|W2170645257
Dr Shyamala Claire Huilgol,A5040989235,W1975123242,first,False,Dr Shyamala Claire Huilgol|W1975123242
Dr Shyamala Claire Huilgol,A5040989235,W2137365446,middle,True,Dr Shyamala Claire Huilgol|W2137365446
Dr Shyamala Claire Huilgol,A5040989235,W1989099193,middle,False,Dr Shyamala Claire Huilgol|W1989099193
Dr Shyamala Claire Huilgol,A5040989235,W2107768519,middle,False,Dr Shyamala Claire Huilgol|W2107768519
Dr Shyamala Claire Huilgol,A5040989235,W2081484831,middle,True,Dr Shyamala Claire Huilgol|W2081484831
Dr Shyamala Claire Huilgol,A5040989235,W1959217299,middle,False,Dr Shyamala Claire Huilgol|W1959217299
Dr Shyamala Claire Huilgol,A5040989235,W2057390794,middle,False,Dr Shyamala Claire Huilgol|W2057390794
Dr Shyamala Claire Huilgol,A5040989235,W1857449875,last,True,Dr Shyamala Claire Huilgol|W1857449875
Dr Shyamala Claire Huilgol,A5040989235,W1496229388,middle,False,Dr Shyamala Claire Huilgol|W1496229388
Dr Shyamala Claire Huilgol,A5040989235,W2058071116,middle,False,Dr Shyamala Claire Huilgol|W2058071116
Dr Shyamala Claire Huilgol,A5040989235,W2128004184,middle,False,Dr Shyamala Claire Huilgol|W2128004184
Dr Shyamala Claire Huilgol,A5040989235,W1567750431,middle,False,Dr Shyamala Claire Huilgol|W1567750431
Dr Shyamala Claire Huilgol,A5040989235,W1999095107,middle,False,Dr Shyamala Claire Huilgol|W1999095107
Dr Shyamala Claire Huilgol,A5040989235,W2018251921,middle,False,Dr Shyamala Claire Huilgol|W2018251921
Dr Shyamala Claire Huilgol,A5040989235,W1977784677,middle,False,Dr Shyamala Claire Huilgol|W1977784677
Dr Shyamala Claire Huilgol,A5040989235,W2407628763,last,False,Dr Shyamala Claire Huilgol|W2407628763
Dr Shyamala Claire Huilgol,A5040989235,W2078505434,middle,False,Dr Shyamala Claire Huilgol|W2078505434
Dr Shyamala Claire Huilgol,A5040989235,W2327075875,middle,False,Dr Shyamala Claire Huilgol|W2327075875
Dr Shyamala Claire Huilgol,A5040989235,W2139743685,last,False,Dr Shyamala Claire Huilgol|W2139743685
Dr Shyamala Claire Huilgol,A5040989235,W3002093859,middle,False,Dr Shyamala Claire Huilgol|W3002093859
Dr Shyamala Claire Huilgol,A5040989235,W2063830627,last,False,Dr Shyamala Claire Huilgol|W2063830627
Dr Shyamala Claire Huilgol,A5040989235,W3107187109,middle,False,Dr Shyamala Claire Huilgol|W3107187109
Dr Shyamala Claire Huilgol,A5040989235,W4253779267,middle,False,Dr Shyamala Claire Huilgol|W4253779267
Dr Shyamala Claire Huilgol,A5040989235,W4387729607,middle,False,Dr Shyamala Claire Huilgol|W4387729607
Dr Shyamala Claire Huilgol,A5040989235,W3047983206,middle,False,Dr Shyamala Claire Huilgol|W3047983206
Dr Shyamala Claire Huilgol,A5040989235,W1972919010,first,True,Dr Shyamala Claire Huilgol|W1972919010
Dr Shyamala Claire Huilgol,A5040989235,W2006124188,middle,False,Dr Shyamala Claire Huilgol|W2006124188
Dr Shyamala Claire Huilgol,A5040989235,W1990291940,first,False,Dr Shyamala Claire Huilgol|W1990291940
Dr Shyamala Claire Huilgol,A5040989235,W2091042026,middle,False,Dr Shyamala Claire Huilgol|W2091042026
Dr Shyamala Claire Huilgol,A5040989235,W2142859680,middle,False,Dr Shyamala Claire Huilgol|W2142859680
Dr Shyamala Claire Huilgol,A5040989235,W2093631486,middle,False,Dr Shyamala Claire Huilgol|W2093631486
Dr Shyamala Claire Huilgol,A5040989235,W4243135553,middle,False,Dr Shyamala Claire Huilgol|W4243135553
Dr Shyamala Claire Huilgol,A5040989235,W1988996236,middle,False,Dr Shyamala Claire Huilgol|W1988996236
Dr Shyamala Claire Huilgol,A5040989235,W1982619637,middle,False,Dr Shyamala Claire Huilgol|W1982619637
Dr Shyamala Claire Huilgol,A5040989235,W2086397797,middle,False,Dr Shyamala Claire Huilgol|W2086397797
Dr Shyamala Claire Huilgol,A5040989235,W60191126,middle,False,Dr Shyamala Claire Huilgol|W60191126
Dr Shyamala Claire Huilgol,A5040989235,W2510474354,last,True,Dr Shyamala Claire Huilgol|W2510474354
Dr Shyamala Claire Huilgol,A5040989235,W1982149424,last,False,Dr Shyamala Claire Huilgol|W1982149424
Dr Shyamala Claire Huilgol,A5040989235,W2063552715,first,True,Dr Shyamala Claire Huilgol|W2063552715
Dr Shyamala Claire Huilgol,A5040989235,W2165745749,middle,False,Dr Shyamala Claire Huilgol|W2165745749
Dr Shyamala Claire Huilgol,A5040989235,W4249984665,last,False,Dr Shyamala Claire Huilgol|W4249984665
Dr Shyamala Claire Huilgol,A5040989235,W1964584270,last,False,Dr Shyamala Claire Huilgol|W1964584270
Dr Shyamala Claire Huilgol,A5040989235,W2345641474,last,False,Dr Shyamala Claire Huilgol|W2345641474
Dr Shyamala Claire Huilgol,A5040989235,W2017500636,middle,False,Dr Shyamala Claire Huilgol|W2017500636
Dr Shyamala Claire Huilgol,A5040989235,W1918939597,middle,False,Dr Shyamala Claire Huilgol|W1918939597
Dr Shyamala Claire Huilgol,A5040989235,W2790890721,middle,False,Dr Shyamala Claire Huilgol|W2790890721
Dr Shyamala Claire Huilgol,A5040989235,W3041957435,middle,False,Dr Shyamala Claire Huilgol|W3041957435
Dr Shyamala Claire Huilgol,A5040989235,W1599658142,first,False,Dr Shyamala Claire Huilgol|W1599658142
Dr Shyamala Claire Huilgol,A5040989235,W4237342790,middle,False,Dr Shyamala Claire Huilgol|W4237342790
Dr Shyamala Claire Huilgol,A5040989235,W1906331985,last,True,Dr Shyamala Claire Huilgol|W1906331985
Dr Shyamala Claire Huilgol,A5040989235,W2972981429,middle,False,Dr Shyamala Claire Huilgol|W2972981429
Dr Shyamala Claire Huilgol,A5040989235,W2774951035,last,False,Dr Shyamala Claire Huilgol|W2774951035
Dr Shyamala Claire Huilgol,A5040989235,W1519093164,last,False,Dr Shyamala Claire Huilgol|W1519093164
Dr Shyamala Claire Huilgol,A5040989235,W1906450354,last,False,Dr Shyamala Claire Huilgol|W1906450354
Dr Shyamala Claire Huilgol,A5040989235,W2105698923,first,False,Dr Shyamala Claire Huilgol|W2105698923
Dr Shyamala Claire Huilgol,A5040989235,W198675445,middle,False,Dr Shyamala Claire Huilgol|W198675445
Dr Shyamala Claire Huilgol,A5040989235,W2003027324,last,False,Dr Shyamala Claire Huilgol|W2003027324
Dr Shyamala Claire Huilgol,A5040989235,W2005723920,middle,False,Dr Shyamala Claire Huilgol|W2005723920
Dr Shyamala Claire Huilgol,A5040989235,W2044529237,middle,False,Dr Shyamala Claire Huilgol|W2044529237
Dr Shyamala Claire Huilgol,A5040989235,W2048229118,last,False,Dr Shyamala Claire Huilgol|W2048229118
Dr Shyamala Claire Huilgol,A5040989235,W2041255119,last,False,Dr Shyamala Claire Huilgol|W2041255119
Dr Shyamala Claire Huilgol,A5040989235,W2109272551,middle,False,Dr Shyamala Claire Huilgol|W2109272551
Dr Shyamala Claire Huilgol,A5040989235,W2002001662,first,True,Dr Shyamala Claire Huilgol|W2002001662
Dr Shyamala Claire Huilgol,A5040989235,W2057108890,middle,False,Dr Shyamala Claire Huilgol|W2057108890
Dr Shyamala Claire Huilgol,A5040989235,W4232893779,first,True,Dr Shyamala Claire Huilgol|W4232893779
Dr Shyamala Claire Huilgol,A5040989235,W1978995248,middle,False,Dr Shyamala Claire Huilgol|W1978995248
Dr Shyamala Claire Huilgol,A5040989235,W2316249986,middle,False,Dr Shyamala Claire Huilgol|W2316249986
Dr Shyamala Claire Huilgol,A5040989235,W2056031123,first,True,Dr Shyamala Claire Huilgol|W2056031123
Dr Shyamala Claire Huilgol,A5040989235,W4376113573,middle,False,Dr Shyamala Claire Huilgol|W4376113573
Dr Shyamala Claire Huilgol,A5040989235,W4389176211,middle,False,Dr Shyamala Claire Huilgol|W4389176211
Dr Shyamala Claire Huilgol,A5040989235,W2143765265,first,True,Dr Shyamala Claire Huilgol|W2143765265
Dr Shyamala Claire Huilgol,A5040989235,W4253895043,first,True,Dr Shyamala Claire Huilgol|W4253895043
Dr Shyamala Claire Huilgol,A5040989235,W2012006591,middle,False,Dr Shyamala Claire Huilgol|W2012006591
Dr Shyamala Claire Huilgol,A5040989235,W2088251474,middle,False,Dr Shyamala Claire Huilgol|W2088251474
Dr Shyamala Claire Huilgol,A5040989235,W1982578498,first,True,Dr Shyamala Claire Huilgol|W1982578498
Dr Shyamala Claire Huilgol,A5040989235,W1984318625,middle,False,Dr Shyamala Claire Huilgol|W1984318625
Dr Shyamala Claire Huilgol,A5040989235,W2094065126,first,True,Dr Shyamala Claire Huilgol|W2094065126
Dr Shyamala Claire Huilgol,A5040989235,W2101914462,middle,False,Dr Shyamala Claire Huilgol|W2101914462
Dr Shyamala Claire Huilgol,A5040989235,W2156420971,middle,False,Dr Shyamala Claire Huilgol|W2156420971
Dr Shyamala Claire Huilgol,A5040989235,W2338490401,middle,False,Dr Shyamala Claire Huilgol|W2338490401
Dr Shyamala Claire Huilgol,A5040989235,W2963214140,middle,False,Dr Shyamala Claire Huilgol|W2963214140
Dr Shyamala Claire Huilgol,A5040989235,W2977648518,middle,False,Dr Shyamala Claire Huilgol|W2977648518
Dr Shyamala Claire Huilgol,A5040989235,W4243825577,middle,False,Dr Shyamala Claire Huilgol|W4243825577
Dr Shyamala Claire Huilgol,A5040989235,W1483861894,last,False,Dr Shyamala Claire Huilgol|W1483861894
Dr Shyamala Claire Huilgol,A5040989235,W2978392551,middle,False,Dr Shyamala Claire Huilgol|W2978392551
Dr Shyamala Claire Huilgol,A5040989235,W1505937147,first,False,Dr Shyamala Claire Huilgol|W1505937147
Dr Shyamala Claire Huilgol,A5040989235,W2078032245,middle,False,Dr Shyamala Claire Huilgol|W2078032245
Dr Shyamala Claire Huilgol,A5040989235,W1606439752,first,True,Dr Shyamala Claire Huilgol|W1606439752
Dr Shyamala Claire Huilgol,A5040989235,W2034055212,last,False,Dr Shyamala Claire Huilgol|W2034055212
Dr Shyamala Claire Huilgol,A5040989235,W2061703727,middle,False,Dr Shyamala Claire Huilgol|W2061703727
Dr Shyamala Claire Huilgol,A5040989235,W2328049259,middle,False,Dr Shyamala Claire Huilgol|W2328049259
Dr Shyamala Claire Huilgol,A5040989235,W1580297111,last,False,Dr Shyamala Claire Huilgol|W1580297111
Dr Shyamala Claire Huilgol,A5040989235,W1607998703,last,False,Dr Shyamala Claire Huilgol|W1607998703
Dr Shyamala Claire Huilgol,A5040989235,W2733312901,middle,False,Dr Shyamala Claire Huilgol|W2733312901
Dr Shyamala Claire Huilgol,A5040989235,W2803693941,middle,False,Dr Shyamala Claire Huilgol|W2803693941
Dr Shyamala Claire Huilgol,A5040989235,W4238351997,middle,False,Dr Shyamala Claire Huilgol|W4238351997
Dr Shyamala Claire Huilgol,A5040989235,W2514526205,middle,False,Dr Shyamala Claire Huilgol|W2514526205
Dr Shyamala Claire Huilgol,A5040989235,W4229924967,middle,False,Dr Shyamala Claire Huilgol|W4229924967
Dr Shyamala Claire Huilgol,A5040989235,W2024443655,first,False,Dr Shyamala Claire Huilgol|W2024443655
Dr Shyamala Claire Huilgol,A5040989235,W2397042518,middle,False,Dr Shyamala Claire Huilgol|W2397042518
Dr Shyamala Claire Huilgol,A5040989235,W1976216192,first,False,Dr Shyamala Claire Huilgol|W1976216192
Dr Shyamala Claire Huilgol,A5040989235,W1981695335,first,True,Dr Shyamala Claire Huilgol|W1981695335
Dr Shyamala Claire Huilgol,A5040989235,W1988482348,first,False,Dr Shyamala Claire Huilgol|W1988482348
Dr Shyamala Claire Huilgol,A5040989235,W2172114820,middle,False,Dr Shyamala Claire Huilgol|W2172114820
Dr Shyamala Claire Huilgol,A5040989235,W2620855237,middle,False,Dr Shyamala Claire Huilgol|W2620855237
Dr Shyamala Claire Huilgol,A5040989235,W2724166071,middle,False,Dr Shyamala Claire Huilgol|W2724166071
Dr Shyamala Claire Huilgol,A5040989235,W3150325666,last,False,Dr Shyamala Claire Huilgol|W3150325666
Dr Shyamala Claire Huilgol,A5040989235,W4236840776,middle,False,Dr Shyamala Claire Huilgol|W4236840776
Dr Shyamala Claire Huilgol,A5040989235,W4252308862,first,True,Dr Shyamala Claire Huilgol|W4252308862
Dr Shyamala Claire Huilgol,A5040989235,W4404038389,middle,False,Dr Shyamala Claire Huilgol|W4404038389
Dr Shyamala Claire Huilgol,A5040989235,W4417059197,middle,False,Dr Shyamala Claire Huilgol|W4417059197
Dr Shyamalar  Gunatheesan,A5014180417,W2900292386,middle,False,Dr Shyamalar  Gunatheesan|W2900292386
Dr Shyamalar  Gunatheesan,A5014180417,W2159759611,first,False,Dr Shyamalar  Gunatheesan|W2159759611
Dr Shyamalar  Gunatheesan,A5014180417,W2163866986,middle,False,Dr Shyamalar  Gunatheesan|W2163866986
Dr Shyamalar  Gunatheesan,A5014180417,W1629318359,first,True,Dr Shyamalar  Gunatheesan|W1629318359
Dr Shyamalar  Gunatheesan,A5014180417,W3118805466,middle,False,Dr Shyamalar  Gunatheesan|W3118805466
Dr Shyamalar  Gunatheesan,A5014180417,W4377293740,middle,False,Dr Shyamalar  Gunatheesan|W4377293740
Dr Simon Anthony Yong Gee,A5015375282,W3128114181,middle,False,Dr Simon Anthony Yong Gee|W3128114181
Dr Stephanie Clare Blake,A5007091648,W2965205269,first,True,Dr Stephanie Clare Blake|W2965205269
Dr Stephanie Clare Blake,A5007091648,W2977605740,first,False,Dr Stephanie Clare Blake|W2977605740
Dr Stephanie Clare Blake,A5007091648,W2523759624,last,False,Dr Stephanie Clare Blake|W2523759624
Dr Stephanie Clare Blake,A5007091648,W3171278788,middle,False,Dr Stephanie Clare Blake|W3171278788
Dr Stephanie Clare Blake,A5007091648,W4381839455,first,False,Dr Stephanie Clare Blake|W4381839455
Dr Stephanie Clare Blake,A5007091648,W4403345071,middle,False,Dr Stephanie Clare Blake|W4403345071
Dr Stephanie Clare Blake,A5007091648,W2942924943,first,False,Dr Stephanie Clare Blake|W2942924943
Dr Stephanie Clare Blake,A5007091648,W2908701261,first,False,Dr Stephanie Clare Blake|W2908701261
Dr Stephanie Clare Blake,A5007091648,W2036732750,first,True,Dr Stephanie Clare Blake|W2036732750
Dr Stephanie Clare Blake,A5007091648,W2990618173,last,False,Dr Stephanie Clare Blake|W2990618173
Dr Stephanie Clare Blake,A5007091648,W2995972164,last,False,Dr Stephanie Clare Blake|W2995972164
Dr Stephanie Marisa Tizi,A5025208944,W2150074699,first,True,Dr Stephanie Marisa Tizi|W2150074699
Dr Stephen James Gilmore,A5041331818,W2012347898,middle,False,Dr Stephen James Gilmore|W2012347898
Dr Stephen James Gilmore,A5041331818,W1591717158,first,True,Dr Stephen James Gilmore|W1591717158
Dr Stephen James Gilmore,A5041331818,W1543028606,first,True,Dr Stephen James Gilmore|W1543028606
Dr Stephen James Gilmore,A5041331818,W2138720274,first,False,Dr Stephen James Gilmore|W2138720274
Dr Stephen James Gilmore,A5041331818,W1976366902,first,True,Dr Stephen James Gilmore|W1976366902
Dr Stephen James Gilmore,A5041331818,W2101826042,middle,False,Dr Stephen James Gilmore|W2101826042
Dr Stephen James Gilmore,A5041331818,W2759932527,first,True,Dr Stephen James Gilmore|W2759932527
Dr Stephen James Gilmore,A5041331818,W1977112894,middle,False,Dr Stephen James Gilmore|W1977112894
Dr Stephen James Gilmore,A5041331818,W1756463498,middle,True,Dr Stephen James Gilmore|W1756463498
Dr Stephen James Gilmore,A5041331818,W1998924507,first,True,Dr Stephen James Gilmore|W1998924507
Dr Stephen James Gilmore,A5041331818,W1830784243,last,False,Dr Stephen James Gilmore|W1830784243
Dr Stephen James Gilmore,A5041331818,W4232108823,middle,False,Dr Stephen James Gilmore|W4232108823
Dr Stephen James Gilmore,A5041331818,W3083037565,middle,False,Dr Stephen James Gilmore|W3083037565
Dr Stephen James Gilmore,A5041331818,W1757362401,last,True,Dr Stephen James Gilmore|W1757362401
Dr Stephen James Gilmore,A5041331818,W2891580501,first,True,Dr Stephen James Gilmore|W2891580501
Dr Stephen James Gilmore,A5041331818,W2769347148,first,True,Dr Stephen James Gilmore|W2769347148
Dr Stephen James Gilmore,A5041331818,W2024591424,last,False,Dr Stephen James Gilmore|W2024591424
Dr Stephen James Gilmore,A5041331818,W2159736745,first,True,Dr Stephen James Gilmore|W2159736745
Dr Stephen James Gilmore,A5041331818,W2100131750,last,False,Dr Stephen James Gilmore|W2100131750
Dr Stephen James Gilmore,A5041331818,W1994500106,first,True,Dr Stephen James Gilmore|W1994500106
Dr Stephen James Gilmore,A5041331818,W2742958496,middle,False,Dr Stephen James Gilmore|W2742958496
Dr Stephen James Gilmore,A5041331818,W1822693386,first,True,Dr Stephen James Gilmore|W1822693386
Dr Stephen James Gilmore,A5041331818,W2921771805,first,True,Dr Stephen James Gilmore|W2921771805
Dr Stephen James Gilmore,A5041331818,W2824757683,first,True,Dr Stephen James Gilmore|W2824757683
Dr Stephen James Gilmore,A5041331818,W2081143474,middle,False,Dr Stephen James Gilmore|W2081143474
Dr Stephen James Gilmore,A5041331818,W2045741131,first,True,Dr Stephen James Gilmore|W2045741131
Dr Stephen James Gilmore,A5041331818,W1989073073,middle,False,Dr Stephen James Gilmore|W1989073073
Dr Stephen James Gilmore,A5041331818,W1979984258,first,True,Dr Stephen James Gilmore|W1979984258
Dr Stephen James Gilmore,A5041331818,W2004465820,first,True,Dr Stephen James Gilmore|W2004465820
Dr Stephen James Gilmore,A5041331818,W4256176710,first,False,Dr Stephen James Gilmore|W4256176710
Dr Stephen James Gilmore,A5041331818,W2567439512,first,True,Dr Stephen James Gilmore|W2567439512
Dr Stephen James Gilmore,A5041331818,W2783536949,middle,False,Dr Stephen James Gilmore|W2783536949
Dr Stephen James Gilmore,A5041331818,W580970344,middle,False,Dr Stephen James Gilmore|W580970344
Dr Stephen James Gilmore,A5041331818,W1986447102,first,False,Dr Stephen James Gilmore|W1986447102
Dr Stephen James Gilmore,A5041331818,W1979792457,last,False,Dr Stephen James Gilmore|W1979792457
Dr Stephen James Gilmore,A5041331818,W2117938873,first,False,Dr Stephen James Gilmore|W2117938873
Dr Stephen James Gilmore,A5041331818,W2153240256,first,True,Dr Stephen James Gilmore|W2153240256
Dr Stephen James Gilmore,A5041331818,W1993793701,first,True,Dr Stephen James Gilmore|W1993793701
Dr Stephen James Gilmore,A5041331818,W147719532,first,True,Dr Stephen James Gilmore|W147719532
Dr Stephen James Gilmore,A5041331818,W162099074,first,True,Dr Stephen James Gilmore|W162099074
Dr Stephen James Gilmore,A5041331818,W2077045328,middle,False,Dr Stephen James Gilmore|W2077045328
Dr Stephen James Gilmore,A5041331818,W2126702284,first,True,Dr Stephen James Gilmore|W2126702284
Dr Stephen James Gilmore,A5041331818,W2146893471,first,True,Dr Stephen James Gilmore|W2146893471
Dr Stephen James Gilmore,A5041331818,W2246914844,last,False,Dr Stephen James Gilmore|W2246914844
Dr Stephen James Gilmore,A5041331818,W2248342827,first,False,Dr Stephen James Gilmore|W2248342827
Dr Stephen James Gilmore,A5041331818,W2563843268,first,True,Dr Stephen James Gilmore|W2563843268
Dr Stephen James Gilmore,A5041331818,W2791797317,middle,False,Dr Stephen James Gilmore|W2791797317
Dr Stephen James Gilmore,A5041331818,W3020464935,middle,False,Dr Stephen James Gilmore|W3020464935
Dr Stephen James Gilmore,A5041331818,W4377968727,middle,False,Dr Stephen James Gilmore|W4377968727
Dr Stephen James Gilmore,A5041331818,W7131383746,last,False,Dr Stephen James Gilmore|W7131383746
Dr Steven  Kossard,A5086060602,W1996062247,first,False,Dr Steven  Kossard|W1996062247
Dr Steven  Kossard,A5086060602,W4294250347,first,True,Dr Steven  Kossard|W4294250347
Dr Steven  Kossard,A5086060602,W4247322182,first,True,Dr Steven  Kossard|W4247322182
Dr Steven  Kossard,A5086060602,W2052633140,first,True,Dr Steven  Kossard|W2052633140
Dr Steven  Kossard,A5086060602,W2077325660,middle,False,Dr Steven  Kossard|W2077325660
Dr Steven  Kossard,A5086060602,W1506082933,middle,False,Dr Steven  Kossard|W1506082933
Dr Steven  Kossard,A5086060602,W2032682819,first,True,Dr Steven  Kossard|W2032682819
Dr Steven  Kossard,A5086060602,W2130452292,middle,False,Dr Steven  Kossard|W2130452292
Dr Steven  Kossard,A5086060602,W2075243442,first,True,Dr Steven  Kossard|W2075243442
Dr Steven  Kossard,A5086060602,W2159478438,middle,False,Dr Steven  Kossard|W2159478438
Dr Steven  Kossard,A5086060602,W2110973609,first,True,Dr Steven  Kossard|W2110973609
Dr Steven  Kossard,A5086060602,W1977984397,middle,False,Dr Steven  Kossard|W1977984397
Dr Steven  Kossard,A5086060602,W2069479000,first,False,Dr Steven  Kossard|W2069479000
Dr Steven  Kossard,A5086060602,W1956283565,first,True,Dr Steven  Kossard|W1956283565
Dr Steven  Kossard,A5086060602,W2104574568,first,False,Dr Steven  Kossard|W2104574568
Dr Steven  Kossard,A5086060602,W2039848267,first,True,Dr Steven  Kossard|W2039848267
Dr Steven  Kossard,A5086060602,W1907153682,last,True,Dr Steven  Kossard|W1907153682
Dr Steven  Kossard,A5086060602,W2025708919,last,True,Dr Steven  Kossard|W2025708919
Dr Steven  Kossard,A5086060602,W3206981519,last,True,Dr Steven  Kossard|W3206981519
Dr Steven  Kossard,A5086060602,W2039126577,first,True,Dr Steven  Kossard|W2039126577
Dr Steven  Kossard,A5086060602,W2952678668,last,False,Dr Steven  Kossard|W2952678668
Dr Steven  Kossard,A5086060602,W2141780431,middle,False,Dr Steven  Kossard|W2141780431
Dr Steven  Kossard,A5086060602,W2797533307,middle,False,Dr Steven  Kossard|W2797533307
Dr Steven  Kossard,A5086060602,W2027015055,middle,False,Dr Steven  Kossard|W2027015055
Dr Steven  Kossard,A5086060602,W2079143715,first,True,Dr Steven  Kossard|W2079143715
Dr Steven  Kossard,A5086060602,W2004711789,last,False,Dr Steven  Kossard|W2004711789
Dr Steven  Kossard,A5086060602,W2170925713,last,True,Dr Steven  Kossard|W2170925713
Dr Steven  Kossard,A5086060602,W4245203542,first,True,Dr Steven  Kossard|W4245203542
Dr Steven  Kossard,A5086060602,W2083685258,first,True,Dr Steven  Kossard|W2083685258
Dr Steven  Kossard,A5086060602,W2048407117,last,False,Dr Steven  Kossard|W2048407117
Dr Steven  Kossard,A5086060602,W2089437963,first,False,Dr Steven  Kossard|W2089437963
Dr Steven  Kossard,A5086060602,W2090440610,last,False,Dr Steven  Kossard|W2090440610
Dr Steven  Kossard,A5086060602,W2154813522,first,True,Dr Steven  Kossard|W2154813522
Dr Steven  Kossard,A5086060602,W2158072132,first,True,Dr Steven  Kossard|W2158072132
Dr Steven  Kossard,A5086060602,W2045227063,last,False,Dr Steven  Kossard|W2045227063
Dr Steven  Kossard,A5086060602,W2158178564,last,True,Dr Steven  Kossard|W2158178564
Dr Steven  Kossard,A5086060602,W2043146836,last,True,Dr Steven  Kossard|W2043146836
Dr Steven  Kossard,A5086060602,W2060520975,last,True,Dr Steven  Kossard|W2060520975
Dr Steven  Kossard,A5086060602,W2067971663,middle,False,Dr Steven  Kossard|W2067971663
Dr Steven  Kossard,A5086060602,W1988405218,middle,False,Dr Steven  Kossard|W1988405218
Dr Steven  Kossard,A5086060602,W2077273893,first,True,Dr Steven  Kossard|W2077273893
Dr Steven  Kossard,A5086060602,W2095416223,middle,False,Dr Steven  Kossard|W2095416223
Dr Steven  Kossard,A5086060602,W2539732204,middle,False,Dr Steven  Kossard|W2539732204
Dr Steven  Kossard,A5086060602,W1900418607,middle,False,Dr Steven  Kossard|W1900418607
Dr Steven  Kossard,A5086060602,W2109317305,last,False,Dr Steven  Kossard|W2109317305
Dr Steven  Kossard,A5086060602,W2004942998,last,False,Dr Steven  Kossard|W2004942998
Dr Steven  Kossard,A5086060602,W2104063579,middle,False,Dr Steven  Kossard|W2104063579
Dr Steven  Kossard,A5086060602,W1985810691,last,False,Dr Steven  Kossard|W1985810691
Dr Steven  Kossard,A5086060602,W2149340339,first,True,Dr Steven  Kossard|W2149340339
Dr Steven  Kossard,A5086060602,W2043664978,first,True,Dr Steven  Kossard|W2043664978
Dr Steven  Kossard,A5086060602,W2133702514,middle,False,Dr Steven  Kossard|W2133702514
Dr Steven  Kossard,A5086060602,W2978514906,middle,False,Dr Steven  Kossard|W2978514906
Dr Steven  Kossard,A5086060602,W4386254771,middle,False,Dr Steven  Kossard|W4386254771
Dr Steven  Kossard,A5086060602,W4403457326,first,True,Dr Steven  Kossard|W4403457326
Dr Steven  Kossard,A5086060602,W4321494865,middle,False,Dr Steven  Kossard|W4321494865
Dr Steven  Kossard,A5086060602,W4411028182,middle,False,Dr Steven  Kossard|W4411028182
Dr Steven  Kossard,A5086060602,W2014419927,first,False,Dr Steven  Kossard|W2014419927
Dr Steven  Kossard,A5086060602,W4320800941,first,True,Dr Steven  Kossard|W4320800941
Dr Steven  Kossard,A5086060602,W2765868591,first,False,Dr Steven  Kossard|W2765868591
Dr Steven  Kossard,A5086060602,W2062362691,last,False,Dr Steven  Kossard|W2062362691
Dr Steven  Kossard,A5086060602,W2128691531,last,True,Dr Steven  Kossard|W2128691531
Dr Steven  Kossard,A5086060602,W1976987614,last,False,Dr Steven  Kossard|W1976987614
Dr Steven  Kossard,A5086060602,W95083341,first,True,Dr Steven  Kossard|W95083341
Dr Steven  Kossard,A5086060602,W1988481702,first,True,Dr Steven  Kossard|W1988481702
Dr Steven  Kossard,A5086060602,W2001639503,first,True,Dr Steven  Kossard|W2001639503
Dr Steven  Kossard,A5086060602,W2051566007,first,False,Dr Steven  Kossard|W2051566007
Dr Steven  Kossard,A5086060602,W2150862070,middle,False,Dr Steven  Kossard|W2150862070
Dr Steven  Kossard,A5086060602,W2051022172,first,True,Dr Steven  Kossard|W2051022172
Dr Steven  Kossard,A5086060602,W2078553256,first,True,Dr Steven  Kossard|W2078553256
Dr Steven  Kossard,A5086060602,W2168438156,last,True,Dr Steven  Kossard|W2168438156
Dr Steven  Kossard,A5086060602,W2155381804,first,True,Dr Steven  Kossard|W2155381804
Dr Steven  Kossard,A5086060602,W1982223229,first,True,Dr Steven  Kossard|W1982223229
Dr Steven  Kossard,A5086060602,W2040760491,last,False,Dr Steven  Kossard|W2040760491
Dr Steven  Kossard,A5086060602,W2052720714,first,False,Dr Steven  Kossard|W2052720714
Dr Steven  Kossard,A5086060602,W2107029796,last,True,Dr Steven  Kossard|W2107029796
Dr Steven  Kossard,A5086060602,W1511938915,first,False,Dr Steven  Kossard|W1511938915
Dr Steven  Kossard,A5086060602,W2071866727,middle,False,Dr Steven  Kossard|W2071866727
Dr Steven  Kossard,A5086060602,W2939134586,first,True,Dr Steven  Kossard|W2939134586
Dr Steven  Kossard,A5086060602,W2969882270,middle,False,Dr Steven  Kossard|W2969882270
Dr Steven  Kossard,A5086060602,W2054909720,first,True,Dr Steven  Kossard|W2054909720
Dr Steven  Kossard,A5086060602,W2980753506,last,False,Dr Steven  Kossard|W2980753506
Dr Steven  Kossard,A5086060602,W3082856457,first,True,Dr Steven  Kossard|W3082856457
Dr Steven  Kossard,A5086060602,W2065576225,last,False,Dr Steven  Kossard|W2065576225
Dr Steven  Kossard,A5086060602,W4387241205,first,True,Dr Steven  Kossard|W4387241205
Dr Steven  Kossard,A5086060602,W2118171083,middle,False,Dr Steven  Kossard|W2118171083
Dr Steven  Kossard,A5086060602,W2021081629,first,True,Dr Steven  Kossard|W2021081629
Dr Steven  Kossard,A5086060602,W1994028783,first,True,Dr Steven  Kossard|W1994028783
Dr Steven  Kossard,A5086060602,W4300839603,first,True,Dr Steven  Kossard|W4300839603
Dr Steven  Kossard,A5086060602,W1989087178,first,True,Dr Steven  Kossard|W1989087178
Dr Steven  Kossard,A5086060602,W1989083367,first,True,Dr Steven  Kossard|W1989083367
Dr Steven  Kossard,A5086060602,W2080908614,first,True,Dr Steven  Kossard|W2080908614
Dr Steven  Kossard,A5086060602,W2069645830,first,False,Dr Steven  Kossard|W2069645830
Dr Steven  Kossard,A5086060602,W189497824,last,False,Dr Steven  Kossard|W189497824
Dr Steven  Kossard,A5086060602,W1994988765,first,True,Dr Steven  Kossard|W1994988765
Dr Steven  Kossard,A5086060602,W1513791822,first,True,Dr Steven  Kossard|W1513791822
Dr Steven  Kossard,A5086060602,W1993923363,first,True,Dr Steven  Kossard|W1993923363
Dr Steven  Kossard,A5086060602,W2043755368,last,False,Dr Steven  Kossard|W2043755368
Dr Steven  Kossard,A5086060602,W2158381706,first,True,Dr Steven  Kossard|W2158381706
Dr Steven  Kossard,A5086060602,W1979272939,first,True,Dr Steven  Kossard|W1979272939
Dr Steven  Kossard,A5086060602,W1981072860,first,True,Dr Steven  Kossard|W1981072860
Dr Steven  Kossard,A5086060602,W1999049725,first,False,Dr Steven  Kossard|W1999049725
Dr Steven  Kossard,A5086060602,W2035267883,first,False,Dr Steven  Kossard|W2035267883
Dr Steven  Kossard,A5086060602,W2079444731,first,False,Dr Steven  Kossard|W2079444731
Dr Steven  Kossard,A5086060602,W4230288931,first,True,Dr Steven  Kossard|W4230288931
Dr Steven  Kossard,A5086060602,W1986985735,first,True,Dr Steven  Kossard|W1986985735
Dr Steven  Kossard,A5086060602,W2003353725,middle,False,Dr Steven  Kossard|W2003353725
Dr Steven  Kossard,A5086060602,W2017227094,last,True,Dr Steven  Kossard|W2017227094
Dr Steven  Kossard,A5086060602,W2026447218,first,True,Dr Steven  Kossard|W2026447218
Dr Steven  Kossard,A5086060602,W2028543211,first,True,Dr Steven  Kossard|W2028543211
Dr Steven  Kossard,A5086060602,W1587744549,middle,False,Dr Steven  Kossard|W1587744549
Dr Steven  Kossard,A5086060602,W2067679334,last,False,Dr Steven  Kossard|W2067679334
Dr Steven  Kossard,A5086060602,W2322291414,middle,False,Dr Steven  Kossard|W2322291414
Dr Steven  Kossard,A5086060602,W2046806283,last,True,Dr Steven  Kossard|W2046806283
Dr Steven  Kossard,A5086060602,W2160439289,first,True,Dr Steven  Kossard|W2160439289
Dr Steven  Kossard,A5086060602,W2419802590,last,False,Dr Steven  Kossard|W2419802590
Dr Steven  Kossard,A5086060602,W2007830667,last,False,Dr Steven  Kossard|W2007830667
Dr Steven  Kossard,A5086060602,W2017591006,last,True,Dr Steven  Kossard|W2017591006
Dr Steven  Kossard,A5086060602,W2113206527,last,False,Dr Steven  Kossard|W2113206527
Dr Steven  Kossard,A5086060602,W2104807885,last,False,Dr Steven  Kossard|W2104807885
Dr Steven  Kossard,A5086060602,W2967109461,first,True,Dr Steven  Kossard|W2967109461
Dr Steven  Kossard,A5086060602,W3203694580,first,True,Dr Steven  Kossard|W3203694580
Dr Steven  Kossard,A5086060602,W4249135349,first,True,Dr Steven  Kossard|W4249135349
Dr Steven  Kossard,A5086060602,W1935565428,middle,False,Dr Steven  Kossard|W1935565428
Dr Steven  Kossard,A5086060602,W2023971276,middle,True,Dr Steven  Kossard|W2023971276
Dr Steven  Kossard,A5086060602,W1978647337,first,True,Dr Steven  Kossard|W1978647337
Dr Steven  Kossard,A5086060602,W2017403083,last,False,Dr Steven  Kossard|W2017403083
Dr Steven  Kossard,A5086060602,W1595531273,middle,False,Dr Steven  Kossard|W1595531273
Dr Steven  Kossard,A5086060602,W3197330859,middle,False,Dr Steven  Kossard|W3197330859
Dr Steven  Kossard,A5086060602,W4401594289,middle,False,Dr Steven  Kossard|W4401594289
Dr Steven  Kossard,A5086060602,W4412597033,middle,False,Dr Steven  Kossard|W4412597033
Dr Steven  Kossard,A5086060602,W2081329518,last,False,Dr Steven  Kossard|W2081329518
Dr Steven  Kossard,A5086060602,W2139285655,first,True,Dr Steven  Kossard|W2139285655
Dr Steven  Kossard,A5086060602,W2025623623,middle,False,Dr Steven  Kossard|W2025623623
Dr Steven  Kossard,A5086060602,W2012127944,first,True,Dr Steven  Kossard|W2012127944
Dr Steven  Kossard,A5086060602,W4238672025,first,False,Dr Steven  Kossard|W4238672025
Dr Steven  Kossard,A5086060602,W1972728678,first,True,Dr Steven  Kossard|W1972728678
Dr Steven  Kossard,A5086060602,W2085001096,middle,False,Dr Steven  Kossard|W2085001096
Dr Steven  Kossard,A5086060602,W1983783732,last,False,Dr Steven  Kossard|W1983783732
Dr Steven  Kossard,A5086060602,W2048225217,first,True,Dr Steven  Kossard|W2048225217
Dr Steven  Kossard,A5086060602,W2114232407,middle,True,Dr Steven  Kossard|W2114232407
Dr Steven  Kossard,A5086060602,W4250458253,middle,False,Dr Steven  Kossard|W4250458253
Dr Steven  Kossard,A5086060602,W1997522451,first,False,Dr Steven  Kossard|W1997522451
Dr Steven  Kossard,A5086060602,W2043245714,middle,False,Dr Steven  Kossard|W2043245714
Dr Steven  Kossard,A5086060602,W2073960237,first,True,Dr Steven  Kossard|W2073960237
Dr Steven  Kossard,A5086060602,W2396927615,first,False,Dr Steven  Kossard|W2396927615
Dr Steven  Kossard,A5086060602,W2080707183,first,True,Dr Steven  Kossard|W2080707183
Dr Steven  Kossard,A5086060602,W2083335714,first,False,Dr Steven  Kossard|W2083335714
Dr Steven  Kossard,A5086060602,W2122930939,middle,False,Dr Steven  Kossard|W2122930939
Dr Steven  Kossard,A5086060602,W2078520494,last,False,Dr Steven  Kossard|W2078520494
Dr Steven  Kossard,A5086060602,W2104871653,first,True,Dr Steven  Kossard|W2104871653
Dr Steven  Kossard,A5086060602,W1492057986,first,True,Dr Steven  Kossard|W1492057986
Dr Steven  Kossard,A5086060602,W2093110725,first,True,Dr Steven  Kossard|W2093110725
Dr Steven  Kossard,A5086060602,W2095386467,first,False,Dr Steven  Kossard|W2095386467
Dr Steven  Kossard,A5086060602,W2118600079,first,True,Dr Steven  Kossard|W2118600079
Dr Steven  Kossard,A5086060602,W133067243,middle,False,Dr Steven  Kossard|W133067243
Dr Steven  Kossard,A5086060602,W1986076354,first,True,Dr Steven  Kossard|W1986076354
Dr Steven  Kossard,A5086060602,W2321451221,last,False,Dr Steven  Kossard|W2321451221
Dr Steven  Kossard,A5086060602,W3011086660,first,True,Dr Steven  Kossard|W3011086660
Dr Steven  Kossard,A5086060602,W1852578385,first,False,Dr Steven  Kossard|W1852578385
Dr Steven  Kossard,A5086060602,W2126431623,first,False,Dr Steven  Kossard|W2126431623
Dr Steven  Kossard,A5086060602,W2591885843,middle,False,Dr Steven  Kossard|W2591885843
Dr Steven  Kossard,A5086060602,W3028327917,last,False,Dr Steven  Kossard|W3028327917
Dr Steven  Kossard,A5086060602,W4225330547,middle,False,Dr Steven  Kossard|W4225330547
Dr Steven  Kossard,A5086060602,W4378783626,middle,False,Dr Steven  Kossard|W4378783626
Dr Steven  Kossard,A5086060602,W2135566586,first,True,Dr Steven  Kossard|W2135566586
Dr Steven  Kossard,A5086060602,W2460138808,first,False,Dr Steven  Kossard|W2460138808
Dr Steven  Kossard,A5086060602,W1976729608,last,False,Dr Steven  Kossard|W1976729608
Dr Steven  Kossard,A5086060602,W1966094838,middle,False,Dr Steven  Kossard|W1966094838
Dr Steven  Kossard,A5086060602,W2055478883,first,True,Dr Steven  Kossard|W2055478883
Dr Steven  Kossard,A5086060602,W2473273927,first,False,Dr Steven  Kossard|W2473273927
Dr Steven  Kossard,A5086060602,W2062581118,middle,False,Dr Steven  Kossard|W2062581118
Dr Steven  Kossard,A5086060602,W2166018005,middle,False,Dr Steven  Kossard|W2166018005
Dr Steven  Kossard,A5086060602,W2413765501,last,True,Dr Steven  Kossard|W2413765501
Dr Steven  Kossard,A5086060602,W2045857430,last,True,Dr Steven  Kossard|W2045857430
Dr Steven  Kossard,A5086060602,W4233830933,middle,False,Dr Steven  Kossard|W4233830933
Dr Steven  Kossard,A5086060602,W46213817,last,False,Dr Steven  Kossard|W46213817
Dr Steven  Kossard,A5086060602,W2062642828,middle,False,Dr Steven  Kossard|W2062642828
Dr Steven  Kossard,A5086060602,W2098741974,middle,False,Dr Steven  Kossard|W2098741974
Dr Steven  Kossard,A5086060602,W1969848592,first,True,Dr Steven  Kossard|W1969848592
Dr Steven  Kossard,A5086060602,W2022975122,first,True,Dr Steven  Kossard|W2022975122
Dr Steven  Kossard,A5086060602,W2046044950,last,False,Dr Steven  Kossard|W2046044950
Dr Steven  Kossard,A5086060602,W2061338956,first,True,Dr Steven  Kossard|W2061338956
Dr Steven  Kossard,A5086060602,W2072236376,first,True,Dr Steven  Kossard|W2072236376
Dr Steven  Kossard,A5086060602,W2086273165,first,True,Dr Steven  Kossard|W2086273165
Dr Steven  Kossard,A5086060602,W2108867033,first,True,Dr Steven  Kossard|W2108867033
Dr Steven  Kossard,A5086060602,W2136528822,first,True,Dr Steven  Kossard|W2136528822
Dr Steven  Kossard,A5086060602,W2259694898,middle,False,Dr Steven  Kossard|W2259694898
Dr Steven  Kossard,A5086060602,W2278710269,last,False,Dr Steven  Kossard|W2278710269
Dr Steven  Kossard,A5086060602,W2317841644,first,False,Dr Steven  Kossard|W2317841644
Dr Steven  Kossard,A5086060602,W2409502463,first,True,Dr Steven  Kossard|W2409502463
Dr Steven  Kossard,A5086060602,W2588870488,middle,False,Dr Steven  Kossard|W2588870488
Dr Steven  Kossard,A5086060602,W2605045349,middle,False,Dr Steven  Kossard|W2605045349
Dr Steven  Kossard,A5086060602,W2624812619,first,True,Dr Steven  Kossard|W2624812619
Dr Steven  Kossard,A5086060602,W2727615179,first,True,Dr Steven  Kossard|W2727615179
Dr Steven  Kossard,A5086060602,W2746085143,first,True,Dr Steven  Kossard|W2746085143
Dr Steven  Kossard,A5086060602,W2755256034,first,True,Dr Steven  Kossard|W2755256034
Dr Steven  Kossard,A5086060602,W2953342885,first,True,Dr Steven  Kossard|W2953342885
Dr Steven  Kossard,A5086060602,W2970583916,first,True,Dr Steven  Kossard|W2970583916
Dr Steven  Kossard,A5086060602,W3196596429,first,True,Dr Steven  Kossard|W3196596429
Dr Steven  Kossard,A5086060602,W4237252536,first,True,Dr Steven  Kossard|W4237252536
Dr Steven  Kossard,A5086060602,W4244576201,middle,False,Dr Steven  Kossard|W4244576201
Dr Steven  Kossard,A5086060602,W4249322391,middle,False,Dr Steven  Kossard|W4249322391
Dr Steven  Kossard,A5086060602,W4254021086,middle,False,Dr Steven  Kossard|W4254021086
Dr Steven  Kossard,A5086060602,W4254983723,first,False,Dr Steven  Kossard|W4254983723
Dr Steven  Kossard,A5086060602,W4414468352,middle,False,Dr Steven  Kossard|W4414468352
Dr Steven  Kossard,A5086060602,W7139124745,middle,False,Dr Steven  Kossard|W7139124745
Dr Steven  Kossard,A5086060602,W7165549824,first,True,Dr Steven  Kossard|W7165549824
Dr Steven  Kossard,A5086060602,W82815548,first,True,Dr Steven  Kossard|W82815548
Dr Sujith Prasad Wannia Kumarasinghe,A5113754890,W2891970215,first,True,Dr Sujith Prasad Wannia Kumarasinghe|W2891970215
Dr Sujith Prasad Wannia Kumarasinghe,A5113754890,W2043881181,last,False,Dr Sujith Prasad Wannia Kumarasinghe|W2043881181
Dr Sujith Prasad Wannia Kumarasinghe,A5113754890,W4290739330,middle,False,Dr Sujith Prasad Wannia Kumarasinghe|W4290739330
Dr Sujith Prasad Wannia Kumarasinghe,A5113754890,W2304001390,middle,False,Dr Sujith Prasad Wannia Kumarasinghe|W2304001390
Dr Sujith Prasad Wannia Kumarasinghe,A5113754890,W2258754040,last,True,Dr Sujith Prasad Wannia Kumarasinghe|W2258754040
Dr Sujith Prasad Wannia Kumarasinghe,A5113754890,W1997233399,first,True,Dr Sujith Prasad Wannia Kumarasinghe|W1997233399
Dr Sujith Prasad Wannia Kumarasinghe,A5113754890,W2604213311,last,False,Dr Sujith Prasad Wannia Kumarasinghe|W2604213311
Dr Sujith Prasad Wannia Kumarasinghe,A5113754890,W1864779173,last,True,Dr Sujith Prasad Wannia Kumarasinghe|W1864779173
Dr Sujith Prasad Wannia Kumarasinghe,A5113754890,W2002721733,last,False,Dr Sujith Prasad Wannia Kumarasinghe|W2002721733
Dr Sujith Prasad Wannia Kumarasinghe,A5113754890,W2942835656,first,True,Dr Sujith Prasad Wannia Kumarasinghe|W2942835656
Dr Sujith Prasad Wannia Kumarasinghe,A5113754890,W2994408419,first,False,Dr Sujith Prasad Wannia Kumarasinghe|W2994408419
Dr Sujith Prasad Wannia Kumarasinghe,A5113754890,W1931240173,first,True,Dr Sujith Prasad Wannia Kumarasinghe|W1931240173
Dr Sujith Prasad Wannia Kumarasinghe,A5113754890,W2052837706,first,False,Dr Sujith Prasad Wannia Kumarasinghe|W2052837706
Dr Sujith Prasad Wannia Kumarasinghe,A5113754890,W2146206740,first,False,Dr Sujith Prasad Wannia Kumarasinghe|W2146206740
Dr Sujith Prasad Wannia Kumarasinghe,A5113754890,W1974540272,first,False,Dr Sujith Prasad Wannia Kumarasinghe|W1974540272
Dr Sujith Prasad Wannia Kumarasinghe,A5113754890,W3131495825,last,False,Dr Sujith Prasad Wannia Kumarasinghe|W3131495825
Dr Sujith Prasad Wannia Kumarasinghe,A5113754890,W1576100377,last,False,Dr Sujith Prasad Wannia Kumarasinghe|W1576100377
Dr Sujith Prasad Wannia Kumarasinghe,A5113754890,W1926751963,last,False,Dr Sujith Prasad Wannia Kumarasinghe|W1926751963
Dr Sujith Prasad Wannia Kumarasinghe,A5113754890,W2560664813,last,False,Dr Sujith Prasad Wannia Kumarasinghe|W2560664813
Dr Sujith Prasad Wannia Kumarasinghe,A5113754890,W2114529829,first,False,Dr Sujith Prasad Wannia Kumarasinghe|W2114529829
Dr Sujith Prasad Wannia Kumarasinghe,A5113754890,W2765373146,middle,False,Dr Sujith Prasad Wannia Kumarasinghe|W2765373146
Dr Sujith Prasad Wannia Kumarasinghe,A5113754890,W1577679133,last,False,Dr Sujith Prasad Wannia Kumarasinghe|W1577679133
Dr Sujith Prasad Wannia Kumarasinghe,A5113754890,W2546518389,last,True,Dr Sujith Prasad Wannia Kumarasinghe|W2546518389
Dr Sujith Prasad Wannia Kumarasinghe,A5113754890,W2972027415,last,False,Dr Sujith Prasad Wannia Kumarasinghe|W2972027415
Dr Sujith Prasad Wannia Kumarasinghe,A5113754890,W2169413297,last,False,Dr Sujith Prasad Wannia Kumarasinghe|W2169413297
Dr Sujith Prasad Wannia Kumarasinghe,A5113754890,W4206740489,last,False,Dr Sujith Prasad Wannia Kumarasinghe|W4206740489
Dr Sujith Prasad Wannia Kumarasinghe,A5113754890,W2758664170,last,False,Dr Sujith Prasad Wannia Kumarasinghe|W2758664170
Dr Sujith Prasad Wannia Kumarasinghe,A5113754890,W2764224523,last,False,Dr Sujith Prasad Wannia Kumarasinghe|W2764224523
Dr Sujith Prasad Wannia Kumarasinghe,A5113754890,W3205600374,middle,False,Dr Sujith Prasad Wannia Kumarasinghe|W3205600374
Dr Sujith Prasad Wannia Kumarasinghe,A5113754890,W2170482143,last,False,Dr Sujith Prasad Wannia Kumarasinghe|W2170482143
Dr Sujith Prasad Wannia Kumarasinghe,A5113754890,W1968212341,first,True,Dr Sujith Prasad Wannia Kumarasinghe|W1968212341
Dr Sujith Prasad Wannia Kumarasinghe,A5113754890,W2007352565,first,True,Dr Sujith Prasad Wannia Kumarasinghe|W2007352565
Dr Sujith Prasad Wannia Kumarasinghe,A5113754890,W2401807121,last,False,Dr Sujith Prasad Wannia Kumarasinghe|W2401807121
Dr Sujith Prasad Wannia Kumarasinghe,A5113754890,W2759219821,last,False,Dr Sujith Prasad Wannia Kumarasinghe|W2759219821
Dr Sujith Prasad Wannia Kumarasinghe,A5113754890,W2024430067,last,False,Dr Sujith Prasad Wannia Kumarasinghe|W2024430067
Dr Sujith Prasad Wannia Kumarasinghe,A5113754890,W2416590763,last,False,Dr Sujith Prasad Wannia Kumarasinghe|W2416590763
Dr Sujith Prasad Wannia Kumarasinghe,A5113754890,W2496969266,first,False,Dr Sujith Prasad Wannia Kumarasinghe|W2496969266
Dr Sujith Prasad Wannia Kumarasinghe,A5113754890,W3092169435,middle,False,Dr Sujith Prasad Wannia Kumarasinghe|W3092169435
Dr Supriya  Venugopal,A5137576747,W7163048231,middle,False,Dr Supriya  Venugopal|W7163048231
Dr Susan Jade Robertson,A5103468894,W2039137385,middle,False,Dr Susan Jade Robertson|W2039137385
Dr Susan Jade Robertson,A5103468894,W2037737533,middle,False,Dr Susan Jade Robertson|W2037737533
Dr Susan Jade Robertson,A5103468894,W4392767179,middle,False,Dr Susan Jade Robertson|W4392767179
Dr Tai Anh Phan,A5024296609,W1931258893,middle,False,Dr Tai Anh Phan|W1931258893
Dr Tai Anh Phan,A5024296609,W4319461200,middle,False,Dr Tai Anh Phan|W4319461200
Dr Tai Anh Phan,A5024296609,W2036833060,first,False,Dr Tai Anh Phan|W2036833060
Dr Tai Anh Phan,A5024296609,W2061510335,middle,False,Dr Tai Anh Phan|W2061510335
Dr Tai Anh Phan,A5024296609,W2101984786,first,False,Dr Tai Anh Phan|W2101984786
Dr Tai Anh Phan,A5024296609,W4402197940,middle,False,Dr Tai Anh Phan|W4402197940
Dr Tai Anh Phan,A5024296609,W2071947479,middle,False,Dr Tai Anh Phan|W2071947479
Dr Tai Anh Phan,A5024296609,W1976158924,first,False,Dr Tai Anh Phan|W1976158924
Dr Tai Anh Phan,A5024296609,W139237901,middle,False,Dr Tai Anh Phan|W139237901
Dr Tai Anh Phan,A5024296609,W2077473604,last,True,Dr Tai Anh Phan|W2077473604
Dr Tai Anh Phan,A5024296609,W2117366664,first,False,Dr Tai Anh Phan|W2117366664
Dr Tai Anh Phan,A5024296609,W2034080446,first,False,Dr Tai Anh Phan|W2034080446
Dr Tai Anh Phan,A5024296609,W2410751628,middle,False,Dr Tai Anh Phan|W2410751628
Dr Tai Anh Phan,A5024296609,W2973162818,middle,False,Dr Tai Anh Phan|W2973162818
Dr Tai Anh Phan,A5024296609,W4381191467,middle,True,Dr Tai Anh Phan|W4381191467
Dr Tai Anh Phan,A5024296609,W3137479560,first,False,Dr Tai Anh Phan|W3137479560
Dr Tai Anh Phan,A5024296609,W1999372211,middle,False,Dr Tai Anh Phan|W1999372211
Dr Tai Anh Phan,A5024296609,W1589695639,first,False,Dr Tai Anh Phan|W1589695639
Dr Tai Anh Phan,A5024296609,W178148437,middle,False,Dr Tai Anh Phan|W178148437
Dr Tai Anh Phan,A5024296609,W2400609872,first,True,Dr Tai Anh Phan|W2400609872
Dr Tai Anh Phan,A5024296609,W2468317321,middle,False,Dr Tai Anh Phan|W2468317321
Dr Tai Anh Phan,A5024296609,W4381234589,first,True,Dr Tai Anh Phan|W4381234589
Dr Tai Anh Phan,A5024296609,W4388646443,middle,True,Dr Tai Anh Phan|W4388646443
Dr Tania Maree Zappala,A5007515796,W2593538788,middle,False,Dr Tania Maree Zappala|W2593538788
Dr Tania Maree Zappala,A5007515796,W4412009775,middle,False,Dr Tania Maree Zappala|W4412009775
Dr Tania Maree Zappala,A5007515796,W4417350630,middle,False,Dr Tania Maree Zappala|W4417350630
Dr Tania Maree Zappala,A5007515796,W1960209057,first,False,Dr Tania Maree Zappala|W1960209057
Dr Tania Maree Zappala,A5007515796,W3147077996,middle,False,Dr Tania Maree Zappala|W3147077996
Dr Tania Maree Zappala,A5007515796,W4294568038,middle,False,Dr Tania Maree Zappala|W4294568038
Dr Tania Maree Zappala,A5007515796,W1949370430,middle,False,Dr Tania Maree Zappala|W1949370430
Dr Tania Maree Zappala,A5007515796,W1506776252,middle,False,Dr Tania Maree Zappala|W1506776252
Dr Tania Maree Zappala,A5007515796,W577284243,last,False,Dr Tania Maree Zappala|W577284243
Dr Tania Maree Zappala,A5007515796,W4225391829,middle,False,Dr Tania Maree Zappala|W4225391829
Dr Tania Maree Zappala,A5007515796,W1505862446,first,True,Dr Tania Maree Zappala|W1505862446
Dr Tania Maree Zappala,A5007515796,W3110422008,middle,False,Dr Tania Maree Zappala|W3110422008
Dr Tania Maree Zappala,A5007515796,W4406727941,middle,False,Dr Tania Maree Zappala|W4406727941
Dr Tania Maree Zappala,A5007515796,W4408019624,middle,False,Dr Tania Maree Zappala|W4408019624
Dr Tania Maree Zappala,A5007515796,W54643908,last,False,Dr Tania Maree Zappala|W54643908
Dr Tanumay  Raychaudhury,A5059857804,W2593611103,first,True,Dr Tanumay  Raychaudhury|W2593611103
Dr Tanumay  Raychaudhury,A5059857804,W2762933855,middle,False,Dr Tanumay  Raychaudhury|W2762933855
Dr Tanumay  Raychaudhury,A5059857804,W1535380409,first,False,Dr Tanumay  Raychaudhury|W1535380409
Dr Tanumay  Raychaudhury,A5059857804,W4253552213,middle,False,Dr Tanumay  Raychaudhury|W4253552213
Dr Tanumay  Raychaudhury,A5059857804,W4236566237,last,False,Dr Tanumay  Raychaudhury|W4236566237
Dr Tanumay  Raychaudhury,A5059857804,W3198121772,last,False,Dr Tanumay  Raychaudhury|W3198121772
Dr Tanumay  Raychaudhury,A5059857804,W3129665942,last,False,Dr Tanumay  Raychaudhury|W3129665942
Dr Tanumay  Raychaudhury,A5059857804,W2004546085,middle,False,Dr Tanumay  Raychaudhury|W2004546085
Dr Tanumay  Raychaudhury,A5059857804,W2594672054,first,True,Dr Tanumay  Raychaudhury|W2594672054
Dr Tanumay  Raychaudhury,A5059857804,W2022815037,first,False,Dr Tanumay  Raychaudhury|W2022815037
Dr Tanumay  Raychaudhury,A5059857804,W4234733648,last,False,Dr Tanumay  Raychaudhury|W4234733648
Dr Tanumay  Raychaudhury,A5059857804,W4241149309,last,False,Dr Tanumay  Raychaudhury|W4241149309
Dr Tanumay  Raychaudhury,A5059857804,W4416732232,middle,False,Dr Tanumay  Raychaudhury|W4416732232
Dr Terence Sui Chern Poon,A5080804883,W2064510963,first,False,Dr Terence Sui Chern Poon|W2064510963
Dr Terence Sui Chern Poon,A5080804883,W1966008270,middle,False,Dr Terence Sui Chern Poon|W1966008270
Dr Terence Sui Chern Poon,A5080804883,W2019025016,first,False,Dr Terence Sui Chern Poon|W2019025016
Dr Terence Sui Chern Poon,A5080804883,W2115455767,first,False,Dr Terence Sui Chern Poon|W2115455767
Dr Terence Sui Chern Poon,A5080804883,W2001866171,first,False,Dr Terence Sui Chern Poon|W2001866171
Dr Terence Sui Chern Poon,A5080804883,W2079624978,first,False,Dr Terence Sui Chern Poon|W2079624978
Dr Terence Sui Chern Poon,A5080804883,W2090834623,first,False,Dr Terence Sui Chern Poon|W2090834623
Dr Terence Sui Chern Poon,A5080804883,W2885399969,middle,False,Dr Terence Sui Chern Poon|W2885399969
Dr Terence Sui Chern Poon,A5080804883,W4205238600,middle,False,Dr Terence Sui Chern Poon|W4205238600
Dr Terence Sui Chern Poon,A5080804883,W4410079553,middle,False,Dr Terence Sui Chern Poon|W4410079553
Dr Terence Sui Chern Poon,A5080804883,W2946575026,middle,False,Dr Terence Sui Chern Poon|W2946575026
Dr Theone  Papps,A5051188931,W2884040863,middle,False,Dr Theone  Papps|W2884040863
Dr Theone  Papps,A5051188931,W2973158910,first,False,Dr Theone  Papps|W2973158910
Dr Theone  Papps,A5051188931,W4221039337,middle,False,Dr Theone  Papps|W4221039337
Dr Theone  Papps,A5051188931,W2806837463,last,False,Dr Theone  Papps|W2806837463
Dr Theone  Papps,A5051188931,W2887151738,last,False,Dr Theone  Papps|W2887151738
Dr Theone  Papps,A5051188931,W4402501705,middle,False,Dr Theone  Papps|W4402501705
Dr Theresa Margaret Skender-Kalnenas,A5034315388,W2028466308,first,False,Dr Theresa Margaret Skender-Kalnenas|W2028466308
Dr Theresa Margaret Skender-Kalnenas,A5034315388,W1942316420,middle,False,Dr Theresa Margaret Skender-Kalnenas|W1942316420
Dr Theresa Margaret Skender-Kalnenas,A5034315388,W931061027,middle,False,Dr Theresa Margaret Skender-Kalnenas|W931061027
Dr Thevaki  Wain,A5006758936,W2915657014,first,False,Dr Thevaki  Wain|W2915657014
Dr Thevaki  Wain,A5006758936,W2790942007,first,True,Dr Thevaki  Wain|W2790942007
Dr Thevaki  Wain,A5006758936,W7127283705,middle,False,Dr Thevaki  Wain|W7127283705
Dr Thomas Anthony Delaney,A5021373029,W2002263834,first,True,Dr Thomas Anthony Delaney|W2002263834
Dr Thomas Anthony Delaney,A5021373029,W2134934504,first,False,Dr Thomas Anthony Delaney|W2134934504
Dr Thomas Anthony Delaney,A5021373029,W4236185148,first,False,Dr Thomas Anthony Delaney|W4236185148
Dr Thomas Anthony Delaney,A5021373029,W3082154899,first,False,Dr Thomas Anthony Delaney|W3082154899
Dr Thomas Anthony Delaney,A5021373029,W2168743956,first,False,Dr Thomas Anthony Delaney|W2168743956
Dr Thomas Anthony Delaney,A5021373029,W1523928662,middle,False,Dr Thomas Anthony Delaney|W1523928662
Dr Thomas Anthony Delaney,A5021373029,W2063097746,middle,False,Dr Thomas Anthony Delaney|W2063097746
Dr Thomas Anthony Delaney,A5021373029,W2118657050,last,True,Dr Thomas Anthony Delaney|W2118657050
Dr Thomas Anthony Delaney,A5021373029,W2111271472,last,True,Dr Thomas Anthony Delaney|W2111271472
Dr Thomas Anthony Delaney,A5021373029,W2058453573,last,True,Dr Thomas Anthony Delaney|W2058453573
Dr Thomas Anthony Delaney,A5021373029,W2060023750,first,True,Dr Thomas Anthony Delaney|W2060023750
Dr Thomas Anthony Delaney,A5021373029,W2059783105,middle,False,Dr Thomas Anthony Delaney|W2059783105
Dr Thomas Anthony Delaney,A5021373029,W2060430743,last,True,Dr Thomas Anthony Delaney|W2060430743
Dr Thomas Anthony Delaney,A5021373029,W2053122390,last,False,Dr Thomas Anthony Delaney|W2053122390
Dr Thomas Anthony Delaney,A5021373029,W2901929159,last,False,Dr Thomas Anthony Delaney|W2901929159
Dr Thomas Anthony Delaney,A5021373029,W2116873336,middle,True,Dr Thomas Anthony Delaney|W2116873336
Dr Thomas Anthony Delaney,A5021373029,W3020499303,last,False,Dr Thomas Anthony Delaney|W3020499303
Dr Thomas Anthony Delaney,A5021373029,W2051481995,middle,False,Dr Thomas Anthony Delaney|W2051481995
Dr Thomas Anthony Delaney,A5021373029,W3160633348,last,False,Dr Thomas Anthony Delaney|W3160633348
Dr Thomas Anthony Delaney,A5021373029,W2108295965,first,True,Dr Thomas Anthony Delaney|W2108295965
Dr Thomas Anthony Delaney,A5021373029,W2755756380,last,False,Dr Thomas Anthony Delaney|W2755756380
Dr Thomas Anthony Delaney,A5021373029,W3033717399,first,True,Dr Thomas Anthony Delaney|W3033717399
Dr Thomas Anthony Delaney,A5021373029,W2925895643,first,True,Dr Thomas Anthony Delaney|W2925895643
Dr Thomas Anthony Delaney,A5021373029,W4410891529,last,False,Dr Thomas Anthony Delaney|W4410891529
Dr Thomas Anthony Delaney,A5021373029,W4415470060,last,False,Dr Thomas Anthony Delaney|W4415470060
Dr Thomas Anthony Delaney,A5021373029,W7164811824,last,False,Dr Thomas Anthony Delaney|W7164811824
Dr Thomas Macdonald Pitney,A5069342594,W3021874714,first,True,Dr Thomas Macdonald Pitney|W3021874714
Dr Thomas Macdonald Pitney,A5069342594,W3093850418,first,False,Dr Thomas Macdonald Pitney|W3093850418
Dr Thomas Macdonald Pitney,A5069342594,W3043152044,first,False,Dr Thomas Macdonald Pitney|W3043152044
Dr Thomas Macdonald Pitney,A5069342594,W3188743715,first,True,Dr Thomas Macdonald Pitney|W3188743715
Dr Thomas Macdonald Pitney,A5069342594,W3049695024,first,False,Dr Thomas Macdonald Pitney|W3049695024
Dr Thomas Macdonald Pitney,A5069342594,W3080913694,first,True,Dr Thomas Macdonald Pitney|W3080913694
Dr Thomas Macdonald Pitney,A5069342594,W3135039503,first,True,Dr Thomas Macdonald Pitney|W3135039503
Dr Thomas Macdonald Pitney,A5069342594,W3163974890,middle,False,Dr Thomas Macdonald Pitney|W3163974890
Dr Thomas Macdonald Pitney,A5069342594,W3027937792,first,False,Dr Thomas Macdonald Pitney|W3027937792
Dr Thomas Macdonald Pitney,A5069342594,W4415957950,middle,False,Dr Thomas Macdonald Pitney|W4415957950
Dr Timothy Gilbert Elliott,A5010913402,W4221134712,last,False,Dr Timothy Gilbert Elliott|W4221134712
Dr Timothy Gilbert Elliott,A5010913402,W4415903759,middle,False,Dr Timothy Gilbert Elliott|W4415903759
Dr Timothy Gilbert Elliott,A5010913402,W7160558970,middle,False,Dr Timothy Gilbert Elliott|W7160558970
Dr Tom  Kovitwanichkanont,A5006275678,W4322719565,middle,False,Dr Tom  Kovitwanichkanont|W4322719565
Dr Tom  Kovitwanichkanont,A5006275678,W2978682415,first,False,Dr Tom  Kovitwanichkanont|W2978682415
Dr Tom  Kovitwanichkanont,A5006275678,W3021068600,first,True,Dr Tom  Kovitwanichkanont|W3021068600
Dr Tom  Kovitwanichkanont,A5006275678,W2793571008,first,True,Dr Tom  Kovitwanichkanont|W2793571008
Dr Tom  Kovitwanichkanont,A5006275678,W2626246563,first,True,Dr Tom  Kovitwanichkanont|W2626246563
Dr Tom  Kovitwanichkanont,A5006275678,W3009727697,first,True,Dr Tom  Kovitwanichkanont|W3009727697
Dr Tom  Kovitwanichkanont,A5006275678,W2908992176,middle,False,Dr Tom  Kovitwanichkanont|W2908992176
Dr Tom  Kovitwanichkanont,A5006275678,W2767067353,first,True,Dr Tom  Kovitwanichkanont|W2767067353
Dr Tom  Kovitwanichkanont,A5006275678,W3044741690,first,True,Dr Tom  Kovitwanichkanont|W3044741690
Dr Tom  Kovitwanichkanont,A5006275678,W3004308876,first,True,Dr Tom  Kovitwanichkanont|W3004308876
Dr Tom  Kovitwanichkanont,A5006275678,W2788730830,first,True,Dr Tom  Kovitwanichkanont|W2788730830
Dr Tom  Kovitwanichkanont,A5006275678,W3115853484,first,False,Dr Tom  Kovitwanichkanont|W3115853484
Dr Tom  Kovitwanichkanont,A5006275678,W4389070063,middle,False,Dr Tom  Kovitwanichkanont|W4389070063
Dr Tom  Kovitwanichkanont,A5006275678,W2808645367,middle,False,Dr Tom  Kovitwanichkanont|W2808645367
Dr Tom  Kovitwanichkanont,A5006275678,W2905713450,middle,False,Dr Tom  Kovitwanichkanont|W2905713450
Dr Tom  Kovitwanichkanont,A5006275678,W2911219017,first,False,Dr Tom  Kovitwanichkanont|W2911219017
Dr Tom  Kovitwanichkanont,A5006275678,W2954743982,first,True,Dr Tom  Kovitwanichkanont|W2954743982
Dr Tom  Kovitwanichkanont,A5006275678,W3189644959,first,False,Dr Tom  Kovitwanichkanont|W3189644959
Dr Tom  Kovitwanichkanont,A5006275678,W4399857331,last,False,Dr Tom  Kovitwanichkanont|W4399857331
Dr Tony Philip Caccetta,A5073520236,W2043881181,first,False,Dr Tony Philip Caccetta|W2043881181
Dr Tony Philip Caccetta,A5073520236,W4413108263,last,True,Dr Tony Philip Caccetta|W4413108263
Dr Tony Philip Caccetta,A5073520236,W2807900870,last,False,Dr Tony Philip Caccetta|W2807900870
Dr Tony Philip Caccetta,A5073520236,W4309107045,middle,False,Dr Tony Philip Caccetta|W4309107045
Dr Tony Philip Caccetta,A5073520236,W4396590193,middle,False,Dr Tony Philip Caccetta|W4396590193
Dr Tony Philip Caccetta,A5073520236,W4410370323,middle,False,Dr Tony Philip Caccetta|W4410370323
Dr Tony Philip Caccetta,A5073520236,W4412491587,middle,False,Dr Tony Philip Caccetta|W4412491587
Dr Tony Philip Caccetta,A5073520236,W1492959253,middle,False,Dr Tony Philip Caccetta|W1492959253
Dr Tony Philip Caccetta,A5073520236,W4392292341,middle,False,Dr Tony Philip Caccetta|W4392292341
Dr Tony Philip Caccetta,A5073520236,W1572090170,first,True,Dr Tony Philip Caccetta|W1572090170
Dr Tony Philip Caccetta,A5073520236,W2765373146,middle,False,Dr Tony Philip Caccetta|W2765373146
Dr Tony Philip Caccetta,A5073520236,W2764224523,middle,False,Dr Tony Philip Caccetta|W2764224523
Dr Tony Philip Caccetta,A5073520236,W2964452140,middle,False,Dr Tony Philip Caccetta|W2964452140
Dr Tony Philip Caccetta,A5073520236,W4414159686,middle,False,Dr Tony Philip Caccetta|W4414159686
Dr Tony Philip Caccetta,A5073520236,W4414493900,middle,False,Dr Tony Philip Caccetta|W4414493900
Dr Tristan  Blake,A5113608502,W202245901,first,False,Dr Tristan  Blake|W202245901
Dr Tristan  Blake,A5113608502,W3047224247,middle,False,Dr Tristan  Blake|W3047224247
Dr Tristan  Blake,A5113608502,W3118748859,middle,False,Dr Tristan  Blake|W3118748859
Dr Tristan  Blake,A5113608502,W3095307239,middle,False,Dr Tristan  Blake|W3095307239
Dr Tristan  Blake,A5113608502,W1817685618,first,True,Dr Tristan  Blake|W1817685618
Dr Tristan  Blake,A5113608502,W2009566822,first,False,Dr Tristan  Blake|W2009566822
Dr Tristan  Blake,A5113608502,W2081143474,middle,False,Dr Tristan  Blake|W2081143474
Dr Tristan  Blake,A5113608502,W2000575714,first,False,Dr Tristan  Blake|W2000575714
Dr Tristan  Blake,A5113608502,W2765189475,first,False,Dr Tristan  Blake|W2765189475
Dr Tristan  Blake,A5113608502,W2049906641,first,True,Dr Tristan  Blake|W2049906641
Dr Tristan  Blake,A5113608502,W3013944970,middle,False,Dr Tristan  Blake|W3013944970
Dr Tristan  Blake,A5113608502,W3110422008,middle,False,Dr Tristan  Blake|W3110422008
Dr Tristan  Blake,A5113608502,W3128114181,middle,False,Dr Tristan  Blake|W3128114181
Dr Vanessa Anne Morgan,A5060294600,W1701837433,middle,False,Dr Vanessa Anne Morgan|W1701837433
Dr Vanessa Anne Morgan,A5060294600,W2593538788,middle,False,Dr Vanessa Anne Morgan|W2593538788
Dr Vanessa Anne Morgan,A5060294600,W4226048075,last,False,Dr Vanessa Anne Morgan|W4226048075
Dr Vanessa Anne Morgan,A5060294600,W2096429449,first,True,Dr Vanessa Anne Morgan|W2096429449
Dr Vanessa Anne Morgan,A5060294600,W3195859872,middle,False,Dr Vanessa Anne Morgan|W3195859872
Dr Vanessa Anne Morgan,A5060294600,W4294568038,middle,False,Dr Vanessa Anne Morgan|W4294568038
Dr Vanessa Anne Morgan,A5060294600,W2041735281,first,True,Dr Vanessa Anne Morgan|W2041735281
Dr Vanessa Anne Morgan,A5060294600,W4388036872,middle,False,Dr Vanessa Anne Morgan|W4388036872
Dr Vanessa Anne Morgan,A5060294600,W2901353179,middle,False,Dr Vanessa Anne Morgan|W2901353179
Dr Vanessa Anne Morgan,A5060294600,W2258095536,middle,False,Dr Vanessa Anne Morgan|W2258095536
Dr Vanessa Anne Morgan,A5060294600,W4409284520,middle,False,Dr Vanessa Anne Morgan|W4409284520
Dr Vanessa Anne Morgan,A5060294600,W2103169658,first,True,Dr Vanessa Anne Morgan|W2103169658
Dr Vanessa Anne Morgan,A5060294600,W1528378394,last,False,Dr Vanessa Anne Morgan|W1528378394
Dr Vanessa Anne Morgan,A5060294600,W1592828331,middle,False,Dr Vanessa Anne Morgan|W1592828331
Dr Vanessa Anne Morgan,A5060294600,W2000717570,first,False,Dr Vanessa Anne Morgan|W2000717570
Dr Vanessa Anne Morgan,A5060294600,W3084154524,middle,False,Dr Vanessa Anne Morgan|W3084154524
Dr Vanessa Anne Morgan,A5060294600,W4317476880,middle,False,Dr Vanessa Anne Morgan|W4317476880
Dr Vanessa Anne Morgan,A5060294600,W4321327796,middle,False,Dr Vanessa Anne Morgan|W4321327796
Dr Vanessa Anne Morgan,A5060294600,W4406814809,middle,False,Dr Vanessa Anne Morgan|W4406814809
Dr Vanessa Anne Morgan,A5060294600,W4408333163,last,False,Dr Vanessa Anne Morgan|W4408333163
Dr Vanessa Anne Morgan,A5060294600,W4409566952,last,False,Dr Vanessa Anne Morgan|W4409566952
Dr Vanessa Anne Morgan,A5060294600,W4412366146,middle,False,Dr Vanessa Anne Morgan|W4412366146
Dr Vanessa Anne Morgan,A5060294600,W4416987239,middle,False,Dr Vanessa Anne Morgan|W4416987239
Dr Vanessa Anne Morgan,A5060294600,W7117462237,middle,False,Dr Vanessa Anne Morgan|W7117462237
Dr Vanessa Anne Morgan,A5060294600,W7138255986,middle,False,Dr Vanessa Anne Morgan|W7138255986
Dr Vanessa Leonie Paddon,A5079511119,W4322719565,middle,False,Dr Vanessa Leonie Paddon|W4322719565
Dr Victoria Anne Snaidr,A5084495986,W2911968951,first,False,Dr Victoria Anne Snaidr|W2911968951
Dr Victoria Anne Snaidr,A5084495986,W4322719565,middle,False,Dr Victoria Anne Snaidr|W4322719565
Dr Victoria Anne Snaidr,A5084495986,W2987833564,middle,False,Dr Victoria Anne Snaidr|W2987833564
Dr Victoria Anne Snaidr,A5084495986,W4415422308,first,False,Dr Victoria Anne Snaidr|W4415422308
Dr Victoria Anne Snaidr,A5084495986,W2763478675,first,True,Dr Victoria Anne Snaidr|W2763478675
Dr Victoria Anne Snaidr,A5084495986,W2768078668,first,False,Dr Victoria Anne Snaidr|W2768078668
Dr Victoria Anne Snaidr,A5084495986,W2444020324,middle,False,Dr Victoria Anne Snaidr|W2444020324
Dr Victoria Louise Venning,A5056152244,W2560761145,middle,False,Dr Victoria Louise Venning|W2560761145
Dr Victoria Louise Venning,A5056152244,W3024101949,middle,False,Dr Victoria Louise Venning|W3024101949
Dr Victoria Louise Venning,A5056152244,W2590158448,first,False,Dr Victoria Louise Venning|W2590158448
Dr Victoria Louise Venning,A5056152244,W2959487987,middle,True,Dr Victoria Louise Venning|W2959487987
Dr Victoria Louise Venning,A5056152244,W2901904778,first,True,Dr Victoria Louise Venning|W2901904778
Dr Victoria Louise Venning,A5056152244,W2927790220,first,False,Dr Victoria Louise Venning|W2927790220
Dr Victoria Louise Venning,A5056152244,W2915657014,middle,True,Dr Victoria Louise Venning|W2915657014
Dr Victoria Louise Venning,A5056152244,W2938448237,first,True,Dr Victoria Louise Venning|W2938448237
Dr Victoria Louise Venning,A5056152244,W3109179988,middle,False,Dr Victoria Louise Venning|W3109179988
Dr Victoria Louise Venning,A5056152244,W2910396271,first,True,Dr Victoria Louise Venning|W2910396271
Dr Victoria Louise Venning,A5056152244,W3092970596,middle,False,Dr Victoria Louise Venning|W3092970596
Dr Victoria Louise Venning,A5056152244,W2905920535,first,False,Dr Victoria Louise Venning|W2905920535
Dr Victoria Louise Venning,A5056152244,W2956660719,first,True,Dr Victoria Louise Venning|W2956660719
Dr Victoria Louise Venning,A5056152244,W3009493630,middle,True,Dr Victoria Louise Venning|W3009493630
Dr Victoria Louise Venning,A5056152244,W2022919143,middle,False,Dr Victoria Louise Venning|W2022919143
Dr Victoria Louise Venning,A5056152244,W2580711365,middle,False,Dr Victoria Louise Venning|W2580711365
Dr Victoria Louise Venning,A5056152244,W2074790864,last,False,Dr Victoria Louise Venning|W2074790864
Dr Victoria Louise Venning,A5056152244,W2907587618,first,False,Dr Victoria Louise Venning|W2907587618
Dr Victoria Louise Venning,A5056152244,W2549895545,first,False,Dr Victoria Louise Venning|W2549895545
Dr Victoria Louise Venning,A5056152244,W2963490409,first,False,Dr Victoria Louise Venning|W2963490409
Dr Victoria Louise Venning,A5056152244,W2967877291,first,False,Dr Victoria Louise Venning|W2967877291
Dr Victoria Louise Venning,A5056152244,W2973242592,first,False,Dr Victoria Louise Venning|W2973242592
Dr Victoria Louise Venning,A5056152244,W2981726253,first,False,Dr Victoria Louise Venning|W2981726253
Dr Victoria Louise Venning,A5056152244,W3022166680,first,True,Dr Victoria Louise Venning|W3022166680
Dr Warren  Weightman,A5058634597,W2007413267,middle,False,Dr Warren  Weightman|W2007413267
Dr Warren  Weightman,A5058634597,W2038956615,middle,False,Dr Warren  Weightman|W2038956615
Dr Warren  Weightman,A5058634597,W2098885980,middle,False,Dr Warren  Weightman|W2098885980
Dr Warren  Weightman,A5058634597,W2149514016,middle,True,Dr Warren  Weightman|W2149514016
Dr Warren  Weightman,A5058634597,W2139525078,middle,False,Dr Warren  Weightman|W2139525078
Dr Warren  Weightman,A5058634597,W2071981500,last,False,Dr Warren  Weightman|W2071981500
Dr Warren  Weightman,A5058634597,W2101873701,first,False,Dr Warren  Weightman|W2101873701
Dr Warren  Weightman,A5058634597,W2510474354,middle,False,Dr Warren  Weightman|W2510474354
Dr Warren  Weightman,A5058634597,W2965239245,middle,False,Dr Warren  Weightman|W2965239245
Dr Warren  Weightman,A5058634597,W1933856996,last,False,Dr Warren  Weightman|W1933856996
Dr Warren  Weightman,A5058634597,W4211079062,middle,False,Dr Warren  Weightman|W4211079062
Dr Warren  Weightman,A5058634597,W4243898479,last,False,Dr Warren  Weightman|W4243898479
Dr Warren  Weightman,A5058634597,W1963865093,first,True,Dr Warren  Weightman|W1963865093
Dr Warren  Weightman,A5058634597,W2032559341,middle,False,Dr Warren  Weightman|W2032559341
Dr Warren  Weightman,A5058634597,W2284632512,last,False,Dr Warren  Weightman|W2284632512
Dr Warren  Weightman,A5058634597,W4244294741,middle,False,Dr Warren  Weightman|W4244294741
Dr Warren  Weightman,A5058634597,W1995755281,middle,False,Dr Warren  Weightman|W1995755281
Dr Warren  Weightman,A5058634597,W2299538135,last,False,Dr Warren  Weightman|W2299538135
Dr Warren  Weightman,A5058634597,W2089062937,last,True,Dr Warren  Weightman|W2089062937
Dr Warren  Weightman,A5058634597,W1607998703,middle,False,Dr Warren  Weightman|W1607998703
Dr Warren  Weightman,A5058634597,W103999000,first,False,Dr Warren  Weightman|W103999000
Dr Warren  Weightman,A5058634597,W2412508853,last,False,Dr Warren  Weightman|W2412508853
Dr Warren  Weightman,A5058634597,W1725701691,first,True,Dr Warren  Weightman|W1725701691
Dr Warren  Weightman,A5058634597,W1879778607,first,True,Dr Warren  Weightman|W1879778607
Dr Warren  Weightman,A5058634597,W2106908255,middle,False,Dr Warren  Weightman|W2106908255
Dr Warren  Weightman,A5058634597,W2242461217,first,False,Dr Warren  Weightman|W2242461217
Dr Warren  Weightman,A5058634597,W2287602313,last,False,Dr Warren  Weightman|W2287602313
Dr Warren  Weightman,A5058634597,W2291289986,last,False,Dr Warren  Weightman|W2291289986
Dr Warren  Weightman,A5058634597,W2412387129,last,False,Dr Warren  Weightman|W2412387129
Dr Warren  Weightman,A5058634597,W2414565024,last,False,Dr Warren  Weightman|W2414565024
Dr Warren  Weightman,A5058634597,W2417340933,first,False,Dr Warren  Weightman|W2417340933
Dr Warren  Weightman,A5058634597,W2469241640,last,False,Dr Warren  Weightman|W2469241640
Dr Warren  Weightman,A5058634597,W2603258072,middle,False,Dr Warren  Weightman|W2603258072
Dr Warren  Weightman,A5058634597,W3141920679,last,True,Dr Warren  Weightman|W3141920679
Dr Warren  Weightman,A5058634597,W4249528924,first,False,Dr Warren  Weightman|W4249528924
Dr Warren  Weightman,A5058634597,W7160770970,middle,False,Dr Warren  Weightman|W7160770970
Dr William John Ryman,A5083968131,W1969418329,middle,False,Dr William John Ryman|W1969418329
Dr William John Ryman,A5083968131,W2134872729,last,False,Dr William John Ryman|W2134872729
Dr William John Ryman,A5083968131,W3024101949,middle,False,Dr William John Ryman|W3024101949
Dr William John Ryman,A5083968131,W1998697760,last,False,Dr William John Ryman|W1998697760
Dr William John Ryman,A5083968131,W35635617,last,False,Dr William John Ryman|W35635617
Dr William John Ryman,A5083968131,W2163344848,middle,False,Dr William John Ryman|W2163344848
Dr William John Ryman,A5083968131,W1966914592,last,False,Dr William John Ryman|W1966914592
Dr William John Ryman,A5083968131,W27991758,middle,False,Dr William John Ryman|W27991758
Dr William John Ryman,A5083968131,W2089911649,last,False,Dr William John Ryman|W2089911649
Dr William John Ryman,A5083968131,W1986985735,last,False,Dr William John Ryman|W1986985735
Dr William John Ryman,A5083968131,W2117793643,last,False,Dr William John Ryman|W2117793643
Dr William John Ryman,A5083968131,W2120515503,first,True,Dr William John Ryman|W2120515503
Dr William John Ryman,A5083968131,W2039949221,last,False,Dr William John Ryman|W2039949221
Dr William John Ryman,A5083968131,W2969833506,last,False,Dr William John Ryman|W2969833506
Dr William John Ryman,A5083968131,W4236912368,middle,False,Dr William John Ryman|W4236912368
Dr William John Ryman,A5083968131,W2029545331,first,True,Dr William John Ryman|W2029545331
Dr William John Ryman,A5083968131,W2552372409,last,False,Dr William John Ryman|W2552372409
Dr William John Ryman,A5083968131,W2967398299,first,True,Dr William John Ryman|W2967398299
Dr William John Ryman,A5083968131,W2981796162,last,False,Dr William John Ryman|W2981796162
Dr William John Ryman,A5083968131,W4243296586,last,False,Dr William John Ryman|W4243296586
Dr William John Ryman,A5083968131,W4250376951,last,False,Dr William John Ryman|W4250376951
Dr William John Ryman,A5083968131,W4415396630,last,False,Dr William John Ryman|W4415396630
Dr Yee Jen Tai,A5034837652,W1869624610,middle,False,Dr Yee Jen Tai|W1869624610
Dr Yee Jen Tai,A5034837652,W1519001775,first,True,Dr Yee Jen Tai|W1519001775
Dr Yee Jen Tai,A5034837652,W2892967320,middle,False,Dr Yee Jen Tai|W2892967320
Dr Yee Jen Tai,A5034837652,W2117837900,first,True,Dr Yee Jen Tai|W2117837900
Dr Yee Jen Tai,A5034837652,W2082182122,first,True,Dr Yee Jen Tai|W2082182122
Dr Yee Jen Tai,A5034837652,W2008100228,first,True,Dr Yee Jen Tai|W2008100228
Dr Yee Jen Tai,A5034837652,W159780686,last,False,Dr Yee Jen Tai|W159780686
Dr Yee Jen Tai,A5034837652,W2354330295,middle,False,Dr Yee Jen Tai|W2354330295
Dr Yee Jen Tai,A5034837652,W4205904282,last,False,Dr Yee Jen Tai|W4205904282
Dr Yong Chern  Kho,A5020525594,W2160016595,first,False,Dr Yong Chern  Kho|W2160016595
Dr Yong Chern  Kho,A5020525594,W2133321287,middle,False,Dr Yong Chern  Kho|W2133321287
Dr Yong Chern  Kho,A5020525594,W4240809366,middle,False,Dr Yong Chern  Kho|W4240809366
Dr Yong Chern  Kho,A5020525594,W1557141640,middle,False,Dr Yong Chern  Kho|W1557141640
Dr Yong Chern  Kho,A5020525594,W7118974193,middle,False,Dr Yong Chern  Kho|W7118974193
Dr Yong Chern  Kho,A5020525594,W4250875459,first,False,Dr Yong Chern  Kho|W4250875459
Dr Yong Chern  Kho,A5020525594,W2341730549,first,False,Dr Yong Chern  Kho|W2341730549
Dr Yvonne Yu-Ping Lee,A5006281551,W1588285298,first,True,Dr Yvonne Yu-Ping Lee|W1588285298
Dr Zachary Graham Boyce,A5003117287,W2049144122,middle,False,Dr Zachary Graham Boyce|W2049144122
Dr Zachary Graham Boyce,A5003117287,W1499275069,middle,False,Dr Zachary Graham Boyce|W1499275069
Dr Zahra  Assarian,A5055870509,W2158888509,first,True,Dr Zahra  Assarian|W2158888509
Dr Zahra  Assarian,A5055870509,W1932730903,first,True,Dr Zahra  Assarian|W1932730903
Dr Zahra  Assarian,A5055870509,W3098644521,middle,False,Dr Zahra  Assarian|W3098644521
Dr Zahra  Assarian,A5055870509,W1490518604,first,True,Dr Zahra  Assarian|W1490518604
Dr Zahra  Assarian,A5055870509,W2804525209,last,False,Dr Zahra  Assarian|W2804525209
Dr Zhi Mei  Low,A5078588503,W2906027508,middle,False,Dr Zhi Mei  Low|W2906027508
Dr Zhi Mei  Low,A5078588503,W4307211755,middle,False,Dr Zhi Mei  Low|W4307211755
Dr Zhi Mei  Low,A5078588503,W2887968414,middle,False,Dr Zhi Mei  Low|W2887968414
Dr Zhi Mei  Low,A5078588503,W2771393606,first,False,Dr Zhi Mei  Low|W2771393606
Dr Zhi Mei  Low,A5078588503,W2995720606,first,True,Dr Zhi Mei  Low|W2995720606
Dr Zhi Mei  Low,A5078588503,W3167922364,middle,False,Dr Zhi Mei  Low|W3167922364
Dr Zhi Mei  Low,A5078588503,W3205133209,middle,False,Dr Zhi Mei  Low|W3205133209
Dr Zhi Mei  Low,A5078588503,W3195859872,first,False,Dr Zhi Mei  Low|W3195859872
Dr Zhi Mei  Low,A5078588503,W2403416499,first,True,Dr Zhi Mei  Low|W2403416499
Dr Zhi Mei  Low,A5078588503,W2884515898,middle,False,Dr Zhi Mei  Low|W2884515898
Dr Zhi Mei  Low,A5078588503,W4238108616,last,False,Dr Zhi Mei  Low|W4238108616
Dr Zhi Mei  Low,A5078588503,W4248255087,last,False,Dr Zhi Mei  Low|W4248255087
Dr Zhi Mei  Low,A5078588503,W4321327796,first,True,Dr Zhi Mei  Low|W4321327796
Miss Emily  Forward,A5037816337,W4387099612,middle,False,Miss Emily  Forward|W4387099612
Miss Emily  Forward,A5037816337,W2601300351,first,True,Miss Emily  Forward|W2601300351
Miss Emily  Forward,A5037816337,W3212035140,middle,False,Miss Emily  Forward|W3212035140
Miss Emily  Forward,A5037816337,W3046400082,first,False,Miss Emily  Forward|W3046400082
Miss Emily  Forward,A5037816337,W2904349530,first,True,Miss Emily  Forward|W2904349530
Miss Emily  Forward,A5037816337,W2791817040,first,True,Miss Emily  Forward|W2791817040
Miss Emily  Forward,A5037816337,W2944888299,middle,False,Miss Emily  Forward|W2944888299
Miss Emily  Forward,A5037816337,W2782703088,middle,False,Miss Emily  Forward|W2782703088
Miss Emily  Forward,A5037816337,W2160777023,last,False,Miss Emily  Forward|W2160777023
Miss Emily  Forward,A5037816337,W2793176082,first,False,Miss Emily  Forward|W2793176082
Miss Emily  Forward,A5037816337,W2808138331,first,False,Miss Emily  Forward|W2808138331
Miss Emily  Forward,A5037816337,W4252918696,first,True,Miss Emily  Forward|W4252918696
Miss Emily  Forward,A5037816337,W2905142674,last,False,Miss Emily  Forward|W2905142674
Miss Emily  Forward,A5037816337,W2947240824,last,False,Miss Emily  Forward|W2947240824
Miss Emily  Forward,A5037816337,W4312372311,middle,False,Miss Emily  Forward|W4312372311
