acd_name,priority,pub_count,citation_count,h_index,i10_index,fwci_mean,fwci_median,oa_rate,intl_collab_rate,first_author_pct,last_author_pct,grants_count,first_year,last_year,trial_count,derm_pub_count,derm_relevance_rate,pub_count_pctile,citation_count_pctile,h_index_pctile,oa_rate_pctile,intl_collab_rate_pctile,grants_count_pctile
A/Prof Anne Howard,must,198,742,16,25,1.0778830508474577,0.2272,0.08585858585858586,0.09595959595959595,0.7626262626262627,0.10101010101010101,0,1968,2025,0,26,13.1,97.0505617977528,87.35955056179775,90.4494382022472,48.59550561797753,50.42134831460674,40.80056179775281
A/Prof Douglas Gin,must,2,45,1,1,0.7954,0.7954,1.0,0.5,0.0,0.5,0,2019,2023,0,1,50.0,44.10112359550562,51.82584269662921,40.44943820224719,97.75280898876404,80.47752808988764,40.80056179775281
A/Prof Gayle Fischer,must,292,5111,39,93,1.2091207864814817,0.19465,0.15467625899280577,0.11643835616438356,0.4931506849315068,0.3527397260273973,0,1960,2025,0,197,67.5,98.03370786516854,96.62921348314607,97.3314606741573,53.51123595505618,52.10674157303371,40.80056179775281
Adj A/Prof Gregory Siller,must,8,277,8,8,1.6276000000000002,1.0457,0.125,0.375,0.125,0.125,0,1994,2022,0,8,100.0,63.41292134831461,74.50842696629213,77.10674157303372,50.70224719101124,74.85955056179775,40.80056179775281
Assoc Prof Amanda Michelle Saracino,must,0,0,0,0,,,0.0,0.0,0.0,0.0,7,0,0,0,0,0.0,16.78370786516854,18.117977528089888,18.117977528089888,23.45505617977528,23.876404494382022,91.01123595505618
Dr Aakriti  Gupta,must,12,560,7,7,2.0067363636363638,0.6214,0.4166666666666667,0.16666666666666666,0.6666666666666666,0.0,0,2010,2021,0,3,25.0,69.17134831460675,83.84831460674157,74.01685393258427,78.93258426966293,56.46067415730337,40.80056179775281
Dr Aaron Edward Boyce,must,0,0,0,0,,,0.0,0.0,0.0,0.0,3,0,0,0,0,0.0,16.78370786516854,18.117977528089888,18.117977528089888,23.45505617977528,23.876404494382022,86.51685393258427
Dr Aaron James Robinson,must,4,8,2,0,1.3873666666666669,0.6782,0.5,0.25,1.0,0.0,10,2004,2023,0,2,50.0,51.82584269662921,41.081460674157306,48.59550561797753,86.37640449438202,64.25561797752809,93.18820224719101
Dr Abdul Basit Mirza,must,53,611,12,19,1.7983396226415092,0.8136,0.05660377358490566,0.9811320754716981,0.2830188679245283,0.0,0,1996,2026,0,0,0.0,90.58988764044943,84.97191011235955,86.3061797752809,47.331460674157306,94.3820224719101,40.80056179775281
Dr Adam Aristeo Quinn,must,0,0,0,0,,,0.0,0.0,0.0,0.0,0,0,0,0,0,0.0,16.78370786516854,18.117977528089888,18.117977528089888,23.45505617977528,23.876404494382022,40.80056179775281
Dr Adam George Harris,must,0,0,0,0,,,0.0,0.0,0.0,0.0,0,0,0,0,0,0.0,16.78370786516854,18.117977528089888,18.117977528089888,23.45505617977528,23.876404494382022,40.80056179775281
Dr Adam Robert Andrew Daunton,must,36,266,9,8,1.1741083333333333,0.07215,0.4722222222222222,0.75,0.4444444444444444,0.16666666666666666,2,2010,2026,0,26,72.2,86.79775280898876,74.08707865168539,80.0561797752809,83.14606741573034,89.60674157303372,85.32303370786516
Dr Adam Thomas Sheridan,must,15,396,9,8,1.1935195078571428,0.39955,0.06666666666666667,0.5333333333333333,0.4,0.2,0,1999,2025,0,15,100.0,73.38483146067416,79.28370786516854,80.0561797752809,47.68258426966292,83.07584269662921,40.80056179775281
Dr Adrian Cheok Kean Lim,must,0,0,0,0,,,0.0,0.0,0.0,0.0,86,0,0,0,0,0.0,16.78370786516854,18.117977528089888,18.117977528089888,23.45505617977528,23.876404494382022,98.03370786516854
Dr Adrian Cheow Yang See,must,8,200,6,6,0.7473124999999999,0.67555,0.0,0.5,0.375,0.25,0,2001,2005,0,8,100.0,63.41292134831461,69.24157303370787,70.08426966292134,23.45505617977528,80.47752808988764,40.80056179775281
Dr Adrian James David Mulholland,must,0,0,0,0,,,0.0,0.0,0.0,0.0,0,0,0,0,0,0.0,16.78370786516854,18.117977528089888,18.117977528089888,23.45505617977528,23.876404494382022,40.80056179775281
Dr Adrian Wah-Ying Mar,must,43,574,11,13,0.9470075000000001,0.3863,0.30952380952380953,0.13953488372093023,0.13953488372093023,0.2558139534883721,0,1995,2026,0,38,88.4,88.90449438202246,84.05898876404494,84.26966292134831,67.83707865168539,53.93258426966292,40.80056179775281
Dr Adriene Yoke Lian Lee,must,35,486,11,11,2.129260606060606,0.3593,0.11764705882352941,0.2,0.37142857142857144,0.2,3,2001,2026,0,32,91.4,86.3061797752809,82.58426966292134,84.26966292134831,50.14044943820225,59.90168539325843,86.51685393258427
Dr Ahmed Zahoor Kazmi,must,0,0,0,0,,,0.0,0.0,0.0,0.0,3,0,0,0,0,0.0,16.78370786516854,18.117977528089888,18.117977528089888,23.45505617977528,23.876404494382022,86.51685393258427
Dr Ajay Kumar,must,282,21450,40,124,7.17300006462963,0.7171,0.7695035460992907,0.8971631205673759,0.10283687943262411,0.23404255319148937,0,1992,2026,0,12,4.3,97.75280898876404,99.57865168539325,97.6123595505618,94.9438202247191,93.25842696629213,40.80056179775281
Dr Alain Khoi Tran,must,6,30,3,1,0.6582,0.35409999999999997,0.3333333333333333,0.16666666666666666,0.6666666666666666,0.16666666666666666,0,2019,2025,0,6,100.0,57.51404494382022,48.66573033707865,55.12640449438202,70.57584269662921,56.46067415730337,40.80056179775281
Dr Alan Howard Segal,must,0,0,0,0,,,0.0,0.0,0.0,0.0,0,0,0,0,0,0.0,16.78370786516854,18.117977528089888,18.117977528089888,23.45505617977528,23.876404494382022,40.80056179775281
Dr Alan Michael Donnelly,must,1,27,1,1,0.5028,0.5028,0.0,0.0,0.0,1.0,0,1996,1996,0,1,100.0,37.78089887640449,47.752808988764045,40.44943820224719,23.45505617977528,23.876404494382022,40.80056179775281
Dr Alana Jane Tuxen,must,8,112,5,4,0.6102285714285715,0.2003,0.125,0.0,0.75,0.0,0,1960,2016,0,5,62.5,63.41292134831461,62.14887640449438,65.30898876404494,50.70224719101124,23.876404494382022,40.80056179775281
Dr Alexander Douglas Gee Chien Gin,must,0,0,0,0,,,0.0,0.0,0.0,0.0,0,0,0,0,0,0.0,16.78370786516854,18.117977528089888,18.117977528089888,23.45505617977528,23.876404494382022,40.80056179775281
Dr Alexander James Tedman,must,3,106,2,1,6.491766666666667,0.4674,0.6666666666666666,1.0,0.6666666666666666,0.0,0,2020,2023,0,3,100.0,48.24438202247191,61.37640449438202,48.59550561797753,92.90730337078652,97.26123595505618,40.80056179775281
Dr Alexander John Chamberlain,must,78,1296,17,26,0.7723623147368421,0.23270000000000002,0.23076923076923078,0.32051282051282054,0.5897435897435898,0.11538461538461539,0,1978,2025,0,58,74.4,92.41573033707866,91.57303370786516,91.22191011235955,60.1123595505618,69.31179775280899,40.80056179775281
Dr Alexander Michael Coe,must,0,0,0,0,,,0.0,0.0,0.0,0.0,0,0,0,0,0,0.0,16.78370786516854,18.117977528089888,18.117977528089888,23.45505617977528,23.876404494382022,40.80056179775281
Dr Alexandra Louise Varol,must,4,117,3,3,1.007075,0.8464,0.0,1.0,0.75,0.0,0,2001,2010,0,4,100.0,51.82584269662921,62.42977528089888,55.12640449438202,23.45505617977528,97.26123595505618,40.80056179775281
Dr Alexis Daniel Lara Rivero,must,1,0,0,0,0.0,0.0,1.0,0.0,0.0,1.0,0,2026,2026,0,1,100.0,37.78089887640449,18.117977528089888,18.117977528089888,97.75280898876404,23.876404494382022,40.80056179775281
Dr Alfonso  Perez De Velasco,must,1,0,0,0,0.0,0.0,0.0,1.0,0.0,0.0,0,2026,2026,0,0,0.0,37.78089887640449,18.117977528089888,18.117977528089888,23.45505617977528,97.26123595505618,40.80056179775281
Dr Alice Louise Rudd,must,5,123,3,3,5.065840000000001,4.0555,1.0,0.8,0.0,0.0,0,2019,2025,0,4,80.0,54.634831460674164,63.48314606741573,55.12640449438202,97.75280898876404,91.01123595505618,40.80056179775281
Dr Alicia Ann O'Connor,must,0,0,0,0,,,0.0,0.0,0.0,0.0,0,0,0,0,0,0.0,16.78370786516854,18.117977528089888,18.117977528089888,23.45505617977528,23.876404494382022,40.80056179775281
Dr Alicia Marie Thornton,must,0,0,0,0,,,0.0,0.0,0.0,0.0,0,0,0,0,0,0.0,16.78370786516854,18.117977528089888,18.117977528089888,23.45505617977528,23.876404494382022,40.80056179775281
Dr Alison Margaret Lewin,must,0,0,0,0,,,0.0,0.0,0.0,0.0,0,0,0,0,0,0.0,16.78370786516854,18.117977528089888,18.117977528089888,23.45505617977528,23.876404494382022,40.80056179775281
Dr Alvand  Amiri,must,1,2,1,0,0.3169,0.3169,0.0,0.0,0.0,1.0,0,2020,2020,0,1,100.0,37.78089887640449,37.359550561797754,40.44943820224719,23.45505617977528,23.876404494382022,40.80056179775281
Dr Alvin Heong On Chong,must,1,1,1,0,12.0604,12.0604,1.0,0.0,0.0,1.0,0,2026,2026,0,1,100.0,37.78089887640449,36.44662921348314,40.44943820224719,97.75280898876404,23.876404494382022,40.80056179775281
Dr Amanda  Glanz,must,7,16,2,0,4.009542857142857,0.4596,0.5714285714285714,0.5714285714285714,0.0,0.14285714285714285,5,2024,2026,0,7,100.0,60.67415730337079,43.39887640449438,48.59550561797753,90.51966292134831,84.33988764044943,88.90449438202246
Dr Amanda Jayne Dore,must,5,122,4,3,2.4543399999999997,2.6641,0.2,0.2,0.4,0.2,0,2003,2025,0,5,100.0,54.634831460674164,63.06179775280899,60.39325842696629,57.02247191011236,59.90168539325843,40.80056179775281
Dr Amanda Mary Godbolt,must,10,201,7,6,0.9689300000000001,0.8767,0.1,0.3,0.2,0.2,0,2001,2026,0,10,100.0,66.99438202247191,69.52247191011236,74.01685393258427,49.087078651685395,67.5561797752809,40.80056179775281
Dr Amit Kumar Verma,must,120,1540,23,41,0.9221401785714285,0.44945,0.4166666666666667,0.8083333333333333,0.23333333333333334,0.2,0,1977,2025,0,5,4.2,95.15449438202246,92.5561797752809,93.39887640449437,78.93258426966293,91.15168539325843,40.80056179775281
Dr Amy Patricia Kline,must,0,0,0,0,,,0.0,0.0,0.0,0.0,0,0,0,0,0,0.0,16.78370786516854,18.117977528089888,18.117977528089888,23.45505617977528,23.876404494382022,40.80056179775281
Dr Ana Isabel Rodriguez Bandera,must,38,605,12,14,1.739628946111111,0.41764999999999997,0.21052631578947367,0.8421052631578947,0.5789473684210527,0.0,0,1971,2022,0,25,65.8,87.5,84.69101123595506,86.3061797752809,58.07584269662921,91.85393258426966,40.80056179775281
Dr Anastasios  Stavrakoglou,must,9,73,6,4,0.6452444444444444,0.2836,0.3333333333333333,0.5555555555555556,0.3333333333333333,0.4444444444444444,0,2007,2022,0,9,100.0,65.37921348314607,57.65449438202247,70.08426966292134,70.57584269662921,83.84831460674157,40.80056179775281
Dr Andrea  Jopp-McKay,must,12,699,6,6,1.463890909090909,0.0,0.25,0.16666666666666666,0.16666666666666666,0.25,0,1990,2019,0,7,58.3,69.17134831460675,86.79775280898876,70.08426966292134,61.93820224719101,56.46067415730337,40.80056179775281
Dr Andrea  Tomizawa,must,1,0,0,0,0.0,0.0,1.0,0.0,0.0,0.0,0,2017,2017,0,1,100.0,37.78089887640449,18.117977528089888,18.117977528089888,97.75280898876404,23.876404494382022,40.80056179775281
Dr Andrew Campbell Satchell,must,10,401,7,7,1.7844900000000004,1.42675,0.3,0.1,0.5,0.1,0,2000,2023,0,10,100.0,66.99438202247191,79.49438202247191,74.01685393258427,66.57303370786516,50.70224719101124,40.80056179775281
Dr Andrew Charles Miller,must,30,1309,12,13,5.418453333333334,0.6785,0.5,0.6333333333333333,0.1,0.13333333333333333,77,2004,2025,3,10,33.3,85.04213483146067,91.71348314606742,86.3061797752809,86.37640449438202,86.37640449438202,97.82303370786516
Dr Andrew Chih-Chieh Chen,must,3,24,2,1,0.41546666666666665,0.6132,0.3333333333333333,0.3333333333333333,0.6666666666666666,0.0,7,2012,2016,1,3,100.0,48.24438202247191,46.27808988764045,48.59550561797753,70.57584269662921,70.78651685393258,91.01123595505618
Dr Andrew Lee,must,140,10784,40,74,7.096317829457365,1.4723,0.7214285714285714,0.6928571428571428,0.11428571428571428,0.07857142857142857,0,1973,2025,0,3,2.1,95.78651685393258,98.31460674157303,97.6123595505618,94.52247191011236,88.06179775280899,40.80056179775281
Dr Andrew Mark St Leger Moss,must,0,0,0,0,,,0.0,0.0,0.0,0.0,0,0,0,0,0,0.0,16.78370786516854,18.117977528089888,18.117977528089888,23.45505617977528,23.876404494382022,40.80056179775281
Dr Andrew Michael Freeman,must,0,0,0,0,,,0.0,0.0,0.0,0.0,43,0,0,0,0,0.0,16.78370786516854,18.117977528089888,18.117977528089888,23.45505617977528,23.876404494382022,97.0505617977528
Dr Andrew Ming,must,0,0,0,0,,,0.0,0.0,0.0,0.0,0,0,0,0,0,0.0,16.78370786516854,18.117977528089888,18.117977528089888,23.45505617977528,23.876404494382022,40.80056179775281
Dr Andrew Peter Jevtic,must,6,69,5,2,0.6862499999999999,0.6613,0.0,0.16666666666666666,0.5,0.5,0,1987,2013,0,6,100.0,57.51404494382022,57.09269662921348,65.30898876404494,23.45505617977528,56.46067415730337,40.80056179775281
Dr Andrew Robert MacKenzie-Wood,must,0,0,0,0,,,0.0,0.0,0.0,0.0,0,0,0,0,0,0.0,16.78370786516854,18.117977528089888,18.117977528089888,23.45505617977528,23.876404494382022,40.80056179775281
Dr Andrew William Swarbrick,must,3,34,2,1,1.3665,0.4329,0.0,0.0,1.0,0.0,0,2017,2021,0,3,100.0,48.24438202247191,49.57865168539326,48.59550561797753,23.45505617977528,23.876404494382022,40.80056179775281
Dr Ane Beatriz  Mautari Niwa Massaki,must,6,272,5,5,3.6944166666666667,4.31165,0.16666666666666666,0.6666666666666666,0.5,0.0,0,2012,2014,0,5,83.3,57.51404494382022,74.29775280898876,65.30898876404494,54.634831460674164,87.14887640449437,40.80056179775281
Dr Anes  Yang,must,33,488,13,16,1.6449090909090909,0.9408,0.36363636363636365,0.21212121212121213,0.3939393939393939,0.030303030303030304,10,2015,2023,0,26,78.8,85.60393258426966,82.7247191011236,87.78089887640449,73.66573033707866,61.58707865168539,93.18820224719101
Dr Angelica  Tjokrowidjaja,must,1,2,1,0,0.3168,0.3168,1.0,0.0,0.0,0.0,0,2020,2020,0,1,100.0,37.78089887640449,37.359550561797754,40.44943820224719,97.75280898876404,23.876404494382022,40.80056179775281
Dr Anil Mathew Kurien,must,0,0,0,0,,,0.0,0.0,0.0,0.0,0,0,0,0,0,0.0,16.78370786516854,18.117977528089888,18.117977528089888,23.45505617977528,23.876404494382022,40.80056179775281
Dr Anina Kaisli-Maaria Fitzgibbon,must,4,6,1,0,4.1023000000000005,0.1338,0.5,0.25,0.0,0.0,0,2014,2026,0,4,100.0,51.82584269662921,40.02808988764045,40.44943820224719,86.37640449438202,64.25561797752809,40.80056179775281
Dr Anisha Kaur Bhullar Kartar Singh,must,0,0,0,0,,,0.0,0.0,0.0,0.0,0,0,0,0,0,0.0,16.78370786516854,18.117977528089888,18.117977528089888,23.45505617977528,23.876404494382022,40.80056179775281
Dr Anita  Patel,must,43,599,15,16,0.5810119047619048,0.0,0.3023255813953488,0.7441860465116279,0.7209302325581395,0.046511627906976744,13,1993,2026,0,31,72.1,88.90449438202246,84.5505617977528,89.53651685393258,66.99438202247191,89.46629213483146,94.73314606741573
Dr Anita Lee Lasocki,must,6,78,4,3,1.54115,0.99375,0.0,0.16666666666666666,0.5,0.5,0,2008,2024,0,6,100.0,57.51404494382022,58.56741573033708,60.39325842696629,23.45505617977528,56.46067415730337,40.80056179775281
Dr Ann Radha Boyapati,must,6,85,3,2,1.4394000000000002,0.28955,0.16666666666666666,0.0,0.5,0.3333333333333333,0,2012,2025,0,6,100.0,57.51404494382022,59.12921348314607,55.12640449438202,54.634831460674164,23.876404494382022,40.80056179775281
Dr Ann-Maree  Kurzydlo,must,1,16,1,1,1.7538,1.7538,0.0,1.0,1.0,0.0,0,2005,2005,0,1,100.0,37.78089887640449,43.39887640449438,40.44943820224719,23.45505617977528,97.26123595505618,40.80056179775281
Dr Anna  Braue,must,18,1152,9,9,3.1328722222222223,0.6186499999999999,0.2222222222222222,0.3333333333333333,0.1111111111111111,0.1111111111111111,0,2005,2024,1,18,100.0,76.12359550561798,90.58988764044943,80.0561797752809,59.12921348314607,70.78651685393258,40.80056179775281
Dr Anna Alexandra Schauer,must,0,0,0,0,,,0.0,0.0,0.0,0.0,0,0,0,0,0,0.0,16.78370786516854,18.117977528089888,18.117977528089888,23.45505617977528,23.876404494382022,40.80056179775281
Dr Annabel Irene Stevenson,must,7,2,1,0,0.09857142857142856,0.0,1.0,0.0,0.0,0.8571428571428571,0,2024,2026,0,7,100.0,60.67415730337079,37.359550561797754,40.44943820224719,97.75280898876404,23.876404494382022,40.80056179775281
Dr Annaliese Marie Wright,must,0,0,0,0,,,0.0,0.0,0.0,0.0,0,0,0,0,0,0.0,16.78370786516854,18.117977528089888,18.117977528089888,23.45505617977528,23.876404494382022,40.80056179775281
Dr Anne  O'Neill,must,89,2031,26,47,1.8547257084269662,1.1432,0.20224719101123595,0.9438202247191011,0.38202247191011235,0.11235955056179775,0,1989,2026,0,14,15.7,93.39887640449437,93.39887640449437,94.73314606741573,57.7247191011236,93.82022471910112,40.80056179775281
Dr Anne Elizabeth Lewis,must,1,0,0,0,,,1.0,0.0,1.0,0.0,0,2014,2014,0,0,0.0,37.78089887640449,18.117977528089888,18.117977528089888,97.75280898876404,23.876404494382022,40.80056179775281
Dr Anne Rosemary Halbert,must,38,1842,18,21,3.0882027027027026,0.9916,0.18421052631578946,0.34210526315789475,0.2894736842105263,0.3157894736842105,8,1992,2025,0,29,76.3,87.5,92.97752808988764,92.06460674157303,55.89887640449438,72.75280898876404,91.85393258426966
Dr Annette Lisa Pearce,must,5,75,3,1,0.683675,0.8050999999999999,0.2,0.2,0.4,0.2,0,1999,2019,0,4,80.0,54.634831460674164,58.07584269662921,55.12640449438202,57.02247191011236,59.90168539325843,40.80056179775281
Dr Annette Rachel Hamori Wegman,must,3,38,2,1,0.5230666666666667,0.1927,0.3333333333333333,0.0,0.0,0.3333333333333333,0,1986,2009,0,3,100.0,48.24438202247191,50.56179775280899,48.59550561797753,70.57584269662921,23.876404494382022,40.80056179775281
Dr Annika  Smith,must,6,47,3,2,0.5071333333333333,0.35765,0.16666666666666666,0.16666666666666666,0.5,0.3333333333333333,0,1988,2026,1,3,50.0,57.51404494382022,52.3876404494382,55.12640449438202,54.634831460674164,56.46067415730337,40.80056179775281
Dr Anosha  Yazdabadi,must,7,100,4,3,0.9317166666666665,0.5563,0.2857142857142857,0.2857142857142857,0.42857142857142855,0.14285714285714285,0,2009,2024,0,6,85.7,60.67415730337079,60.60393258426966,60.39325842696629,65.30898876404494,66.50280898876404,40.80056179775281
Dr Anthea Frances Mulcahy,must,5,36,3,2,0.43784,0.6152,0.2,0.0,0.4,0.4,0,2016,2022,0,5,100.0,54.634831460674164,50.07022471910112,55.12640449438202,57.02247191011236,23.876404494382022,40.80056179775281
Dr Anthony Nishan Rajiv Amerasinghe,must,0,0,0,0,,,0.0,0.0,0.0,0.0,0,0,0,0,0,0.0,16.78370786516854,18.117977528089888,18.117977528089888,23.45505617977528,23.876404494382022,40.80056179775281
Dr Antoinette  Ciconte,must,10,154,5,4,1.0066,0.3909,0.3,0.5,0.4,0.1,0,1982,2025,0,7,70.0,66.99438202247191,66.50280898876404,65.30898876404494,66.57303370786516,80.47752808988764,40.80056179775281
Dr Antonia Maria Laino,must,9,245,6,5,1.335375,1.0055999999999998,0.6666666666666666,0.3333333333333333,0.2222222222222222,0.0,20,2017,2021,0,8,88.9,65.37921348314607,73.17415730337079,70.08426966292134,92.90730337078652,70.78651685393258,95.57584269662921
Dr Arabella Helen Wallett,must,11,50,4,2,0.5103454545454545,0.4783,0.2727272727272727,0.18181818181818182,0.45454545454545453,0.36363636363636365,0,2010,2026,0,8,72.7,68.1179775280899,53.08988764044944,60.39325842696629,63.76404494382022,58.35674157303371,40.80056179775281
Dr Artiene Hagob John Tatian,must,26,157,7,5,1.3840346153846153,0.6815,0.5,0.11538461538461539,0.15384615384615385,0.3076923076923077,0,2017,2026,0,25,96.2,82.93539325842697,66.85393258426966,74.01685393258427,86.37640449438202,51.96629213483146,40.80056179775281
Dr Ashling Frances McNally,must,0,0,0,0,,,0.0,0.0,0.0,0.0,0,0,0,0,0,0.0,16.78370786516854,18.117977528089888,18.117977528089888,23.45505617977528,23.876404494382022,40.80056179775281
Dr Asoka Kumarihamy Herat,must,3,32,3,2,1.396766666666667,1.5173,0.3333333333333333,0.0,0.6666666666666666,0.3333333333333333,0,2006,2020,0,3,100.0,48.24438202247191,49.087078651685395,55.12640449438202,70.57584269662921,23.876404494382022,40.80056179775281
Dr Austen Kathleen Anderson,must,15,144,6,3,0.7296760458333335,0.41850627500000004,0.2857142857142857,0.26666666666666666,0.4,0.0,9,1999,2026,0,7,46.7,73.38483146067416,65.58988764044943,70.08426966292134,65.30898876404494,65.58988764044943,92.34550561797754
Dr Belinda Maymie Welsh,must,22,484,12,12,2.0370500000000002,0.381,0.36363636363636365,0.5909090909090909,0.4090909090909091,0.13636363636363635,0,1999,2026,0,22,100.0,79.14325842696628,82.4438202247191,86.3061797752809,73.66573033707866,84.97191011235955,40.80056179775281
Dr Belle-Irene  Cominos,must,0,0,0,0,,,0.0,0.0,0.0,0.0,0,0,0,0,0,0.0,16.78370786516854,18.117977528089888,18.117977528089888,23.45505617977528,23.876404494382022,40.80056179775281
Dr Benjamin Charles Thompson,must,0,0,0,0,,,0.0,0.0,0.0,0.0,10,0,0,0,0,0.0,16.78370786516854,18.117977528089888,18.117977528089888,23.45505617977528,23.876404494382022,93.18820224719101
Dr Benjamin James Carew,must,6,49,4,2,0.4533333333333333,0.48240000000000005,0.16666666666666666,0.0,0.5,0.16666666666666666,0,2013,2020,0,6,100.0,57.51404494382022,52.80898876404494,60.39325842696629,54.634831460674164,23.876404494382022,40.80056179775281
Dr Benjamin Silas Daniel,must,95,1584,18,21,1.4442027027027027,0.6076,0.2765957446808511,0.24210526315789474,0.24210526315789474,0.42105263157894735,10,2010,2025,0,85,89.5,93.67977528089888,92.69662921348315,92.06460674157303,63.90449438202247,63.06179775280899,93.18820224719101
Dr Bernadette Mary Ricciardo,must,33,289,7,5,1.7926281249999998,0.8047500000000001,0.48484848484848486,0.21212121212121213,0.45454545454545453,0.3333333333333333,5,2008,2026,0,25,75.8,85.60393258426966,75.28089887640449,74.01685393258427,83.98876404494382,61.58707865168539,88.90449438202246
Dr Bert Markou Pruim,must,4,126,4,3,1.108025,0.36935,0.5,0.0,0.75,0.0,0,1999,2003,0,4,100.0,51.82584269662921,63.9747191011236,60.39325842696629,86.37640449438202,23.876404494382022,40.80056179775281
Dr Bethany Anne Croker,must,0,0,0,0,,,0.0,0.0,0.0,0.0,0,0,0,0,0,0.0,16.78370786516854,18.117977528089888,18.117977528089888,23.45505617977528,23.876404494382022,40.80056179775281
Dr Bevin  Bhoyrul,must,84,1432,19,29,3.325515699615385,1.1896,0.3253012048192771,0.5714285714285714,0.3333333333333333,0.32142857142857145,5,2015,2026,1,80,95.2,93.1179775280899,92.13483146067416,92.62640449438202,68.67977528089888,84.33988764044943,88.90449438202246
Dr Bishakha  Rajagopalan,must,25,137,6,5,0.22954799999999997,0.0,0.28,0.32,0.2,0.44,0,1990,2024,0,15,60.0,81.81179775280899,65.09831460674157,70.08426966292134,64.46629213483146,69.03089887640449,40.80056179775281
Dr Bonita Choy,must,9,767,6,5,4.750555555555555,1.4136,0.2222222222222222,0.1111111111111111,0.1111111111111111,0.0,0,2014,2019,0,9,100.0,65.37921348314607,87.64044943820225,70.08426966292134,59.12921348314607,51.54494382022472,40.80056179775281
Dr Bonnie Anne Fergie,must,4,57,4,2,1.0019,0.7212000000000001,0.5,0.0,0.75,0.0,0,2015,2017,0,4,100.0,51.82584269662921,54.42415730337079,60.39325842696629,86.37640449438202,23.876404494382022,40.80056179775281
Dr Bonnie Clowance  Swan,must,0,0,0,0,,,0.0,0.0,0.0,0.0,0,0,0,0,0,0.0,16.78370786516854,18.117977528089888,18.117977528089888,23.45505617977528,23.876404494382022,40.80056179775281
Dr Boon Tiong Tan,must,7,4,1,0,0.102575,0.0,0.2857142857142857,0.0,0.7142857142857143,0.14285714285714285,0,2000,2024,0,0,0.0,60.67415730337079,39.25561797752809,40.44943820224719,65.30898876404494,23.876404494382022,40.80056179775281
Dr Brad Keith Jones,must,0,0,0,0,,,0.0,0.0,0.0,0.0,0,0,0,0,0,0.0,16.78370786516854,18.117977528089888,18.117977528089888,23.45505617977528,23.876404494382022,40.80056179775281
Dr Brian John De'ambrosis,must,1,2,1,0,0.0,0.0,0.0,0.0,0.0,1.0,0,1990,1990,0,1,100.0,37.78089887640449,37.359550561797754,40.44943820224719,23.45505617977528,23.876404494382022,40.80056179775281
Dr Brian Joseph Wallace,must,0,0,0,0,,,0.0,0.0,0.0,0.0,0,0,0,0,0,0.0,16.78370786516854,18.117977528089888,18.117977528089888,23.45505617977528,23.876404494382022,40.80056179775281
Dr Brittany Mei Sai Wong,must,0,0,0,0,,,0.0,0.0,0.0,0.0,0,0,0,0,0,0.0,16.78370786516854,18.117977528089888,18.117977528089888,23.45505617977528,23.876404494382022,40.80056179775281
Dr Brogan Kelly Salence,must,7,42,2,1,0.7693714285714286,0.0,0.5714285714285714,1.0,0.5714285714285714,0.0,4,2017,2024,0,7,100.0,60.67415730337079,51.40449438202247,48.59550561797753,90.51966292134831,97.26123595505618,87.57022471910112
Dr Bruce Colin Leslie McGeorge,must,4,12,2,1,0.0,0.0,0.0,0.25,0.75,0.25,0,1992,2012,0,4,100.0,51.82584269662921,42.62640449438202,48.59550561797753,23.45505617977528,64.25561797752809,40.80056179775281
Dr Bruce James Tate,must,28,1037,16,20,1.7683821428571431,0.7954,0.14285714285714285,0.17857142857142858,0.10714285714285714,0.5,0,1994,2024,0,26,92.9,84.1994382022472,89.60674157303372,90.4494382022472,52.17696629213483,58.14606741573034,40.80056179775281
Dr Bruna  Melhoranse Gouveia,must,28,119,7,3,1.1759923076923078,0.50495,0.6071428571428571,0.6428571428571429,0.35714285714285715,0.0,7,2014,2025,0,26,92.9,84.1994382022472,62.64044943820225,74.01685393258427,91.15168539325843,86.65730337078652,91.01123595505618
Dr Bruno  Blaya Alvarez,must,2,8,2,0,0.4565,0.4565,0.5,0.0,0.0,0.0,0,2020,2022,0,2,100.0,44.10112359550562,41.081460674157306,48.59550561797753,86.37640449438202,23.876404494382022,40.80056179775281
Dr Bryan Ka Chiu Pang,must,11,234,8,8,0.7879636363636364,0.4688,0.0,0.5454545454545454,0.5454545454545454,0.45454545454545453,0,1992,1997,0,11,100.0,68.1179775280899,72.12078651685393,77.10674157303372,23.45505617977528,83.49719101123596,40.80056179775281
Dr Burcu  Kim,must,2,21,2,1,2.4956,2.4956,0.0,0.0,1.0,0.0,0,2014,2017,0,2,100.0,44.10112359550562,45.36516853932584,48.59550561797753,23.45505617977528,23.876404494382022,40.80056179775281
Dr Cara Brigid McDonald,must,25,254,9,7,2.2710800000000004,1.5447,0.72,0.6,0.36,0.08,0,2015,2025,0,18,72.0,81.81179775280899,73.59550561797754,80.0561797752809,94.3820224719101,85.18258426966293,40.80056179775281
Dr Carol Chiu Yen Oh Adib,must,1,0,0,0,,,1.0,0.0,1.0,0.0,0,2010,2010,0,1,100.0,37.78089887640449,18.117977528089888,18.117977528089888,97.75280898876404,23.876404494382022,40.80056179775281
Dr Carolina  Cordoba Rincon,must,0,0,0,0,,,0.0,0.0,0.0,0.0,0,0,0,0,0,0.0,16.78370786516854,18.117977528089888,18.117977528089888,23.45505617977528,23.876404494382022,40.80056179775281
Dr Caroline Hsien-Feng Thoo,must,1,20,1,1,1.6266,1.6266,1.0,0.0,1.0,0.0,0,2008,2008,0,1,100.0,37.78089887640449,44.9438202247191,40.44943820224719,97.75280898876404,23.876404494382022,40.80056179775281
Dr Casey Jane Rowe,must,27,447,8,5,1.8273038461538462,0.22920000000000001,0.2962962962962963,0.4074074074074074,0.4444444444444444,0.037037037037037035,36,2013,2024,1,25,92.6,83.70786516853933,81.17977528089888,77.10674157303372,66.15168539325843,76.26404494382022,96.76966292134831
Dr Cassandra  Chaptini,must,7,81,5,4,0.7161571428571428,0.4994,0.42857142857142855,0.0,0.8571428571428571,0.0,0,2014,2015,0,7,100.0,60.67415730337079,58.84831460674157,65.30898876404494,79.84550561797754,23.876404494382022,40.80056179775281
Dr Catherine Elizabeth Scarff,must,22,283,9,9,1.1353894736842105,0.6731,0.5454545454545454,0.09090909090909091,0.7272727272727273,0.045454545454545456,0,2002,2024,0,15,68.2,79.14325842696628,74.85955056179775,80.0561797752809,89.18539325842697,50.07022471910112,40.80056179775281
Dr Catherine Frances Faulkner,must,9,222,7,6,0.8187888888888888,0.6051,0.1111111111111111,0.6666666666666666,0.3333333333333333,0.3333333333333333,0,1992,2014,0,8,88.9,65.37921348314607,71.06741573033707,74.01685393258427,49.859550561797754,87.14887640449437,40.80056179775281
Dr Catherine Frances McKay,must,0,0,0,0,,,0.0,0.0,0.0,0.0,7,0,0,0,0,0.0,16.78370786516854,18.117977528089888,18.117977528089888,23.45505617977528,23.876404494382022,91.01123595505618
Dr Catherine Jean Drummond,must,0,0,0,0,,,0.0,0.0,0.0,0.0,87,0,0,0,0,0.0,16.78370786516854,18.117977528089888,18.117977528089888,23.45505617977528,23.876404494382022,98.17415730337079
Dr Catherine Luisa Orana Black,must,2,59,2,2,1.3489,1.3489,0.5,0.5,0.5,0.0,0,2009,2012,0,1,50.0,44.10112359550562,55.12640449438202,48.59550561797753,86.37640449438202,80.47752808988764,40.80056179775281
Dr Catherine Margaret Reid,must,0,0,0,0,,,0.0,0.0,0.0,0.0,2,0,0,4,0,0.0,16.78370786516854,18.117977528089888,18.117977528089888,23.45505617977528,23.876404494382022,85.32303370786516
Dr Cathy Yunjia Zhao,must,75,1791,24,36,2.5893953087837835,0.97065,0.4533333333333333,0.4266666666666667,0.4,0.0,11,1996,2025,0,41,54.7,92.13483146067416,92.83707865168539,93.75,81.74157303370787,77.24719101123596,93.89044943820225
Dr Catriona Ann Hayes,must,0,0,0,0,,,0.0,0.0,0.0,0.0,0,0,0,0,0,0.0,16.78370786516854,18.117977528089888,18.117977528089888,23.45505617977528,23.876404494382022,40.80056179775281
Dr Celestine Chu Wen Wong,must,20,471,10,10,1.77509,0.8736999999999999,0.35,0.1,0.45,0.05,0,2011,2025,0,17,85.0,77.87921348314607,82.16292134831461,82.30337078651685,72.89325842696628,50.70224719101124,40.80056179775281
Dr Charles Xie,must,8,192,7,7,1.2303,1.008,0.25,0.25,0.375,0.125,0,2013,2020,0,6,75.0,63.41292134831461,68.60955056179775,74.01685393258427,61.93820224719101,64.25561797752809,40.80056179775281
Dr Charlotte Emily Forrest,must,4,25,1,1,0.38565,0.1093,0.25,0.5,0.5,0.25,0,2012,2017,0,2,50.0,51.82584269662921,46.83988764044944,40.44943820224719,61.93820224719101,80.47752808988764,40.80056179775281
Dr Charlotte Emily Man,must,0,0,0,0,,,0.0,0.0,0.0,0.0,0,0,0,0,0,0.0,16.78370786516854,18.117977528089888,18.117977528089888,23.45505617977528,23.876404494382022,40.80056179775281
Dr Charlotte Lucinda Thomas,must,18,244,8,7,1.1918821166666664,0.9120999999999999,0.05555555555555555,0.3888888888888889,0.6111111111111112,0.0,0,1974,2019,0,14,77.8,76.12359550561798,72.96348314606742,77.10674157303372,47.19101123595505,75.56179775280899,40.80056179775281
Dr Chasari  Tancharoen,must,10,111,6,3,0.90927,0.96765,0.4,0.0,0.2,0.2,0,2011,2017,0,5,50.0,66.99438202247191,61.93820224719101,70.08426966292134,77.31741573033707,23.876404494382022,40.80056179775281
Dr Chen  Xie,must,182,10445,48,109,4.471802824858757,1.7679,0.2857142857142857,0.945054945054945,0.25274725274725274,0.01098901098901099,173,2006,2026,0,38,20.9,96.91011235955057,98.17415730337079,98.59550561797754,65.30898876404494,93.96067415730337,99.29775280898876
Dr Chloe Martha West,must,0,0,0,0,,,0.0,0.0,0.0,0.0,0,0,0,0,0,0.0,16.78370786516854,18.117977528089888,18.117977528089888,23.45505617977528,23.876404494382022,40.80056179775281
Dr Chris Khachadour Jalilian,must,14,150,5,5,0.5907083333333333,0.0,0.5,0.5714285714285714,0.35714285714285715,0.0,0,2008,2026,0,9,64.3,72.26123595505618,66.0814606741573,65.30898876404494,86.37640449438202,84.33988764044943,40.80056179775281
Dr Christina  Sander,must,18,1476,10,10,4.4899555555555555,0.7947500000000001,0.2777777777777778,0.8333333333333334,0.6666666666666666,0.0,0,2002,2025,0,14,77.8,76.12359550561798,92.2752808988764,82.30337078651685,64.11516853932584,91.64325842696628,40.80056179775281
Dr Christina Alexandra Saywell,must,1,37,1,1,1.8763,1.8763,0.0,1.0,1.0,0.0,0,1997,1997,0,1,100.0,37.78089887640449,50.35112359550562,40.44943820224719,23.45505617977528,97.26123595505618,40.80056179775281
Dr Christine Anne Riordan,must,0,0,0,0,,,0.0,0.0,0.0,0.0,4,0,0,0,0,0.0,16.78370786516854,18.117977528089888,18.117977528089888,23.45505617977528,23.876404494382022,87.57022471910112
Dr Christine Florence Morrow,must,0,0,0,0,,,0.0,0.0,0.0,0.0,0,0,0,0,0,0.0,16.78370786516854,18.117977528089888,18.117977528089888,23.45505617977528,23.876404494382022,40.80056179775281
Dr Christopher Hudson Heyes,must,6,149,4,4,1.1615833333333334,0.27485,0.0,0.16666666666666666,0.6666666666666666,0.16666666666666666,0,2010,2017,0,5,83.3,57.51404494382022,65.8005617977528,60.39325842696629,23.45505617977528,56.46067415730337,40.80056179775281
Dr Christopher John McCormack,must,98,2804,26,50,2.402803076630435,1.3537,0.35789473684210527,0.24489795918367346,0.12244897959183673,0.19387755102040816,9,1987,2025,0,80,81.6,93.82022471910112,94.52247191011236,94.73314606741573,73.31460674157303,63.20224719101124,92.34550561797754
Dr Christopher John Quirk,must,23,675,15,16,1.0781130434782609,0.7255,0.21739130434782608,0.13043478260869565,0.2608695652173913,0.30434782608695654,0,1979,2019,0,18,78.3,80.12640449438202,86.09550561797754,89.53651685393258,58.49719101123596,53.230337078651694,40.80056179775281
Dr Christopher John Tyson,must,1,0,0,0,,,1.0,0.0,1.0,0.0,8,1974,1974,0,0,0.0,37.78089887640449,18.117977528089888,18.117977528089888,97.75280898876404,23.876404494382022,91.85393258426966
Dr Christopher Matthew Duguid,must,0,0,0,0,,,0.0,0.0,0.0,0.0,0,0,0,0,0,0.0,16.78370786516854,18.117977528089888,18.117977528089888,23.45505617977528,23.876404494382022,40.80056179775281
Dr Christopher Michael Ross,must,0,0,0,0,,,0.0,0.0,0.0,0.0,0,0,0,0,0,0.0,16.78370786516854,18.117977528089888,18.117977528089888,23.45505617977528,23.876404494382022,40.80056179775281
Dr Christopher Ramon Kearney,must,3,45,2,2,0.8212666666666667,0.3077,0.0,0.3333333333333333,1.0,0.0,0,2001,2006,0,2,66.7,48.24438202247191,51.82584269662921,48.59550561797753,23.45505617977528,70.78651685393258,40.80056179775281
Dr Christopher Stuart Baker,must,0,0,0,0,,,0.0,0.0,0.0,0.0,29,0,0,0,0,0.0,16.78370786516854,18.117977528089888,18.117977528089888,23.45505617977528,23.876404494382022,96.34831460674157
Dr Claire Elizabeth Grills,must,13,253,7,5,1.5837,0.9083,0.3076923076923077,0.46153846153846156,0.23076923076923078,0.07692307692307693,6,2006,2026,0,13,100.0,70.92696629213484,73.45505617977528,74.01685393258427,67.41573033707866,78.65168539325843,90.02808988764045
Dr Claire Louise Higgins,must,0,0,0,0,,,0.0,0.0,0.0,0.0,2,0,0,0,0,0.0,16.78370786516854,18.117977528089888,18.117977528089888,23.45505617977528,23.876404494382022,85.32303370786516
Dr Claire Margaret Felmingham,must,17,215,7,6,1.1007,0.2607,0.4117647058823529,0.058823529411764705,0.7647058823529411,0.0,1,2019,2022,0,17,100.0,75.35112359550563,70.71629213483146,74.01685393258427,78.65168539325843,48.174157303370784,83.07584269662921
Dr Clare Conway Schofield,must,6,41,4,3,0.5755833333333334,0.5156,0.3333333333333333,0.0,0.8333333333333334,0.0,0,1987,2013,0,5,83.3,57.51404494382022,51.1938202247191,60.39325842696629,70.57584269662921,23.876404494382022,40.80056179775281
Dr Clare Koh,must,2,56,2,1,0.292,0.292,0.0,0.5,0.5,0.0,0,2004,2009,0,1,50.0,44.10112359550562,54.07303370786517,48.59550561797753,23.45505617977528,80.47752808988764,40.80056179775281
Dr Clare Penelope Tait,must,21,516,14,16,1.2813428571428573,0.7386,0.047619047619047616,0.09523809523809523,0.19047619047619047,0.5714285714285714,0,1987,2020,0,16,76.2,78.44101123595506,83.14606741573034,88.62359550561798,46.91011235955056,50.28089887640449,40.80056179775281
Dr Clare Ruth Sheamala Patterson,must,0,0,0,0,,,0.0,0.0,0.0,0.0,0,0,0,0,0,0.0,16.78370786516854,18.117977528089888,18.117977528089888,23.45505617977528,23.876404494382022,40.80056179775281
Dr Claudia Elizabeth Spence Curchin,must,10,207,5,4,1.54124,0.51685,0.6,0.3,0.3,0.0,0,2010,2018,1,9,90.0,66.99438202247191,69.87359550561798,65.30898876404494,91.01123595505618,67.5561797752809,40.80056179775281
Dr Colin Gek Ghee Ooi,must,8,131,5,4,0.450625,0.44179999999999997,0.25,0.0,0.625,0.0,0,2005,2016,0,6,75.0,63.41292134831461,64.46629213483146,65.30898876404494,61.93820224719101,23.876404494382022,40.80056179775281
Dr Colin John Singer,must,0,0,0,0,,,0.0,0.0,0.0,0.0,0,0,0,0,0,0.0,16.78370786516854,18.117977528089888,18.117977528089888,23.45505617977528,23.876404494382022,40.80056179775281
Dr Colin Soo-Chee Ong,must,13,702,8,7,1.4741924576923076,0.6904,0.15384615384615385,0.07692307692307693,0.6923076923076923,0.0,0,1994,2012,0,10,76.9,70.92696629213484,86.93820224719101,77.10674157303372,53.30056179775281,49.29775280898877,40.80056179775281
Dr Con  Dolianitis,must,35,465,11,12,0.8322857142857144,0.455,0.2571428571428571,0.02857142857142857,0.11428571428571428,0.6571428571428571,0,2002,2026,0,33,94.3,86.3061797752809,81.74157303370787,84.26966292134831,63.13202247191011,47.752808988764045,40.80056179775281
Dr Corinne  Maiolo,must,7,17,3,0,0.17665714285714287,0.0,0.7142857142857143,0.0,0.7142857142857143,0.0,0,2015,2018,0,7,100.0,60.67415730337079,43.96067415730337,55.12640449438202,94.24157303370787,23.876404494382022,40.80056179775281
Dr Corinne Foong Lin Yoong,must,0,0,0,0,,,0.0,0.0,0.0,0.0,0,0,0,0,0,0.0,16.78370786516854,18.117977528089888,18.117977528089888,23.45505617977528,23.876404494382022,40.80056179775281
Dr Crystal Nicole Williams,must,21,306,9,8,1.160975,0.0,0.6190476190476191,0.42857142857142855,0.14285714285714285,0.09523809523809523,12,1998,2026,0,9,42.9,78.44101123595506,75.84269662921348,80.0561797752809,91.57303370786516,77.52808988764045,94.31179775280899
Dr Dana Rose-Marie Louise Slape,must,3,13,2,0,1.2127999999999999,0.358,0.6666666666666666,0.3333333333333333,0.0,0.0,0,2019,2024,0,3,100.0,48.24438202247191,42.837078651685395,48.59550561797753,92.90730337078652,70.78651685393258,40.80056179775281
Dr Daniel Thomas Hewitt,must,488,31178,87,311,4.772255700617849,2.0587,0.46265560165975106,0.8278688524590164,0.13934426229508196,0.2459016393442623,0,1976,2026,0,3,0.6,99.15730337078652,99.85955056179775,99.92977528089888,82.4438202247191,91.43258426966293,40.80056179775281
Dr Daram Singh,must,3,54,2,1,0.5291666666666667,0.0,0.0,0.0,1.0,0.0,0,2010,2011,0,3,100.0,48.24438202247191,53.65168539325843,48.59550561797753,23.45505617977528,23.876404494382022,40.80056179775281
Dr David  Burdon-Jones,must,9,211,6,5,1.3865,1.086,0.2222222222222222,0.4444444444444444,0.4444444444444444,0.3333333333333333,0,1992,2025,0,9,100.0,65.37921348314607,70.36516853932584,70.08426966292134,59.12921348314607,78.3005617977528,40.80056179775281
Dr David Brenton Francis,must,0,0,0,0,,,0.0,0.0,0.0,0.0,9,0,0,0,0,0.0,16.78370786516854,18.117977528089888,18.117977528089888,23.45505617977528,23.876404494382022,92.34550561797754
Dr David Charles Orchard,must,79,1143,18,27,1.1431753246753247,0.4153,0.27848101265822783,0.189873417721519,0.13924050632911392,0.4810126582278481,14,1997,2025,0,71,89.9,92.62640449438202,90.4494382022472,92.06460674157303,64.32584269662921,58.70786516853933,95.01404494382022
Dr David Keith Cook,must,0,0,0,0,,,0.0,0.0,0.0,0.0,170,0,0,1,0,0.0,16.78370786516854,18.117977528089888,18.117977528089888,23.45505617977528,23.876404494382022,99.15730337078652
Dr David Vincent Gill,must,12,21,3,0,0.15295833333333334,0.0,0.16666666666666666,0.25,0.8333333333333334,0.16666666666666666,0,1995,2009,0,0,0.0,69.17134831460675,45.36516853932584,55.12640449438202,54.634831460674164,64.25561797752809,40.80056179775281
Dr David William Jenkins,must,8,226,6,5,1.2245875,1.0444,0.0,1.0,0.625,0.125,0,2001,2025,0,1,12.5,63.41292134831461,71.62921348314607,70.08426966292134,23.45505617977528,97.26123595505618,40.80056179775281
Dr David Yu Shun Wong,must,1,27,1,1,3.1904,3.1904,1.0,1.0,0.0,0.0,0,2022,2022,0,1,100.0,37.78089887640449,47.752808988764045,40.44943820224719,97.75280898876404,97.26123595505618,40.80056179775281
Dr Davin Sui Lim,must,27,224,7,7,0.9803432329629631,0.8534,0.37037037037037035,0.3333333333333333,0.4444444444444444,0.37037037037037035,0,2001,2026,0,25,92.6,83.70786516853933,71.34831460674157,74.01685393258427,74.01685393258427,70.78651685393258,40.80056179775281
Dr Dean Jeremy Choong,must,5,35,3,2,0.96128,1.2073,0.4,0.0,0.8,0.0,0,2021,2024,0,5,100.0,54.634831460674164,49.78932584269663,55.12640449438202,77.31741573033707,23.876404494382022,40.80056179775281
Dr Deanna Alicia Wong,must,6,91,5,3,0.14075000000000001,0.0,0.3333333333333333,0.3333333333333333,0.5,0.0,0,1995,2007,0,5,83.3,57.51404494382022,59.8314606741573,65.30898876404494,70.57584269662921,70.78651685393258,40.80056179775281
Dr Derek  Davies,must,5,46,2,2,0.094575,0.0,0.25,0.2,1.0,0.0,0,1967,2000,0,0,0.0,54.634831460674164,52.17696629213483,48.59550561797753,61.93820224719101,59.90168539325843,40.80056179775281
Dr Desmond Chia Chin Gan,must,1,33,1,1,2.4081,2.4081,0.0,1.0,1.0,0.0,0,2012,2012,0,1,100.0,37.78089887640449,49.36797752808989,40.44943820224719,23.45505617977528,97.26123595505618,40.80056179775281
Dr Dev Ruhunage Tilakaratne,must,18,435,6,4,0.7799666666666666,0.19605,0.2222222222222222,0.3333333333333333,0.3333333333333333,0.2777777777777778,1,2014,2026,0,16,88.9,76.12359550561798,81.03932584269663,70.08426966292134,59.12921348314607,70.78651685393258,83.07584269662921
Dr Devita  Surjana,must,15,790,8,7,2.3873642857142863,0.87385,0.4,0.13333333333333333,0.4666666666666667,0.0,1,2010,2021,0,14,93.3,73.38483146067416,87.92134831460675,77.10674157303372,77.31741573033707,53.44101123595506,83.07584269662921
Dr Diana  Tran,must,0,0,0,0,,,0.0,0.0,0.0,0.0,107,0,0,0,0,0.0,16.78370786516854,18.117977528089888,18.117977528089888,23.45505617977528,23.876404494382022,98.73595505617978
Dr Diana Louise Norris,must,2,20,1,1,0.7785,0.7785,0.0,0.5,0.0,0.5,0,2002,2016,0,1,50.0,44.10112359550562,44.9438202247191,40.44943820224719,23.45505617977528,80.47752808988764,40.80056179775281
Dr Diana Marie Rubel,must,59,3281,25,33,4.037884482758621,0.9641500000000001,0.4406779661016949,0.5254237288135594,0.3050847457627119,0.0847457627118644,24,1993,2025,2,36,61.0,91.22191011235955,94.80337078651685,94.24157303370787,80.89887640449437,82.7247191011236,96.06741573033707
Dr Diona Lee Damian,must,107,4590,37,64,3.2688192496039603,1.6083,0.3300970873786408,0.07476635514018691,0.32710280373831774,0.4205607476635514,6,1991,2026,8,95,88.8,94.24157303370787,96.06741573033707,96.98033707865169,69.03089887640449,48.87640449438202,90.02808988764045
Dr Dorota  Long,must,4,99,4,4,1.1269,1.26875,0.25,0.0,0.5,0.25,0,2004,2007,0,4,100.0,51.82584269662921,60.25280898876404,60.39325842696629,61.93820224719101,23.876404494382022,40.80056179775281
Dr Dougal Francis Coates,must,9,40,5,1,0.28861111111111115,0.0,0.2222222222222222,0.3333333333333333,0.4444444444444444,0.2222222222222222,0,1964,2024,0,8,88.9,65.37921348314607,50.98314606741573,65.30898876404494,59.12921348314607,70.78651685393258,40.80056179775281
Dr Douglas  Czarnecki,must,59,1283,20,34,1.3710413223214286,0.5538000000000001,0.2542372881355932,0.15254237288135594,0.8135593220338984,0.05084745762711865,0,1983,2024,0,55,93.2,91.22191011235955,91.29213483146067,92.83707865168539,62.92134831460674,54.91573033707865,40.80056179775281
Dr Du-Chien Jean Marie Tan,must,6,100,3,3,1.24944,1.5473,0.6666666666666666,0.3333333333333333,0.3333333333333333,0.0,0,2016,2025,0,6,100.0,57.51404494382022,60.60393258426966,55.12640449438202,92.90730337078652,70.78651685393258,40.80056179775281
Dr Duncan Graham Stanford,must,1,0,0,0,0.0,0.0,1.0,1.0,0.0,0.0,0,2026,2026,0,1,100.0,37.78089887640449,18.117977528089888,18.117977528089888,97.75280898876404,97.26123595505618,40.80056179775281
Dr Ebrahim Abdool Kader  Abdulla,must,0,0,0,0,,,0.0,0.0,0.0,0.0,0,0,0,0,0,0.0,16.78370786516854,18.117977528089888,18.117977528089888,23.45505617977528,23.876404494382022,40.80056179775281
Dr Eddie Lobel,must,0,0,0,0,,,0.0,0.0,0.0,0.0,0,0,0,0,0,0.0,16.78370786516854,18.117977528089888,18.117977528089888,23.45505617977528,23.876404494382022,40.80056179775281
Dr Edmund  Lobel,must,13,59,4,3,0.3555431684615385,0.1905,0.0,0.15384615384615385,0.6153846153846154,0.07692307692307693,0,1978,2021,0,13,100.0,70.92696629213484,55.12640449438202,60.39325842696629,23.45505617977528,55.12640449438202,40.80056179775281
Dr Edmund Pei Yi Wee,must,30,343,11,12,0.9133964285714286,0.6887000000000001,0.43333333333333335,0.1,0.5,0.03333333333333333,0,2015,2026,0,27,90.0,85.04213483146067,77.52808988764045,84.26966292134831,80.19662921348315,50.70224719101124,40.80056179775281
Dr Edward John McKenzie Upjohn,must,19,265,7,6,1.3118421052631577,0.0,0.0,0.2631578947368421,0.47368421052631576,0.0,0,2003,2023,0,15,78.9,77.03651685393258,73.87640449438202,74.01685393258427,23.45505617977528,65.4494382022472,40.80056179775281
Dr Edwina Millicent Lamrock,must,6,68,3,2,0.9471833333333334,0.81975,0.16666666666666666,0.16666666666666666,0.3333333333333333,0.16666666666666666,0,2010,2024,0,6,100.0,57.51404494382022,56.81179775280899,55.12640449438202,54.634831460674164,56.46067415730337,40.80056179775281
Dr Eleni  Yiasemides,must,13,406,7,6,1.737276923076923,0.8689,0.3076923076923077,0.3076923076923077,0.38461538461538464,0.15384615384615385,0,2006,2025,0,11,84.6,70.92696629213484,79.7752808988764,74.01685393258427,67.41573033707866,68.18820224719101,40.80056179775281
Dr Eleni Peta Anthony,must,10,39,3,2,0.38176,0.0,0.3,0.3,1.0,0.0,0,2012,2018,0,7,70.0,66.99438202247191,50.77247191011236,55.12640449438202,66.57303370786516,67.5561797752809,40.80056179775281
Dr Elizabeth  Dawes-Higgs,must,6,83,5,4,0.3583666666666667,0.14965,0.16666666666666666,0.3333333333333333,0.3333333333333333,0.16666666666666666,0,2001,2024,0,5,83.3,57.51404494382022,58.98876404494382,65.30898876404494,54.634831460674164,70.78651685393258,40.80056179775281
Dr Elizabeth Jane Ellis,must,0,0,0,0,,,0.0,0.0,0.0,0.0,8,0,0,0,0,0.0,16.78370786516854,18.117977528089888,18.117977528089888,23.45505617977528,23.876404494382022,91.85393258426966
Dr Elizabeth Mary Christou,must,6,192,4,3,1.5279073683333335,0.58865,0.0,0.0,0.8333333333333334,0.0,0,2010,2014,0,3,50.0,57.51404494382022,68.60955056179775,60.39325842696629,23.45505617977528,23.876404494382022,40.80056179775281
Dr Elizabeth Mary Willsteed,must,13,353,6,6,0.7290384615384615,0.0,0.0,0.6153846153846154,0.6153846153846154,0.15384615384615385,0,1985,2006,0,12,92.3,70.92696629213484,77.9494382022472,70.08426966292134,23.45505617977528,85.53370786516854,40.80056179775281
Dr Elizabeth Teng Yoke Chow,must,7,154,5,5,0.6934571428571428,0.5407,0.14285714285714285,0.14285714285714285,0.2857142857142857,0.2857142857142857,0,1992,2022,0,6,85.7,60.67415730337079,66.50280898876404,65.30898876404494,52.17696629213483,54.35393258426966,40.80056179775281
Dr Ellen Hui Ma,must,0,0,0,0,,,0.0,0.0,0.0,0.0,2,0,0,0,0,0.0,16.78370786516854,18.117977528089888,18.117977528089888,23.45505617977528,23.876404494382022,85.32303370786516
Dr Emily Ximin Shao,must,62,407,10,10,0.7288516666666667,0.0852,0.22580645161290322,0.41935483870967744,0.43548387096774194,0.0,0,2006,2026,0,25,40.3,91.64325842696628,79.98595505617978,82.30337078651685,59.8314606741573,76.82584269662921,40.80056179775281
Dr Emma Catherine Ryan,must,0,0,0,0,,,0.0,0.0,0.0,0.0,14,0,0,0,0,0.0,16.78370786516854,18.117977528089888,18.117977528089888,23.45505617977528,23.876404494382022,95.01404494382022
Dr Emma Catherine Starritt,must,0,0,0,0,,,0.0,0.0,0.0,0.0,0,0,0,0,0,0.0,16.78370786516854,18.117977528089888,18.117977528089888,23.45505617977528,23.876404494382022,40.80056179775281
Dr Emma Charlotte Veysey,must,0,0,0,0,,,0.0,0.0,0.0,0.0,0,0,0,0,0,0.0,16.78370786516854,18.117977528089888,18.117977528089888,23.45505617977528,23.876404494382022,40.80056179775281
Dr Emma Katie Mooney,must,0,0,0,0,,,0.0,0.0,0.0,0.0,4,0,0,0,0,0.0,16.78370786516854,18.117977528089888,18.117977528089888,23.45505617977528,23.876404494382022,87.57022471910112
Dr Emma Louise Haverhoek,must,1,45,1,1,1.2918,1.2918,0.0,0.0,1.0,0.0,0,2008,2008,0,1,100.0,37.78089887640449,51.82584269662921,40.44943820224719,23.45505617977528,23.876404494382022,40.80056179775281
Dr Emma Louise Hiscutt,must,13,112,5,3,2.1822999999999997,0.624,0.6153846153846154,0.7692307692307693,0.3076923076923077,0.07692307692307693,15,2008,2026,0,10,76.9,70.92696629213484,62.14887640449438,65.30898876404494,91.43258426966293,90.30898876404494,95.29494382022472
Dr Er Tsing Vivian Tng,must,6,29,4,0,0.6457166666666667,0.57455,0.3333333333333333,0.0,0.16666666666666666,0.3333333333333333,0,2018,2022,0,6,100.0,57.51404494382022,48.24438202247191,60.39325842696629,70.57584269662921,23.876404494382022,40.80056179775281
Dr Eric  Waine,must,1,0,0,0,0.0,0.0,0.0,0.0,1.0,0.0,0,2018,2018,0,0,0.0,37.78089887640449,18.117977528089888,18.117977528089888,23.45505617977528,23.876404494382022,40.80056179775281
Dr Eric Chi-Hung Poon,must,0,0,0,0,,,0.0,0.0,0.0,0.0,0,0,0,0,0,0.0,16.78370786516854,18.117977528089888,18.117977528089888,23.45505617977528,23.876404494382022,40.80056179775281
Dr Erin Kelly McMeniman,must,82,1056,15,19,1.2964103896103896,0.1443,0.2804878048780488,0.17073170731707318,0.08536585365853659,0.4268292682926829,12,2007,2026,0,78,95.1,92.90730337078652,89.74719101123596,89.53651685393258,64.60674157303372,57.7247191011236,94.31179775280899
Dr Erin Mullan,must,3,21,2,2,0.3102333333333333,0.0,0.0,0.6666666666666666,0.6666666666666666,0.3333333333333333,0,2011,2025,0,3,100.0,48.24438202247191,45.36516853932584,48.59550561797753,23.45505617977528,87.14887640449437,40.80056179775281
Dr Ernest Boon Cheng Tan,must,23,329,9,8,1.4350136363636365,0.47040000000000004,0.21739130434782608,0.2608695652173913,0.30434782608695654,0.34782608695652173,1,1985,2026,1,19,82.6,80.12640449438202,76.75561797752809,80.0561797752809,58.49719101123596,65.30898876404494,83.07584269662921
Dr Eshini Ishanka Perera,must,25,533,11,12,1.7500695652173914,0.5319,0.4,0.0,0.88,0.04,0,2009,2017,0,23,92.0,81.81179775280899,83.35674157303372,84.26966292134831,77.31741573033707,23.876404494382022,40.80056179775281
Dr Esther Hong,must,45,832,16,19,1.282075,0.6002000000000001,0.4,0.7777777777777778,0.5111111111111111,0.1111111111111111,0,2005,2025,0,15,33.3,89.32584269662921,88.34269662921348,90.4494382022472,77.31741573033707,90.66011235955057,40.80056179775281
Dr Eugene Peter Fergin,must,0,0,0,0,,,0.0,0.0,0.0,0.0,0,0,0,0,0,0.0,16.78370786516854,18.117977528089888,18.117977528089888,23.45505617977528,23.876404494382022,40.80056179775281
Dr Eunice Kia Huang Tan,must,0,0,0,0,,,0.0,0.0,0.0,0.0,0,0,0,0,0,0.0,16.78370786516854,18.117977528089888,18.117977528089888,23.45505617977528,23.876404494382022,40.80056179775281
Dr Fatemeh  Arianejad,must,2,2,1,0,0.21635,0.21635,0.0,0.0,0.0,0.0,0,2021,2021,0,2,100.0,44.10112359550562,37.359550561797754,40.44943820224719,23.45505617977528,23.876404494382022,40.80056179775281
Dr Fiona Catherine Menz,must,0,0,0,0,,,0.0,0.0,0.0,0.0,0,0,0,0,0,0.0,16.78370786516854,18.117977528089888,18.117977528089888,23.45505617977528,23.876404494382022,40.80056179775281
Dr Fiona Jane Bruce,must,14,290,6,4,0.9653384615384616,1.0524,0.2857142857142857,0.35714285714285715,0.07142857142857142,0.5,0,1991,2024,0,7,50.0,72.26123595505618,75.42134831460675,70.08426966292134,65.30898876404494,73.59550561797754,40.80056179775281
Dr Flora Yuk-Han Poon,must,19,587,9,8,2.276964705882353,0.4613,0.3157894736842105,0.3684210526315789,0.2631578947368421,0.10526315789473684,0,2010,2024,0,17,89.5,77.03651685393258,84.41011235955057,80.0561797752809,67.97752808988764,74.29775280898876,40.80056179775281
Dr Frances Joan Tefany,must,5,380,5,4,0.9643305700000001,0.9917,0.0,0.2,0.6,0.0,0,1990,2015,0,5,100.0,54.634831460674164,78.79213483146067,65.30898876404494,23.45505617977528,59.90168539325843,40.80056179775281
Dr Francis Yi Xing Lai,must,40,292,8,8,0.927655,0.44710000000000005,0.325,0.225,0.175,0.2,0,2014,2026,0,24,60.0,88.27247191011236,75.56179775280899,77.10674157303372,68.46910112359551,62.35955056179775,40.80056179775281
Dr Frank  Isaacs,must,8,24,3,0,0.2623875,0.1428,0.375,0.375,0.125,0.375,0,1971,2025,0,4,50.0,63.41292134831461,46.27808988764045,55.12640449438202,74.71910112359551,74.85955056179775,40.80056179775281
Dr Frank William Welch,must,0,0,0,0,,,0.0,0.0,0.0,0.0,0,0,0,0,0,0.0,16.78370786516854,18.117977528089888,18.117977528089888,23.45505617977528,23.876404494382022,40.80056179775281
Dr Friyana Keiku Bhabha,must,16,70,5,3,1.173175,0.34530000000000005,0.375,0.125,0.5625,0.0,0,2011,2025,0,16,100.0,74.64887640449437,57.37359550561798,65.30898876404494,74.71910112359551,52.73876404494382,40.80056179775281
Dr Gary John Holmes,must,0,0,0,0,,,0.0,0.0,0.0,0.0,0,0,0,0,0,0.0,16.78370786516854,18.117977528089888,18.117977528089888,23.45505617977528,23.876404494382022,40.80056179775281
Dr Gary Raymond Moloney,must,4,11,3,0,0.35765,0.25115,0.0,0.25,1.0,0.0,0,2013,2015,0,4,100.0,51.82584269662921,42.34550561797753,55.12640449438202,23.45505617977528,64.25561797752809,40.80056179775281
Dr Gavin Marc Gottschalk,must,0,0,0,0,,,0.0,0.0,0.0,0.0,0,0,0,0,0,0.0,16.78370786516854,18.117977528089888,18.117977528089888,23.45505617977528,23.876404494382022,40.80056179775281
Dr Gayle Loraine Ross,must,104,1264,17,24,0.8474436893203883,0.1427,0.3300970873786408,0.36538461538461536,0.2403846153846154,0.25,10,1963,2026,1,41,39.4,94.10112359550563,91.15168539325843,91.22191011235955,69.03089887640449,74.15730337078652,93.18820224719101
Dr Gayle Olivia Steiner,must,0,0,0,0,,,0.0,0.0,0.0,0.0,0,0,0,0,0,0.0,16.78370786516854,18.117977528089888,18.117977528089888,23.45505617977528,23.876404494382022,40.80056179775281
Dr Geetha Priya Sivapirabu,must,0,0,0,0,,,0.0,0.0,0.0,0.0,0,0,0,0,0,0.0,16.78370786516854,18.117977528089888,18.117977528089888,23.45505617977528,23.876404494382022,40.80056179775281
Dr Genevieve Anne Casey,must,0,0,0,0,,,0.0,0.0,0.0,0.0,5,0,0,0,0,0.0,16.78370786516854,18.117977528089888,18.117977528089888,23.45505617977528,23.876404494382022,88.90449438202246
Dr Genevieve Marie Sadler,must,10,191,5,4,0.9049999999999999,0.2522,0.4,0.2,0.4,0.2,0,2006,2025,0,9,90.0,66.99438202247191,68.39887640449437,65.30898876404494,77.31741573033707,59.90168539325843,40.80056179775281
Dr Genevieve Rosemary Peek,must,0,0,0,0,,,0.0,0.0,0.0,0.0,0,0,0,0,0,0.0,16.78370786516854,18.117977528089888,18.117977528089888,23.45505617977528,23.876404494382022,40.80056179775281
Dr Geoffrey Kwo X'iong Lee,must,0,0,0,0,,,0.0,0.0,0.0,0.0,0,0,0,0,0,0.0,16.78370786516854,18.117977528089888,18.117977528089888,23.45505617977528,23.876404494382022,40.80056179775281
Dr George Andrew Varigos,must,54,2768,22,31,2.1493629629629627,0.49855,0.2777777777777778,0.16666666666666666,0.09259259259259259,0.37037037037037035,1,1976,2023,0,44,81.5,90.73033707865169,94.3820224719101,93.25842696629213,64.11516853932584,56.46067415730337,83.07584269662921
Dr Georgia Ann Frost,must,0,0,0,0,,,0.0,0.0,0.0,0.0,0,0,0,0,0,0.0,16.78370786516854,18.117977528089888,18.117977528089888,23.45505617977528,23.876404494382022,40.80056179775281
Dr Georgia Frances Farrah,must,4,86,3,2,2.2961500000000004,1.07765,0.5,0.0,0.75,0.0,2,2016,2023,0,4,100.0,51.82584269662921,59.33988764044944,55.12640449438202,86.37640449438202,23.876404494382022,85.32303370786516
Dr Georgina Louise Harvey,must,0,0,0,0,,,0.0,0.0,0.0,0.0,0,0,0,0,0,0.0,16.78370786516854,18.117977528089888,18.117977528089888,23.45505617977528,23.876404494382022,40.80056179775281
Dr Georgina Ruth Lyons,must,5,122,4,4,1.5166,1.0523,0.2,0.2,0.8,0.0,0,2012,2014,0,5,100.0,54.634831460674164,63.06179775280899,60.39325842696629,57.02247191011236,59.90168539325843,40.80056179775281
Dr Germana  Consuegra Romero,must,4,26,4,0,0.541575,0.0786,0.25,1.0,0.25,0.0,0,1992,2019,0,4,100.0,51.82584269662921,47.331460674157306,60.39325842696629,61.93820224719101,97.26123595505618,40.80056179775281
Dr Gerrie Becker,must,1,9,1,0,0.5651,0.5651,0.0,0.0,0.0,0.0,0,2019,2019,0,1,100.0,37.78089887640449,41.64325842696629,40.44943820224719,23.45505617977528,23.876404494382022,40.80056179775281
Dr Gert Johannes Jurgens Becker,must,0,0,0,0,,,0.0,0.0,0.0,0.0,0,0,0,0,0,0.0,16.78370786516854,18.117977528089888,18.117977528089888,23.45505617977528,23.876404494382022,40.80056179775281
Dr Gian Dial Singh,must,1,2,1,0,0.0,0.0,0.0,1.0,0.0,1.0,0,1992,1992,0,1,100.0,37.78089887640449,37.359550561797754,40.44943820224719,23.45505617977528,97.26123595505618,40.80056179775281
Dr Gilberto Moreno Bonilla,must,17,60,4,2,0.670570588235294,0.0,0.17647058823529413,0.35294117647058826,0.17647058823529413,0.35294117647058826,0,2014,2026,0,17,100.0,75.35112359550563,55.61797752808989,60.39325842696629,55.47752808988764,73.45505617977528,40.80056179775281
Dr Glen Christopher Foxton,must,3,59,3,3,0.8855000000000001,0.7544,0.0,0.0,1.0,0.0,0,2010,2018,0,3,100.0,48.24438202247191,55.12640449438202,55.12640449438202,23.45505617977528,23.876404494382022,40.80056179775281
Dr Glenda Kaye Wood,must,12,153,8,7,0.6003833333333334,0.6045,0.5,0.16666666666666666,0.08333333333333333,0.5,0,1998,2017,0,9,75.0,69.17134831460675,66.29213483146067,77.10674157303372,86.37640449438202,56.46067415730337,40.80056179775281
Dr Glenn  Parham,must,1,3,1,0,0.6537,0.6537,0.0,0.0,1.0,0.0,0,2022,2022,0,0,0.0,37.78089887640449,38.48314606741573,40.44943820224719,23.45505617977528,23.876404494382022,40.80056179775281
Dr Gloria Hiu-Wai Fong,must,0,0,0,0,,,0.0,0.0,0.0,0.0,10,0,0,0,0,0.0,16.78370786516854,18.117977528089888,18.117977528089888,23.45505617977528,23.876404494382022,93.18820224719101
Dr Godfrey Howard Wagner,must,0,0,0,0,,,0.0,0.0,0.0,0.0,0,0,0,0,0,0.0,16.78370786516854,18.117977528089888,18.117977528089888,23.45505617977528,23.876404494382022,40.80056179775281
Dr Gordon James Rennick,must,0,0,0,0,,,0.0,0.0,0.0,0.0,0,0,0,0,0,0.0,16.78370786516854,18.117977528089888,18.117977528089888,23.45505617977528,23.876404494382022,40.80056179775281
Dr Graham Alistair Thom,must,13,141,6,5,0.5052307692307692,0.2939,0.07692307692307693,0.07692307692307693,0.46153846153846156,0.23076923076923078,0,2002,2025,0,10,76.9,70.92696629213484,65.37921348314607,70.08426966292134,48.03370786516854,49.29775280898877,40.80056179775281
Dr Grant Andrew Masel,must,0,0,0,0,,,0.0,0.0,0.0,0.0,0,0,0,0,0,0.0,16.78370786516854,18.117977528089888,18.117977528089888,23.45505617977528,23.876404494382022,40.80056179775281
Dr Gregory Brian Crosland,must,0,0,0,0,,,0.0,0.0,0.0,0.0,0,0,0,0,0,0.0,16.78370786516854,18.117977528089888,18.117977528089888,23.45505617977528,23.876404494382022,40.80056179775281
Dr Gregory James Butler,must,0,0,0,0,,,0.0,0.0,0.0,0.0,0,0,0,0,0,0.0,16.78370786516854,18.117977528089888,18.117977528089888,23.45505617977528,23.876404494382022,40.80056179775281
Dr Gul  Erkin Ozaygen,must,6,25,3,1,0.3941666666666667,0.086,0.3333333333333333,0.8333333333333334,0.0,0.0,0,2013,2019,0,6,100.0,57.51404494382022,46.83988764044944,55.12640449438202,70.57584269662921,91.64325842696628,40.80056179775281
Dr Gurugama Gedara Deepani Senehelatha Kumari Rathnayake,must,0,0,0,0,,,0.0,0.0,0.0,0.0,0,0,0,0,0,0.0,16.78370786516854,18.117977528089888,18.117977528089888,23.45505617977528,23.876404494382022,40.80056179775281
Dr Gwyneth Natalie Tsun Wong,must,8,60,5,2,0.7456125,0.8180499999999999,0.625,0.125,0.75,0.0,0,2018,2024,0,8,100.0,63.41292134831461,55.61797752808989,65.30898876404494,91.71348314606742,52.73876404494382,40.80056179775281
Dr Haady  Fallah,must,13,125,5,3,1.120253846153846,0.4436,0.3076923076923077,0.07692307692307693,0.38461538461538464,0.5384615384615384,0,2006,2026,0,12,92.3,70.92696629213484,63.76404494382022,65.30898876404494,67.41573033707866,49.29775280898877,40.80056179775281
Dr Hannes  Gebauer,must,0,0,0,0,,,0.0,0.0,0.0,0.0,0,0,0,0,0,0.0,16.78370786516854,18.117977528089888,18.117977528089888,23.45505617977528,23.876404494382022,40.80056179775281
Dr Hans Peter Soyer,must,1213,33062,87,522,1.8040432133449475,0.6067,0.33470733718054413,0.5589447650453421,0.09563066776586975,0.2646331409727947,0,1986,2026,1,1108,91.3,100.0,100.0,99.92977528089888,72.0505617977528,83.98876404494382,40.80056179775281
Dr Harini  Rajgopal Bala,must,19,288,9,8,1.3509247784210525,0.6267,0.15789473684210525,0.3157894736842105,0.47368421052631576,0.0,0,2014,2026,0,18,94.7,77.03651685393258,75.07022471910112,80.0561797752809,53.79213483146067,68.60955056179775,40.80056179775281
Dr Harvey Ronald Smith,must,46,1165,18,24,1.5179373131111111,0.7955,0.2391304347826087,0.6956521739130435,0.4782608695652174,0.13043478260869565,0,1977,2024,0,29,63.0,89.46629213483146,90.73033707865169,92.06460674157303,60.53370786516854,88.27247191011236,40.80056179775281
Dr Heba A.T. Jibreal,must,4,3,1,0,0.7756500000000001,0.1043,0.5,0.25,0.25,0.5,0,2017,2025,0,4,100.0,51.82584269662921,38.48314606741573,40.44943820224719,86.37640449438202,64.25561797752809,40.80056179775281
Dr Helen Lea Avery,must,0,0,0,0,,,0.0,0.0,0.0,0.0,0,0,0,0,0,0.0,16.78370786516854,18.117977528089888,18.117977528089888,23.45505617977528,23.876404494382022,40.80056179775281
Dr Helen Louise Saunders,must,115,3681,33,62,1.6571351351351349,0.9852,0.391304347826087,0.7217391304347827,0.24347826086956523,0.16521739130434782,6,1977,2024,0,37,32.2,94.66292134831461,95.50561797752809,95.85674157303372,75.70224719101124,88.90449438202246,90.02808988764045
Dr Helena  Collgros Totosaus,must,1,1,1,0,0.0,0.0,0.0,1.0,1.0,0.0,0,2011,2011,0,0,0.0,37.78089887640449,36.44662921348314,40.44943820224719,23.45505617977528,97.26123595505618,40.80056179775281
Dr Helena Anne Lolatgis,must,4,23,2,1,0.52205,0.3157,0.25,0.25,0.75,0.0,0,2014,2022,0,4,100.0,51.82584269662921,45.78651685393258,48.59550561797753,61.93820224719101,64.25561797752809,40.80056179775281
Dr Helmut  Schaider,must,199,4327,37,73,1.0124546391752578,0.0,0.4723618090452261,0.5125628140703518,0.07537688442211055,0.34673366834170855,101,1991,2026,0,137,68.8,97.19101123595506,95.92696629213484,96.98033707865169,83.28651685393258,82.30337078651685,98.45505617977528
Dr Hilary Meredith Enid Brown,must,0,0,0,0,,,0.0,0.0,0.0,0.0,0,0,0,0,0,0.0,16.78370786516854,18.117977528089888,18.117977528089888,23.45505617977528,23.876404494382022,40.80056179775281
Dr Hoa Mi  Vu,must,0,0,0,0,,,0.0,0.0,0.0,0.0,0,0,0,0,0,0.0,16.78370786516854,18.117977528089888,18.117977528089888,23.45505617977528,23.876404494382022,40.80056179775281
Dr Hoang  Ly,must,9,236,6,6,0.7830777777777778,1.0063,0.4444444444444444,0.7777777777777778,0.3333333333333333,0.1111111111111111,0,2003,2026,0,6,66.7,65.37921348314607,72.40168539325843,70.08426966292134,81.10955056179775,90.66011235955057,40.80056179775281
Dr Hock Cheng Chua,must,0,0,0,0,,,0.0,0.0,0.0,0.0,0,0,0,0,0,0.0,16.78370786516854,18.117977528089888,18.117977528089888,23.45505617977528,23.876404494382022,40.80056179775281
Dr Holly Anne Sexton,must,0,0,0,0,,,0.0,0.0,0.0,0.0,1,0,0,0,0,0.0,16.78370786516854,18.117977528089888,18.117977528089888,23.45505617977528,23.876404494382022,83.07584269662921
Dr Hope Vu Dinh,must,12,403,7,4,2.03185,0.16015,0.08333333333333333,0.25,0.6666666666666666,0.0,0,2006,2012,0,8,66.7,69.17134831460675,79.63483146067416,74.01685393258427,48.31460674157304,64.25561797752809,40.80056179775281
Dr Howard Mark Studniberg,must,3,149,3,3,2.2819333333333334,0.606,0.0,0.0,0.6666666666666666,0.3333333333333333,0,1991,2003,0,3,100.0,48.24438202247191,65.8005617977528,55.12640449438202,23.45505617977528,23.876404494382022,40.80056179775281
Dr Hsien Wern Herbert Chan,must,1,463,1,1,10.4135,10.4135,1.0,1.0,0.0,0.0,0,2018,2018,0,0,0.0,37.78089887640449,81.46067415730337,40.44943820224719,97.75280898876404,97.26123595505618,40.80056179775281
Dr Hugh Alexander Roberts,must,0,0,0,0,,,0.0,0.0,0.0,0.0,0,0,0,0,0,0.0,16.78370786516854,18.117977528089888,18.117977528089888,23.45505617977528,23.876404494382022,40.80056179775281
Dr Ian  McColl,must,0,0,0,0,,,0.0,0.0,0.0,0.0,0,0,0,0,0,0.0,16.78370786516854,18.117977528089888,18.117977528089888,23.45505617977528,23.876404494382022,40.80056179775281
Dr Ian David Hamann,must,0,0,0,0,,,0.0,0.0,0.0,0.0,0,0,0,0,0,0.0,16.78370786516854,18.117977528089888,18.117977528089888,23.45505617977528,23.876404494382022,40.80056179775281
Dr Ian Douglas McCrossin,must,20,557,9,8,1.2060818660000001,0.285876425,0.05,0.2,0.25,0.25,0,1983,2022,0,16,80.0,77.87921348314607,83.70786516853933,80.0561797752809,47.05056179775281,59.90168539325843,40.80056179775281
Dr Ilsphi  Browne,must,2,3,1,0,0.57925,0.57925,0.0,0.5,0.0,1.0,0,2023,2024,0,2,100.0,44.10112359550562,38.48314606741573,40.44943820224719,23.45505617977528,80.47752808988764,40.80056179775281
Dr Irene  Grigoris,must,3,24,2,1,1.39745,1.39745,0.0,0.0,0.3333333333333333,0.3333333333333333,0,1991,1992,0,2,66.7,48.24438202247191,46.27808988764045,48.59550561797753,23.45505617977528,23.876404494382022,40.80056179775281
Dr Ivan Joseph Simmons,must,0,0,0,0,,,0.0,0.0,0.0,0.0,0,0,0,0,0,0.0,16.78370786516854,18.117977528089888,18.117977528089888,23.45505617977528,23.876404494382022,40.80056179775281
Dr Ivan Maxwell Robertson,must,35,650,14,16,0.6054285714285714,0.3908,0.2571428571428571,0.17142857142857143,0.05714285714285714,0.42857142857142855,0,1976,2026,0,29,82.9,86.3061797752809,85.53370786516854,88.62359550561798,63.13202247191011,57.865168539325836,40.80056179775281
Dr Jacinta Mary Opie,must,8,177,5,5,1.8784125,2.29695,0.375,0.375,0.25,0.0,1,2003,2021,0,7,87.5,63.41292134831461,67.34550561797754,65.30898876404494,74.71910112359551,74.85955056179775,83.07584269662921
Dr Jack  Green,must,86,998,14,17,1.4066831325301206,0.0,0.39285714285714285,0.627906976744186,0.6162790697674418,0.1511627906976744,5,1964,2025,0,10,11.6,93.25842696629213,89.32584269662921,88.62359550561798,75.84269662921348,86.09550561797754,88.90449438202246
Dr Jack Shannon,must,5,20,1,1,0.5624666666666667,0.0,0.4,1.0,0.2,0.0,0,2005,2026,0,1,20.0,54.634831460674164,44.9438202247191,40.44943820224719,77.31741573033707,97.26123595505618,40.80056179775281
Dr Jacqueline  Matulich,must,4,107,3,2,2.80605,0.0,0.0,0.25,0.5,0.0,0,2001,2005,0,3,75.0,51.82584269662921,61.51685393258427,55.12640449438202,23.45505617977528,64.25561797752809,40.80056179775281
Dr Jacqueline Anne Deen,must,0,0,0,0,,,0.0,0.0,0.0,0.0,45,0,0,0,0,0.0,16.78370786516854,18.117977528089888,18.117977528089888,23.45505617977528,23.876404494382022,97.3314606741573
Dr Jacqueline Fiona Robinson,must,0,0,0,0,,,0.0,0.0,0.0,0.0,2,0,0,0,0,0.0,16.78370786516854,18.117977528089888,18.117977528089888,23.45505617977528,23.876404494382022,85.32303370786516
Dr James Benedict Muir,must,0,0,0,0,,,0.0,0.0,0.0,0.0,21,0,0,0,0,0.0,16.78370786516854,18.117977528089888,18.117977528089888,23.45505617977528,23.876404494382022,95.78651685393258
Dr James Michael Butler,must,5,110,2,2,1.5142000000000002,0.7359499999999999,0.0,0.2,0.8,0.2,0,1985,2019,0,1,20.0,54.634831460674164,61.79775280898876,48.59550561797753,23.45505617977528,59.90168539325843,40.80056179775281
Dr James Young Joon Choi,must,27,697,12,12,1.1779962962962964,0.6531,0.48148148148148145,0.48148148148148145,0.037037037037037035,0.2222222222222222,3,1989,2021,0,8,29.6,83.70786516853933,86.65730337078652,86.3061797752809,83.70786516853933,78.93258426966293,86.51685393258427
Dr Jamie Andrew Von Nida,must,10,60,5,3,0.282211255,0.09565,0.1,0.0,0.3,0.4,0,2003,2026,0,8,80.0,66.99438202247191,55.61797752808989,65.30898876404494,49.087078651685395,23.876404494382022,40.80056179775281
Dr Jane Anne Woods,must,33,533,13,14,1.7907363636363638,0.2038,0.3939393939393939,0.36363636363636365,0.030303030303030304,0.09090909090909091,0,1992,2025,1,20,60.6,85.60393258426966,83.35674157303372,87.78089887640449,76.12359550561798,73.94662921348315,40.80056179775281
Dr Jane Jie Li,must,0,0,0,0,,,0.0,0.0,0.0,0.0,20,0,0,0,0,0.0,16.78370786516854,18.117977528089888,18.117977528089888,23.45505617977528,23.876404494382022,95.57584269662921
Dr Janet Hye Yeon Kim,must,0,0,0,0,,,0.0,0.0,0.0,0.0,0,0,0,0,0,0.0,16.78370786516854,18.117977528089888,18.117977528089888,23.45505617977528,23.876404494382022,40.80056179775281
Dr Jason Kuo-Hsiang Wu,must,0,0,0,0,,,0.0,0.0,0.0,0.0,0,0,0,0,0,0.0,16.78370786516854,18.117977528089888,18.117977528089888,23.45505617977528,23.876404494382022,40.80056179775281
Dr Jazlyn  Read,must,36,838,12,12,1.7132129032258065,0.9214,0.30303030303030304,0.1111111111111111,0.6111111111111112,0.1388888888888889,0,1960,2024,0,10,27.8,86.79775280898876,88.62359550561798,86.3061797752809,67.13483146067416,51.54494382022472,40.80056179775281
Dr Jeffrey Alan Wayte,must,7,123,6,4,0.7736571428571428,0.6842,0.0,0.42857142857142855,0.14285714285714285,0.42857142857142855,0,1995,2016,0,6,85.7,60.67415730337079,63.48314606741573,70.08426966292134,23.45505617977528,77.52808988764045,40.80056179775281
Dr Jemima  Fisher,must,2,10,2,0,0.39549999999999996,0.39549999999999996,0.0,0.5,1.0,0.0,0,2006,2007,0,2,100.0,44.10112359550562,42.06460674157304,48.59550561797753,23.45505617977528,80.47752808988764,40.80056179775281
Dr Jenna Elizabeth Sullivan,must,0,0,0,0,,,0.0,0.0,0.0,0.0,0,0,0,0,0,0.0,16.78370786516854,18.117977528089888,18.117977528089888,23.45505617977528,23.876404494382022,40.80056179775281
Dr Jennifer  Yip,must,120,3376,37,69,3.23983963963964,1.4437,0.65,0.9416666666666667,0.26666666666666666,0.058333333333333334,0,1991,2025,0,12,10.0,95.15449438202246,94.9438202247191,96.98033707865169,91.85393258426966,93.67977528089888,40.80056179775281
Dr Jennifer Louise Cahill,must,48,827,17,25,1.9269622222222222,0.7235,0.10638297872340426,0.3958333333333333,0.20833333333333334,0.1875,0,1991,2026,0,40,83.3,89.8876404494382,88.20224719101124,91.22191011235955,49.57865168539326,75.70224719101124,40.80056179775281
Dr Jennifer Margaret Wells,must,0,0,0,0,,,0.0,0.0,0.0,0.0,0,0,0,0,0,0.0,16.78370786516854,18.117977528089888,18.117977528089888,23.45505617977528,23.876404494382022,40.80056179775281
Dr Jenny  Nicolopoulos,must,22,184,8,8,1.0516272727272726,0.48629999999999995,0.36363636363636365,0.09090909090909091,0.09090909090909091,0.045454545454545456,1,2002,2025,0,22,100.0,79.14325842696628,68.04775280898876,77.10674157303372,73.66573033707866,50.07022471910112,83.07584269662921
Dr Jenny  Tu,must,12,212,8,6,1.1318666666666666,0.53005,0.4166666666666667,0.0,0.75,0.0,1,2008,2018,0,9,75.0,69.17134831460675,70.50561797752809,77.10674157303372,78.93258426966293,23.876404494382022,83.07584269662921
Dr Jeremy James Horton,must,0,0,0,0,,,0.0,0.0,0.0,0.0,0,0,0,0,0,0.0,16.78370786516854,18.117977528089888,18.117977528089888,23.45505617977528,23.876404494382022,40.80056179775281
Dr Jeremy Leon Ng,must,0,0,0,0,,,0.0,0.0,0.0,0.0,9,0,0,0,0,0.0,16.78370786516854,18.117977528089888,18.117977528089888,23.45505617977528,23.876404494382022,92.34550561797754
Dr Jeremy Paul Banky,must,5,319,5,5,1.3549799999999999,0.9493,0.0,0.4,1.0,0.0,0,2002,2005,0,4,80.0,54.634831460674164,76.26404494382022,65.30898876404494,23.45505617977528,75.98314606741573,40.80056179775281
Dr Jesse James Johnston,must,1,3,1,0,0.3391,0.3391,0.0,0.0,1.0,0.0,0,2016,2016,0,1,100.0,37.78089887640449,38.48314606741573,40.44943820224719,23.45505617977528,23.876404494382022,40.80056179775281
Dr Jessica Mary Bale,must,0,0,0,0,,,0.0,0.0,0.0,0.0,0,0,0,0,0,0.0,16.78370786516854,18.117977528089888,18.117977528089888,23.45505617977528,23.876404494382022,40.80056179775281
Dr Jill Ann Cargnello,must,10,66,4,4,3.2875499999999995,0.6529,0.0,0.2,0.5,0.2,0,1994,1999,0,7,70.0,66.99438202247191,56.46067415730337,60.39325842696629,23.45505617977528,59.90168539325843,40.80056179775281
Dr Jillian  Wells,must,24,774,9,5,2.9540333333333337,0.5977,0.4583333333333333,0.5,0.16666666666666666,0.20833333333333334,1,1983,2025,0,23,95.8,80.82865168539325,87.78089887640449,80.0561797752809,82.02247191011236,80.47752808988764,83.07584269662921
Dr Jo-Ann  See,must,29,1107,13,16,3.005279310344828,0.8674,0.4827586206896552,0.5862068965517241,0.3448275862068966,0.1724137931034483,0,1992,2025,0,27,93.1,84.5505617977528,89.8876404494382,87.78089887640449,83.84831460674157,84.8314606741573,40.80056179775281
Dr Joel Jonathan Sze-Ming Chan,must,0,0,0,0,,,0.0,0.0,0.0,0.0,0,0,0,0,0,0.0,16.78370786516854,18.117977528089888,18.117977528089888,23.45505617977528,23.876404494382022,40.80056179775281
Dr Johanna Merilyn Kuchel,must,11,313,8,8,2.8491909090909093,2.1136,0.18181818181818182,0.2727272727272727,0.7272727272727273,0.0,0,2002,2006,0,11,100.0,68.1179775280899,75.98314606741573,77.10674157303372,55.75842696629213,65.87078651685393,40.80056179775281
Dr Johannes Steffen Kern,must,219,3507,30,64,1.406038335412371,0.3224,0.4657534246575342,0.634703196347032,0.1780821917808219,0.182648401826484,77,1977,2026,1,170,77.6,97.47191011235955,95.08426966292134,95.50561797752809,82.58426966292134,86.51685393258427,97.82303370786516
Dr John  Frewen,must,18,49,4,1,0.9734944444444444,0.8955,0.5,0.8888888888888888,0.3888888888888889,0.0,0,2020,2026,0,15,83.3,76.12359550561798,52.80898876404494,60.39325842696629,86.37640449438202,93.04775280898876,40.80056179775281
Dr John Anthony Kerry Mackay,must,0,0,0,0,,,0.0,0.0,0.0,0.0,0,0,0,0,0,0.0,16.78370786516854,18.117977528089888,18.117977528089888,23.45505617977528,23.876404494382022,40.80056179775281
Dr John Anthony Pagliaro,must,8,168,5,3,1.1625125,0.6796,0.25,0.375,0.5,0.125,0,1999,2024,0,8,100.0,63.41292134831461,67.13483146067416,65.30898876404494,61.93820224719101,74.85955056179775,40.80056179775281
Dr John Chit Su,must,1,1,1,0,13.8212,13.8212,1.0,1.0,0.0,0.0,0,2026,2026,0,1,100.0,37.78089887640449,36.44662921348314,40.44943820224719,97.75280898876404,97.26123595505618,40.80056179775281
Dr John Francis Shannon,must,1,2,1,0,0.0,0.0,1.0,1.0,1.0,0.0,0,1995,1995,0,0,0.0,37.78089887640449,37.359550561797754,40.44943820224719,97.75280898876404,97.26123595505618,40.80056179775281
Dr John Lawrence Snow,must,0,0,0,0,,,0.0,0.0,0.0,0.0,0,0,0,0,0,0.0,16.78370786516854,18.117977528089888,18.117977528089888,23.45505617977528,23.876404494382022,40.80056179775281
Dr John Peter Relic,must,22,383,8,8,1.0382476190476193,0.2231,0.38095238095238093,0.13636363636363635,0.0,0.4090909090909091,0,1995,2026,0,17,77.3,79.14325842696628,79.00280898876404,77.10674157303372,75.28089887640449,53.65168539325843,40.80056179775281
Dr John Renford Sullivan,must,0,0,0,0,,,0.0,0.0,0.0,0.0,0,0,0,4,0,0.0,16.78370786516854,18.117977528089888,18.117977528089888,23.45505617977528,23.876404494382022,40.80056179775281
Dr John Walter Frew,must,286,4637,40,104,2.6160199206818175,0.989,0.5611510791366906,0.5314685314685315,0.3321678321678322,0.32517482517482516,62,1983,2026,1,254,88.8,97.89325842696628,96.27808988764045,97.6123595505618,90.02808988764045,82.86516853932584,97.47191011235955
Dr John William Kelly,must,29,431,13,14,0.6819554003703703,0.5968,0.14814814814814814,0.10344827586206896,0.4827586206896552,0.27586206896551724,0,1960,2020,1,23,79.3,84.5505617977528,80.6179775280899,87.78089887640449,52.87921348314607,50.98314606741573,40.80056179775281
Dr Jonathan Chun Hong Ng,must,0,0,0,0,,,0.0,0.0,0.0,0.0,164,0,0,0,0,0.0,16.78370786516854,18.117977528089888,18.117977528089888,23.45505617977528,23.876404494382022,99.01685393258427
Dr Joseph  Konya,must,8,86,6,5,0.9146000000000001,0.9178,0.125,0.375,0.25,0.125,0,1992,2021,0,8,100.0,63.41292134831461,59.33988764044944,70.08426966292134,50.70224719101124,74.85955056179775,40.80056179775281
Dr Josephine Margaret Yeatman,must,8,608,8,7,1.3541375,1.00435,0.125,0.125,0.625,0.0,0,1996,2005,0,8,100.0,63.41292134831461,84.8314606741573,77.10674157303372,50.70224719101124,52.73876404494382,40.80056179775281
Dr Joshua Angelo Elakis,must,2,41,2,2,2.6155999999999997,2.6155999999999997,1.0,0.0,0.5,0.0,0,2016,2023,0,2,100.0,44.10112359550562,51.1938202247191,48.59550561797753,97.75280898876404,23.876404494382022,40.80056179775281
Dr Josie Yeatman,must,1,19,1,1,0.5584,0.5584,0.0,1.0,0.0,0.0,0,2014,2014,0,1,100.0,37.78089887640449,44.52247191011236,40.44943820224719,23.45505617977528,97.26123595505618,40.80056179775281
Dr Joy Sue Ming Yee,must,1,16,1,1,4.2693,4.2693,0.0,0.0,1.0,0.0,0,2016,2016,0,1,100.0,37.78089887640449,43.39887640449438,40.44943820224719,23.45505617977528,23.876404494382022,40.80056179775281
Dr Joyce Hei Yun Ma,must,0,0,0,0,,,0.0,0.0,0.0,0.0,30,0,0,0,0,0.0,16.78370786516854,18.117977528089888,18.117977528089888,23.45505617977528,23.876404494382022,96.48876404494382
Dr Judith Mary Cole,must,22,320,10,12,1.0751272727272727,0.40945,0.3181818181818182,0.4090909090909091,0.0,0.09090909090909091,0,1990,2022,0,20,90.9,79.14325842696628,76.4747191011236,82.30337078651685,68.1179775280899,76.40449438202246,40.80056179775281
Dr Julia Emma Joy Rhodes,must,4,468,4,3,11.246525,1.25085,0.5,0.25,0.0,0.0,0,2012,2020,1,2,50.0,51.82584269662921,81.95224719101124,60.39325842696629,86.37640449438202,64.25561797752809,40.80056179775281
Dr Juliana  Miglio Bensabat Junger,must,1,0,0,0,,,1.0,0.0,1.0,0.0,0,2014,2014,0,0,0.0,37.78089887640449,18.117977528089888,18.117977528089888,97.75280898876404,23.876404494382022,40.80056179775281
Dr Justin  Bui,must,25,826,8,8,1.4559,0.1727,0.4,0.76,0.08,0.04,0,2016,2026,0,6,24.0,81.81179775280899,88.06179775280899,77.10674157303372,77.31741573033707,89.8876404494382,40.80056179775281
Dr Kamaldeep  Sandhu,must,37,620,14,20,0.34794005257142857,0.3191,0.2702702702702703,0.6216216216216216,0.5135135135135135,0.10810810810810811,0,2001,2023,0,32,86.5,87.07865168539325,85.39325842696628,88.62359550561798,63.62359550561798,85.81460674157303,40.80056179775281
Dr Kanika  Sahni,must,43,556,12,15,0.8478043702325582,0.43208792,0.5581395348837209,0.9767441860465116,0.23255813953488372,0.23255813953488372,0,1997,2025,0,38,88.4,88.90449438202246,83.56741573033707,86.3061797752809,89.8876404494382,94.24157303370787,40.80056179775281
Dr Karen Elizabeth Behne,must,2,27,2,2,0.0,0.0,0.0,0.0,1.0,0.0,0,2002,2003,0,2,100.0,44.10112359550562,47.752808988764045,48.59550561797753,23.45505617977528,23.876404494382022,40.80056179775281
Dr Karen Julie Koh,must,3,77,3,2,0.9875666666666666,1.3691,0.0,0.0,0.6666666666666666,0.0,0,2003,2004,0,3,100.0,48.24438202247191,58.42696629213483,55.12640449438202,23.45505617977528,23.876404494382022,40.80056179775281
Dr Karen Margaret Stapleton,must,0,0,0,0,,,0.0,0.0,0.0,0.0,5,0,0,0,0,0.0,16.78370786516854,18.117977528089888,18.117977528089888,23.45505617977528,23.876404494382022,88.90449438202246
Dr Karen Melanie Wolfowitz,must,0,0,0,0,,,0.0,0.0,0.0,0.0,0,0,0,0,0,0.0,16.78370786516854,18.117977528089888,18.117977528089888,23.45505617977528,23.876404494382022,40.80056179775281
Dr Karl Heinz Rodins,must,16,427,10,10,2.0223500000000003,0.8441,0.375,0.1875,0.3125,0.25,0,2002,2022,0,11,68.8,74.64887640449437,80.47752808988764,82.30337078651685,74.71910112359551,58.56741573033708,40.80056179775281
Dr Karolina Louisa Suzanna Kerkemeyer,must,20,239,10,10,1.1321105263157893,0.7696,0.4,0.2,0.85,0.0,0,2018,2024,0,20,100.0,77.87921348314607,72.6123595505618,82.30337078651685,77.31741573033707,59.90168539325843,40.80056179775281
Dr Karyn Rae Lun,must,15,318,9,8,1.0163133333333334,0.4127,0.13333333333333333,0.2,0.2,0.3333333333333333,5,2000,2021,0,14,93.3,73.38483146067416,76.12359550561798,80.0561797752809,51.1938202247191,59.90168539325843,88.90449438202246
Dr Kate DeAmbrosis,must,1,17,1,1,2.4893,2.4893,1.0,0.0,0.0,0.0,0,2021,2021,0,1,100.0,37.78089887640449,43.96067415730337,40.44943820224719,97.75280898876404,23.876404494382022,40.80056179775281
Dr Kate Elizabeth Simpson,must,0,0,0,0,,,0.0,0.0,0.0,0.0,23,0,0,0,0,0.0,16.78370786516854,18.117977528089888,18.117977528089888,23.45505617977528,23.876404494382022,95.92696629213484
Dr Kate Louise-Anne Borchard,must,0,0,0,0,,,0.0,0.0,0.0,0.0,0,0,0,0,0,0.0,16.78370786516854,18.117977528089888,18.117977528089888,23.45505617977528,23.876404494382022,40.80056179775281
Dr Kate Margaret Newland,must,16,341,7,5,2.0108,0.54615,0.1875,0.0625,0.5,0.125,0,2007,2025,0,11,68.8,74.64887640449437,77.31741573033707,74.01685393258427,56.17977528089888,48.45505617977528,40.80056179775281
Dr Katharine Julia Dunlop,must,0,0,0,0,,,0.0,0.0,0.0,0.0,390,0,0,0,0,0.0,16.78370786516854,18.117977528089888,18.117977528089888,23.45505617977528,23.876404494382022,99.85955056179775
Dr Katherine Julienne Allnutt,must,6,128,4,2,4.4528,0.8804,0.3333333333333333,0.3333333333333333,0.5,0.0,0,2013,2023,0,4,66.7,57.51404494382022,64.18539325842697,60.39325842696629,70.57584269662921,70.78651685393258,40.80056179775281
Dr Katherine Patricia York,must,23,660,10,11,4.234490476190476,1.3039,0.8181818181818182,0.6956521739130435,0.13043478260869565,0.0,7,2014,2025,0,14,60.9,80.12640449438202,85.67415730337079,82.30337078651685,95.29494382022472,88.27247191011236,91.01123595505618
Dr Katherine Sarah Armour,must,15,424,10,10,1.963666666666667,1.1422,0.3333333333333333,0.4,0.3333333333333333,0.06666666666666667,0,1999,2025,0,14,93.3,73.38483146067416,80.33707865168539,82.30337078651685,70.57584269662921,75.98314606741573,40.80056179775281
Dr Kathleen  Wang,must,15,474,8,8,1.9797333333333336,0.9465,0.4666666666666667,1.0,0.5333333333333333,0.0,0,2012,2025,0,3,20.0,73.38483146067416,82.30337078651685,77.10674157303372,82.79494382022472,97.26123595505618,40.80056179775281
Dr Kathryn Maree De Ambrosis,must,1,3,1,0,0.5818,0.5818,0.0,0.0,0.0,1.0,0,2014,2014,0,1,100.0,37.78089887640449,38.48314606741573,40.44943820224719,23.45505617977528,23.876404494382022,40.80056179775281
Dr Katie Huong Le,must,3,48,3,3,0.9884666666666666,1.2656,0.3333333333333333,0.6666666666666666,1.0,0.0,0,2005,2009,0,3,100.0,48.24438202247191,52.52808988764045,55.12640449438202,70.57584269662921,87.14887640449437,40.80056179775281
Dr Kavita  Enjeti,must,1,0,0,0,0.0,0.0,1.0,0.0,0.0,0.0,0,2025,2025,0,1,100.0,37.78089887640449,18.117977528089888,18.117977528089888,97.75280898876404,23.876404494382022,40.80056179775281
Dr Ken Joseph Gudmundsen,must,7,200,5,4,0.8609571428571429,0.9594,0.0,0.8571428571428571,0.7142857142857143,0.14285714285714285,0,1990,1995,0,7,100.0,60.67415730337079,69.24157303370787,65.30898876404494,23.45505617977528,92.2752808988764,40.80056179775281
Dr Kendall Katie Sharpe,must,3,28,3,1,1.0151666666666668,1.2093,0.3333333333333333,0.0,0.0,0.0,0,2014,2017,0,2,66.7,48.24438202247191,48.03370786516854,55.12640449438202,70.57584269662921,23.876404494382022,40.80056179775281
Dr Keng  Chen,must,0,0,0,0,,,0.0,0.0,0.0,0.0,105,0,0,0,0,0.0,16.78370786516854,18.117977528089888,18.117977528089888,23.45505617977528,23.876404494382022,98.59550561797754
Dr Keng-Ee  Thai,must,16,574,11,11,1.19793125,0.7265,0.1875,0.0625,0.6875,0.3125,0,1999,2023,0,16,100.0,74.64887640449437,84.05898876404494,84.26966292134831,56.17977528089888,48.45505617977528,40.80056179775281
Dr Kenneth Chiu Wai Wong,must,0,0,0,0,,,0.0,0.0,0.0,0.0,380,0,0,0,0,0.0,16.78370786516854,18.117977528089888,18.117977528089888,23.45505617977528,23.876404494382022,99.71910112359551
Dr Kenneth Kai-Leung Ho,must,0,0,0,0,,,0.0,0.0,0.0,0.0,0,0,0,0,0,0.0,16.78370786516854,18.117977528089888,18.117977528089888,23.45505617977528,23.876404494382022,40.80056179775281
Dr Kerry Ann Crotty,must,58,2853,24,34,1.093593103448276,0.349,0.15517241379310345,0.2413793103448276,0.1896551724137931,0.06896551724137931,0,1992,2025,0,56,96.6,91.01123595505618,94.66292134831461,93.75,53.65168539325843,62.92134831460674,40.80056179775281
Dr Kevin John Dallimore,must,0,0,0,0,,,0.0,0.0,0.0,0.0,0,0,0,0,0,0.0,16.78370786516854,18.117977528089888,18.117977528089888,23.45505617977528,23.876404494382022,40.80056179775281
Dr Kevin Phan,must,623,20909,74,386,2.4705150822690434,1.4417,0.4606741573033708,0.5377207062600321,0.33707865168539325,0.11396468699839486,0,1993,2026,0,136,21.8,99.43820224719101,99.43820224719101,99.57865168539325,82.16292134831461,83.28651685393258,40.80056179775281
Dr Khai-Yuen  Choong,must,0,0,0,0,,,0.0,0.0,0.0,0.0,0,0,0,0,0,0.0,16.78370786516854,18.117977528089888,18.117977528089888,23.45505617977528,23.876404494382022,40.80056179775281
Dr Kimble Mark Opie,must,0,0,0,0,,,0.0,0.0,0.0,0.0,0,0,0,0,0,0.0,16.78370786516854,18.117977528089888,18.117977528089888,23.45505617977528,23.876404494382022,40.80056179775281
Dr Kirsty Josephine Leigh Wark,must,0,0,0,0,,,0.0,0.0,0.0,0.0,0,0,0,0,0,0.0,16.78370786516854,18.117977528089888,18.117977528089888,23.45505617977528,23.876404494382022,40.80056179775281
Dr Koraisha  Hoosen,must,5,53,2,1,0.90302,0.2385,1.0,1.0,0.2,0.2,0,2016,2019,0,4,80.0,54.634831460674164,53.37078651685393,48.59550561797753,97.75280898876404,97.26123595505618,40.80056179775281
Dr Kristyn Sharee Deen,must,0,0,0,0,,,0.0,0.0,0.0,0.0,0,0,0,0,0,0.0,16.78370786516854,18.117977528089888,18.117977528089888,23.45505617977528,23.876404494382022,40.80056179775281
Dr Kurosh  Parsi,must,121,2267,27,40,1.5353686956521742,0.5631,0.23728813559322035,0.33884297520661155,0.39669421487603307,0.4214876033057851,3,2000,2026,0,41,33.9,95.36516853932584,93.96067415730337,95.2247191011236,60.39325842696629,72.47191011235955,86.51685393258427
Dr Kurt Aaron Josef Gebauer,must,92,2371,26,47,1.8216247191011234,0.6044,0.28888888888888886,0.3695652173913043,0.2608695652173913,0.22826086956521738,1,1989,2026,2,86,93.5,93.53932584269663,94.10112359550563,94.73314606741573,65.87078651685393,74.43820224719101,83.07584269662921
Dr Kyoko  Shirato,must,5,160,4,3,2.5791200000000005,1.5173,0.2,0.0,0.4,0.0,0,2006,2011,0,5,100.0,54.634831460674164,66.99438202247191,60.39325842696629,57.02247191011236,23.876404494382022,40.80056179775281
Dr Lachlan John Warren,must,25,420,11,13,0.8137478260869565,0.6274,0.08333333333333333,0.2,0.24,0.24,0,1997,2025,0,23,92.0,81.81179775280899,80.19662921348315,84.26966292134831,48.31460674157304,59.90168539325843,40.80056179775281
Dr Lance David Bear,must,0,0,0,0,,,0.0,0.0,0.0,0.0,0,0,0,0,0,0.0,16.78370786516854,18.117977528089888,18.117977528089888,23.45505617977528,23.876404494382022,40.80056179775281
Dr Lara  Trindade De Carvalho,must,20,432,8,8,2.6986350000000003,0.6124499999999999,0.55,0.5,0.3,0.05,0,2012,2024,0,19,95.0,77.87921348314607,80.75842696629213,77.10674157303372,89.39606741573034,80.47752808988764,40.80056179775281
Dr Laura  Scardamaglia,must,62,450,11,13,0.78098,0.0,0.39344262295081966,0.11290322580645161,0.08064516129032258,0.6129032258064516,0,2001,2026,0,48,77.4,91.64325842696628,81.32022471910112,84.26966292134831,75.98314606741573,51.82584269662921,40.80056179775281
Dr Laura Dionisio Wheller,must,25,123,6,5,0.6751560000000001,0.2326,0.24,0.08,0.2,0.52,0,2013,2026,0,25,100.0,81.81179775280899,63.48314606741573,70.08426966292134,60.74438202247191,49.71910112359551,40.80056179775281
Dr Lauren Anderson,must,148,5903,27,40,5.781265517241379,0.0,0.4195804195804196,0.4391891891891892,0.3310810810810811,0.12162162162162163,0,1967,2026,0,1,0.7,95.92696629213484,96.91011235955057,95.2247191011236,79.21348314606742,78.08988764044943,40.80056179775281
Dr Lauren Cordelia Young,must,2,61,2,1,0.10015,0.10015,0.0,0.0,1.0,0.0,0,2011,2017,0,2,100.0,44.10112359550562,55.89887640449438,48.59550561797753,23.45505617977528,23.876404494382022,40.80056179775281
Dr Lauren Patricia Buchanan,must,0,0,0,0,,,0.0,0.0,0.0,0.0,0,0,0,0,0,0.0,16.78370786516854,18.117977528089888,18.117977528089888,23.45505617977528,23.876404494382022,40.80056179775281
Dr Lauren Peta Kunde,must,0,0,0,0,,,0.0,0.0,0.0,0.0,0,0,0,1,0,0.0,16.78370786516854,18.117977528089888,18.117977528089888,23.45505617977528,23.876404494382022,40.80056179775281
Dr Leah Monique Wilson,must,0,0,0,0,,,0.0,0.0,0.0,0.0,0,0,0,0,0,0.0,16.78370786516854,18.117977528089888,18.117977528089888,23.45505617977528,23.876404494382022,40.80056179775281
Dr Lee Mei Yap,must,2,53,2,2,2.12675,2.12675,0.0,0.5,0.0,0.0,0,2009,2009,0,2,100.0,44.10112359550562,53.37078651685393,48.59550561797753,23.45505617977528,80.47752808988764,40.80056179775281
Dr Lei  Tong,must,0,0,0,0,,,0.0,0.0,0.0,0.0,181,0,0,0,0,0.0,16.78370786516854,18.117977528089888,18.117977528089888,23.45505617977528,23.876404494382022,99.43820224719101
Dr Leith Banney,must,25,349,9,9,1.432288,0.5322,0.4,0.36,0.16,0.16,0,2000,2025,0,24,96.0,81.81179775280899,77.80898876404494,80.0561797752809,77.31741573033707,73.73595505617978,40.80056179775281
Dr Lena Alexandra Beatrix Von Schuckmann,must,41,356,10,10,0.63316,0.2498,0.5365853658536586,0.4146341463414634,0.4634146341463415,0.0975609756097561,13,2015,2025,0,39,95.1,88.48314606741573,78.23033707865169,82.30337078651685,88.90449438202246,76.54494382022472,94.73314606741573
Dr Lena My Thanh Ly,must,9,101,5,4,1.7378125000000002,0.5797,0.2222222222222222,0.0,0.5555555555555556,0.0,0,2011,2025,0,9,100.0,65.37921348314607,60.95505617977528,65.30898876404494,59.12921348314607,23.876404494382022,40.80056179775281
Dr Leona Wan Yi Yip,must,40,1347,18,26,3.6473617835,1.70655,0.45,0.5,0.375,0.125,1,2005,2026,0,37,92.5,88.27247191011236,91.99438202247191,92.06460674157303,81.60112359550563,80.47752808988764,83.07584269662921
Dr Li-Chuen Francesca Wong,must,0,0,0,0,,,0.0,0.0,0.0,0.0,0,0,0,0,0,0.0,16.78370786516854,18.117977528089888,18.117977528089888,23.45505617977528,23.876404494382022,40.80056179775281
Dr Liang Joo  Leow,must,24,434,9,7,1.1298125,0.16725,0.7083333333333334,0.2916666666666667,0.5416666666666666,0.20833333333333334,0,2006,2024,0,18,75.0,80.82865168539325,80.89887640449437,80.0561797752809,94.10112359550563,66.99438202247191,40.80056179775281
Dr Linda  Chan,must,18,215,6,6,0.9576529411764706,0.0,0.35294117647058826,0.16666666666666666,0.3333333333333333,0.3888888888888889,7,1984,2022,0,10,55.6,76.12359550561798,70.71629213483146,70.08426966292134,73.17415730337079,56.46067415730337,91.01123595505618
Dr Linda Julie Bingham,must,0,0,0,0,,,0.0,0.0,0.0,0.0,0,0,0,0,0,0.0,16.78370786516854,18.117977528089888,18.117977528089888,23.45505617977528,23.876404494382022,40.80056179775281
Dr Linda Katherine Martin,must,103,2436,21,29,2.538868686868687,0.4975,0.42574257425742573,0.5048543689320388,0.20388349514563106,0.18446601941747573,40,1973,2026,0,81,78.6,93.96067415730337,94.24157303370787,93.04775280898876,79.49438202247191,82.02247191011236,96.91011235955057
Dr Linda Maree Pepall,must,0,0,0,0,,,0.0,0.0,0.0,0.0,0,0,0,0,0,0.0,16.78370786516854,18.117977528089888,18.117977528089888,23.45505617977528,23.876404494382022,40.80056179775281
Dr Lior  Sagi,must,9,302,6,3,1.9242222222222223,0.5738,0.1111111111111111,1.0,0.6666666666666666,0.0,0,2008,2017,0,8,88.9,65.37921348314607,75.70224719101124,70.08426966292134,49.859550561797754,97.26123595505618,40.80056179775281
Dr Lisa Abbott,must,26,407,9,9,2.51854,1.2683,0.46153846153846156,0.46153846153846156,0.38461538461538464,0.038461538461538464,0,2008,2026,0,19,73.1,82.93539325842697,79.98595505617978,80.0561797752809,82.30337078651685,78.65168539325843,40.80056179775281
Dr Lisa Michelle Byrom,must,33,344,10,11,0.7190125,0.2877,0.24242424242424243,0.30303030303030304,0.3939393939393939,0.06060606060606061,1,2010,2026,0,30,90.9,85.60393258426966,77.6685393258427,82.30337078651685,60.95505617977528,67.97752808988764,83.07584269662921
Dr Lizbeth Ruth Aragones Wheeler,must,1,2,1,0,,,0.0,0.0,0.0,0.0,0,2019,2019,0,1,100.0,37.78089887640449,37.359550561797754,40.44943820224719,23.45505617977528,23.876404494382022,40.80056179775281
Dr Lloyd Douglas Curtin,must,0,0,0,0,,,0.0,0.0,0.0,0.0,0,0,0,0,0,0.0,16.78370786516854,18.117977528089888,18.117977528089888,23.45505617977528,23.876404494382022,40.80056179775281
Dr Louis Chan,must,51,10180,34,39,7.58604,5.6716,0.5294117647058824,0.7254901960784313,0.9215686274509803,0.0196078431372549,0,1978,2012,0,0,0.0,90.4494382022472,98.03370786516854,96.1376404494382,88.76404494382022,89.18539325842697,40.80056179775281
Dr Louise Claire O'Halloran,must,0,0,0,0,,,0.0,0.0,0.0,0.0,0,0,0,0,0,0.0,16.78370786516854,18.117977528089888,18.117977528089888,23.45505617977528,23.876404494382022,40.80056179775281
Dr Loy Kiat Alvin Chia,must,0,0,0,0,,,0.0,0.0,0.0,0.0,0,0,0,0,0,0.0,16.78370786516854,18.117977528089888,18.117977528089888,23.45505617977528,23.876404494382022,40.80056179775281
Dr Lucy Kate Pitney,must,5,62,5,3,0.66984,0.5212,0.2,0.0,0.8,0.0,0,2015,2020,0,5,100.0,54.634831460674164,56.03932584269663,65.30898876404494,57.02247191011236,23.876404494382022,40.80056179775281
Dr Ludi  Ge,must,17,206,8,7,1.2851440982352942,0.3066,0.29411764705882354,0.17647058823529413,0.29411764705882354,0.058823529411764705,1,2014,2026,0,11,64.7,75.35112359550563,69.66292134831461,77.10674157303372,66.01123595505618,58.00561797752809,83.07584269662921
Dr Lynda Jane Spelman,must,131,6256,27,45,3.515491538461539,0.4249,0.5190839694656488,0.6259541984732825,0.1297709923664122,0.16793893129770993,12,1994,2025,11,127,96.9,95.64606741573034,97.3314606741573,95.2247191011236,88.34269662921348,85.95505617977528,94.31179775280899
Dr Maddie Gorji,must,2,7,2,0,0.40275,0.40275,0.5,0.0,0.0,0.0,0,2020,2020,0,2,100.0,44.10112359550562,40.51966292134831,48.59550561797753,86.37640449438202,23.876404494382022,40.80056179775281
Dr Mahdieh  Gorji,must,16,101,4,3,1.6721875,0.30379999999999996,0.375,0.4375,0.25,0.125,1,2011,2025,0,7,43.8,74.64887640449437,60.95505617977528,60.39325842696629,74.71910112359551,77.9494382022472,83.07584269662921
Dr Margaret Ann Oziemski,must,7,122,6,4,1.4636142857142858,0.7865,0.14285714285714285,0.2857142857142857,0.2857142857142857,0.14285714285714285,0,1989,2016,0,6,85.7,60.67415730337079,63.06179775280899,70.08426966292134,52.17696629213483,66.50280898876404,40.80056179775281
Dr Margit Marisa Polcz,must,23,98,4,3,0.4756,0.0,0.43478260869565216,0.34782608695652173,0.13043478260869565,0.391304347826087,0,2011,2026,0,16,69.6,80.12640449438202,59.97191011235955,60.39325842696629,80.40730337078652,72.96348314606742,40.80056179775281
Dr Margot Julie Whitfeld,must,82,3533,26,48,2.97038125,1.1251,0.5,0.5,0.2926829268292683,0.2073170731707317,15,1989,2024,0,72,87.8,92.90730337078652,95.2247191011236,94.73314606741573,86.37640449438202,80.47752808988764,95.29494382022472
Dr Marguerite Seith,must,0,0,0,0,,,0.0,0.0,0.0,0.0,0,0,0,0,0,0.0,16.78370786516854,18.117977528089888,18.117977528089888,23.45505617977528,23.876404494382022,40.80056179775281
Dr Maria  Jones-Caballero,must,50,881,15,19,0.6908941548,0.2175,0.18,0.52,0.32,0.1,2,1994,2024,0,39,78.0,90.23876404494382,88.76404494382022,89.53651685393258,55.61797752808989,82.4438202247191,85.32303370786516
Dr Mark  Cicchiello,must,1,26,1,1,1.2986,1.2986,0.0,0.0,1.0,0.0,0,2015,2015,0,1,100.0,37.78089887640449,47.331460674157306,40.44943820224719,23.45505617977528,23.876404494382022,40.80056179775281
Dr Mark Ian Darling,must,0,0,0,0,,,0.0,0.0,0.0,0.0,7,0,0,0,0,0.0,16.78370786516854,18.117977528089888,18.117977528089888,23.45505617977528,23.876404494382022,91.01123595505618
Dr Mark Scott Saywell,must,0,0,0,0,,,0.0,0.0,0.0,0.0,0,0,0,0,0,0.0,16.78370786516854,18.117977528089888,18.117977528089888,23.45505617977528,23.876404494382022,40.80056179775281
Dr Matheen  Mohamed,must,8,56,3,1,0.79015,0.0,0.25,0.125,0.375,0.375,0,1999,2018,0,7,87.5,63.41292134831461,54.07303370786517,55.12640449438202,61.93820224719101,52.73876404494382,40.80056179775281
Dr Matthew David Howard,must,29,334,10,10,0.8796777777777778,0.6993,0.6551724137931034,0.13793103448275862,0.6551724137931034,0.06896551724137931,0,2000,2025,0,24,82.8,84.5505617977528,76.96629213483146,82.30337078651685,91.99438202247191,53.79213483146067,40.80056179775281
Dr Matthew Gibson,must,391,14522,63,184,2.6567977591036414,0.9944,0.5501285347043702,0.8593350383631714,0.12531969309462915,0.5933503836317136,0,1961,2026,0,2,0.5,98.31460674157303,98.87640449438202,99.15730337078652,89.60674157303372,92.41573033707866,40.80056179775281
Dr Matthew James Lin,must,2,4,1,0,0.8721,0.8721,0.5,0.0,0.0,0.5,0,2024,2026,0,2,100.0,44.10112359550562,39.25561797752809,40.44943820224719,86.37640449438202,23.876404494382022,40.80056179775281
Dr Matthew James Palmer,must,1,0,0,0,,,0.0,0.0,1.0,0.0,0,2014,2014,0,0,0.0,37.78089887640449,18.117977528089888,18.117977528089888,23.45505617977528,23.876404494382022,40.80056179775281
Dr Matthew John Warren,must,1,2,1,0,1.2622,1.2622,1.0,0.0,1.0,0.0,0,1996,1996,0,0,0.0,37.78089887640449,37.359550561797754,40.44943820224719,97.75280898876404,23.876404494382022,40.80056179775281
Dr Matthew Paul Hishon,must,3,25,2,1,0.3029,0.1627,0.6666666666666666,1.0,0.0,0.0,0,2014,2018,0,3,100.0,48.24438202247191,46.83988764044944,48.59550561797753,92.90730337078652,97.26123595505618,40.80056179775281
Dr Matthew Sang-Woo Cho,must,2,90,2,2,2.4773500000000004,2.4773500000000004,0.5,0.5,0.5,0.0,0,2016,2020,0,1,50.0,44.10112359550562,59.69101123595506,48.59550561797753,86.37640449438202,80.47752808988764,40.80056179775281
Dr May-Lian  Lee,must,7,75,6,4,0.3484285714285714,0.1294,0.14285714285714285,0.14285714285714285,0.8571428571428571,0.0,0,1988,1994,0,7,100.0,60.67415730337079,58.07584269662921,70.08426966292134,52.17696629213483,54.35393258426966,40.80056179775281
Dr Megan Louise Andrews,must,0,0,0,0,,,0.0,0.0,0.0,0.0,0,0,0,0,0,0.0,16.78370786516854,18.117977528089888,18.117977528089888,23.45505617977528,23.876404494382022,40.80056179775281
Dr Meghana Prakash Paranjape,must,0,0,0,0,,,0.0,0.0,0.0,0.0,0,0,0,0,0,0.0,16.78370786516854,18.117977528089888,18.117977528089888,23.45505617977528,23.876404494382022,40.80056179775281
Dr Mei Mui Tam,must,30,691,15,17,1.906566666666667,0.9752000000000001,0.06666666666666667,0.16666666666666666,0.03333333333333333,0.26666666666666666,0,1996,2025,0,29,96.7,85.04213483146067,86.37640449438202,89.53651685393258,47.68258426966292,56.46067415730337,40.80056179775281
Dr Mei-Heng  Tan,must,30,695,12,15,1.3101666666666667,0.21055000000000001,0.2,0.7666666666666667,0.3333333333333333,0.06666666666666667,0,1990,2017,0,22,73.3,85.04213483146067,86.51685393258427,86.3061797752809,57.02247191011236,90.1685393258427,40.80056179775281
Dr Melissa Jane Carroll,must,0,0,0,0,,,0.0,0.0,0.0,0.0,0,0,0,0,0,0.0,16.78370786516854,18.117977528089888,18.117977528089888,23.45505617977528,23.876404494382022,40.80056179775281
Dr Melissa Nicole Manahan,must,8,231,4,3,2.3655,0.9234,0.375,0.125,0.5,0.0,1,2011,2026,0,8,100.0,63.41292134831461,71.91011235955057,60.39325842696629,74.71910112359551,52.73876404494382,83.07584269662921
Dr Michael David Black,must,0,0,0,0,,,0.0,0.0,0.0,0.0,2,0,0,0,0,0.0,16.78370786516854,18.117977528089888,18.117977528089888,23.45505617977528,23.876404494382022,85.32303370786516
Dr Michael George Freeman,must,9,18,1,1,0.4740777777777778,0.0,0.1111111111111111,0.1111111111111111,0.7777777777777778,0.1111111111111111,0,2002,2025,0,5,55.6,65.37921348314607,44.241573033707866,40.44943820224719,49.859550561797754,51.54494382022472,40.80056179775281
Dr Michael John Bannister,must,2,207,2,2,1.481,1.481,0.0,0.0,1.0,0.0,0,2000,2001,0,2,100.0,44.10112359550562,69.87359550561798,48.59550561797753,23.45505617977528,23.876404494382022,40.80056179775281
Dr Michael Joseph Sladden,must,0,0,0,0,,,0.0,0.0,0.0,0.0,0,0,0,0,0,0.0,16.78370786516854,18.117977528089888,18.117977528089888,23.45505617977528,23.876404494382022,40.80056179775281
Dr Michael Ming Chit Li,must,0,0,0,0,,,0.0,0.0,0.0,0.0,0,0,0,0,0,0.0,16.78370786516854,18.117977528089888,18.117977528089888,23.45505617977528,23.876404494382022,40.80056179775281
Dr Michael Patrick Joseph Sharkey,must,0,0,0,0,,,0.0,0.0,0.0,0.0,0,0,0,0,0,0.0,16.78370786516854,18.117977528089888,18.117977528089888,23.45505617977528,23.876404494382022,40.80056179775281
Dr Michael Robin Lee,must,0,0,0,0,,,0.0,0.0,0.0,0.0,0,0,0,0,0,0.0,16.78370786516854,18.117977528089888,18.117977528089888,23.45505617977528,23.876404494382022,40.80056179775281
Dr Michael Ronald Webster,must,0,0,0,0,,,0.0,0.0,0.0,0.0,0,0,0,0,0,0.0,16.78370786516854,18.117977528089888,18.117977528089888,23.45505617977528,23.876404494382022,40.80056179775281
Dr Michael Victor Rich,must,0,0,0,0,,,0.0,0.0,0.0,0.0,0,0,0,0,0,0.0,16.78370786516854,18.117977528089888,18.117977528089888,23.45505617977528,23.876404494382022,40.80056179775281
Dr Michaela  Zallmann,must,7,155,5,5,2.0441857142857143,2.4426,0.5714285714285714,0.2857142857142857,0.42857142857142855,0.14285714285714285,0,2015,2022,0,4,57.1,60.67415730337079,66.71348314606742,65.30898876404494,90.51966292134831,66.50280898876404,40.80056179775281
Dr Michelle Anne Rodrigues,must,1,0,0,0,0.0,0.0,1.0,0.0,0.0,1.0,0,2026,2026,3,1,100.0,37.78089887640449,18.117977528089888,18.117977528089888,97.75280898876404,23.876404494382022,40.80056179775281
Dr Michelle Yvonne McRae,must,7,121,3,2,3.872483333333333,0.7792,0.5,0.42857142857142855,0.42857142857142855,0.14285714285714285,0,1971,2026,0,4,57.1,60.67415730337079,62.78089887640449,55.12640449438202,86.37640449438202,77.52808988764045,40.80056179775281
Dr Millicent Heather Osti,must,12,512,6,6,1.7171500000000002,0.9442,0.7272727272727273,0.5833333333333334,0.4166666666666667,0.08333333333333333,4,2019,2024,0,9,75.0,69.17134831460675,83.00561797752809,70.08426966292134,94.80337078651685,84.69101123595506,87.57022471910112
Dr Mitchell Allan Trevor Robinson,must,0,0,0,0,,,0.0,0.0,0.0,0.0,10,0,0,0,0,0.0,16.78370786516854,18.117977528089888,18.117977528089888,23.45505617977528,23.876404494382022,93.18820224719101
Dr Mohamed Saleem Loghdey,must,1,99,1,1,6.7719,6.7719,0.0,1.0,1.0,0.0,0,2014,2014,0,1,100.0,37.78089887640449,60.25280898876404,40.44943820224719,23.45505617977528,97.26123595505618,40.80056179775281
Dr Monisha  Gupta,must,7,9,2,0,0.7519428571428571,0.2087,0.42857142857142855,0.14285714285714285,0.0,0.42857142857142855,0,1980,2025,0,6,85.7,60.67415730337079,41.64325842696629,48.59550561797753,79.84550561797754,54.35393258426966,40.80056179775281
Dr Munther Shabib Ghanim Zureigat,must,3,7,1,0,5.781033333333333,0.8437,0.6666666666666666,0.3333333333333333,0.6666666666666666,0.0,0,2015,2026,0,3,100.0,48.24438202247191,40.51966292134831,40.44943820224719,92.90730337078652,70.78651685393258,40.80056179775281
Dr My Co Tran,must,1,5,1,0,0.153,0.153,1.0,0.0,0.0,0.0,0,2019,2019,0,1,100.0,37.78089887640449,39.67696629213483,40.44943820224719,97.75280898876404,23.876404494382022,40.80056179775281
Dr Nancy Ruth Todes-Taylor,must,0,0,0,0,,,0.0,0.0,0.0,0.0,0,0,0,0,0,0.0,16.78370786516854,18.117977528089888,18.117977528089888,23.45505617977528,23.876404494382022,40.80056179775281
Dr Narelle Ruth Bleasel,must,0,0,0,0,,,0.0,0.0,0.0,0.0,0,0,0,0,0,0.0,16.78370786516854,18.117977528089888,18.117977528089888,23.45505617977528,23.876404494382022,40.80056179775281
Dr Natalie Chuen-Ying Ling,must,0,0,0,0,,,0.0,0.0,0.0,0.0,0,0,0,0,0,0.0,16.78370786516854,18.117977528089888,18.117977528089888,23.45505617977528,23.876404494382022,40.80056179775281
Dr Neelanjana  Biswas,must,0,0,0,0,,,0.0,0.0,0.0,0.0,0,0,0,0,0,0.0,16.78370786516854,18.117977528089888,18.117977528089888,23.45505617977528,23.876404494382022,40.80056179775281
Dr Nelly  Jang,must,1,58,1,1,2.4347,2.4347,0.0,0.0,1.0,0.0,0,2008,2008,0,1,100.0,37.78089887640449,54.70505617977528,40.44943820224719,23.45505617977528,23.876404494382022,40.80056179775281
Dr Nerilee Ann Wall,must,5,19,2,1,0.6491800000000001,0.0,0.4,0.0,0.4,0.0,0,2012,2026,0,5,100.0,54.634831460674164,44.52247191011236,48.59550561797753,77.31741573033707,23.876404494382022,40.80056179775281
Dr Nghi Tu Huynh,must,16,178,8,8,1.0428328266666667,0.3753,0.1875,0.0625,0.5,0.0,2,2001,2021,0,11,68.8,74.64887640449437,67.62640449438202,77.10674157303372,56.17977528089888,48.45505617977528,85.32303370786516
Dr Niamh Anna O'Sullivan,must,3,32,2,1,1.1782000000000001,0.4922,0.0,0.0,0.3333333333333333,0.0,0,1970,2017,0,2,66.7,48.24438202247191,49.087078651685395,48.59550561797753,23.45505617977528,23.876404494382022,40.80056179775281
Dr Nicholas  Aspres,must,5,137,4,3,0.9229499999999999,1.1404999999999998,0.0,0.0,1.0,0.0,0,2003,2009,0,4,80.0,54.634831460674164,65.09831460674157,60.39325842696629,23.45505617977528,23.876404494382022,40.80056179775281
Dr Nicholas Frank De Rosa,must,0,0,0,0,,,0.0,0.0,0.0,0.0,0,0,0,0,0,0.0,16.78370786516854,18.117977528089888,18.117977528089888,23.45505617977528,23.876404494382022,40.80056179775281
Dr Nicholas Stewart,must,27,242,6,6,0.7941807692307692,0.25305,0.14814814814814814,0.4444444444444444,0.25925925925925924,0.14814814814814814,0,1966,2025,0,13,48.1,83.70786516853933,72.75280898876404,70.08426966292134,52.87921348314607,78.3005617977528,40.80056179775281
Dr Nikki Rae Adler,must,64,672,15,20,1.0093940821874998,0.2401,0.46875,0.296875,0.546875,0.015625,0,1996,2025,0,44,68.8,91.85393258426966,85.88483146067416,89.53651685393258,83.00561797752809,67.13483146067416,40.80056179775281
Dr Niluka Dilrukshi Paththinige,must,1,14,1,1,0.9354,0.9354,1.0,1.0,1.0,0.0,0,2019,2019,0,1,100.0,37.78089887640449,42.97752808988764,40.44943820224719,97.75280898876404,97.26123595505618,40.80056179775281
Dr Nina Yvette Wines,must,19,320,8,8,0.8662105263157894,0.0,0.2631578947368421,0.21052631578947367,0.42105263157894735,0.21052631578947367,0,2000,2025,0,14,73.7,77.03651685393258,76.4747191011236,77.10674157303372,63.34269662921348,61.37640449438202,40.80056179775281
Dr Niranthari  Chinniah,must,8,754,6,6,4.6016,0.65615,0.125,0.125,0.625,0.0,1,2009,2019,0,8,100.0,63.41292134831461,87.5,70.08426966292134,50.70224719101124,52.73876404494382,83.07584269662921
Dr Nisansala Mahenthi Nagodavithana,must,1,0,0,0,0.0,0.0,0.0,0.0,1.0,0.0,0,2018,2018,0,1,100.0,37.78089887640449,18.117977528089888,18.117977528089888,23.45505617977528,23.876404494382022,40.80056179775281
Dr Nita Sally Agar,must,15,1853,8,8,6.3284692307692305,2.1123,0.13333333333333333,0.5333333333333333,0.4,0.06666666666666667,0,2004,2023,0,14,93.3,73.38483146067416,93.1179775280899,77.10674157303372,51.1938202247191,83.07584269662921,40.80056179775281
Dr Niyati  Sharma,must,18,266,5,4,1.170411111111111,0.09665,0.5,0.7222222222222222,0.5,0.1111111111111111,0,2011,2026,0,5,27.8,76.12359550561798,74.08707865168539,65.30898876404494,86.37640449438202,89.04494382022472,40.80056179775281
Dr Noel Leslie Grieve,must,0,0,0,0,,,0.0,0.0,0.0,0.0,0,0,0,0,0,0.0,16.78370786516854,18.117977528089888,18.117977528089888,23.45505617977528,23.876404494382022,40.80056179775281
Dr Olivia Anastasia Charlton Joseph,must,0,0,0,0,,,0.0,0.0,0.0,0.0,0,0,0,0,0,0.0,16.78370786516854,18.117977528089888,18.117977528089888,23.45505617977528,23.876404494382022,40.80056179775281
Dr Olivia Jean Milne,must,1,1,1,0,0.0,0.0,0.0,0.0,0.0,0.0,0,2019,2019,0,1,100.0,37.78089887640449,36.44662921348314,40.44943820224719,23.45505617977528,23.876404494382022,40.80056179775281
Dr On Bon  Chan,must,10,55,5,2,0.4908333333333334,0.0,0.2,0.6,0.2,0.3,0,1988,2024,0,2,20.0,66.99438202247191,53.79213483146067,65.30898876404494,57.02247191011236,85.18258426966293,40.80056179775281
Dr Orli  Wargon,must,77,3670,25,45,4.211741891891892,1.1789,0.21621621621621623,0.33766233766233766,0.15584415584415584,0.4155844155844156,27,1981,2026,2,55,71.4,92.2752808988764,95.36516853932584,94.24157303370787,58.28651685393258,72.3314606741573,96.20786516853933
Dr Ozge  Gunduz,must,0,0,0,0,,,0.0,0.0,0.0,0.0,0,0,0,0,0,0.0,16.78370786516854,18.117977528089888,18.117977528089888,23.45505617977528,23.876404494382022,40.80056179775281
Dr Pablo  Fernandez Penas,must,0,0,0,0,,,0.0,0.0,0.0,0.0,0,0,0,0,0,0.0,16.78370786516854,18.117977528089888,18.117977528089888,23.45505617977528,23.876404494382022,40.80056179775281
Dr Parastoo  Banan,must,17,117,4,2,0.4623285714285714,0.0,0.058823529411764705,0.11764705882352941,0.6470588235294118,0.17647058823529413,1,2009,2015,0,17,100.0,75.35112359550563,62.42977528089888,60.39325842696629,47.47191011235955,52.24719101123596,83.07584269662921
Dr Parisa Arianejad,must,0,0,0,0,,,0.0,0.0,0.0,0.0,0,0,0,0,0,0.0,16.78370786516854,18.117977528089888,18.117977528089888,23.45505617977528,23.876404494382022,40.80056179775281
Dr Pascale Rovel Guitera,must,25,464,10,10,1.4596875,1.0954000000000002,0.8,0.72,0.04,0.12,73,2006,2025,3,24,96.0,81.81179775280899,81.60112359550563,82.30337078651685,95.08426966292134,88.76404494382022,97.6123595505618
Dr Patricia  Le,must,22,341,12,12,1.6294684210526313,0.953,0.8181818181818182,0.7727272727272727,0.2727272727272727,0.045454545454545456,33,2006,2025,0,5,22.7,79.14325842696628,77.31741573033707,86.3061797752809,95.29494382022472,90.4494382022472,96.62921348314607
Dr Patricia Margaret Lowe,must,56,912,17,25,1.4915363557142858,0.6759999999999999,0.3392857142857143,0.23214285714285715,0.125,0.375,0,1974,2026,0,39,69.6,90.87078651685393,88.90449438202246,91.22191011235955,72.19101123595506,62.78089887640449,40.80056179775281
Dr Patrick Campbell Walker,must,2,136,2,2,2.486,2.486,0.5,0.0,0.0,0.0,0,2006,2010,0,2,100.0,44.10112359550562,64.8876404494382,48.59550561797753,86.37640449438202,23.876404494382022,40.80056179775281
Dr Patrick David Mahar,must,72,1135,21,28,1.3939844713636362,0.5724,0.4788732394366197,0.2222222222222222,0.375,0.125,5,1988,2025,0,26,36.1,91.99438202247191,90.1685393258427,93.04775280898876,83.56741573033707,62.14887640449438,88.90449438202246
Dr Paul  Armenores,must,5,69,2,2,0.92746,0.599,0.0,0.2,1.0,0.0,0,2006,2011,0,5,100.0,54.634831460674164,57.09269662921348,48.59550561797753,23.45505617977528,59.90168539325843,40.80056179775281
Dr Paul  Cherian,must,26,683,12,13,1.2054,0.35319999999999996,0.3333333333333333,0.5,0.34615384615384615,0.07692307692307693,7,1992,2026,0,10,38.5,82.93539325842697,86.23595505617978,86.3061797752809,70.57584269662921,80.47752808988764,91.01123595505618
Dr Paul Anthony Curnow,must,0,0,0,0,,,0.0,0.0,0.0,0.0,0,0,0,0,0,0.0,16.78370786516854,18.117977528089888,18.117977528089888,23.45505617977528,23.876404494382022,40.80056179775281
Dr Paul Anthony Weller,must,0,0,0,0,,,0.0,0.0,0.0,0.0,4,0,0,0,0,0.0,16.78370786516854,18.117977528089888,18.117977528089888,23.45505617977528,23.876404494382022,87.57022471910112
Dr Paul Gregory Chee,must,0,0,0,0,,,0.0,0.0,0.0,0.0,0,0,0,0,0,0.0,16.78370786516854,18.117977528089888,18.117977528089888,23.45505617977528,23.876404494382022,40.80056179775281
Dr Paul Kiarash Khosrotehrani,must,0,0,0,0,,,0.0,0.0,0.0,0.0,0,0,0,0,0,0.0,16.78370786516854,18.117977528089888,18.117977528089888,23.45505617977528,23.876404494382022,40.80056179775281
Dr Paul Po-En Teng,must,0,0,0,0,,,0.0,0.0,0.0,0.0,0,0,0,0,0,0.0,16.78370786516854,18.117977528089888,18.117977528089888,23.45505617977528,23.876404494382022,40.80056179775281
Dr Penelope Ann Lee,must,0,0,0,0,,,0.0,0.0,0.0,0.0,0,0,0,0,0,0.0,16.78370786516854,18.117977528089888,18.117977528089888,23.45505617977528,23.876404494382022,40.80056179775281
Dr Penelope Anne Munro Alexander,must,0,0,0,0,,,0.0,0.0,0.0,0.0,0,0,0,0,0,0.0,16.78370786516854,18.117977528089888,18.117977528089888,23.45505617977528,23.876404494382022,40.80056179775281
Dr Penny Poh Lu Lim,must,1,7,1,0,0.8889,0.8889,0.0,0.0,1.0,0.0,0,2016,2016,0,1,100.0,37.78089887640449,40.51966292134831,40.44943820224719,23.45505617977528,23.876404494382022,40.80056179775281
Dr Perry Rowland Wilson,must,0,0,0,0,,,0.0,0.0,0.0,0.0,6,0,0,0,0,0.0,16.78370786516854,18.117977528089888,18.117977528089888,23.45505617977528,23.876404494382022,90.02808988764045
Dr Peter Anthony Foley,must,297,12031,51,132,3.0049142227457626,0.6141,0.44932432432432434,0.5454545454545454,0.1414141414141414,0.18855218855218855,0,1978,2026,2,275,92.6,98.17415730337079,98.45505617977528,98.87640449438202,81.46067415730337,83.49719101123596,40.80056179775281
Dr Peter Anthony Hogan,must,0,0,0,0,,,0.0,0.0,0.0,0.0,0,0,0,0,0,0.0,16.78370786516854,18.117977528089888,18.117977528089888,23.45505617977528,23.876404494382022,40.80056179775281
Dr Peter Charles Frederiksen,must,0,0,0,0,,,0.0,0.0,0.0,0.0,12,0,0,0,0,0.0,16.78370786516854,18.117977528089888,18.117977528089888,23.45505617977528,23.876404494382022,94.31179775280899
Dr Peter Richard Sinclair,must,0,0,0,0,,,0.0,0.0,0.0,0.0,0,0,0,0,0,0.0,16.78370786516854,18.117977528089888,18.117977528089888,23.45505617977528,23.876404494382022,40.80056179775281
Dr Peter Sydney Jona Cowen,must,0,0,0,0,,,0.0,0.0,0.0,0.0,0,0,0,0,0,0.0,16.78370786516854,18.117977528089888,18.117977528089888,23.45505617977528,23.876404494382022,40.80056179775281
Dr Philip  Bruder,must,1,5,1,0,0.7338,0.7338,0.0,1.0,0.0,0.0,0,2022,2022,0,1,100.0,37.78089887640449,39.67696629213483,40.44943820224719,23.45505617977528,97.26123595505618,40.80056179775281
Dr Philip Dilip Gian Singh,must,0,0,0,0,,,0.0,0.0,0.0,0.0,0,0,0,0,0,0.0,16.78370786516854,18.117977528089888,18.117977528089888,23.45505617977528,23.876404494382022,40.80056179775281
Dr Philip James Clarke,must,168,5978,42,94,6.919135862068965,2.8621,0.7243589743589743,0.6845238095238095,0.19047619047619047,0.11904761904761904,0,1961,2024,0,0,0.0,96.48876404494382,97.0505617977528,98.17415730337079,94.66292134831461,87.64044943820225,40.80056179775281
Dr Philip James Lane,must,0,0,0,0,,,0.0,0.0,0.0,0.0,0,0,0,0,0,0.0,16.78370786516854,18.117977528089888,18.117977528089888,23.45505617977528,23.876404494382022,40.80056179775281
Dr Philip Sion Bekhor,must,43,983,17,22,2.440520476666667,0.6554,0.37209302325581395,0.3488372093023256,0.23255813953488372,0.2558139534883721,0,1978,2026,0,36,83.7,88.90449438202246,89.18539325842697,91.22191011235955,74.15730337078652,73.24438202247191,40.80056179775281
Dr Philip Tong,must,39,1290,12,13,2.1857324324324323,0.3349,0.41025641025641024,0.38461538461538464,0.358974358974359,0.15384615384615385,0,1983,2026,0,34,87.2,87.99157303370787,91.43258426966293,86.3061797752809,78.51123595505618,75.42134831460675,40.80056179775281
Dr Philippa Ruth Dickison,must,1,0,0,0,0.0,0.0,0.0,0.0,1.0,0.0,0,2019,2019,0,1,100.0,37.78089887640449,18.117977528089888,18.117977528089888,23.45505617977528,23.876404494382022,40.80056179775281
Dr Phillip  Artemi,must,7,65,4,2,0.10917142857142857,0.0,0.14285714285714285,0.2857142857142857,0.5714285714285714,0.14285714285714285,0,1994,2021,0,6,85.7,60.67415730337079,56.32022471910112,60.39325842696629,52.17696629213483,66.50280898876404,40.80056179775281
Dr Phillip Keith Dwyer,must,3,58,3,2,0.5311,0.4921,0.3333333333333333,0.6666666666666666,0.3333333333333333,0.3333333333333333,0,1978,2004,0,2,66.7,48.24438202247191,54.70505617977528,55.12640449438202,70.57584269662921,87.14887640449437,40.80056179775281
Dr Phillip Thomas Swarbrick,must,0,0,0,0,,,0.0,0.0,0.0,0.0,0,0,0,0,0,0.0,16.78370786516854,18.117977528089888,18.117977528089888,23.45505617977528,23.876404494382022,40.80056179775281
Dr Phoebe Rebecca Gwendolen Star,must,0,0,0,0,,,0.0,0.0,0.0,0.0,0,0,0,0,0,0.0,16.78370786516854,18.117977528089888,18.117977528089888,23.45505617977528,23.876404494382022,40.80056179775281
Dr Piyu Parth Naik,must,34,672,14,17,1.8926882352941177,1.1198000000000001,0.7058823529411765,0.7058823529411765,0.9705882352941176,0.029411764705882353,0,2020,2023,0,33,97.1,85.95505617977528,85.88483146067416,88.62359550561798,93.96067415730337,88.62359550561798,40.80056179775281
Dr Pooja  Sharma,must,153,1139,15,24,1.883271052631579,0.32745,0.33986928104575165,0.8235294117647058,0.3006535947712418,0.39869281045751637,44,1988,2026,0,16,10.5,96.20786516853933,90.30898876404494,89.53651685393258,72.3314606741573,91.29213483146067,97.19101123595506
Dr Pooja Avinash Kadam,must,0,0,0,0,,,0.0,0.0,0.0,0.0,0,0,0,0,0,0.0,16.78370786516854,18.117977528089888,18.117977528089888,23.45505617977528,23.876404494382022,40.80056179775281
Dr Portia Meg Millar,must,0,0,0,0,,,0.0,0.0,0.0,0.0,0,0,0,0,0,0.0,16.78370786516854,18.117977528089888,18.117977528089888,23.45505617977528,23.876404494382022,40.80056179775281
Dr Pradeep  Kumar,must,406,12444,49,140,3.040004177545692,0.4494,0.4852216748768473,0.6847290640394089,0.20935960591133004,0.2733990147783251,0,1976,2026,0,10,2.5,98.59550561797754,98.59550561797754,98.73595505617978,84.12921348314607,87.78089887640449,40.80056179775281
Dr Prateek  Sharma,must,119,7996,32,59,6.554355347391303,1.4435,0.3277310924369748,0.8991596638655462,0.2184873949579832,0.48739495798319327,110,1997,2025,0,7,5.9,94.9438202247191,97.75280898876404,95.64606741573034,68.82022471910112,93.39887640449437,98.87640449438202
Dr Priska Barbara Brodbeck McDonald,must,2,16,2,1,0.4904,0.4904,0.0,0.5,0.5,0.0,0,2015,2018,0,2,100.0,44.10112359550562,43.39887640449438,48.59550561797753,23.45505617977528,80.47752808988764,40.80056179775281
Dr Priyamvada  Sobarun,must,2,30,2,2,1.7103,1.7103,0.5,0.0,0.5,0.0,5,2017,2022,0,2,100.0,44.10112359550562,48.66573033707865,48.59550561797753,86.37640449438202,23.876404494382022,88.90449438202246
Dr Quynh Van Le,must,3,57,2,2,2.1812,1.0192,0.3333333333333333,0.0,1.0,0.0,670,2013,2016,0,3,100.0,48.24438202247191,54.42415730337079,48.59550561797753,70.57584269662921,23.876404494382022,100.0
Dr Rachael Barbra Davenport,must,13,185,6,5,2.2018692307692307,0.8145,0.38461538461538464,0.15384615384615385,0.3076923076923077,0.07692307692307693,0,2011,2025,0,11,84.6,70.92696629213484,68.25842696629213,70.08426966292134,75.49157303370787,55.12640449438202,40.80056179775281
Dr Rachael May Anforth,must,0,0,0,0,,,0.0,0.0,0.0,0.0,0,0,0,0,0,0.0,16.78370786516854,18.117977528089888,18.117977528089888,23.45505617977528,23.876404494382022,40.80056179775281
Dr Rachael Stewart Foster,must,23,329,8,5,2.007465217391305,0.7261,0.43478260869565216,0.043478260869565216,0.13043478260869565,0.21739130434782608,1,2011,2026,0,21,91.3,80.12640449438202,76.75561797752809,77.10674157303372,80.40730337078652,48.03370786516854,83.07584269662921
Dr Rachel Nicole Manifold,must,0,0,0,0,,,0.0,0.0,0.0,0.0,0,0,0,0,0,0.0,16.78370786516854,18.117977528089888,18.117977528089888,23.45505617977528,23.876404494382022,40.80056179775281
Dr Rachel Walther,must,3,37,1,1,0.6756000000000001,0.0,0.0,1.0,0.3333333333333333,0.3333333333333333,0,2000,2012,0,0,0.0,48.24438202247191,50.35112359550562,40.44943820224719,23.45505617977528,97.26123595505618,40.80056179775281
Dr Ragini Arunbhai Ghiya,must,0,0,0,0,,,0.0,0.0,0.0,0.0,0,0,0,0,0,0.0,16.78370786516854,18.117977528089888,18.117977528089888,23.45505617977528,23.876404494382022,40.80056179775281
Dr Ramez Ihab Barsoum,must,7,17,2,1,0.2002,0.1609,0.42857142857142855,0.0,0.2857142857142857,0.0,4,2017,2023,0,6,85.7,60.67415730337079,43.96067415730337,48.59550561797753,79.84550561797754,23.876404494382022,87.57022471910112
Dr Raquel Mery Ruiz Araujo,must,1,6,1,0,1.198,1.198,0.0,1.0,1.0,0.0,0,2010,2010,0,1,100.0,37.78089887640449,40.02808988764045,40.44943820224719,23.45505617977528,97.26123595505618,40.80056179775281
Dr Rashi  Malesu,must,1,0,0,0,0.0,0.0,1.0,0.0,0.0,0.0,0,2022,2022,0,1,100.0,37.78089887640449,18.117977528089888,18.117977528089888,97.75280898876404,23.876404494382022,40.80056179775281
Dr Raymond Alexander Cocciolone,must,1,4,1,0,0.0,0.0,1.0,1.0,1.0,0.0,0,2004,2004,0,0,0.0,37.78089887640449,39.25561797752809,40.44943820224719,97.75280898876404,97.26123595505618,40.80056179775281
Dr Rebecca  Dunn,must,20,1494,13,15,6.354944999999999,1.16705,0.55,0.85,0.3,0.1,4,1987,2025,0,5,25.0,77.87921348314607,92.41573033707866,87.78089887640449,89.39606741573034,92.13483146067416,87.57022471910112
Dr Rebecca Anh Dao Nguyen,must,0,0,0,0,,,0.0,0.0,0.0,0.0,0,0,0,0,0,0.0,16.78370786516854,18.117977528089888,18.117977528089888,23.45505617977528,23.876404494382022,40.80056179775281
Dr Rebecca Bronwyn Saunderson,must,43,718,12,13,1.79835,1.0417,0.4883720930232558,0.3488372093023256,0.3488372093023256,0.20930232558139536,5,2004,2025,4,24,55.8,88.90449438202246,87.07865168539325,86.3061797752809,84.26966292134831,73.24438202247191,88.90449438202246
Dr Reichan Oktjabrevna Walther,must,0,0,0,0,,,0.0,0.0,0.0,0.0,0,0,0,0,0,0.0,16.78370786516854,18.117977528089888,18.117977528089888,23.45505617977528,23.876404494382022,40.80056179775281
Dr Renae Alison Howes,must,4,73,3,2,0.990775,0.86375,0.0,0.0,1.0,0.0,0,2006,2008,0,4,100.0,51.82584269662921,57.65449438202247,55.12640449438202,23.45505617977528,23.876404494382022,40.80056179775281
Dr Rhonda Anne Harvey,must,0,0,0,0,,,0.0,0.0,0.0,0.0,0,0,0,0,0,0.0,16.78370786516854,18.117977528089888,18.117977528089888,23.45505617977528,23.876404494382022,40.80056179775281
Dr Richard Anthony Wittal,must,9,279,6,6,1.1092222222222223,1.0658,0.2222222222222222,0.3333333333333333,0.2222222222222222,0.2222222222222222,0,1989,2025,0,9,100.0,65.37921348314607,74.71910112359551,70.08426966292134,59.12921348314607,70.78651685393258,40.80056179775281
Dr Richard Paul Armati,must,0,0,0,0,,,0.0,0.0,0.0,0.0,0,0,0,0,0,0.0,16.78370786516854,18.117977528089888,18.117977528089888,23.45505617977528,23.876404494382022,40.80056179775281
Dr Ritu  Gupta,must,447,4637,35,123,1.06351004725537,0.1926,0.43847874720357943,0.8680089485458613,0.116331096196868,0.21700223713646533,0,1978,2025,0,17,3.8,98.87640449438202,96.27808988764045,96.4185393258427,80.75842696629213,92.5561797752809,40.80056179775281
Dr Ritva  Vyas,must,15,236,7,7,0.9975133333333335,0.6288,0.26666666666666666,0.7333333333333333,0.4,0.06666666666666667,0,2011,2018,0,12,80.0,73.38483146067416,72.40168539325843,74.01685393258427,63.48314606741573,89.32584269662921,40.80056179775281
Dr Robert Bruce Stephens,must,4,29,3,1,0.38360000000000005,0.39790000000000003,0.0,0.0,0.75,0.0,0,1964,1999,0,3,75.0,51.82584269662921,48.24438202247191,55.12640449438202,23.45505617977528,23.876404494382022,40.80056179775281
Dr Robert Dean Paver,must,0,0,0,0,,,0.0,0.0,0.0,0.0,0,0,0,0,0,0.0,16.78370786516854,18.117977528089888,18.117977528089888,23.45505617977528,23.876404494382022,40.80056179775281
Dr Robert Hilton Granger,must,0,0,0,0,,,0.0,0.0,0.0,0.0,0,0,0,0,0,0.0,16.78370786516854,18.117977528089888,18.117977528089888,23.45505617977528,23.876404494382022,40.80056179775281
Dr Robert Ian Kelly,must,1,0,0,0,0.0,0.0,0.0,1.0,0.0,0.0,0,2026,2026,0,1,100.0,37.78089887640449,18.117977528089888,18.117977528089888,23.45505617977528,97.26123595505618,40.80056179775281
Dr Robert MacDonald Miller,must,0,0,0,0,,,0.0,0.0,0.0,0.0,11,0,0,0,0,0.0,16.78370786516854,18.117977528089888,18.117977528089888,23.45505617977528,23.876404494382022,93.89044943820225
Dr Robert Rosen,must,60,1115,15,22,1.2843689655172412,0.5710500000000001,0.13559322033898305,0.25,0.45,0.3333333333333333,0,1976,2025,0,29,48.3,91.43258426966293,90.02808988764045,89.53651685393258,51.40449438202247,64.25561797752809,40.80056179775281
Dr Robert Roy Alexander McDonald,must,0,0,0,0,,,0.0,0.0,0.0,0.0,0,0,0,0,0,0.0,16.78370786516854,18.117977528089888,18.117977528089888,23.45505617977528,23.876404494382022,40.80056179775281
Dr Rochelle  Gild,must,3,109,3,2,1.7440999999999998,2.2502,0.0,0.0,1.0,0.0,0,2008,2012,0,3,100.0,48.24438202247191,61.65730337078652,55.12640449438202,23.45505617977528,23.876404494382022,40.80056179775281
Dr Roderick Douglas Peek,must,0,0,0,0,,,0.0,0.0,0.0,0.0,0,0,0,0,0,0.0,16.78370786516854,18.117977528089888,18.117977528089888,23.45505617977528,23.876404494382022,40.80056179775281
Dr Roderick James Gillespie,must,0,0,0,0,,,0.0,0.0,0.0,0.0,0,0,0,0,0,0.0,16.78370786516854,18.117977528089888,18.117977528089888,23.45505617977528,23.876404494382022,40.80056179775281
Dr Rodney Stuart Hannaford,must,0,0,0,0,,,0.0,0.0,0.0,0.0,0,0,0,0,0,0.0,16.78370786516854,18.117977528089888,18.117977528089888,23.45505617977528,23.876404494382022,40.80056179775281
Dr Rohan Bernard Crouch,must,0,0,0,0,,,0.0,0.0,0.0,0.0,0,0,0,0,0,0.0,16.78370786516854,18.117977528089888,18.117977528089888,23.45505617977528,23.876404494382022,40.80056179775281
Dr Roland  Brand,must,26,510,13,15,1.0663076923076924,0.84865,0.23076923076923078,0.6153846153846154,0.15384615384615385,0.23076923076923078,3,1990,2024,0,11,42.3,82.93539325842697,82.86516853932584,87.78089887640449,60.1123595505618,85.53370786516854,86.51685393258427
Dr Roland Thanh Dam Nguyen,must,0,0,0,0,,,0.0,0.0,0.0,0.0,0,0,0,0,0,0.0,16.78370786516854,18.117977528089888,18.117977528089888,23.45505617977528,23.876404494382022,40.80056179775281
Dr Romuald Taras Czechowicz,must,2,30,2,1,0.74905,0.74905,0.0,0.5,1.0,0.0,0,2001,2001,0,2,100.0,44.10112359550562,48.66573033707865,48.59550561797753,23.45505617977528,80.47752808988764,40.80056179775281
Dr Rose Congwei Liu,must,2,8,2,0,0.175,0.175,0.0,0.0,0.5,0.0,0,2017,2017,0,2,100.0,44.10112359550562,41.081460674157306,48.59550561797753,23.45505617977528,23.876404494382022,40.80056179775281
Dr Rose King Hang Mak,must,0,0,0,0,,,0.0,0.0,0.0,0.0,0,0,0,0,0,0.0,16.78370786516854,18.117977528089888,18.117977528089888,23.45505617977528,23.876404494382022,40.80056179775281
Dr Rosemary Louise Nixon,must,274,4997,37,116,1.857092568125,0.63665,0.20437956204379562,0.22992700729927007,0.15328467153284672,0.6386861313868614,0,1972,2026,0,251,91.6,97.6123595505618,96.48876404494382,96.98033707865169,57.865168539325836,62.64044943820225,40.80056179775281
Dr Rowena Elizabeth Meani,must,0,0,0,0,,,0.0,0.0,0.0,0.0,0,0,0,0,0,0.0,16.78370786516854,18.117977528089888,18.117977528089888,23.45505617977528,23.876404494382022,40.80056179775281
Dr Rowland Robert Noakes,must,26,200,7,6,1.1093788775,0.3687,0.5769230769230769,0.2692307692307692,0.6153846153846154,0.11538461538461539,0,2003,2026,0,22,84.6,82.93539325842697,69.24157303370787,74.01685393258427,90.87078651685393,65.73033707865169,40.80056179775281
Dr Russell Hills,must,2,23,2,2,0.2909,0.2909,0.0,0.5,0.5,0.5,0,1998,2014,0,2,100.0,44.10112359550562,45.78651685393258,48.59550561797753,23.45505617977528,80.47752808988764,40.80056179775281
Dr Ryan Clifford  De Cruz,must,0,0,0,0,,,0.0,0.0,0.0,0.0,0,0,0,0,0,0.0,16.78370786516854,18.117977528089888,18.117977528089888,23.45505617977528,23.876404494382022,40.80056179775281
Dr Ryan William Toholka,must,12,210,6,6,1.190175,0.43445,0.16666666666666666,0.16666666666666666,0.5,0.08333333333333333,0,2013,2025,0,12,100.0,69.17134831460675,70.2247191011236,70.08426966292134,54.634831460674164,56.46067415730337,40.80056179775281
Dr Sachin Arvind Vaidya,must,0,0,0,0,,,0.0,0.0,0.0,0.0,0,0,0,0,0,0.0,16.78370786516854,18.117977528089888,18.117977528089888,23.45505617977528,23.876404494382022,40.80056179775281
Dr Sally Beth Ball,must,13,132,4,4,0.3330461538461539,0.0,0.15384615384615385,0.3076923076923077,0.7692307692307693,0.0,0,1990,2023,0,6,46.2,70.92696629213484,64.67696629213484,60.39325842696629,53.30056179775281,68.18820224719101,40.80056179775281
Dr Sally Elizabeth De Zwaan,must,2,74,1,1,1.7552,1.7552,0.5,0.0,1.0,0.0,0,2008,2009,0,2,100.0,44.10112359550562,57.865168539325836,40.44943820224719,86.37640449438202,23.876404494382022,40.80056179775281
Dr Salvatore  Scuderi,must,7,53,3,3,0.4765,0.0,0.2857142857142857,0.14285714285714285,0.42857142857142855,0.2857142857142857,0,1986,2019,0,6,85.7,60.67415730337079,53.37078651685393,55.12640449438202,65.30898876404494,54.35393258426966,40.80056179775281
Dr Sam  Kalouche,must,2,23,1,1,0.5086,0.5086,0.0,0.0,0.5,0.0,0,2010,2016,0,2,100.0,44.10112359550562,45.78651685393258,40.44943820224719,23.45505617977528,23.876404494382022,40.80056179775281
Dr Sam Scuderi,must,0,0,0,0,,,0.0,0.0,0.0,0.0,0,0,0,0,0,0.0,16.78370786516854,18.117977528089888,18.117977528089888,23.45505617977528,23.876404494382022,40.80056179775281
Dr Samantha  Eisman,must,49,1247,18,26,3.677239915531915,1.8926,0.375,0.5102040816326531,0.22448979591836735,0.10204081632653061,5,1974,2026,0,45,91.8,90.02808988764045,90.87078651685393,92.06460674157303,74.71910112359551,82.16292134831461,88.90449438202246
Dr Samantha Jane Davidson,must,2,12,2,0,0.2444,0.2444,0.0,0.0,0.5,0.0,0,2012,2020,0,2,100.0,44.10112359550562,42.62640449438202,48.59550561797753,23.45505617977528,23.876404494382022,40.80056179775281
Dr Samantha Leigh Conias,must,2,68,2,2,0.9728,0.9728,0.0,1.0,1.0,0.0,0,1998,1998,0,2,100.0,44.10112359550562,56.81179775280899,48.59550561797753,23.45505617977528,97.26123595505618,40.80056179775281
Dr Samra Louise Saikal,must,0,0,0,0,,,0.0,0.0,0.0,0.0,0,0,0,0,0,0.0,16.78370786516854,18.117977528089888,18.117977528089888,23.45505617977528,23.876404494382022,40.80056179775281
Dr Samuel Antranig Der Sarkissian,must,3,49,3,1,2.1649,1.237,0.6666666666666666,0.0,1.0,0.0,0,2020,2020,0,3,100.0,48.24438202247191,52.80898876404494,55.12640449438202,92.90730337078652,23.876404494382022,40.80056179775281
Dr Samuel Sebastian Zagarella,must,0,0,0,0,,,0.0,0.0,0.0,0.0,0,0,0,0,0,0.0,16.78370786516854,18.117977528089888,18.117977528089888,23.45505617977528,23.876404494382022,40.80056179775281
Dr Sandeep  Kumar,must,427,9712,43,209,1.132005929896104,0.6577,0.22482435597189696,0.8688524590163934,0.17330210772833723,0.3770491803278688,0,2000,2025,0,4,0.9,98.73595505617978,97.89325842696628,98.31460674157303,59.69101123595506,92.69662921348315,40.80056179775281
Dr Sara  Sabourirad,must,13,67,3,2,0.7030153846153847,0.201,0.5384615384615384,0.6153846153846154,0.23076923076923078,0.38461538461538464,0,2014,2023,0,13,100.0,70.92696629213484,56.60112359550562,55.12640449438202,89.04494382022472,85.53370786516854,40.80056179775281
Dr Sara Lee De Menezes,must,13,101,5,4,0.7856000000000001,0.6994,0.6923076923076923,0.46153846153846156,0.46153846153846156,0.15384615384615385,0,2018,2025,0,12,92.3,70.92696629213484,60.95505617977528,65.30898876404494,93.67977528089888,78.65168539325843,40.80056179775281
Dr Sara Marie Tritton,must,8,126,5,4,0.6910125,0.3226,0.0,0.25,0.375,0.0,0,2008,2016,0,7,87.5,63.41292134831461,63.9747191011236,65.30898876404494,23.45505617977528,64.25561797752809,40.80056179775281
Dr Sarah  Shen,must,20,376,9,9,1.3471199999999999,0.3854,0.2,0.15,0.65,0.0,0,2005,2019,0,11,55.0,77.87921348314607,78.51123595505618,80.0561797752809,57.02247191011236,54.7752808988764,40.80056179775281
Dr Sarah Clio Hannam,must,0,0,0,0,,,0.0,0.0,0.0,0.0,0,0,0,0,0,0.0,16.78370786516854,18.117977528089888,18.117977528089888,23.45505617977528,23.876404494382022,40.80056179775281
Dr Sarah Elizabeth  Gamboni,must,0,0,0,0,,,0.0,0.0,0.0,0.0,0,0,0,0,0,0.0,16.78370786516854,18.117977528089888,18.117977528089888,23.45505617977528,23.876404494382022,40.80056179775281
Dr Sarah Jessica Strathie Page,must,4,36,2,1,0.64395,0.27055,0.25,0.0,1.0,0.0,0,2015,2016,0,3,75.0,51.82584269662921,50.07022471910112,48.59550561797753,61.93820224719101,23.876404494382022,40.80056179775281
Dr Sarah Katrina Brennand,must,0,0,0,0,,,0.0,0.0,0.0,0.0,0,0,0,0,0,0.0,16.78370786516854,18.117977528089888,18.117977528089888,23.45505617977528,23.876404494382022,40.80056179775281
Dr Sarah Kirsten McDonald,must,4,43,2,1,0.6490499999999999,0.6193,0.0,0.5,0.5,0.0,0,2004,2014,0,3,75.0,51.82584269662921,51.54494382022472,48.59550561797753,23.45505617977528,80.47752808988764,40.80056179775281
Dr Sarah Kym Morton,must,15,177,6,5,0.9488714285714285,0.24625,0.4,0.2,0.6,0.06666666666666667,10,1994,2023,0,11,73.3,73.38483146067416,67.34550561797754,70.08426966292134,77.31741573033707,59.90168539325843,93.18820224719101
Dr Sarah Louise Smithson,must,124,6140,36,66,3.250129464285714,1.2304499999999998,0.6612903225806451,0.9354838709677419,0.056451612903225805,0.14516129032258066,189,2000,2025,0,10,8.1,95.50561797752809,97.19101123595506,96.62921348314607,92.13483146067416,93.53932584269663,99.57865168539325
Dr Sarath Naidu Bodapati,must,7,16,2,1,0.3545428571428571,0.1479,0.42857142857142855,0.14285714285714285,0.14285714285714285,0.14285714285714285,0,2016,2025,0,7,100.0,60.67415730337079,43.39887640449438,48.59550561797753,79.84550561797754,54.35393258426966,40.80056179775281
Dr Sarvjit  Kumari,must,1,3,1,0,0.1627,0.1627,1.0,1.0,0.0,0.0,0,2018,2018,0,1,100.0,37.78089887640449,38.48314606741573,40.44943820224719,97.75280898876404,97.26123595505618,40.80056179775281
Dr Sarvjit Kaur Sohal,must,0,0,0,0,,,0.0,0.0,0.0,0.0,1,0,0,0,0,0.0,16.78370786516854,18.117977528089888,18.117977528089888,23.45505617977528,23.876404494382022,83.07584269662921
Dr Scott Andrew Webber,must,6,80,4,3,0.94575,1.0776999999999999,0.3333333333333333,0.3333333333333333,0.5,0.16666666666666666,0,2011,2017,0,5,83.3,57.51404494382022,58.70786516853933,60.39325842696629,70.57584269662921,70.78651685393258,40.80056179775281
Dr Seamus Reilly McWhirter,must,0,0,0,0,,,0.0,0.0,0.0,0.0,0,0,0,0,0,0.0,16.78370786516854,18.117977528089888,18.117977528089888,23.45505617977528,23.876404494382022,40.80056179775281
Dr Selim Murat Ozluer,must,0,0,0,0,,,0.0,0.0,0.0,0.0,0,0,0,0,0,0.0,16.78370786516854,18.117977528089888,18.117977528089888,23.45505617977528,23.876404494382022,40.80056179775281
Dr Senhong  Lee,must,38,251,7,5,0.8189973684210526,0.16985,0.34210526315789475,0.10526315789473684,0.13157894736842105,0.42105263157894735,0,2016,2026,0,34,89.5,87.5,73.31460674157303,74.01685393258427,72.47191011235955,51.1938202247191,40.80056179775281
Dr Seo Hee Deanne Choi,must,0,0,0,0,,,0.0,0.0,0.0,0.0,0,0,0,0,0,0.0,16.78370786516854,18.117977528089888,18.117977528089888,23.45505617977528,23.876404494382022,40.80056179775281
Dr Shallu  Khurana,must,4,10,2,0,0.05206666666666667,0.0,0.0,0.25,0.25,0.5,0,2002,2020,0,4,100.0,51.82584269662921,42.06460674157304,48.59550561797753,23.45505617977528,64.25561797752809,40.80056179775281
Dr Shally  Gupta,must,38,223,9,8,0.9589184210526317,0.0,0.42105263157894735,0.631578947368421,0.3157894736842105,0.2631578947368421,0,2000,2026,0,8,21.1,87.5,71.20786516853933,80.0561797752809,79.35393258426966,86.23595505617978,40.80056179775281
Dr Shammi Theesan,must,0,0,0,0,,,0.0,0.0,0.0,0.0,0,0,0,0,0,0.0,16.78370786516854,18.117977528089888,18.117977528089888,23.45505617977528,23.876404494382022,40.80056179775281
Dr Shelley Ji Eun  Hwang,must,24,915,16,19,3.563804347826087,1.4146,0.25,0.16666666666666666,0.5416666666666666,0.0,0,2012,2020,0,24,100.0,80.82865168539325,89.04494382022472,90.4494382022472,61.93820224719101,56.46067415730337,40.80056179775281
Dr Shevya Manjri Tiwari,must,12,63,6,3,0.33604545454545454,0.1575,0.16666666666666666,0.08333333333333333,0.5833333333333334,0.08333333333333333,0,2012,2025,0,9,75.0,69.17134831460675,56.17977528089888,70.08426966292134,54.634831460674164,49.859550561797754,40.80056179775281
Dr Shien-Ning  Chee,must,14,178,5,4,1.2349583333333334,0.54315,0.07142857142857142,0.07142857142857142,0.5,0.21428571428571427,0,2008,2025,0,14,100.0,72.26123595505618,67.62640449438202,65.30898876404494,47.89325842696629,48.735955056179776,40.80056179775281
Dr Shikha Chugh,must,27,383,11,11,0.8807600884615384,0.75335,0.5555555555555556,0.8888888888888888,0.2222222222222222,0.18518518518518517,0,1976,2025,0,18,66.7,83.70786516853933,79.00280898876404,84.26966292134831,89.74719101123596,93.04775280898876,40.80056179775281
Dr Shireen Kaur Sidhu,must,35,468,11,12,1.3442828571428571,0.4994,0.34285714285714286,0.3142857142857143,0.11428571428571428,0.45714285714285713,1,1997,2026,0,30,85.7,86.3061797752809,81.95224719101124,84.26966292134831,72.6123595505618,68.39887640449437,83.07584269662921
Dr Shiva  Baghaei,must,112,1886,24,41,0.773098215945946,0.206,0.4375,0.8482142857142857,0.24107142857142858,0.05357142857142857,0,2006,2025,0,5,4.5,94.52247191011236,93.25842696629213,93.75,80.6179775280899,91.99438202247191,40.80056179775281
Dr Shivam  Kapila,must,19,262,8,8,0.8091999999999999,0.59,0.10526315789473684,0.10526315789473684,0.47368421052631576,0.0,0,2009,2017,0,10,52.6,77.03651685393258,73.73595505617978,77.10674157303372,49.43820224719101,51.1938202247191,40.80056179775281
Dr Shobha  Joseph,must,4,225,4,3,5.976875,5.07335,0.0,0.5,0.0,0.0,0,2018,2024,0,4,100.0,51.82584269662921,71.48876404494382,60.39325842696629,23.45505617977528,80.47752808988764,40.80056179775281
Dr Shobhan  Manoharan,must,47,288,9,9,0.6473173913043478,0.0,0.14893617021276595,0.2127659574468085,0.2978723404255319,0.2553191489361702,0,1985,2025,0,15,31.9,89.67696629213484,75.07022471910112,80.0561797752809,53.08988764044944,61.79775280898876,40.80056179775281
Dr Shreya  Andric,must,0,0,0,0,,,0.0,0.0,0.0,0.0,0,0,0,0,0,0.0,16.78370786516854,18.117977528089888,18.117977528089888,23.45505617977528,23.876404494382022,40.80056179775281
Dr Shueh-Wei  Lim,must,3,105,3,2,1.2844333333333333,1.5088,0.0,0.3333333333333333,1.0,0.0,0,2000,2009,0,3,100.0,48.24438202247191,61.23595505617978,55.12640449438202,23.45505617977528,70.78651685393258,40.80056179775281
Dr Shui Lyn  Koh,must,1,4,1,0,0.2143,0.2143,1.0,1.0,0.0,0.0,0,2015,2015,0,1,100.0,37.78089887640449,39.25561797752809,40.44943820224719,97.75280898876404,97.26123595505618,40.80056179775281
Dr Shyamala Claire Huilgol,must,118,3874,33,80,1.1175533951282053,0.805,0.1016949152542373,0.3389830508474576,0.17796610169491525,0.17796610169491525,0,1994,2024,0,111,94.1,94.80337078651685,95.64606741573034,95.85674157303372,49.29775280898877,72.6123595505618,40.80056179775281
Dr Shyamalar  Gunatheesan,must,6,277,5,4,2.6265166666666664,0.8896,0.16666666666666666,0.16666666666666666,0.3333333333333333,0.0,0,2011,2023,0,6,100.0,57.51404494382022,74.50842696629213,65.30898876404494,54.634831460674164,56.46067415730337,40.80056179775281
Dr Simon Anthony Yong Gee,must,1,0,0,0,0.0,0.0,1.0,1.0,0.0,0.0,0,2021,2021,0,1,100.0,37.78089887640449,18.117977528089888,18.117977528089888,97.75280898876404,97.26123595505618,40.80056179775281
Dr Simon Christopher Tucker,must,0,0,0,0,,,0.0,0.0,0.0,0.0,7,0,0,0,0,0.0,16.78370786516854,18.117977528089888,18.117977528089888,23.45505617977528,23.876404494382022,91.01123595505618
Dr Simon Harrington Lee,must,0,0,0,0,,,0.0,0.0,0.0,0.0,94,0,0,0,0,0.0,16.78370786516854,18.117977528089888,18.117977528089888,23.45505617977528,23.876404494382022,98.31460674157303
Dr Simon James Khoury,must,0,0,0,0,,,0.0,0.0,0.0,0.0,0,0,0,0,0,0.0,16.78370786516854,18.117977528089888,18.117977528089888,23.45505617977528,23.876404494382022,40.80056179775281
Dr Simone Goldinger,must,173,13947,41,76,4.55383087005988,0.7852,0.6647398843930635,0.7052023121387283,0.15606936416184972,0.1329479768786127,0,2006,2026,0,166,96.0,96.76966292134831,98.73595505617978,97.96348314606742,92.2752808988764,88.48314606741573,40.80056179775281
Dr Sophia  Bakis-Petsoglou,must,0,0,0,0,,,0.0,0.0,0.0,0.0,0,0,0,0,0,0.0,16.78370786516854,18.117977528089888,18.117977528089888,23.45505617977528,23.876404494382022,40.80056179775281
Dr Stephanie Clare Blake,must,11,76,4,1,0.5084545454545454,0.2237,0.45454545454545453,0.18181818181818182,0.5454545454545454,0.2727272727272727,2,2004,2024,0,9,81.8,68.1179775280899,58.28651685393258,60.39325842696629,81.8820224719101,58.35674157303371,85.32303370786516
Dr Stephanie Jan Rea,must,0,0,0,0,,,0.0,0.0,0.0,0.0,0,0,0,0,0,0.0,16.78370786516854,18.117977528089888,18.117977528089888,23.45505617977528,23.876404494382022,40.80056179775281
Dr Stephanie Marisa Tizi,must,1,7,1,0,0.6314,0.6314,0.0,0.0,1.0,0.0,0,2015,2015,0,1,100.0,37.78089887640449,40.51966292134831,40.44943820224719,23.45505617977528,23.876404494382022,40.80056179775281
Dr Stephen Anthony Thomas,must,0,0,0,0,,,0.0,0.0,0.0,0.0,0,0,0,0,0,0.0,16.78370786516854,18.117977528089888,18.117977528089888,23.45505617977528,23.876404494382022,40.80056179775281
Dr Stephen David Christopher Andrews,must,0,0,0,0,,,0.0,0.0,0.0,0.0,0,0,0,0,0,0.0,16.78370786516854,18.117977528089888,18.117977528089888,23.45505617977528,23.876404494382022,40.80056179775281
Dr Stephen Edmund Donoghue,must,0,0,0,0,,,0.0,0.0,0.0,0.0,0,0,0,0,0,0.0,16.78370786516854,18.117977528089888,18.117977528089888,23.45505617977528,23.876404494382022,40.80056179775281
Dr Stephen James Gilmore,must,50,837,16,19,1.1510919999999998,0.32185,0.3,0.3,0.56,0.14,6,1983,2026,0,37,74.0,90.23876404494382,88.48314606741573,90.4494382022472,66.57303370786516,67.5561797752809,90.02808988764045
Dr Stephen Peter Shumack,must,0,0,0,0,,,0.0,0.0,0.0,0.0,0,0,0,2,0,0.0,16.78370786516854,18.117977528089888,18.117977528089888,23.45505617977528,23.876404494382022,40.80056179775281
Dr Steven  Kossard,must,208,5588,35,119,1.0299407515346535,0.35155000000000003,0.09803921568627451,0.22115384615384615,0.5144230769230769,0.21634615384615385,0,1967,2026,0,182,87.5,97.3314606741573,96.76966292134831,96.4185393258427,48.87640449438202,61.93820224719101,40.80056179775281
Dr Stuart Conrad Murray,must,0,0,0,0,,,0.0,0.0,0.0,0.0,0,0,0,0,0,0.0,16.78370786516854,18.117977528089888,18.117977528089888,23.45505617977528,23.876404494382022,40.80056179775281
Dr Su-Lin  Chan,must,3,35,2,1,1.0641666666666667,0.1226,0.0,0.3333333333333333,1.0,0.0,0,2018,2022,0,3,100.0,48.24438202247191,49.78932584269663,48.59550561797753,23.45505617977528,70.78651685393258,40.80056179775281
Dr Sudha  Anish,must,1,9,1,0,16.8107,16.8107,1.0,1.0,1.0,0.0,0,2015,2015,0,1,100.0,37.78089887640449,41.64325842696629,40.44943820224719,97.75280898876404,97.26123595505618,40.80056179775281
Dr Sudipta  Daly,must,1,6,1,0,0.7844,0.7844,1.0,0.0,1.0,0.0,0,2023,2023,0,1,100.0,37.78089887640449,40.02808988764045,40.44943820224719,97.75280898876404,23.876404494382022,40.80056179775281
Dr Sue Yen Michelle Goh,must,79,2136,19,31,2.548228169014085,1.1377,0.4936708860759494,0.379746835443038,0.0759493670886076,0.05063291139240506,0,2005,2026,0,64,81.0,92.62640449438202,93.67977528089888,92.62640449438202,84.41011235955057,75.28089887640449,40.80056179775281
Dr Sue Yin  Ng,must,1,25,1,1,0.3955,0.3955,0.0,1.0,1.0,0.0,0,2011,2011,0,1,100.0,37.78089887640449,46.83988764044944,40.44943820224719,23.45505617977528,97.26123595505618,40.80056179775281
Dr Sujith Prasad Wannia Kumarasinghe,must,38,615,12,14,0.9168680239473683,0.47955000000000003,0.21052631578947367,0.3157894736842105,0.3157894736842105,0.5526315789473685,1,2000,2022,0,36,94.7,87.5,85.1123595505618,86.3061797752809,58.07584269662921,68.60955056179775,83.07584269662921
Dr Sunila  Anbarasu,must,0,0,0,0,,,0.0,0.0,0.0,0.0,0,0,0,0,0,0.0,16.78370786516854,18.117977528089888,18.117977528089888,23.45505617977528,23.876404494382022,40.80056179775281
Dr Supriya  Venugopal,must,25,733,11,11,1.67807,1.66585,0.24,0.32,0.4,0.24,0,2008,2026,0,24,96.0,81.81179775280899,87.21910112359551,84.26966292134831,60.74438202247191,69.03089887640449,40.80056179775281
Dr Suresh  Chandra,must,528,7603,45,156,0.96145859375,0.2813,0.12310606060606061,0.7518939393939394,0.5321969696969697,0.3446969696969697,0,1960,2025,0,5,0.9,99.29775280898876,97.47191011235955,98.45505617977528,50.28089887640449,89.74719101123596,40.80056179775281
Dr Susan Elise Sinclair,must,0,0,0,0,,,0.0,0.0,0.0,0.0,0,0,0,0,0,0.0,16.78370786516854,18.117977528089888,18.117977528089888,23.45505617977528,23.876404494382022,40.80056179775281
Dr Susan Jade Robertson,must,3,46,2,2,0.6373666666666667,0.8823,0.3333333333333333,1.0,0.0,0.0,0,2009,2024,0,1,33.3,48.24438202247191,52.17696629213483,48.59550561797753,70.57584269662921,97.26123595505618,40.80056179775281
Dr Swaranjali Vijaya Jain,must,0,0,0,0,,,0.0,0.0,0.0,0.0,0,0,0,0,0,0.0,16.78370786516854,18.117977528089888,18.117977528089888,23.45505617977528,23.876404494382022,40.80056179775281
Dr Tahereh  Taklif,must,1,0,0,0,0.0,0.0,1.0,1.0,0.0,1.0,0,2024,2024,0,1,100.0,37.78089887640449,18.117977528089888,18.117977528089888,97.75280898876404,97.26123595505618,40.80056179775281
Dr Tai Anh Phan,must,23,396,11,11,1.238440909090909,0.28659999999999997,0.5652173913043478,0.34782608695652173,0.391304347826087,0.043478260869565216,0,1999,2024,0,10,43.5,80.12640449438202,79.28370786516854,84.26966292134831,90.1685393258427,72.96348314606742,40.80056179775281
Dr Tania Maree Zappala,must,15,141,6,5,1.5132142857142856,0.29635,0.4666666666666667,0.2,0.13333333333333333,0.13333333333333333,3,2011,2025,0,13,86.7,73.38483146067416,65.37921348314607,70.08426966292134,82.79494382022472,59.90168539325843,86.51685393258427
Dr Tanja Gizela Bohl,must,22,586,10,10,2.2041090909090912,1.16495,0.09090909090909091,0.3181818181818182,0.5454545454545454,0.045454545454545456,0,1991,2023,0,20,90.9,79.14325842696628,84.26966292134831,82.30337078651685,48.735955056179776,68.82022471910112,40.80056179775281
Dr Tanumay  Raychaudhury,must,13,39,4,1,0.22359230769230767,0.2477,0.6923076923076923,0.6923076923076923,0.3076923076923077,0.38461538461538464,0,2010,2025,0,11,84.6,70.92696629213484,50.77247191011236,60.39325842696629,93.67977528089888,87.92134831460675,40.80056179775281
Dr Tanya Kristine Gilmour,must,0,0,0,0,,,0.0,0.0,0.0,0.0,0,0,0,0,0,0.0,16.78370786516854,18.117977528089888,18.117977528089888,23.45505617977528,23.876404494382022,40.80056179775281
Dr Tasman Kenneth Lipscombe,must,0,0,0,0,,,0.0,0.0,0.0,0.0,0,0,0,0,0,0.0,16.78370786516854,18.117977528089888,18.117977528089888,23.45505617977528,23.876404494382022,40.80056179775281
Dr Tasos Stavrakoglou,must,0,0,0,0,,,0.0,0.0,0.0,0.0,0,0,0,0,0,0.0,16.78370786516854,18.117977528089888,18.117977528089888,23.45505617977528,23.876404494382022,40.80056179775281
Dr Terence Sui Chern Poon,must,11,354,8,8,2.9187454545454545,1.1561,0.36363636363636365,0.36363636363636365,0.5454545454545454,0.0,0,1996,2025,0,9,81.8,68.1179775280899,78.08988764044943,77.10674157303372,73.66573033707866,73.94662921348315,40.80056179775281
Dr Tevi Wain,must,5,56,4,3,1.5554999999999999,1.411,0.4,0.0,0.2,0.4,0,2018,2025,0,5,100.0,54.634831460674164,54.07303370786517,60.39325842696629,77.31741573033707,23.876404494382022,40.80056179775281
Dr Themis  Getsos Colla,must,6,70,4,3,1.9109166666666668,1.03495,0.16666666666666666,0.3333333333333333,0.16666666666666666,0.0,0,2009,2024,0,6,100.0,57.51404494382022,57.37359550561798,60.39325842696629,54.634831460674164,70.78651685393258,40.80056179775281
Dr Theodore Clyde Carner,must,0,0,0,0,,,0.0,0.0,0.0,0.0,0,0,0,0,0,0.0,16.78370786516854,18.117977528089888,18.117977528089888,23.45505617977528,23.876404494382022,40.80056179775281
Dr Theone  Papps,must,6,19,2,1,0.28628333333333333,0.08845,0.5,0.0,0.16666666666666666,0.3333333333333333,0,2018,2024,0,5,83.3,57.51404494382022,44.52247191011236,48.59550561797753,86.37640449438202,23.876404494382022,40.80056179775281
Dr Theresa Margaret Skender-Kalnenas,must,3,198,2,2,1.0145000000000002,0.647,0.0,0.3333333333333333,0.3333333333333333,0.0,0,1995,2014,0,2,66.7,48.24438202247191,68.82022471910112,48.59550561797753,23.45505617977528,70.78651685393258,40.80056179775281
Dr Thevaki  Wain,must,3,11,2,0,0.5182,0.632,0.3333333333333333,0.0,0.6666666666666666,0.0,0,2018,2026,0,3,100.0,48.24438202247191,42.34550561797753,48.59550561797753,70.57584269662921,23.876404494382022,40.80056179775281
Dr Thomas Anthony Delaney,must,26,369,11,11,1.0566840000000002,0.4688,0.23076923076923078,0.4230769230769231,0.34615384615384615,0.46153846153846156,0,1989,2026,0,20,76.9,82.93539325842697,78.37078651685393,84.26966292134831,60.1123595505618,76.96629213483146,40.80056179775281
Dr Thomas Hugh Barrett,must,0,0,0,0,,,0.0,0.0,0.0,0.0,0,0,0,0,0,0.0,16.78370786516854,18.117977528089888,18.117977528089888,23.45505617977528,23.876404494382022,40.80056179775281
Dr Thomas Jonathan Stewart,must,110,1323,17,29,1.2187684032291666,0.0561,0.35185185185185186,0.33636363636363636,0.5454545454545454,0.13636363636363635,0,1967,2026,0,47,42.7,94.3820224719101,91.85393258426966,91.22191011235955,73.03370786516854,72.19101123595506,40.80056179775281
Dr Thomas Macdonald Pitney,must,10,30,3,2,0.27832,0.17925,0.3,0.3,0.8,0.0,0,2020,2025,0,10,100.0,66.99438202247191,48.66573033707865,55.12640449438202,66.57303370786516,67.5561797752809,40.80056179775281
Dr Timothy Gilbert Elliott,must,3,3,1,0,0.21789999999999998,0.0,0.3333333333333333,0.0,0.0,0.3333333333333333,0,2022,2026,0,2,66.7,48.24438202247191,38.48314606741573,40.44943820224719,70.57584269662921,23.876404494382022,40.80056179775281
Dr Timothy John O'Brien,must,0,0,0,0,,,0.0,0.0,0.0,0.0,0,0,0,0,0,0.0,16.78370786516854,18.117977528089888,18.117977528089888,23.45505617977528,23.876404494382022,40.80056179775281
Dr Timothy John Rutherford,must,0,0,0,0,,,0.0,0.0,0.0,0.0,0,0,0,0,0,0.0,16.78370786516854,18.117977528089888,18.117977528089888,23.45505617977528,23.876404494382022,40.80056179775281
Dr Todd Playford Wiadrowski,must,0,0,0,0,,,0.0,0.0,0.0,0.0,0,0,0,0,0,0.0,16.78370786516854,18.117977528089888,18.117977528089888,23.45505617977528,23.876404494382022,40.80056179775281
Dr Tom  Kovitwanichkanont,must,19,338,6,6,2.0301,0.3614,0.4444444444444444,0.15789473684210525,0.6842105263157895,0.05263157894736842,0,2017,2024,0,11,57.9,77.03651685393258,77.10674157303372,70.08426966292134,81.10955056179775,55.33707865168539,40.80056179775281
Dr Tony Philip Caccetta,must,15,199,7,5,1.4013999999999998,1.325,0.4,0.4,0.13333333333333333,0.13333333333333333,4,2008,2025,0,13,86.7,73.38483146067416,68.96067415730337,74.01685393258427,77.31741573033707,75.98314606741573,87.57022471910112
Dr Toy Tancharoen,must,0,0,0,0,,,0.0,0.0,0.0,0.0,0,0,0,0,0,0.0,16.78370786516854,18.117977528089888,18.117977528089888,23.45505617977528,23.876404494382022,40.80056179775281
Dr Tristan  Blake,must,13,150,3,1,1.4261166666666665,0.29215,0.5,0.07692307692307693,0.46153846153846156,0.0,0,2012,2021,0,12,92.3,70.92696629213484,66.0814606741573,55.12640449438202,86.37640449438202,49.29775280898877,40.80056179775281
Dr Troy Anthony Darben,must,0,0,0,0,,,0.0,0.0,0.0,0.0,0,0,0,0,0,0.0,16.78370786516854,18.117977528089888,18.117977528089888,23.45505617977528,23.876404494382022,40.80056179775281
Dr Vanathy  Varathan,must,3,8,2,0,1.1253666666666666,1.3675,0.6666666666666666,1.0,0.0,0.0,0,2011,2025,0,3,100.0,48.24438202247191,41.081460674157306,48.59550561797753,92.90730337078652,97.26123595505618,40.80056179775281
Dr Vanessa Anne Morgan,must,25,234,5,5,0.7636959999999999,0.0,0.32,0.04,0.16,0.16,0,1992,2026,0,24,96.0,81.81179775280899,72.12078651685393,65.30898876404494,68.25842696629213,47.89325842696629,40.80056179775281
Dr Vanessa Leonie Paddon,must,1,99,1,1,19.0079,19.0079,0.0,1.0,0.0,0.0,0,2023,2023,0,1,100.0,37.78089887640449,60.25280898876404,40.44943820224719,23.45505617977528,97.26123595505618,40.80056179775281
Dr Vanessa Marguerite Palmer,must,0,0,0,0,,,0.0,0.0,0.0,0.0,0,0,0,0,0,0.0,16.78370786516854,18.117977528089888,18.117977528089888,23.45505617977528,23.876404494382022,40.80056179775281
Dr Vernon Sik Chuan Pua,must,0,0,0,0,,,0.0,0.0,0.0,0.0,0,0,0,0,0,0.0,16.78370786516854,18.117977528089888,18.117977528089888,23.45505617977528,23.876404494382022,40.80056179775281
Dr Victoria Anne Snaidr,must,7,230,4,2,4.301528571428571,0.2466,0.0,0.2857142857142857,0.5714285714285714,0.0,0,1998,2023,0,6,85.7,60.67415730337079,71.76966292134831,60.39325842696629,23.45505617977528,66.50280898876404,40.80056179775281
Dr Victoria Jane Mar,must,156,2047,24,59,1.5153613793103449,0.7527,0.6923076923076923,0.32051282051282054,0.1346153846153846,0.3141025641025641,0,2011,2025,0,144,92.3,96.34831460674157,93.53932584269663,93.75,93.67977528089888,69.31179775280899,40.80056179775281
Dr Victoria Louise Shepherd,must,0,0,0,0,,,0.0,0.0,0.0,0.0,0,0,0,0,0,0.0,16.78370786516854,18.117977528089888,18.117977528089888,23.45505617977528,23.876404494382022,40.80056179775281
Dr Victoria Louise Venning,must,24,130,6,4,0.4628041666666666,0.06595,0.25,0.20833333333333334,0.5833333333333334,0.041666666666666664,0,1993,2020,0,19,79.2,80.82865168539325,64.32584269662921,70.08426966292134,61.93820224719101,61.23595505617978,40.80056179775281
Dr Victoria Rebecca Harris,must,39,616,12,14,1.2757976718918917,0.5995,0.28205128205128205,0.20512820512820512,0.28205128205128205,0.2564102564102564,0,2016,2025,0,25,64.1,87.99157303370787,85.25280898876404,86.3061797752809,64.74719101123596,61.09550561797753,40.80056179775281
Dr Vijaya Lakshmi  Chitreddy,must,0,0,0,0,,,0.0,0.0,0.0,0.0,0,0,0,0,0,0.0,16.78370786516854,18.117977528089888,18.117977528089888,23.45505617977528,23.876404494382022,40.80056179775281
Dr Warren  Weightman,must,36,1257,13,14,1.2627083333333333,0.0,0.1388888888888889,0.2777777777777778,0.2222222222222222,0.3611111111111111,0,1991,2026,0,31,86.1,86.79775280898876,91.01123595505618,87.78089887640449,51.54494382022472,66.01123595505618,40.80056179775281
Dr Wenyuan  Liu,must,396,7613,41,208,1.9366648793565686,1.1034,0.30808080808080807,0.8838383838383839,0.11616161616161616,0.1111111111111111,0,1999,2026,0,32,8.1,98.45505617977528,97.6123595505618,97.96348314606742,67.69662921348315,92.83707865168539,40.80056179775281
Dr Werner  Sinclair,must,14,88,6,3,0.3114307692307693,0.2715,0.2857142857142857,0.7857142857142857,0.6428571428571429,0.21428571428571427,0,1997,2017,0,12,85.7,72.26123595505618,59.55056179775281,70.08426966292134,65.30898876404494,90.87078651685393,40.80056179775281
Dr William Archer Berry,must,47,1013,11,11,1.4072711111111111,0.0,0.4782608695652174,0.425531914893617,0.23404255319148937,0.06382978723404255,0,1960,2024,0,8,17.0,89.67696629213484,89.46629213483146,84.26966292134831,83.42696629213484,77.10674157303372,40.80056179775281
Dr William Charles Cranwell,must,0,0,0,0,,,0.0,0.0,0.0,0.0,0,0,0,0,0,0.0,16.78370786516854,18.117977528089888,18.117977528089888,23.45505617977528,23.876404494382022,40.80056179775281
Dr William John Ryman,must,22,379,11,12,0.6552952380952382,0.0,0.14285714285714285,0.22727272727272727,0.13636363636363635,0.6363636363636364,0,1985,2025,0,21,95.5,79.14325842696628,78.65168539325843,84.26966292134831,52.17696629213483,62.5,40.80056179775281
Dr William Kenneth Hedley,must,0,0,0,0,,,0.0,0.0,0.0,0.0,0,0,0,0,0,0.0,16.78370786516854,18.117977528089888,18.117977528089888,23.45505617977528,23.876404494382022,40.80056179775281
Dr Yan  Pan,must,150,4054,34,75,2.760276223776223,1.3005,0.5266666666666666,0.9533333333333334,0.17333333333333334,0.11333333333333333,0,1993,2026,0,7,4.7,96.06741573033707,95.78651685393258,96.1376404494382,88.62359550561798,94.10112359550563,40.80056179775281
Dr Yee Jen Tai,must,9,244,6,6,1.9941,1.33275,0.0,0.2222222222222222,0.4444444444444444,0.2222222222222222,0,2005,2018,0,9,100.0,65.37921348314607,72.96348314606742,70.08426966292134,23.45505617977528,62.14887640449438,40.80056179775281
Dr Yin Yin Vun,must,12,209,9,9,2.0295,0.49319999999999997,0.08333333333333333,0.4166666666666667,0.6666666666666666,0.0,0,2004,2020,0,11,91.7,69.17134831460675,70.08426966292134,80.0561797752809,48.31460674157304,76.68539325842697,40.80056179775281
Dr Yit Nah  Lau,must,7,59,4,2,0.53865,0.1192,0.14285714285714285,1.0,0.8571428571428571,0.0,0,1988,2014,0,6,85.7,60.67415730337079,55.12640449438202,60.39325842696629,52.17696629213483,97.26123595505618,40.80056179775281
Dr Yong Chern  Kho,must,7,132,4,3,3.047330358571428,0.506,0.5714285714285714,0.5714285714285714,0.42857142857142855,0.0,0,2010,2026,0,7,100.0,60.67415730337079,64.67696629213484,60.39325842696629,90.51966292134831,84.33988764044943,40.80056179775281
Dr Young Jin  Kim,must,955,20298,72,379,1.5904563365282218,0.3241,0.5225130890052356,0.7612565445026178,0.1486910994764398,0.14659685863874344,0,1970,2026,0,71,7.4,99.85955056179775,99.29775280898876,99.43820224719101,88.48314606741573,90.02808988764045,40.80056179775281
Dr Yu-Chuan  Lee,must,7,24,3,1,0.2858,0.0,0.14285714285714285,0.2857142857142857,0.42857142857142855,0.5714285714285714,0,1984,1999,0,7,100.0,60.67415730337079,46.27808988764045,55.12640449438202,52.17696629213483,66.50280898876404,40.80056179775281
Dr Yvonne Bao Ngoc Nguyen,must,2,0,0,0,,,0.0,0.0,1.0,0.0,0,2016,2021,0,1,50.0,44.10112359550562,18.117977528089888,18.117977528089888,23.45505617977528,23.876404494382022,40.80056179775281
Dr Yvonne Yu-Ping Lee,must,1,9,1,0,0.6332,0.6332,0.0,0.0,1.0,0.0,0,2013,2013,0,1,100.0,37.78089887640449,41.64325842696629,40.44943820224719,23.45505617977528,23.876404494382022,40.80056179775281
Dr Zachary Graham Boyce,must,2,33,1,1,0.8198,0.8198,0.5,0.0,0.0,0.0,0,2013,2013,0,2,100.0,44.10112359550562,49.36797752808989,40.44943820224719,86.37640449438202,23.876404494382022,40.80056179775281
Dr Zahra  Assarian,must,5,26,3,1,0.38292000000000004,0.3367,0.4,0.0,0.6,0.2,0,2010,2020,0,4,80.0,54.634831460674164,47.331460674157306,55.12640449438202,77.31741573033707,23.876404494382022,40.80056179775281
Dr Zeyad Samim Ahmed Al-Dabbagh,must,0,0,0,0,,,0.0,0.0,0.0,0.0,0,0,0,0,0,0.0,16.78370786516854,18.117977528089888,18.117977528089888,23.45505617977528,23.876404494382022,40.80056179775281
Dr Zhi Mei  Low,must,13,184,7,7,1.110090909090909,0.8182,0.38461538461538464,0.07692307692307693,0.38461538461538464,0.15384615384615385,0,2014,2023,0,8,61.5,70.92696629213484,68.04775280898876,74.01685393258427,75.49157303370787,49.29775280898877,40.80056179775281
Dr Zoran Stephan Gaspar,must,0,0,0,0,,,0.0,0.0,0.0,0.0,0,0,0,0,0,0.0,16.78370786516854,18.117977528089888,18.117977528089888,23.45505617977528,23.876404494382022,40.80056179775281
Miss Dallas Victoria Gramp,must,0,0,0,0,,,0.0,0.0,0.0,0.0,0,0,0,0,0,0.0,16.78370786516854,18.117977528089888,18.117977528089888,23.45505617977528,23.876404494382022,40.80056179775281
Miss Emily  Forward,must,15,181,7,7,1.922475392142857,0.58405,0.4,0.13333333333333333,0.4666666666666667,0.2,0,1969,2023,0,13,86.7,73.38483146067416,67.83707865168539,74.01685393258427,77.31741573033707,53.44101123595506,40.80056179775281
Prof Deirdre Frances Murrell,must,768,20162,69,279,2.198548545828489,0.6152,0.4466145833333333,0.5520833333333334,0.17708333333333334,0.4557291666666667,0,1985,2026,0,691,90.0,99.57865168539325,99.15730337078652,99.29775280898876,81.32022471910112,83.70786516853933,40.80056179775281
Prof Deshan Sebaratnam,must,171,2205,25,41,1.4942818642682927,0.3964,0.34502923976608185,0.1695906432748538,0.23391812865497075,0.5789473684210527,0,2008,2026,0,142,83.0,96.62921348314607,93.82022471910112,94.24157303370787,72.75280898876404,57.58426966292135,40.80056179775281
Prof Dédée Murrell,must,6,216,2,2,1.2276666666666667,0.10885,0.5,0.6666666666666666,0.16666666666666666,0.16666666666666666,0,2003,2025,0,2,33.3,57.51404494382022,70.92696629213484,48.59550561797753,86.37640449438202,87.14887640449437,40.80056179775281
Prof Greg Julian Randal Goodman,must,0,0,0,0,,,0.0,0.0,0.0,0.0,0,0,0,5,0,0.0,16.78370786516854,18.117977528089888,18.117977528089888,23.45505617977528,23.876404494382022,40.80056179775281
Prof Ingrid Margaret Winship,must,474,14894,59,209,2.5538404344646928,0.7435,0.6118143459915611,0.4345991561181435,0.06118143459915612,0.17721518987341772,0,1984,2026,0,66,13.9,99.01685393258427,99.01685393258427,99.01685393258427,91.29213483146067,77.80898876404494,40.80056179775281
Prof Rodney Daniel Sinclair,must,843,23661,76,376,2.602160794547707,0.7925,0.325,0.5231316725978647,0.2158956109134045,0.45195729537366547,0,1970,2026,0,560,66.4,99.71910112359551,99.71910112359551,99.71910112359551,68.46910112359551,82.58426966292134,40.80056179775281
