openalex_work_id,acd_name,funder_id,funder_name,funder_ror,award_id,award_name,funder_award_id
W2968018599,Assoc Prof Amanda Michelle Saracino,,UCB,,G1966858084,,
W4291565004,Assoc Prof Amanda Michelle Saracino,,National Health and Medical Research Council,,G4413589333,,
W4291565004,Assoc Prof Amanda Michelle Saracino,,National Health and Medical Research Council,,G5408864983,,
W4291565004,Assoc Prof Amanda Michelle Saracino,,National Health and Medical Research Council,,G5463407522,,
W4291565004,Assoc Prof Amanda Michelle Saracino,,National Health and Medical Research Council,,G5671052365,Regulation of Haemopoietic and Immune Cells in Health and Disease,
W4291565004,Assoc Prof Amanda Michelle Saracino,,National Health and Medical Research Council,,G78198795,,
W2159211746,Assoc Prof Amanda Michelle Saracino,,British Heart Foundation,,G3495262540,Progressing classification and understanding of primary lymphoedema by genetic analysis of patient cohorts,
W4410973503,Assoc Prof Amanda Michelle Saracino,,National Health and Medical Research Council,,G78198795,,
W2408400092,Dr Aaron Edward Boyce,,National Institute of Diabetes and Digestive and Kidney Diseases,,G1756607400,,
W2605464570,Dr Aaron Edward Boyce,,National Institute for Health and Care Research,,G6484529767,"Improving childhood atopic eczema through clinical trials of prevention, education and therapy",
W2593383097,Dr Aaron Edward Boyce,,National Institute for Health and Care Research,,G1519355852,NIHR Senior Investigator Award,
W2472237366,Dr Aaron Edward Boyce,,National Institute of Diabetes and Digestive and Kidney Diseases,,G1756607400,,
W2503141921,Dr Aaron James Robinson,,National Health and Medical Research Council,,G1254732888,,
W2503141921,Dr Aaron James Robinson,,St. Baldrick's Foundation,,G1580148972,,
W2503141921,Dr Aaron James Robinson,,National Health and Medical Research Council,,G2459224897,Statistical bioinformatics for genomic research,
W2503141921,Dr Aaron James Robinson,,National Health and Medical Research Council,,G4220198167,,
W2503141921,Dr Aaron James Robinson,,National Health and Medical Research Council,,G7512182869,,
W2503141921,Dr Aaron James Robinson,,National Health and Medical Research Council,,G7531959418,,
W2503141921,Dr Aaron James Robinson,,National Health and Medical Research Council,,G98884187,Molecular Regulation of Haematopoiesis in Health and Disease,
W2804882087,Dr Aaron James Robinson,,National Health and Medical Research Council,,G2827966881,,
W2804882087,Dr Aaron James Robinson,,National Health and Medical Research Council,,G5671052365,Regulation of Haemopoietic and Immune Cells in Health and Disease,
W2804882087,Dr Aaron James Robinson,,National Health and Medical Research Council,,G7512182869,,
W2804882087,Dr Aaron James Robinson,,National Health and Medical Research Council,,G7531959418,,
W2804882087,Dr Aaron James Robinson,,National Health and Medical Research Council,,G8323242883,,
W2285201826,Dr Adam Robert Andrew Daunton,,Public Health Agency,,G3178983131,,
W2419426707,Dr Adam Robert Andrew Daunton,,Cancer Research UK,,G8192024293,,
W2108080680,Dr Adrian Cheok Kean Lim,,Engineering and Physical Sciences Research Council,,G1133159466,Understanding the Physical Basis of gene/drug delivery with ultrasound and microbubbles,
W2108080680,Dr Adrian Cheok Kean Lim,,Engineering and Physical Sciences Research Council,,G1919719646,Therapeutic Imaging,
W2108080680,Dr Adrian Cheok Kean Lim,,Engineering and Physical Sciences Research Council,,G3252549799,,
W2108080680,Dr Adrian Cheok Kean Lim,,Engineering and Physical Sciences Research Council,,G429548878,,
W2108080680,Dr Adrian Cheok Kean Lim,,Engineering and Physical Sciences Research Council,,G8802186593,Molecular Imaging Using Ultrasound and Targeted Microbubbles,
W2108080680,Dr Adrian Cheok Kean Lim,,Engineering and Physical Sciences Research Council,,G958550673,,
W2107920211,Dr Adrian Cheok Kean Lim,,National Institute for Health and Care Research,,G128303834,,
W2107920211,Dr Adrian Cheok Kean Lim,,National Institute for Health and Care Research,,G1628157787,,
W2032534668,Dr Adrian Cheok Kean Lim,,National Institute for Health and Care Research,,G128303834,,
W2995670091,Dr Adrian Cheok Kean Lim,,Cancer Research UK,,G1006845473,,
W2995670091,Dr Adrian Cheok Kean Lim,,Cancer Research UK,,G3188439257,,
W2995670091,Dr Adrian Cheok Kean Lim,,Cancer Research UK,,G4286074963,,
W2995670091,Dr Adrian Cheok Kean Lim,,Cancer Research UK,,G5036984571,,
W2995670091,Dr Adrian Cheok Kean Lim,,Pancreatic Cancer UK,,G6229562721,,
W2995670091,Dr Adrian Cheok Kean Lim,,Cancer Research UK,,G6349119567,,
W2995670091,Dr Adrian Cheok Kean Lim,,Cancer Research UK,,G7170538816,,
W2995670091,Dr Adrian Cheok Kean Lim,,Cancer Research UK,,G8879606640,,
W2938475891,Dr Adrian Cheok Kean Lim,,Engineering and Physical Sciences Research Council,,G1327574610,,
W2938475891,Dr Adrian Cheok Kean Lim,,Cancer Research UK,,G251400350,,
W2938475891,Dr Adrian Cheok Kean Lim,,Engineering and Physical Sciences Research Council,,G3204133401,,
W2938475891,Dr Adrian Cheok Kean Lim,,Engineering and Physical Sciences Research Council,,G3676520161,,
W2938475891,Dr Adrian Cheok Kean Lim,,Engineering and Physical Sciences Research Council,,G4243324684,Super Resolution Ultrasound Imaging,
W2938475891,Dr Adrian Cheok Kean Lim,,Cancer Research UK,,G5040845826,,
W2938475891,Dr Adrian Cheok Kean Lim,,Engineering and Physical Sciences Research Council,,G5793714314,Super Resolution Ultrasound Imaging,
W2938475891,Dr Adrian Cheok Kean Lim,,Engineering and Physical Sciences Research Council,,G762419458,Ultrafast contrast enhanced ultrasound for imaging and quantifying flow and tissue perfusion,
W2938475891,Dr Adrian Cheok Kean Lim,,Medical Research Council,,G7920909780,,
W2938475891,Dr Adrian Cheok Kean Lim,,Engineering and Physical Sciences Research Council,,G8916634177,,
W1964899081,Dr Adrian Cheok Kean Lim,,National Institute for Health and Care Research,,G2944181812,Translate findings from basic cell biology science into new treatments for cancer.,
W1964899081,Dr Adrian Cheok Kean Lim,,Cancer Research UK,,G5640025277,,
W2951797904,Dr Adrian Cheok Kean Lim,,Cancer Research UK,,G1636852043,,
W2951797904,Dr Adrian Cheok Kean Lim,,Cancer Research UK,,G2371503401,,
W2951797904,Dr Adrian Cheok Kean Lim,,Cancer Research UK,,G6080836292,,
W2951797904,Dr Adrian Cheok Kean Lim,,Cancer Research UK,,G8268164023,,
W2624837801,Dr Adrian Cheok Kean Lim,,Cancer Research UK,,G4107455063,,
W2624837801,Dr Adrian Cheok Kean Lim,,Cancer Research UK,,G749052122,,
W2624837801,Dr Adrian Cheok Kean Lim,,National Institute for Health and Care Research,,G8316591342,NIHR Senior Investigator Award,
W2893642423,Dr Adrian Cheok Kean Lim,,Medical Research Council,,G1831283679,,
W2893642423,Dr Adrian Cheok Kean Lim,,National Institute for Health and Care Research,,G3686851649,,
W2893642423,Dr Adrian Cheok Kean Lim,,Cancer Research UK,,G3859029120,,
W2893642423,Dr Adrian Cheok Kean Lim,,Cancer Research UK,,G4286074963,,
W2893642423,Dr Adrian Cheok Kean Lim,,Cancer Research UK,,G6280534080,,
W2893642423,Dr Adrian Cheok Kean Lim,,National Institute for Health and Care Research,,G6588262742,,
W2893642423,Dr Adrian Cheok Kean Lim,,Medical Research Council,,G7497550203,,
W2108225061,Dr Adrian Cheok Kean Lim,,National Institute for Health and Care Research,,G128303834,,
W2108225061,Dr Adrian Cheok Kean Lim,,National Institute for Health and Care Research,,G1568401401,The use of the hormone kisspeptin to improve safety and efficacy of IVF treatment,
W2108225061,Dr Adrian Cheok Kean Lim,,Academy of Medical Sciences,,G3522824391,,
W2108225061,Dr Adrian Cheok Kean Lim,,National Institute for Health and Care Research,,G4099319145,,
W2108225061,Dr Adrian Cheok Kean Lim,,National Institute for Health and Care Research,,G51431150,,
W2108225061,Dr Adrian Cheok Kean Lim,,National Institute for Health and Care Research,,G5281574301,,
W2108225061,Dr Adrian Cheok Kean Lim,,National Institute for Health and Care Research,,G7088686410,,
W2767748732,Dr Adrian Cheok Kean Lim,,National Institute for Health and Care Research,,G3428226039,"Developing evidence review methods to determine whether to change the test, interval or eligibility criteria of UK screening programmes",
W3165879471,Dr Adrian Cheok Kean Lim,,Versus Arthritis,,G1413225851,,
W3165879471,Dr Adrian Cheok Kean Lim,,Versus Arthritis,,G1706602254,,
W3165879471,Dr Adrian Cheok Kean Lim,,Kennedy Trust for Rheumatology Research,,G236964244,,
W3165879471,Dr Adrian Cheok Kean Lim,,Versus Arthritis,,G2605610293,,
W3165879471,Dr Adrian Cheok Kean Lim,,Versus Arthritis,,G3135508063,"Centre for Sport, Exercise and Osteoarthritis Research Arthritis UK",
W3165879471,Dr Adrian Cheok Kean Lim,,Versus Arthritis,,G6558578125,Centre for Osteoarthritis Pathogenesis Arthritis UK,
W3165879471,Dr Adrian Cheok Kean Lim,,UK Research and Innovation,,G8238785008,,
W3165879471,Dr Adrian Cheok Kean Lim,,Versus Arthritis,,G8389855327,,
W2790808892,Dr Adrian Cheok Kean Lim,,National Institute for Health and Care Research,,G667119103,,
W3151239091,Dr Adrian Cheok Kean Lim,,Versus Arthritis,,G7892678929,,
W4309066569,Dr Adrian Cheok Kean Lim,,National Institute for Health and Care Research,,G361977447,"FUT U RE – GB Trial (Functional and Ultrasound guided Resection of Glioblastoma) A 2-Stage trial. Stage 1 Non-randomised learning phase evaluation of participating centres (an IDEAL study), followed by Stage 2 which is randomised,controlled Multicentre Phase III trial with 2 mechanistic substudies",
W4309066569,Dr Adrian Cheok Kean Lim,,Efficacy and Mechanism Evaluation Programme,,G3834023100,,
W4309066569,Dr Adrian Cheok Kean Lim,,National Institute for Health and Care Research,,G8517836630,,
W4301595283,Dr Adrian Cheok Kean Lim,,Wellcome Trust,,G2889149164,,
W4301595283,Dr Adrian Cheok Kean Lim,,Horizon 2020 Framework Programme,,G3359441085,,
W4301595283,Dr Adrian Cheok Kean Lim,,Blood Cancer UK,,G3630728887,,
W4301595283,Dr Adrian Cheok Kean Lim,,Wellcome Trust,,G5967713274,,
W4301595283,Dr Adrian Cheok Kean Lim,,Medical Research Council,,G6419611144,,
W4301595283,Dr Adrian Cheok Kean Lim,,Horizon 2020 Framework Programme,,G6530585347,,
W4301595283,Dr Adrian Cheok Kean Lim,,Horizon 2020 Framework Programme,,G7169169914,,
W4301595283,Dr Adrian Cheok Kean Lim,,Seventh Framework Programme,,G7569011076,,
W4301595283,Dr Adrian Cheok Kean Lim,,Medical Research Council,,G7604876601,,
W4301595283,Dr Adrian Cheok Kean Lim,,Leukemia and Lymphoma Research,,G7856892013,,
W4401213447,Dr Adrian Cheok Kean Lim,,UK Research and Innovation,,G291837749,,
W4401213447,Dr Adrian Cheok Kean Lim,,UK Research and Innovation,,G7734668753,,
W4401213447,Dr Adrian Cheok Kean Lim,,Royal Society,,G8908967900,,
W2158181202,Dr Adrian Cheok Kean Lim,,National Institute for Health and Care Research,,G3959516860,,
W2078166106,Dr Adrian Cheok Kean Lim,,"Ministerstvo Školství, Mládeže a Tělovýchovy",,G2266430997,,
W2163503295,Dr Adrian Cheok Kean Lim,,Medical Research Council,,G8101219992,,
W3025488453,Dr Adrian Cheok Kean Lim,,National Institute for Health and Care Research,,G8318458670,NIHR Senior Investigator Award,
W3025488453,Dr Kurosh  Parsi,,National Institute for Health and Care Research,,G8318458670,NIHR Senior Investigator Award,
W3016901585,Dr Adrian Cheok Kean Lim,,Versus Arthritis,,G7892678929,,
W4410104915,Dr Adrian Cheok Kean Lim,,Royal Society,,G5484966137,,
W4410104915,Dr Adrian Cheok Kean Lim,,UK Research and Innovation,,G7734668753,,
W3083172711,Dr Adrian Cheok Kean Lim,,National Institute for Health and Care Research,,G8318458670,NIHR Senior Investigator Award,
W3083172711,Dr Kurosh  Parsi,,National Institute for Health and Care Research,,G8318458670,NIHR Senior Investigator Award,
W4316813017,Dr Adrian Cheok Kean Lim,,Cancer Research UK,,G4797612234,,
W4316813017,Dr Adrian Cheok Kean Lim,,Cancer Research UK,,G5279705638,,
W4316813017,Dr Adrian Cheok Kean Lim,,Cancer Research UK,,G6458236633,,
W4316813017,Dr Adrian Cheok Kean Lim,,Cancer Research UK,,G7637443069,,
W1991397356,Dr Adrian Cheok Kean Lim,,Medical Research Council,,G8101219992,,
W3148433525,Dr Adrian Cheok Kean Lim,,Versus Arthritis,,G7892678929,,
W4389763007,Dr Adrian Cheok Kean Lim,,UK Research and Innovation,,G7734668753,,
W2883589334,Dr Adrian Cheok Kean Lim,,Cancer Research UK,,G1636852043,,
W2883589334,Dr Adrian Cheok Kean Lim,,Cancer Research UK,,G206478133,,
W1527610962,Dr Adrian Cheok Kean Lim,,Medical Research Council,,G1695881497,,
W2897531138,Dr Adrian Cheok Kean Lim,,National Institute for Health and Care Research,,G2855024626,,
W4232758628,Dr Adrian Cheok Kean Lim,,Cancer Research UK,,G4107455063,,
W4405151426,Dr Adrian Cheok Kean Lim,,UK Research and Innovation,,G7734668753,,
W4405451113,Dr Adriene Yoke Lian Lee,,National Institute of Nursing Research,,G1577170265,,
W4405451113,Dr Adriene Yoke Lian Lee,,Rockefeller University,,G1619990100,,
W4405451113,Dr Adriene Yoke Lian Lee,,National Institute of Child Health and Human Development,,G6856710137,,
W4403597450,Dr Ahmed Zahoor Kazmi,,National Institute for Health and Care Research,,G7222005475,,
W4403597450,Dr Ahmed Zahoor Kazmi,,Manchester Biomedical Research Centre,,G8622835774,,
W4410697464,Dr Ahmed Zahoor Kazmi,,Wellcome Trust,,G6321079723,,
W4410697464,Dr Ahmed Zahoor Kazmi,,National Institute for Health and Care Research,,G7222005475,,
W4410697464,Dr Ahmed Zahoor Kazmi,,Manchester Biomedical Research Centre,,G8622835774,,
W4410697464,Dr Bevin  Bhoyrul,,Wellcome Trust,,G6321079723,,
W4410697464,Dr Bevin  Bhoyrul,,National Institute for Health and Care Research,,G7222005475,,
W4410697464,Dr Bevin  Bhoyrul,,Manchester Biomedical Research Centre,,G8622835774,,
W4410697464,Dr Katherine Patricia York,,Wellcome Trust,,G6321079723,,
W4410697464,Dr Katherine Patricia York,,National Institute for Health and Care Research,,G7222005475,,
W4410697464,Dr Katherine Patricia York,,Manchester Biomedical Research Centre,,G8622835774,,
W4410697464,Dr Samantha  Eisman,,Wellcome Trust,,G6321079723,,
W4410697464,Dr Samantha  Eisman,,National Institute for Health and Care Research,,G7222005475,,
W4410697464,Dr Samantha  Eisman,,Manchester Biomedical Research Centre,,G8622835774,,
W4400004097,Dr Amanda  Glanz,,National Health and Medical Research Council,,G7562704222,,
W4415595932,Dr Amanda  Glanz,,National Health and Medical Research Council,,G1886029725,Tailored approaches to improve prevention and early detection of melanoma and other skin cancers ,
W4415595932,Dr Amanda  Glanz,,National Health and Medical Research Council,,G3896097270,Melanoma: Getting the Diagnosis and Treatment Right for Better Patient Outcomes,
W4415595932,Dr Bruna  Melhoranse Gouveia,,National Health and Medical Research Council,,G1886029725,Tailored approaches to improve prevention and early detection of melanoma and other skin cancers ,
W4415595932,Dr Bruna  Melhoranse Gouveia,,National Health and Medical Research Council,,G3896097270,Melanoma: Getting the Diagnosis and Treatment Right for Better Patient Outcomes,
W4415595932,Dr Linda Katherine Martin,,National Health and Medical Research Council,,G1886029725,Tailored approaches to improve prevention and early detection of melanoma and other skin cancers ,
W4415595932,Dr Linda Katherine Martin,,National Health and Medical Research Council,,G3896097270,Melanoma: Getting the Diagnosis and Treatment Right for Better Patient Outcomes,
W4417476603,Dr Amanda  Glanz,,National Health and Medical Research Council,,G1581169945,,
W4417476603,Dr Amanda  Glanz,,National Health and Medical Research Council,,G7741374462,,
W4417476603,Dr Bruna  Melhoranse Gouveia,,National Health and Medical Research Council,,G1581169945,,
W4417476603,Dr Bruna  Melhoranse Gouveia,,National Health and Medical Research Council,,G7741374462,,
W1907293129,Dr Andrew Charles Miller,,National Science Foundation,,G3195591729,Graduate Research Fellowship Program (GRFP),
W1907293129,Dr Andrew Charles Miller,,National Science Foundation,,G6900503335,,
W1978649650,Dr Andrew Charles Miller,,National Science Foundation,,G4854723886,,
W1978649650,Dr Andrew Charles Miller,,National Science Foundation,,G7184889194,TWC: Medium: Collaborative: DIORE: Digital Insertion and Observation Resistant Execution,
W1978649650,Dr Andrew Charles Miller,,National Science Foundation,,G7413848531,TWC: Small: Exploring Cryptographic Models and Setup Assumptions,
W2902629989,Dr Andrew Charles Miller,,U.S. Department of Homeland Security,,G4052873445,,
W2902629989,Dr Andrew Charles Miller,,National Science Foundation,,G5257241046,"TWC: TTP Option: Large: Collaborative: Internet-Wide Vulnerability Measurement, Assessment, and Notification",
W2902629989,Dr Andrew Charles Miller,,National Science Foundation,,G6853053516,,
W3006062529,Dr Andrew Charles Miller,,National Institutes of Health,,G1041408122,,
W3006062529,Dr Andrew Charles Miller,,"National Heart, Lung, and Blood Institute",,G1740413740,,
W3006062529,Dr Andrew Charles Miller,,"National Heart, Lung, and Blood Institute",,G3654780213,,
W3006062529,Dr Andrew Charles Miller,,"National Heart, Lung, and Blood Institute",,G4210975335,,
W3006062529,Dr Andrew Charles Miller,,National Institute of General Medical Sciences,,G441298149,,
W3006062529,Dr Andrew Charles Miller,,National Institutes of Health,,G65937021,,
W3006062529,Dr Andrew Charles Miller,,National Institutes of Health,,G6912853095,,
W3006062529,Dr Andrew Charles Miller,,"National Heart, Lung, and Blood Institute",,G7296610140,,
W3006062529,Dr Andrew Charles Miller,,National Institutes of Health,,G939856903,,
W2803943559,Dr Andrew Charles Miller,,National Science Foundation,,G4751593594,,
W2803943559,Dr Andrew Charles Miller,,National Science Foundation,,G6616120016,CIF: Medium: Anonymous Broadcasting over Networks: Fundamental Limits and Algorithms,
W4244183172,Dr Andrew Charles Miller,,National Science Foundation,,G4751593594,,
W4244183172,Dr Andrew Charles Miller,,National Science Foundation,,G6616120016,CIF: Medium: Anonymous Broadcasting over Networks: Fundamental Limits and Algorithms,
W3117195824,Dr Andrew Charles Miller,,National Institutes of Health,,G5395272739,,
W3117195824,Dr Andrew Charles Miller,,National Institutes of Health,,G7576689269,,
W3117195824,Dr Andrew Charles Miller,,Hartwell Foundation,,G7690919933,,
W3117195824,Dr Andrew Charles Miller,,Hartwell Foundation,,G8951359366,,
W2739551304,Dr Andrew Charles Miller,,Engineering and Physical Sciences Research Council,,G3353934227,,
W4399665493,Dr Andrew Charles Miller,,National Institute of General Medical Sciences,,G5096712992,,
W4414825206,Dr Andrew Charles Miller,,National Science Foundation,,G105238394,,
W4414825206,Dr Andrew Charles Miller,,National Institutes of Health,,G1586285636,,
W4414825206,Dr Andrew Charles Miller,,Spectrum,,G4019630269,,
W4414825206,Dr Andrew Charles Miller,,New York State Stem Cell Science,,G4251073071,,
W4414825206,Dr Andrew Charles Miller,,Spectrum,,G5732227384,,
W4414825206,Dr Andrew Charles Miller,,National Institutes of Health,,G6275062442,,
W4414825206,Dr Andrew Charles Miller,,National Cancer Institute,,G7606286518,,
W4414825206,Dr Andrew Charles Miller,,National Science Foundation,,G8195734807,,
W4414825206,Dr Andrew Charles Miller,,New York State Stem Cell Science,,G8471546492,,
W4414825206,Dr Andrew Charles Miller,,National Science Foundation,,G8686584476,,
W3013787227,Dr Andrew Charles Miller,,Engineering and Physical Sciences Research Council,,G3353934227,,
W3093235919,Dr Andrew Charles Miller,,National Institutes of Health,,G1004220592,,
W3093235919,Dr Andrew Charles Miller,,National Cancer Institute,,G1091406311,,
W3093235919,Dr Andrew Charles Miller,,National Institutes of Health,,G2612105078,,
W3093235919,Dr Andrew Charles Miller,,Rivkin Center for Ovarian Cancer,,G3373923014,,
W3093235919,Dr Andrew Charles Miller,,National Institutes of Health,,G3767490917,,
W3093235919,Dr Andrew Charles Miller,,National Cancer Institute,,G445173041,,
W3093235919,Dr Andrew Charles Miller,,American Cancer Society,,G4521199591,,
W3093235919,Dr Andrew Charles Miller,,National Institutes of Health,,G4905714862,,
W3093235919,Dr Andrew Charles Miller,,National Institutes of Health,,G5272543564,,
W3093235919,Dr Andrew Charles Miller,,National Institutes of Health,,G587610943,,
W3093235919,Dr Andrew Charles Miller,,National Institute of General Medical Sciences,,G6927135007,,
W2100932138,Dr Andrew Charles Miller,,Division of Computing and Communication Foundations,,G4892802771,,
W2100932138,Dr Andrew Charles Miller,,Division of Information and Intelligent Systems,,G81987454,,
W2003791052,Dr Andrew Charles Miller,,Division of Industrial Innovation and Partnerships,,G4551252375,,
W4280553514,Dr Andrew Charles Miller,,National Institutes of Health,,G2618433307,,
W4280553514,Dr Andrew Charles Miller,,National Institute of Allergy and Infectious Diseases,,G3752748060,,
W4280553514,Dr Andrew Charles Miller,,National Institute of Allergy and Infectious Diseases,,G4349689670,,
W4416078549,Dr Andrew Charles Miller,,"National Heart, Lung, and Blood Institute",,G204515728,,
W4416078549,Dr Andrew Charles Miller,,"National Heart, Lung, and Blood Institute",,G4210975335,,
W4416078549,Dr Andrew Charles Miller,,National Institute of General Medical Sciences,,G441298149,,
W4416078549,Dr Andrew Charles Miller,,"National Heart, Lung, and Blood Institute",,G4520828364,,
W4416078549,Dr Andrew Charles Miller,,"National Heart, Lung, and Blood Institute",,G5859410754,,
W4416078549,Dr Andrew Charles Miller,,National Institute of General Medical Sciences,,G6270149750,,
W4416078549,Dr Andrew Charles Miller,,American Heart Association,,G8206460499,Systems Genetics of Sex Differences in Cardiometabolic Disorders,
W3099505875,Dr Andrew Charles Miller,,Hartwell Foundation,,G7690919933,,
W3099505875,Dr Andrew Charles Miller,,Hartwell Foundation,,G8951359366,,
W4225385431,Dr Andrew Charles Miller,,National Institutes of Health,,G1535624605,,
W4225385431,Dr Andrew Charles Miller,,National Institutes of Health,,G353636180,,
W4225385431,Dr Andrew Charles Miller,,National Institutes of Health,,G4740884501,,
W4225385431,Dr Andrew Charles Miller,,National Institutes of Health,,G6432879629,,
W4225385431,Dr Andrew Charles Miller,,National Science Foundation,,G6612178842,,
W4225385431,Dr Andrew Charles Miller,,National Institutes of Health,,G6838545979,,
W4225385431,Dr Andrew Charles Miller,,National Institutes of Health,,G7631345239,,
W4225385431,Dr Andrew Charles Miller,,National Institutes of Health,,G8410959260,,
W4225385431,Dr Andrew Charles Miller,,National Institutes of Health,,G8968561725,,
W4233554044,Dr Andrew Charles Miller,,Japan Agency for Medical Research and Development,,G14776402,,
W4233554044,Dr Andrew Charles Miller,,Japan Agency for Medical Research and Development,,G438481976,,
W4233554044,Dr Andrew Charles Miller,,Japan Agency for Medical Research and Development,,G4547852196,,
W4233554044,Dr Andrew Charles Miller,,Japan Agency for Medical Research and Development,,G7320917479,,
W4234432167,Dr Andrew Charles Miller,,Japan Agency for Medical Research and Development,,G14776402,,
W4234432167,Dr Andrew Charles Miller,,Japan Agency for Medical Research and Development,,G438481976,,
W4234432167,Dr Andrew Charles Miller,,Japan Agency for Medical Research and Development,,G4547852196,,
W4234432167,Dr Andrew Charles Miller,,Japan Agency for Medical Research and Development,,G7320917479,,
W4241479977,Dr Andrew Charles Miller,,National Science Foundation,,G4751593594,,
W4241479977,Dr Andrew Charles Miller,,National Science Foundation,,G6616120016,CIF: Medium: Anonymous Broadcasting over Networks: Fundamental Limits and Algorithms,
W4245829273,Dr Andrew Charles Miller,,National Institutes of Health,,G1004220592,,
W4245829273,Dr Andrew Charles Miller,,National Institutes of Health,,G2612105078,,
W4245829273,Dr Andrew Charles Miller,,National Institutes of Health,,G3767490917,,
W4245829273,Dr Andrew Charles Miller,,American Cancer Society,,G4521199591,,
W4245829273,Dr Andrew Charles Miller,,National Institutes of Health,,G4905714862,,
W4245829273,Dr Andrew Charles Miller,,National Institutes of Health,,G5272543564,,
W4245829273,Dr Andrew Charles Miller,,National Institutes of Health,,G587610943,,
W4248666266,Dr Andrew Charles Miller,,National Institutes of Health,,G1004220592,,
W4248666266,Dr Andrew Charles Miller,,National Institutes of Health,,G2612105078,,
W4248666266,Dr Andrew Charles Miller,,National Institutes of Health,,G3767490917,,
W4248666266,Dr Andrew Charles Miller,,American Cancer Society,,G4521199591,,
W4248666266,Dr Andrew Charles Miller,,National Institutes of Health,,G4905714862,,
W4248666266,Dr Andrew Charles Miller,,National Institutes of Health,,G5272543564,,
W4248666266,Dr Andrew Charles Miller,,National Institutes of Health,,G587610943,,
W7155214184,Dr Andrew Charles Miller,,National Institutes of Health,,G3311226610,,
W7155214184,Dr Andrew Charles Miller,,Canada Foundation for Innovation,,G3534059679,,
W7155214184,Dr Andrew Charles Miller,,Canadian Institutes of Health Research,,G4554376324,,
W7155214184,Dr Andrew Charles Miller,,Canada Foundation for Innovation,,G4844574868,,
W7155214184,Dr Andrew Charles Miller,,Canada Foundation for Innovation,,G5670863149,,
W7155214184,Dr Andrew Charles Miller,,Canadian Institutes of Health Research,,G5733906634,,
W7155214184,Dr Andrew Charles Miller,,National Institutes of Health,,G6151404507,,
W1576049420,Dr Andrew Chih-Chieh Chen,,Cancer Council NSW,,G4791686755,,
W1576049420,Dr Andrew Chih-Chieh Chen,,National Health and Medical Research Council,,G8117920639,,
W2010969866,Dr Andrew Chih-Chieh Chen,,National Institute of General Medical Sciences,,G1528650278,,
W2087317982,Dr Andrew Chih-Chieh Chen,,National Institute of Mental Health,,G158361567,,
W2087317982,Dr Andrew Chih-Chieh Chen,,National Institute of Mental Health,,G2024205322,,
W2087317982,Dr Andrew Chih-Chieh Chen,,National Institute of Mental Health,,G4220198355,,
W2087317982,Dr Andrew Chih-Chieh Chen,,National Institute of Mental Health,,G4463652598,,
W2999043509,Dr Andrew Chih-Chieh Chen,,National Health and Medical Research Council,,G8117920639,,
W2999043509,Dr Diona Lee Damian,,National Health and Medical Research Council,,G8117920639,,
W2891916528,Dr Andrew Chih-Chieh Chen,,National Health and Medical Research Council,,G8117920639,,
W2891916528,Dr Diona Lee Damian,,National Health and Medical Research Council,,G8117920639,,
W2924711288,Dr Andrew Chih-Chieh Chen,,National Health and Medical Research Council,,G8117920639,,
W2924711288,Dr Niranthari  Chinniah,,National Health and Medical Research Council,,G8117920639,,
W2804568941,Dr Andrew Michael Freeman,,National Breast Cancer Foundation,,G2037840844,,
W2168821442,Dr Andrew Michael Freeman,,National Institute on Drug Abuse,,G3298102989,,
W2168821442,Dr Andrew Michael Freeman,,National Institute on Drug Abuse,,G8612812342,,
W3123212121,Dr Andrew Michael Freeman,,National Health and Medical Research Council,,G1025017135,Interactions between IL-15 and TGF-beta signalling pathways reveal novel therapeutic strategies to boost anti-cancer immunity,
W3123212121,Dr Andrew Michael Freeman,,National Health and Medical Research Council,,G1625028490,Immunobiology and Immunotherapy of Cancer,
W3123212121,Dr Andrew Michael Freeman,,Australian Research Council,,G1653802357,,
W3123212121,Dr Andrew Michael Freeman,,National Breast Cancer Foundation,,G2037840844,,
W3123212121,Dr Andrew Michael Freeman,,Cancer Council Victoria,,G2960033732,,
W3123212121,Dr Andrew Michael Freeman,,Australian Research Council,,G3022944779,ARC Centre of Excellence in Advanced Molecular Imaging,
W3123212121,Dr Andrew Michael Freeman,,National Health and Medical Research Council,,G3089653468,Modulating Protein-Protein Interactions In Disease,
W3123212121,Dr Andrew Michael Freeman,,National Health and Medical Research Council,,G3640331911,Unconventional T cells in health and disease,
W3123212121,Dr Andrew Michael Freeman,,National Health and Medical Research Council,,G4209227257,,
W3123212121,Dr Andrew Michael Freeman,,National Institute of Allergy and Infectious Diseases,,G5413902624,,
W3123212121,Dr Andrew Michael Freeman,,National Health and Medical Research Council,,G662505611,"Antigen presentation, recognition and the immune response",
W3123212121,Dr Andrew Michael Freeman,,National Health and Medical Research Council,,G8047166267,Characterisation and Development of MAIT cells,
W3123212121,Dr Andrew Michael Freeman,,National Health and Medical Research Council,,G8526721469,,
W3123212121,Dr Andrew Michael Freeman,,National Breast Cancer Foundation,,G8618868836,,
W3123212121,Dr Andrew Michael Freeman,,National Health and Medical Research Council,,G8684056490,,
W2909163111,Dr Andrew Michael Freeman,,National Natural Science Foundation of China,,G102203941,补体C3抑制巨噬细胞自噬促进胞内病原体存活的机制研究,
W2909163111,Dr Andrew Michael Freeman,,National Natural Science Foundation of China,,G2501253080,,
W2909163111,Dr Andrew Michael Freeman,,National Natural Science Foundation of China,,G6570423396,补体C3a/C3aR途径调节Tregs功能及其在抗肿瘤免疫中的作用机制,
W2909163111,Dr Andrew Michael Freeman,,National Natural Science Foundation of China,,G8885258200,,
W3123475719,Dr Andrew Michael Freeman,,National Natural Science Foundation of China,,G482061992,,
W3213564584,Dr Andrew Michael Freeman,,National Breast Cancer Foundation,,G7572534573,,
W2732593572,Dr Andrew Michael Freeman,,National Health and Medical Research Council,,G1600383498,Research Fellowship,
W2732593572,Dr Andrew Michael Freeman,,National Health and Medical Research Council,,G188274114,Targeting IAPs in Leukaemias using the Smac-mimetic drug Birinapant,
W2732593572,Dr Andrew Michael Freeman,,National Health and Medical Research Council,,G1914385583,Molecular Targeting Of Innate Immune Signalling Pathways In Cancer And Auto-Inflammatory Diseases,
W2732593572,Dr Andrew Michael Freeman,,National Health and Medical Research Council,,G6033378142,The role of co-signalling receptors in cytotoxic lymphocyte activity during infection and cancer,
W2732593572,Dr Andrew Michael Freeman,,National Health and Medical Research Council,,G7035712188,IRIISS - 2014,
W3196721108,Dr Andrew Michael Freeman,,National Health and Medical Research Council,,G6117087343,Novel therapies to enhance anti-tumour immunity,
W3196721108,Dr Andrew Michael Freeman,,National Breast Cancer Foundation,,G7572534573,,
W3196721108,Dr Andrew Michael Freeman,,National Breast Cancer Foundation,,G8896354360,,
W2899301709,Dr Andrew Michael Freeman,,"National Heart, Lung, and Blood Institute",,G8714550396,,
W2899301709,Dr Andrew Michael Freeman,,U.S. Department of Veterans Affairs,,G8986754737,,
W4402437683,Dr Andrew Michael Freeman,,National Breast Cancer Foundation,,G7572534573,,
W4408945528,Dr Andrew Michael Freeman,,Australian Research Council,,G1585588642,ARC Training Centre for Cell and Tissue Engineering Technologies,
W4408945528,Dr Andrew Michael Freeman,,National Health and Medical Research Council,,G2578716474,,
W4408945528,Dr Andrew Michael Freeman,,Department of Education and Training,,G4537765685,,
W4408945528,Dr Andrew Michael Freeman,,National Health and Medical Research Council,,G5926910716,,
W4408945528,Dr Andrew Michael Freeman,,National Health and Medical Research Council,,G6440297010,,
W4408945528,Dr Andrew Michael Freeman,,National Health and Medical Research Council,,G6675085885,,
W4408945528,Dr Andrew Michael Freeman,,National Health and Medical Research Council,,G7689477929,,
W4391386041,Dr Andrew Michael Freeman,,Deutsches Zentrum für Infektionsforschung,,G2274478712,,
W4391386041,Dr Andrew Michael Freeman,,Deutsches Zentrum für Infektionsforschung,,G524480380,,
W3107264079,Dr Andrew Michael Freeman,,National Breast Cancer Foundation,,G7572534573,,
W4251146356,Dr Andrew Michael Freeman,,National Health and Medical Research Council,,G1025017135,Interactions between IL-15 and TGF-beta signalling pathways reveal novel therapeutic strategies to boost anti-cancer immunity,
W4251146356,Dr Andrew Michael Freeman,,National Health and Medical Research Council,,G1625028490,Immunobiology and Immunotherapy of Cancer,
W4251146356,Dr Andrew Michael Freeman,,Australian Research Council,,G1653802357,,
W4251146356,Dr Andrew Michael Freeman,,National Breast Cancer Foundation,,G2037840844,,
W4251146356,Dr Andrew Michael Freeman,,Cancer Council Victoria,,G2960033732,,
W4251146356,Dr Andrew Michael Freeman,,Australian Research Council,,G3022944779,ARC Centre of Excellence in Advanced Molecular Imaging,
W4251146356,Dr Andrew Michael Freeman,,National Health and Medical Research Council,,G3089653468,Modulating Protein-Protein Interactions In Disease,
W4251146356,Dr Andrew Michael Freeman,,National Health and Medical Research Council,,G3640331911,Unconventional T cells in health and disease,
W4251146356,Dr Andrew Michael Freeman,,National Health and Medical Research Council,,G4209227257,,
W4251146356,Dr Andrew Michael Freeman,,National Health and Medical Research Council,,G662505611,"Antigen presentation, recognition and the immune response",
W4251146356,Dr Andrew Michael Freeman,,National Health and Medical Research Council,,G8047166267,Characterisation and Development of MAIT cells,
W4251146356,Dr Andrew Michael Freeman,,National Health and Medical Research Council,,G8526721469,,
W4251146356,Dr Andrew Michael Freeman,,National Breast Cancer Foundation,,G8618868836,,
W4388960512,Dr Andrew Michael Freeman,,Deutsches Zentrum für Infektionsforschung,,G524480380,,
W4300571603,Dr Andrew Michael Freeman,,National Institutes of Health,,G2055785488,,
W4300571603,Dr Andrew Michael Freeman,,National Institutes of Health,,G8541984423,,
W1950295481,Dr Anes  Yang,,Natural Sciences and Engineering Research Council of Canada,,G3080480246,,
W1950295481,Dr Anes  Yang,,National Natural Science Foundation of China,,G3662745273,,
W1950295481,Dr Anes  Yang,,Biotechnology and Biological Sciences Research Council,,G4072674824,Synthetic probes of natural product biosynthesis: implications for synthetic biology and drug discovery.,
W1950295481,Dr Anes  Yang,,Natural Sciences and Engineering Research Council of Canada,,G5290768107,,
W1950295481,Dr Anes  Yang,,Ministry of Science and Technology of the People's Republic of China,,G6288705749,,
W1950295481,Dr Anes  Yang,,Ministry of Science and Technology of the People's Republic of China,,G7512657958,,
W1950295481,Dr Anes  Yang,,Biotechnology and Biological Sciences Research Council,,G8219277147,,
W3115330149,Dr Anes  Yang,,University of New South Wales,,G1287759135,,
W3115330149,Dr Anes  Yang,,University of New South Wales,,G7157788210,,
W3115330149,Dr Anes  Yang,,Australasian Blistering Diseases Foundation,,G8270669850,,
W2076861692,Dr Anita  Patel,,"National Heart, Lung, and Blood Institute",,G6918682185,,
W2012812362,Dr Anita  Patel,,National Cancer Institute,,G1814890143,,
W2012812362,Dr Anita  Patel,,National Cancer Institute,,G3004918185,,
W2012812362,Dr Anita  Patel,,National Cancer Institute,,G397002976,,
W2012812362,Dr Anita  Patel,,National Cancer Institute,,G4158265108,,
W2012812362,Dr Anita  Patel,,National Cancer Institute,,G4715588115,,
W2012812362,Dr Anita  Patel,,National Cancer Institute,,G5028263541,,
W2012812362,Dr Anita  Patel,,National Cancer Institute,,G7570347386,,
W2012812362,Dr Anita  Patel,,National Cancer Institute,,G7760555083,,
W2012812362,Dr Anita  Patel,,National Cancer Institute,,G8014619810,,
W2012812362,Dr Anita  Patel,,National Cancer Institute,,G8983221283,,
W2079995465,Dr Anita  Patel,,National Cancer Institute,,G3004918185,,
W2079995465,Dr Anita  Patel,,National Cancer Institute,,G4158265108,,
W2079995465,Dr Anita  Patel,,National Cancer Institute,,G4715588115,,
W2079995465,Dr Anita  Patel,,National Cancer Institute,,G5028263541,,
W2079995465,Dr Anita  Patel,,National Cancer Institute,,G7570347386,,
W2079995465,Dr Anita  Patel,,National Cancer Institute,,G7760555083,,
W2079995465,Dr Anita  Patel,,National Cancer Institute,,G8014619810,,
W2079995465,Dr Anita  Patel,,National Cancer Institute,,G8983221283,,
W1994834415,Dr Anita  Patel,,National Cancer Institute,,G3004918185,,
W1994834415,Dr Anita  Patel,,National Cancer Institute,,G3719556902,,
W1994834415,Dr Anita  Patel,,National Cancer Institute,,G5966891205,,
W1994834415,Dr Anita  Patel,,National Cancer Institute,,G8983221283,,
W3186573778,Dr Anne Rosemary Halbert,,Tuberous Sclerosis Association,,G7361206474,,
W1990954164,Dr Anne Rosemary Halbert,,Canadian Institutes of Health Research,,G1378983221,,
W1990954164,Dr Anne Rosemary Halbert,,National Institute of General Medical Sciences,,G1655325888,,
W1990954164,Dr Anne Rosemary Halbert,,National Institute of General Medical Sciences,,G2036737904,,
W1990954164,Dr Anne Rosemary Halbert,,National Institute of Neurological Disorders and Stroke,,G3269481059,,
W1990954164,Dr Anne Rosemary Halbert,,National Institute of Neurological Disorders and Stroke,,G53048682,,
W1990954164,Dr Anne Rosemary Halbert,,Cancer Research UK,,G5440123844,,
W1990954164,Dr Anne Rosemary Halbert,,Eunice Kennedy Shriver National Institute of Child Health and Human Development,,G7071478349,,
W2801196247,Dr Antonia Maria Laino,,National Health and Medical Research Council,,G6834937559,,
W2897726216,Dr Antonia Maria Laino,,National Health and Medical Research Council,,G101359200,,
W2897726216,Dr Antonia Maria Laino,,National Health and Medical Research Council,,G1759056826,,
W2897726216,Dr Antonia Maria Laino,,National Health and Medical Research Council,,G2463191884,,
W2897726216,Dr Antonia Maria Laino,,National Health and Medical Research Council,,G8471297980,,
W2783725269,Dr Antonia Maria Laino,,National Health and Medical Research Council,,G394665494,,
W2783725269,Dr Antonia Maria Laino,,National Health and Medical Research Council,,G6834937559,,
W2783725269,Dr Antonia Maria Laino,,National Health and Medical Research Council,,G8744127603,,
W3214749627,Dr Antonia Maria Laino,,National Health and Medical Research Council,,G101359200,,
W3214749627,Dr Antonia Maria Laino,,National Health and Medical Research Council,,G1804858107,,
W3214749627,Dr Antonia Maria Laino,,National Institute of General Medical Sciences,,G2127459639,,
W3214749627,Dr Antonia Maria Laino,,National Cancer Institute,,G3060283814,,
W3214749627,Dr Antonia Maria Laino,,Congressionally Directed Medical Research Programs,,G3063216429,Epigenetic Modifications of Cytosines in Clear Cell Kidney Carcinogenesis and Survival,
W3214749627,Dr Antonia Maria Laino,,National Institute of General Medical Sciences,,G3831149079,,
W3214749627,Dr Antonia Maria Laino,,U.S. Department of Defense,,G4119534169,,
W3214749627,Dr Antonia Maria Laino,,U.S. Department of Defense,,G4422540353,,
W3214749627,Dr Antonia Maria Laino,,National Institute of General Medical Sciences,,G6765218651,,
W3214749627,Dr Antonia Maria Laino,,National Health and Medical Research Council,,G6834937559,,
W3214749627,Dr Antonia Maria Laino,,National Institute of General Medical Sciences,,G7112160442,,
W3214749627,Dr Antonia Maria Laino,,National Institutes of Health,,G7497687180,,
W3214749627,Dr Antonia Maria Laino,,National Cancer Institute,,G7769417692,,
W3214749627,Dr Antonia Maria Laino,,National Cancer Institute,,G8052095413,,
W3214749627,Dr Antonia Maria Laino,,National Institutes of Health,,G8839937818,,
W3214749627,Dr Helmut  Schaider,,National Health and Medical Research Council,,G101359200,,
W3214749627,Dr Helmut  Schaider,,National Health and Medical Research Council,,G1804858107,,
W3214749627,Dr Helmut  Schaider,,National Institute of General Medical Sciences,,G2127459639,,
W3214749627,Dr Helmut  Schaider,,National Cancer Institute,,G3060283814,,
W3214749627,Dr Helmut  Schaider,,Congressionally Directed Medical Research Programs,,G3063216429,Epigenetic Modifications of Cytosines in Clear Cell Kidney Carcinogenesis and Survival,
W3214749627,Dr Helmut  Schaider,,National Institute of General Medical Sciences,,G3831149079,,
W3214749627,Dr Helmut  Schaider,,U.S. Department of Defense,,G4119534169,,
W3214749627,Dr Helmut  Schaider,,U.S. Department of Defense,,G4422540353,,
W3214749627,Dr Helmut  Schaider,,National Institute of General Medical Sciences,,G6765218651,,
W3214749627,Dr Helmut  Schaider,,National Health and Medical Research Council,,G6834937559,,
W3214749627,Dr Helmut  Schaider,,National Institute of General Medical Sciences,,G7112160442,,
W3214749627,Dr Helmut  Schaider,,National Institutes of Health,,G7497687180,,
W3214749627,Dr Helmut  Schaider,,National Cancer Institute,,G7769417692,,
W3214749627,Dr Helmut  Schaider,,National Cancer Institute,,G8052095413,,
W3214749627,Dr Helmut  Schaider,,National Institutes of Health,,G8839937818,,
W2767810577,Dr Antonia Maria Laino,,National Health and Medical Research Council,,G6834937559,,
W2767810577,Dr Antonia Maria Laino,,National Health and Medical Research Council,,G8744127603,,
W2767810577,Dr Helmut  Schaider,,National Health and Medical Research Council,,G6834937559,,
W2767810577,Dr Helmut  Schaider,,National Health and Medical Research Council,,G8744127603,,
W2897867407,Dr Antonia Maria Laino,,National Health and Medical Research Council,,G6834937559,,
W2897867407,Dr Helmut  Schaider,,National Health and Medical Research Council,,G6834937559,,
W1931995803,Dr Austen Kathleen Anderson,,National Institute of Diabetes and Digestive and Kidney Diseases,,G2100739459,,
W1931995803,Dr Austen Kathleen Anderson,,National Center for Advancing Translational Sciences,,G2218244683,,
W1931995803,Dr Austen Kathleen Anderson,,University of Alabama at Birmingham,,G2420531979,,
W1931995803,Dr Austen Kathleen Anderson,,National Institute of Diabetes and Digestive and Kidney Diseases,,G244943501,,
W1931995803,Dr Austen Kathleen Anderson,,National Institute of Diabetes and Digestive and Kidney Diseases,,G4629101350,,
W1931995803,Dr Austen Kathleen Anderson,,National Center for Advancing Translational Sciences,,G6372552650,,
W1931995803,Dr Austen Kathleen Anderson,,National Institutes of Health,,G7996198316,,
W1931995803,Dr Austen Kathleen Anderson,,National Institutes of Health,,G8214371626,,
W1931995803,Dr Austen Kathleen Anderson,,National Institute of Diabetes and Digestive and Kidney Diseases,,G8354222134,,
W1995615618,Dr Benjamin Charles Thompson,,"National Heart, Lung, and Blood Institute",,G1433956776,,
W1995615618,Dr Benjamin Charles Thompson,,"National Heart, Lung, and Blood Institute",,G7769745295,,
W1995615618,Dr Benjamin Charles Thompson,,"National Heart, Lung, and Blood Institute",,G7804262308,,
W1995615618,Dr Benjamin Charles Thompson,,"National Heart, Lung, and Blood Institute",,G8330084172,,
W2039042824,Dr Benjamin Charles Thompson,,National Health and Medical Research Council,,G8117920639,,
W2039042824,Dr Devita  Surjana,,National Health and Medical Research Council,,G8117920639,,
W2128343095,Dr Benjamin Charles Thompson,,"National Heart, Lung, and Blood Institute",,G2346418970,,
W2150425046,Dr Benjamin Charles Thompson,,"National Heart, Lung, and Blood Institute",,G7498316586,,
W2000465841,Dr Benjamin Charles Thompson,,"National Heart, Lung, and Blood Institute",,G2346418970,,
W2000465841,Dr Benjamin Charles Thompson,,"National Heart, Lung, and Blood Institute",,G6433278513,,
W1999692569,Dr Benjamin Charles Thompson,,National Institute of Neurological Disorders and Stroke,,G2676499877,,
W1999692569,Dr Benjamin Charles Thompson,,National Institute of Neurological Disorders and Stroke,,G4393705899,,
W2040052259,Dr Benjamin Charles Thompson,,"National Heart, Lung, and Blood Institute",,G6433278513,,
W2164385416,Dr Benjamin Silas Daniel,,National Institutes of Health,,G1821945043,,
W2164385416,Dr Benjamin Silas Daniel,,National Institute of Arthritis and Musculoskeletal and Skin Diseases,,G3485409111,,
W2164385416,Dr Benjamin Silas Daniel,,National Institute of Arthritis and Musculoskeletal and Skin Diseases,,G5574103261,,
W2164385416,Dr Benjamin Silas Daniel,,National Institute of Arthritis and Musculoskeletal and Skin Diseases,,G8630416345,,
W2164385416,Dr Benjamin Silas Daniel,,National Institute of Arthritis and Musculoskeletal and Skin Diseases,,G8840244301,,
W2028759600,Dr Benjamin Silas Daniel,,National Institutes of Health,,G1821945043,,
W2028759600,Dr Benjamin Silas Daniel,,U.S. Department of Veterans Affairs,,G1977965501,,
W2028759600,Dr Benjamin Silas Daniel,,National Institutes of Health,,G3430881348,,
W2028759600,Dr Benjamin Silas Daniel,,National Institute of Arthritis and Musculoskeletal and Skin Diseases,,G3485409111,,
W2028759600,Dr Benjamin Silas Daniel,,National Institutes of Health,,G4436215188,,
W2091950378,Dr Benjamin Silas Daniel,,National Institute of Arthritis and Musculoskeletal and Skin Diseases,,G3485409111,,
W2091950378,Dr Benjamin Silas Daniel,,National Institute of Arthritis and Musculoskeletal and Skin Diseases,,G5574103261,,
W3124345003,Dr Benjamin Silas Daniel,,National Institute of Biomedical Imaging and Bioengineering,,G532077480,,
W3124345003,Dr Johannes Steffen Kern,,National Institute of Biomedical Imaging and Bioengineering,,G532077480,,
W3124345003,Dr Linda Katherine Martin,,National Institute of Biomedical Imaging and Bioengineering,,G532077480,,
W4299609084,Dr Benjamin Silas Daniel,,National Institutes of Health,,G1821945043,,
W4411256834,Dr Benjamin Silas Daniel,,Pfizer,,G1943295964,,
W4411256834,Dr Crystal Nicole Williams,,Pfizer,,G1943295964,,
W2043778503,Dr Bernadette Mary Ricciardo,,Eunice Kennedy Shriver National Institute of Child Health and Human Development,,G256443214,,
W2043778503,Dr Bernadette Mary Ricciardo,,Eunice Kennedy Shriver National Institute of Child Health and Human Development,,G3253539674,,
W4390744652,Dr Bernadette Mary Ricciardo,,National Health and Medical Research Council,,G3794735779,,
W4390744652,Dr Bernadette Mary Ricciardo,,National Health and Medical Research Council,,G5801597062,,
W4390744652,Dr Bernadette Mary Ricciardo,,National Health and Medical Research Council,,G6694787166,,
W4393130974,Dr Bernadette Mary Ricciardo,,National Health and Medical Research Council,,G3794735779,,
W4393130974,Dr Bernadette Mary Ricciardo,,National Health and Medical Research Council,,G5801597062,,
W4393130974,Dr Bernadette Mary Ricciardo,,National Health and Medical Research Council,,G6694787166,,
W4414160430,Dr Bernadette Mary Ricciardo,,National Health and Medical Research Council,,G3794735779,,
W4414160430,Dr Bernadette Mary Ricciardo,,National Health and Medical Research Council,,G5801597062,,
W4414160430,Dr Bernadette Mary Ricciardo,,National Health and Medical Research Council,,G6694787166,,
W4414336125,Dr Bernadette Mary Ricciardo,,National Health and Medical Research Council,,G5801597062,,
W4414336125,Dr Bernadette Mary Ricciardo,,National Health and Medical Research Council,,G6694787166,,
W3133716063,Dr Bevin  Bhoyrul,,LEO Fondet,,G3233555432,,
W3133716063,Dr Katherine Patricia York,,LEO Fondet,,G3233555432,,
W3133716063,Dr Leona Wan Yi Yip,,LEO Fondet,,G3233555432,,
W3133716063,Dr Samantha  Eisman,,LEO Fondet,,G3233555432,,
W1545684484,Dr Bevin  Bhoyrul,,Cancer Research UK,,G7956840597,,
W4415002611,Dr Bevin  Bhoyrul,,Manchester Biomedical Research Centre,,G8622835774,,
W2770925327,Dr Brogan Kelly Salence,,National Science Foundation,,G1042622182,,
W2770925327,Dr Brogan Kelly Salence,,National Science Foundation,,G4313525711,,
W2770925327,Dr Brogan Kelly Salence,,National Science Foundation,,G6280508594,,
W2770925327,Dr Brogan Kelly Salence,,National Institute for Health and Care Research,,G8073857782,Fast diagnosis of basal cell carcinoma during Mohs micrographic surgery,
W4413108263,Dr Bruna  Melhoranse Gouveia,,National Health and Medical Research Council,,G838303374,"Melanoma and Skin Cancer: Burden, Prevention and Control",
W4413108263,Dr Tony Philip Caccetta,,National Health and Medical Research Council,,G838303374,"Melanoma and Skin Cancer: Burden, Prevention and Control",
W4229041867,Dr Bruna  Melhoranse Gouveia,,National Health and Medical Research Council,,G7742388951,"Centre of Research Excellence in Melanoma: Person, tumour and system-focussed knowledge to drive better outcomes in melanoma",
W4403266015,Dr Bruna  Melhoranse Gouveia,,National Health and Medical Research Council,,G1886029725,Tailored approaches to improve prevention and early detection of melanoma and other skin cancers ,
W4403266015,Dr Bruna  Melhoranse Gouveia,,National Health and Medical Research Council,,G2277177611,,
W4403266015,Dr Linda Katherine Martin,,National Health and Medical Research Council,,G1886029725,Tailored approaches to improve prevention and early detection of melanoma and other skin cancers ,
W4403266015,Dr Linda Katherine Martin,,National Health and Medical Research Council,,G2277177611,,
W4415055489,Dr Bruna  Melhoranse Gouveia,,National Health and Medical Research Council,,G1886029725,Tailored approaches to improve prevention and early detection of melanoma and other skin cancers ,
W4415055489,Dr Bruna  Melhoranse Gouveia,,National Health and Medical Research Council,,G2277177611,,
W4415055489,Dr Bruna  Melhoranse Gouveia,,National Health and Medical Research Council,,G7742388951,"Centre of Research Excellence in Melanoma: Person, tumour and system-focussed knowledge to drive better outcomes in melanoma",
W4415055489,Dr Linda Katherine Martin,,National Health and Medical Research Council,,G1886029725,Tailored approaches to improve prevention and early detection of melanoma and other skin cancers ,
W4415055489,Dr Linda Katherine Martin,,National Health and Medical Research Council,,G2277177611,,
W4415055489,Dr Linda Katherine Martin,,National Health and Medical Research Council,,G7742388951,"Centre of Research Excellence in Melanoma: Person, tumour and system-focussed knowledge to drive better outcomes in melanoma",
W3018522922,Dr Casey Jane Rowe,,National Cancer Institute,,G1449661873,,
W3018522922,Dr Casey Jane Rowe,,National Cancer Institute,,G192330107,,
W3018522922,Dr Casey Jane Rowe,,National Cancer Institute,,G2584233897,,
W3018522922,Dr Casey Jane Rowe,,National Cancer Institute,,G2667818999,,
W3018522922,Dr Casey Jane Rowe,,National Cancer Institute,,G3069858017,,
W3018522922,Dr Casey Jane Rowe,,Cancer Research UK,,G3387589778,,
W3018522922,Dr Casey Jane Rowe,,National Cancer Institute,,G4016368751,,
W3018522922,Dr Casey Jane Rowe,,National Cancer Institute,,G4119975330,,
W3018522922,Dr Casey Jane Rowe,,National Institutes of Health,,G5023250702,,
W3018522922,Dr Casey Jane Rowe,,National Cancer Institute,,G5110314844,,
W3018522922,Dr Casey Jane Rowe,,Cancer Research UK,,G5865683244,,
W3018522922,Dr Casey Jane Rowe,,Cancer Research UK,,G6165909648,,
W3018522922,Dr Casey Jane Rowe,,National Cancer Institute,,G6730484816,,
W3018522922,Dr Casey Jane Rowe,,Wellcome Trust,,G7234863053,,
W3018522922,Dr Casey Jane Rowe,,National Cancer Institute,,G7840936293,,
W3018522922,Dr Casey Jane Rowe,,Cancer Research UK,,G7956840597,,
W3018522922,Dr Casey Jane Rowe,,Cancer Research UK,,G798245942,,
W3018522922,Dr Casey Jane Rowe,,National Cancer Institute,,G8109282159,,
W3018522922,Dr Casey Jane Rowe,,Medical Research Council,,G8330560607,,
W2912830919,Dr Casey Jane Rowe,,"Center for Integrated Healthcare, U.S. Department of Veterans Affairs",,G1387184995,,
W2912830919,Dr Casey Jane Rowe,,National Institutes of Health,,G2339551940,,
W2912830919,Dr Casey Jane Rowe,,National Institute of Allergy and Infectious Diseases,,G3752748060,,
W2912830919,Dr Casey Jane Rowe,,U.S. Department of Veterans Affairs,,G4354238387,,
W2912830919,Dr Casey Jane Rowe,,National Institutes of Health,,G4666670189,,
W2912830919,Dr Casey Jane Rowe,,National Institutes of Health,,G5434412621,,
W2912830919,Dr Casey Jane Rowe,,"National Heart, Lung, and Blood Institute",,G5595666038,,
W2912830919,Dr Casey Jane Rowe,,National Cancer Institute,,G7601501543,,
W2912830919,Dr Casey Jane Rowe,,National Institutes of Health,,G799929507,,
W1763744469,Dr Casey Jane Rowe,,National Cancer Institute,,G6539853888,,
W2298644768,Dr Casey Jane Rowe,,National Health and Medical Research Council,,G3087002963,,
W2298644768,Dr Casey Jane Rowe,,National Health and Medical Research Council,,G3538564480,,
W3119646896,Dr Casey Jane Rowe,,National Institutes of Health,,G4624593560,,
W3119646896,Dr Casey Jane Rowe,,National Health and Medical Research Council,,G5192549772,Modulating skin regenerative responses to improve wound repair and fight carcinogenesis,
W3119646896,Dr Casey Jane Rowe,,Cancer Research UK,,G6141715857,,
W3119646896,Dr Casey Jane Rowe,,National Health and Medical Research Council,,G6849786991,"Practice- and policy-relevant research in skin cancer epidemiology, prevention and screening",
W3119646896,Dr Casey Jane Rowe,,Wellcome Trust,,G7234863053,,
W3119646896,Dr Casey Jane Rowe,,National Institutes of Health,,G8258636397,,
W2102327965,Dr Catherine Frances McKay,,Medicinska Forskningsrådet,,G5259248636,,
W2102327965,Dr Catherine Frances McKay,,Canadian Institutes of Health Research,,G6263227959,,
W2083190671,Dr Catherine Frances McKay,,British Heart Foundation,,G2140226292,,
W2083190671,Dr Catherine Frances McKay,,Wellcome,,G7869480240,,
W2083190671,Dr Catherine Frances McKay,,Wellcome Trust,,G8830984112,,
W2039364342,Dr Catherine Frances McKay,,Canadian Institutes of Health Research,,G7042964849,,
W1747628444,Dr Catherine Frances McKay,,Canadian Institutes of Health Research,,G3581456841,,
W1747628444,Dr Catherine Frances McKay,,Canadian Institutes of Health Research,,G7042964849,,
W2782879495,Dr Catherine Jean Drummond,,National Institutes of Health,,G312917091,,
W2782879495,Dr Catherine Jean Drummond,,National Institutes of Health,,G3164582518,,
W2782879495,Dr Catherine Jean Drummond,,National Institutes of Health,,G3278220769,,
W2782879495,Dr Catherine Jean Drummond,,National Cancer Institute,,G4889371882,,
W2782879495,Dr Catherine Jean Drummond,,National Cancer Institute,,G6519038758,,
W2782879495,Dr Catherine Jean Drummond,,National Cancer Institute,,G8019158954,,
W2793033519,Dr Catherine Jean Drummond,,Grantová Agentura České Republiky,,G1213683872,,
W2793033519,Dr Catherine Jean Drummond,,"Ministerstvo Školství, Mládeže a Tělovýchovy",,G1290322374,,
W2793033519,Dr Catherine Jean Drummond,,Grantová Agentura České Republiky,,G2186849190,,
W2793033519,Dr Catherine Jean Drummond,,Cancer Research UK,,G2398656775,,
W2793033519,Dr Catherine Jean Drummond,,Cancer Research UK,,G3052128472,,
W2793033519,Dr Catherine Jean Drummond,,Cancer Research UK,,G3286117770,,
W2793033519,Dr Catherine Jean Drummond,,Helse Vest,,G5049955803,,
W2793033519,Dr Catherine Jean Drummond,,"Ministerstvo Školství, Mládeže a Tělovýchovy",,G6400953059,RECAMO2020,
W2793033519,Dr Catherine Jean Drummond,,Helse Vest,,G6929185611,,
W2793033519,Dr Catherine Jean Drummond,,National Institutes of Health,,G7314811240,,
W2793033519,Dr Catherine Jean Drummond,,Wellcome Trust,,G7610681606,The role of non-histon proteins in chromosome structure and function during mitosis and apoptosis.,
W2793033519,Dr Catherine Jean Drummond,,Cancer Research UK,,G7837534025,,
W2793033519,Dr Catherine Jean Drummond,,Wellcome Trust,,G8511311448,,
W2793033519,Dr Catherine Jean Drummond,,National Cancer Institute,,G8526867491,,
W2793033519,Dr Catherine Jean Drummond,,Helse Vest,,G8937779484,,
W3213070340,Dr Catherine Jean Drummond,,Health Research Council of New Zealand,,G1369993733,,
W3213070340,Dr Catherine Jean Drummond,,Health Research Council of New Zealand,,G1947537882,,
W3213070340,Dr Catherine Jean Drummond,,"Ministry of Health, New Zealand",,G5130274498,,
W3213070340,Dr Catherine Jean Drummond,,Health Research Council of New Zealand,,G840237696,,
W3213070340,Dr Catherine Jean Drummond,,"Ministry of Health, New Zealand",,G8731956134,,
W3213070340,Dr Catherine Jean Drummond,,"Ministry of Health, New Zealand",,G8783708178,,
W4388705446,Dr Catherine Jean Drummond,,U.S. Department of Health and Human Services,,G1058521805,,
W4388705446,Dr Catherine Jean Drummond,,National Institutes of Health,,G1355642991,,
W4388705446,Dr Catherine Jean Drummond,,National Cancer Institute,,G1377670007,,
W4388705446,Dr Catherine Jean Drummond,,National Cancer Institute,,G1392818367,,
W4388705446,Dr Catherine Jean Drummond,,National Cancer Institute,,G1589330280,,
W4388705446,Dr Catherine Jean Drummond,,National Institutes of Health,,G1850626374,,
W4388705446,Dr Catherine Jean Drummond,,American Lebanese Syrian Associated Charities,,G2402638574,,
W4388705446,Dr Catherine Jean Drummond,,National Institutes of Health,,G3164582518,,
W4388705446,Dr Catherine Jean Drummond,,National Cancer Institute,,G319088968,,
W4388705446,Dr Catherine Jean Drummond,,U.S. Department of Health and Human Services,,G3450422924,,
W4388705446,Dr Catherine Jean Drummond,,National Cancer Institute,,G4307975058,,
W4388705446,Dr Catherine Jean Drummond,,U.S. Department of Health and Human Services,,G4721068287,,
W4388705446,Dr Catherine Jean Drummond,,National Cancer Institute,,G4889371882,,
W4388705446,Dr Catherine Jean Drummond,,Rally Foundation,,G5833348738,,
W4388705446,Dr Catherine Jean Drummond,,Damon Runyon Cancer Research Foundation,,G5952569550,,
W4388705446,Dr Catherine Jean Drummond,,National Cancer Institute,,G609259107,,
W4388705446,Dr Catherine Jean Drummond,,National Cancer Institute,,G6487644272,,
W4388705446,Dr Catherine Jean Drummond,,National Cancer Institute,,G6519038758,,
W4388705446,Dr Catherine Jean Drummond,,St. Jude Children's Research Hospital,,G751896108,,
W1972902214,Dr Catherine Jean Drummond,,National Institute for Health and Care Research,,G2328569791,NIHR Senior Investigator Award,
W2088296885,Dr Catherine Jean Drummond,,Cancer Research UK,,G2398656775,,
W3082051962,Dr Catherine Jean Drummond,,Cancer Institute NSW,,G1531197146,,
W3082051962,Dr Catherine Jean Drummond,,Health Research Council of New Zealand,,G1947537882,,
W3082051962,Dr Catherine Jean Drummond,,Marsden Fund,,G8370907922,,
W3201244242,Dr Catherine Jean Drummond,,National Cancer Institute,,G1181402909,,
W3201244242,Dr Catherine Jean Drummond,,National Institutes of Health,,G1355642991,,
W3201244242,Dr Catherine Jean Drummond,,National Cancer Institute,,G1377670007,,
W3201244242,Dr Catherine Jean Drummond,,National Cancer Institute,,G1392818367,,
W3201244242,Dr Catherine Jean Drummond,,National Cancer Institute,,G1589330280,,
W3201244242,Dr Catherine Jean Drummond,,National Institutes of Health,,G1850626374,,
W3201244242,Dr Catherine Jean Drummond,,American Lebanese Syrian Associated Charities,,G2402638574,,
W3201244242,Dr Catherine Jean Drummond,,National Institutes of Health,,G3164582518,,
W3201244242,Dr Catherine Jean Drummond,,National Cancer Institute,,G319088968,,
W3201244242,Dr Catherine Jean Drummond,,U.S. Department of Health and Human Services,,G3450422924,,
W3201244242,Dr Catherine Jean Drummond,,National Cancer Institute,,G4307975058,,
W3201244242,Dr Catherine Jean Drummond,,National Cancer Institute,,G4889371882,,
W3201244242,Dr Catherine Jean Drummond,,Rally Foundation,,G5833348738,,
W3201244242,Dr Catherine Jean Drummond,,Damon Runyon Cancer Research Foundation,,G5952569550,,
W3201244242,Dr Catherine Jean Drummond,,National Cancer Institute,,G609259107,,
W3201244242,Dr Catherine Jean Drummond,,National Cancer Institute,,G6480418075,,
W3201244242,Dr Catherine Jean Drummond,,National Cancer Institute,,G6487644272,,
W3201244242,Dr Catherine Jean Drummond,,National Cancer Institute,,G6519038758,,
W3201244242,Dr Catherine Jean Drummond,,U.S. Department of Health and Human Services,,G6634032323,,
W3201244242,Dr Catherine Jean Drummond,,St. Jude Children's Research Hospital,,G751896108,,
W3201244242,Dr Catherine Jean Drummond,,U.S. Department of Health and Human Services,,G768470799,,
W3201244242,Dr Catherine Jean Drummond,,U.S. Department of Health and Human Services,,G7997290695,,
W2755579458,Dr Catherine Jean Drummond,,National Cancer Institute,,G4889371882,,
W2755579458,Dr Catherine Jean Drummond,,National Cancer Institute,,G6519038758,,
W2755579458,Dr Catherine Jean Drummond,,National Cancer Institute,,G8019158954,,
W2755579458,Dr Catherine Jean Drummond,,National Institutes of Health,,G8488631294,,
W4414751288,Dr Catherine Jean Drummond,,National Cancer Institute,,G1377670007,,
W4414751288,Dr Catherine Jean Drummond,,National Cancer Institute,,G1392818367,,
W4414751288,Dr Catherine Jean Drummond,,Rally Foundation,,G5833348738,,
W4414751288,Dr Catherine Jean Drummond,,University of Texas MD Anderson Cancer Center,,G635440949,,
W4414751288,Dr Catherine Jean Drummond,,University of Texas MD Anderson Cancer Center,,G929541800,,
W2791040072,Dr Catherine Jean Drummond,,National Cancer Institute,,G1392818367,,
W2791040072,Dr Catherine Jean Drummond,,National Cancer Institute,,G6519038758,,
W2791040072,Dr Catherine Jean Drummond,,V Foundation for Cancer Research,,G7482573527,,
W4400578277,Dr Catherine Jean Drummond,,Marsden Fund,,G1488387411,,
W4400578277,Dr Catherine Jean Drummond,,Royal Society Te Apārangi,,G4543658394,,
W4400578277,Dr Catherine Jean Drummond,,Marsden Fund,,G7417929165,,
W4400578277,Dr Catherine Jean Drummond,,Royal Society Te Apārangi,,G8215871744,,
W4400578277,Dr Catherine Jean Drummond,,Marsden Fund,,G8370907922,,
W4400578277,Dr Catherine Jean Drummond,,Royal Society Te Apārangi,,G8780712167,,
W2800027302,Dr Catherine Jean Drummond,,Leukemia and Lymphoma Society,,G2356809467,,
W2800027302,Dr Catherine Jean Drummond,,Cancer Research UK,,G3052128472,,
W2800027302,Dr Catherine Jean Drummond,,Cancerfonden,,G3236138123,,
W2800027302,Dr Catherine Jean Drummond,,Cancer Research UK,,G3286117770,,
W2800027302,Dr Catherine Jean Drummond,,Kreftforeningen,,G3481833004,,
W2800027302,Dr Catherine Jean Drummond,,Kreftforeningen,,G3711511784,,
W2800027302,Dr Catherine Jean Drummond,,Vetenskapsrådet,,G3736307108,,
W2800027302,Dr Catherine Jean Drummond,,Cancerfonden,,G3804504478,,
W2800027302,Dr Catherine Jean Drummond,,Vetenskapsrådet,,G4209869202,,
W2800027302,Dr Catherine Jean Drummond,,Helse Vest,,G5049955803,,
W2800027302,Dr Catherine Jean Drummond,,Cancerfonden,,G5137024144,,
W2800027302,Dr Catherine Jean Drummond,,Cancerfonden,,G5204410247,,
W2800027302,Dr Catherine Jean Drummond,,Vetenskapsrådet,,G6048914955,,
W2800027302,Dr Catherine Jean Drummond,,Association for International Cancer Research,,G6176681686,,
W2800027302,Dr Catherine Jean Drummond,,National Institutes of Health,,G7314811240,,
W2800027302,Dr Catherine Jean Drummond,,Barncancerfonden,,G7525794006,,
W2800027302,Dr Catherine Jean Drummond,,Barncancerfonden,,G7797370275,,
W2800027302,Dr Catherine Jean Drummond,,Cancerfonden,,G8234365526,,
W2800027302,Dr Catherine Jean Drummond,,National Institutes of Health,,G8288036582,,
W2800027302,Dr Catherine Jean Drummond,,National Cancer Institute,,G8526867491,,
W2800027302,Dr Catherine Jean Drummond,,Cancerfonden,,G8713312220,,
W2800027302,Dr Catherine Jean Drummond,,Helse Vest,,G8937779484,,
W2800027302,Dr Catherine Jean Drummond,,Vetenskapsrådet,,G8939061112,,
W4385980017,Dr Catherine Jean Drummond,,Wellcome Trust,,G8511311448,,
W2803256184,Dr Catherine Jean Drummond,,Wellcome Trust,,G8511311448,,
W4414518228,Dr Catherine Jean Drummond,,National Cancer Institute,,G4738792718,,
W4414518228,Dr Catherine Jean Drummond,,National Cancer Institute,,G4889371882,,
W4414518228,Dr Catherine Jean Drummond,,National Cancer Institute,,G6487644272,,
W4414518228,Dr Catherine Jean Drummond,,National Cancer Institute,,G6519038758,,
W4413808183,Dr Catherine Jean Drummond,,Royal Society Te Apārangi,,G2347566655,,
W7136681464,Dr Catherine Jean Drummond,,Marsden Fund,,G7592478971,,
W7160935306,Dr Catherine Jean Drummond,,Cancer Research Trust New Zealand,,G1779116802,,
W7160935306,Dr Catherine Jean Drummond,,Otago Medical Research Foundation,,G6269832936,,
W7160935306,Dr Catherine Jean Drummond,,Cancer Research Trust New Zealand,,G6890191097,,
W7163709944,Dr Catherine Jean Drummond,,Health Research Council of New Zealand,,G1167624844,,
W7163709944,Dr Catherine Jean Drummond,,Cancer Research Trust New Zealand,,G3458507947,,
W7163709944,Dr Catherine Jean Drummond,,University of Otago,,G4421542303,,
W7163709944,Dr Catherine Jean Drummond,,Health Research Council of New Zealand,,G840237696,,
W7163709944,Dr Catherine Jean Drummond,,Health Research Council of New Zealand,,G8734727475,,
W2626741736,Dr Catherine Margaret Reid,,National Institute for Health and Care Research,,G5766271175,,
W2626741736,Dr Catherine Margaret Reid,,Research for Patient Benefit Programme,,G8024655636,,
W2511045335,Dr Catherine Margaret Reid,,National Institute for Health and Care Research,,G5766271175,,
W3046391572,Dr Catherine Margaret Reid,,National Institute for Health and Care Research,,G5766271175,,
W3190527361,Dr Cathy Yunjia Zhao,,National Institute for Health and Care Research,,G5292192115,,
W3190527361,Dr Cathy Yunjia Zhao,,National Institute for Health and Care Research,,G6051466874,Action PlAns for CHildren with Eczema (APACHE): a study to develop written action plans for children with eczema and explore how best to evaluate them,
W3190527361,Dr Cathy Yunjia Zhao,,National Institute for Health and Care Research,,G6320364515,,
W3190527361,Dr Cathy Yunjia Zhao,,National Institute for Health and Care Research,,G824989334,Prioritising research for an entire clinical area (atopic eczema) using value of information methods,
W4384663634,Dr Cathy Yunjia Zhao,,National Eye Institute,,G2677418460,,
W4384663634,Dr Cathy Yunjia Zhao,,National Eye Institute,,G4010816170,,
W4384663634,Dr Cathy Yunjia Zhao,,National Institutes of Health,,G5319094032,,
W4384663634,Dr Cathy Yunjia Zhao,,Research to Prevent Blindness,,G6869656116,,
W4401638586,Dr Cathy Yunjia Zhao,,National Eye Institute,,G4010816170,,
W2013727213,Dr Cathy Yunjia Zhao,,National Institute of Arthritis and Musculoskeletal and Skin Diseases,,G2369645555,,
W2013727213,Dr Cathy Yunjia Zhao,,National Institute of Arthritis and Musculoskeletal and Skin Diseases,,G4436676682,,
W2013727213,Dr Cathy Yunjia Zhao,,National Institute of Arthritis and Musculoskeletal and Skin Diseases,,G8911132811,,
W2767090914,Dr Chen  Xie,,Nanyang Technological University,,G2881814529,,
W2767090914,Dr Chen  Xie,,Nanyang Technological University,,G3048563442,,
W2767090914,Dr Chen  Xie,,Nanyang Technological University,,G3122815685,,
W2767090914,Dr Chen  Xie,,Nanyang Technological University,,G4948563648,,
W2767090914,Dr Chen  Xie,,National Institutes of Health,,G8518635826,,
W2793142137,Dr Chen  Xie,,Ministry of Education - Singapore,,G1906548206,,
W2793142137,Dr Chen  Xie,,Nanyang Technological University,,G2881814529,,
W2793142137,Dr Chen  Xie,,Nanyang Technological University,,G3048563442,,
W2793142137,Dr Chen  Xie,,Ministry of Education - Singapore,,G3935844793,,
W2793142137,Dr Chen  Xie,,Ministry of Education - Singapore,,G4654220494,,
W2793142137,Dr Chen  Xie,,Nanyang Technological University,,G4948563648,,
W2793142137,Dr Chen  Xie,,Nanyang Technological University,,G5976549981,,
W2793142137,Dr Chen  Xie,,Nanyang Technological University,,G7110631062,,
W2468620463,Dr Chen  Xie,,Nanyang Technological University,,G2881814529,,
W2468620463,Dr Chen  Xie,,Nanyang Technological University,,G3048563442,,
W2468620463,Dr Chen  Xie,,Ministry of Education - Singapore,,G3126254556,,
W2468620463,Dr Chen  Xie,,Japan Society for the Promotion of Science,,G357356190,Materially Engineered Artificial Pollinators,
W2468620463,Dr Chen  Xie,,Nanyang Technological University,,G4948563648,,
W2468620463,Dr Chen  Xie,,Ministry of Education - Singapore,,G7027714118,,
W2468620463,Dr Chen  Xie,,Japan Society for the Promotion of Science,,G8982465025,Nanocomplexes for in vivo control of cellular functions,
W2727271995,Dr Chen  Xie,,National Medical Research Council,,G1795332195,,
W2727271995,Dr Chen  Xie,,Ministry of Education - Singapore,,G2503926899,,
W2727271995,Dr Chen  Xie,,Nanyang Technological University,,G2881814529,,
W2727271995,Dr Chen  Xie,,Nanyang Technological University,,G3048563442,,
W2727271995,Dr Chen  Xie,,Ministry of Education - Singapore,,G3935844793,,
W2727271995,Dr Chen  Xie,,National Medical Research Council,,G4185946714,,
W2727271995,Dr Chen  Xie,,Nanyang Technological University,,G4948563648,,
W2727271995,Dr Chen  Xie,,Nanyang Technological University,,G5976549981,,
W2727271995,Dr Chen  Xie,,National Medical Research Council,,G6240163246,,
W2802743845,Dr Chen  Xie,,Nanyang Technological University,,G2881814529,,
W2802743845,Dr Chen  Xie,,Nanyang Technological University,,G3048563442,,
W2802743845,Dr Chen  Xie,,Nanyang Technological University,,G3122815685,,
W2802743845,Dr Chen  Xie,,Nanyang Technological University,,G4948563648,,
W2424816294,Dr Chen  Xie,,Ministry of Education - Singapore,,G2366677273,,
W2424816294,Dr Chen  Xie,,Nanyang Technological University,,G2881814529,,
W2424816294,Dr Chen  Xie,,Ministry of Education - Singapore,,G3126254556,,
W2424816294,Dr Chen  Xie,,Ministry of Education - Singapore,,G7027714118,,
W2914501790,Dr Chen  Xie,,Nanyang Technological University,,G3809263448,,
W2914501790,Dr Chen  Xie,,National Medical Research Council,,G4185946714,,
W2914501790,Dr Chen  Xie,,Nanyang Technological University,,G5976549981,,
W2914501790,Dr Chen  Xie,,Ministry of Education - Singapore,,G5982289399,,
W2943080811,Dr Chen  Xie,,Nanyang Technological University,,G2881814529,,
W2943080811,Dr Chen  Xie,,Nanyang Technological University,,G3048563442,,
W2943080811,Dr Chen  Xie,,Nanyang Technological University,,G4948563648,,
W2791613310,Dr Chen  Xie,,Nanyang Technological University,,G2881814529,,
W2791613310,Dr Chen  Xie,,Nanyang Technological University,,G3048563442,,
W2791613310,Dr Chen  Xie,,Nanyang Technological University,,G4948563648,,
W2789834381,Dr Chen  Xie,,Nanyang Technological University,,G2881814529,,
W2789834381,Dr Chen  Xie,,Nanyang Technological University,,G3048563442,,
W2789834381,Dr Chen  Xie,,Nanyang Technological University,,G4948563648,,
W2914693810,Dr Chen  Xie,,Ministry of Education - Singapore,,G2503926899,,
W2914693810,Dr Chen  Xie,,Nanyang Technological University,,G2881814529,,
W2914693810,Dr Chen  Xie,,Ministry of Education - Singapore,,G3935844793,,
W2914693810,Dr Chen  Xie,,Ministry of Education - Singapore,,G6057397431,,
W2971196856,Dr Chen  Xie,,Nanyang Technological University,,G3048563442,,
W2953537318,Dr Chen  Xie,,Ministry of Education - Singapore,,G2503926899,,
W2953537318,Dr Chen  Xie,,Nanyang Technological University,,G2881814529,,
W2953537318,Dr Chen  Xie,,Ministry of Education - Singapore,,G3935844793,,
W2953537318,Dr Chen  Xie,,Ministry of Education - Singapore,,G6057397431,,
W2939712722,Dr Chen  Xie,,Nanyang Technological University,,G2881814529,,
W2939712722,Dr Chen  Xie,,Nanyang Technological University,,G3048563442,,
W2939712722,Dr Chen  Xie,,Nanyang Technological University,,G4948563648,,
W2783808747,Dr Chen  Xie,,Ministry of Education - Singapore,,G2503926899,,
W2783808747,Dr Chen  Xie,,Nanyang Technological University,,G2881814529,,
W2783808747,Dr Chen  Xie,,Nanyang Technological University,,G3122815685,,
W2783808747,Dr Chen  Xie,,Ministry of Education - Singapore,,G3935844793,,
W2783808747,Dr Chen  Xie,,Nanyang Technological University,,G4948563648,,
W2783808747,Dr Chen  Xie,,Ministry of Education - Singapore,,G6057397431,,
W2795980237,Dr Chen  Xie,,Ministry of Education - Singapore,,G1906548206,,
W2795980237,Dr Chen  Xie,,Nanyang Technological University,,G2881814529,,
W2795980237,Dr Chen  Xie,,Nanyang Technological University,,G3048563442,,
W2795980237,Dr Chen  Xie,,Nanyang Technological University,,G3122815685,,
W2795980237,Dr Chen  Xie,,Ministry of Education - Singapore,,G3935844793,,
W2795980237,Dr Chen  Xie,,Nanyang Technological University,,G4948563648,,
W2795980237,Dr Chen  Xie,,Ministry of Education - Singapore,,G7051307074,,
W2760971081,Dr Chen  Xie,,Nanyang Technological University,,G2881814529,,
W2760971081,Dr Chen  Xie,,Ministry of Education - Singapore,,G2989055885,,
W2760971081,Dr Chen  Xie,,Nanyang Technological University,,G3048563442,,
W2760971081,Dr Chen  Xie,,Nanyang Technological University,,G3809263448,,
W2760971081,Dr Chen  Xie,,Ministry of Education - Singapore,,G4654220494,,
W2760971081,Dr Chen  Xie,,Nanyang Technological University,,G4948563648,,
W2760971081,Dr Chen  Xie,,Nanyang Technological University,,G5976549981,,
W2760971081,Dr Chen  Xie,,Nanyang Technological University,,G7110631062,,
W4205519999,Dr Chen  Xie,,Natural Science Foundation of Jiangsu Province,,G1174539267,,
W4205519999,Dr Chen  Xie,,National Natural Science Foundation of China,,G2547767631,,
W4205519999,Dr Chen  Xie,,National Key Research and Development Program of China,,G2865484290,,
W4205519999,Dr Chen  Xie,,Fundamental Research Funds for the Central Universities,,G3060278178,,
W4205519999,Dr Chen  Xie,,National Key Research and Development Program of China,,G3247609565,,
W4205519999,Dr Chen  Xie,,National Natural Science Foundation of China,,G5451064030,,
W4205519999,Dr Chen  Xie,,National Natural Science Foundation of China,,G7528661727,,
W4205519999,Dr Chen  Xie,,National Natural Science Foundation of China,,G8380402916,,
W2560417949,Dr Chen  Xie,,Ministry of Education - Singapore,,G1930064422,,
W2560417949,Dr Chen  Xie,,Ministry of Education - Singapore,,G2819582334,,
W2560417949,Dr Chen  Xie,,Nanyang Technological University,,G2881814529,,
W2560417949,Dr Chen  Xie,,Nanyang Technological University,,G3048563442,,
W2560417949,Dr Chen  Xie,,Nanyang Technological University,,G3211356564,,
W2560417949,Dr Chen  Xie,,Nanyang Technological University,,G4948563648,,
W2560417949,Dr Chen  Xie,,Ministry of Education - Singapore,,G5220372994,,
W2560417949,Dr Chen  Xie,,Ministry of Education - Singapore,,G5580267767,,
W2560417949,Dr Chen  Xie,,Nanyang Technological University,,G5976549981,,
W2560417949,Dr Chen  Xie,,Ministry of Education - Singapore,,G7027714118,,
W2560417949,Dr Chen  Xie,,Nanyang Technological University,,G7110631062,,
W2560417949,Dr Chen  Xie,,Ministry of Education - Singapore,,G854381717,,
W2951825530,Dr Chen  Xie,,Ministry of Education - Singapore,,G2503926899,,
W2951825530,Dr Chen  Xie,,Ministry of Education - Singapore,,G3935844793,,
W2951825530,Dr Chen  Xie,,Ministry of Education - Singapore,,G4654220494,,
W2951825530,Dr Chen  Xie,,Ministry of Education - Singapore,,G5982289399,,
W2951825530,Dr Chen  Xie,,Ministry of Education - Singapore,,G6057397431,,
W2951825530,Dr Chen  Xie,,Nanyang Technological University,,G7110631062,,
W2951825530,Dr Chen  Xie,,Nanyang Technological University,,G8953964315,,
W2023390621,Dr Chen  Xie,,National Natural Science Foundation of China,,G4173339600,长循环聚乙烯基吡咯烷酮－聚己内酯纳米微粒的研究,
W2023390621,Dr Chen  Xie,,National Natural Science Foundation of China,,G4817851050,基于生物大分子组装的纳米载体及其药物传输系统的研究,
W2569329107,Dr Chen  Xie,,Nanyang Technological University,,G2881814529,,
W2569329107,Dr Chen  Xie,,Nanyang Technological University,,G2894490696,,
W2569329107,Dr Chen  Xie,,Nanyang Technological University,,G3048563442,,
W2569329107,Dr Chen  Xie,,Nanyang Technological University,,G3809263448,,
W2569329107,Dr Chen  Xie,,Nanyang Technological University,,G4948563648,,
W2569329107,Dr Chen  Xie,,Nanyang Technological University,,G5976549981,,
W2569329107,Dr Chen  Xie,,Nanyang Technological University,,G7110631062,,
W2569329107,Dr Chen  Xie,,Nanyang Technological University,,G925307181,,
W2993635075,Dr Chen  Xie,,National Natural Science Foundation of China,,G4545950118,基于硫化铋纳米体系的多模态分子影像探针及其肿瘤靶向诊疗,
W2993635075,Dr Chen  Xie,,National Natural Science Foundation of China,,G4949490346,基于共轭高分子的pHe敏感型NIR-II肿瘤光学成像探针及光热疗的研究,
W2993635075,Dr Chen  Xie,,Hunan University,,G7834719758,,
W2993635075,Dr Chen  Xie,,National Natural Science Foundation of China,,G8816517958,,
W2591856330,Dr Chen  Xie,,Nanyang Technological University,,G2392056988,,
W2591856330,Dr Chen  Xie,,Ministry of Education - Singapore,,G2503926899,,
W2591856330,Dr Chen  Xie,,Nanyang Technological University,,G2881814529,,
W2591856330,Dr Chen  Xie,,Nanyang Technological University,,G3048563442,,
W2591856330,Dr Chen  Xie,,Nanyang Technological University,,G4948563648,,
W2591856330,Dr Chen  Xie,,Nanyang Technological University,,G5712488808,,
W2591856330,Dr Chen  Xie,,Ministry of Education - Singapore,,G7027714118,,
W2591856330,Dr Chen  Xie,,Ministry of Education - Singapore,,G854381717,,
W2070994004,Dr Chen  Xie,,National Natural Science Foundation of China,,G4817851050,基于生物大分子组装的纳米载体及其药物传输系统的研究,
W2070994004,Dr Chen  Xie,,National Natural Science Foundation of China,,G6260019737,一种高载药量高分子靶向纳米给药体系的研究,
W2070994004,Dr Chen  Xie,,National Natural Science Foundation of China,,G7038310839,受体介导的碳纳米管基靶向药物载体的合成及其在肿瘤靶向治疗中的应用研究,
W2606968003,Dr Chen  Xie,,National Natural Science Foundation of China,,G2225441527,整合素αvβ3-RGD的共轭高分子近红外光声探针的制备及肿瘤成像研究,
W2606968003,Dr Chen  Xie,,National Natural Science Foundation of China,,G2278153156,,
W2606968003,Dr Chen  Xie,,National Natural Science Foundation of China,,G2430933484,,
W2606968003,Dr Chen  Xie,,National Natural Science Foundation of China,,G2516593544,共轭高分子光声/CT肿瘤靶向成像探针及其光热疗的应用,
W2606968003,Dr Chen  Xie,,Nanyang Technological University,,G2881814529,,
W2606968003,Dr Chen  Xie,,Nanyang Technological University,,G3048563442,,
W2606968003,Dr Chen  Xie,,National Key Research and Development Program of China,,G3119956371,,
W2606968003,Dr Chen  Xie,,National Key Research and Development Program of China,,G3150690530,,
W2606968003,Dr Chen  Xie,,National Natural Science Foundation of China,,G3174454293,,
W2606968003,Dr Chen  Xie,,Natural Science Foundation of Jiangsu Province,,G3724605301,,
W2606968003,Dr Chen  Xie,,Ministry of Education - Singapore,,G3935844793,,
W2606968003,Dr Chen  Xie,,Ministry of Education - Singapore,,G4654220494,,
W2606968003,Dr Chen  Xie,,Natural Science Foundation of Jiangsu Province,,G4814581757,,
W2606968003,Dr Chen  Xie,,Nanyang Technological University,,G4948563648,,
W2606968003,Dr Chen  Xie,,National Natural Science Foundation of China,,G4949490346,基于共轭高分子的pHe敏感型NIR-II肿瘤光学成像探针及光热疗的研究,
W2606968003,Dr Chen  Xie,,Government of Jiangsu Province,,G5342374583,,
W2606968003,Dr Chen  Xie,,National Natural Science Foundation of China,,G5390883651,,
W2606968003,Dr Chen  Xie,,National Natural Science Foundation of China,,G5651753851,,
W2606968003,Dr Chen  Xie,,Nanyang Technological University,,G5976549981,,
W2606968003,Dr Chen  Xie,,Nanyang Technological University,,G7110631062,,
W2606968003,Dr Chen  Xie,,Natural Science Foundation of Jiangsu Province,,G7290736988,,
W2606968003,Dr Chen  Xie,,National Natural Science Foundation of China,,G765384586,,
W2606968003,Dr Chen  Xie,,Natural Science Foundation of Jiangsu Province,,G8194691396,,
W2606968003,Dr Chen  Xie,,National Natural Science Foundation of China,,G8817573302,,
W2073919151,Dr Chen  Xie,,National Natural Science Foundation of China,,G4173339600,长循环聚乙烯基吡咯烷酮－聚己内酯纳米微粒的研究,
W2073919151,Dr Chen  Xie,,National Natural Science Foundation of China,,G4817851050,基于生物大分子组装的纳米载体及其药物传输系统的研究,
W2434532502,Dr Chen  Xie,,National Natural Science Foundation of China,,G8631446903,,
W2997832328,Dr Chen  Xie,,National Natural Science Foundation of China,,G7996077902,高信噪比多色SERS探针的制备及其在癌症精确检测中的应用研究,
W3042299110,Dr Chen  Xie,,Nanyang Technological University,,G3048563442,,
W3042299110,Dr Chen  Xie,,Nanyang Technological University,,G4948563648,,
W3042299110,Dr Chen  Xie,,National Natural Science Foundation of China,,G4949490346,基于共轭高分子的pHe敏感型NIR-II肿瘤光学成像探针及光热疗的研究,
W3042299110,Dr Chen  Xie,,National Natural Science Foundation of China,,G5685325544,,
W3042299110,Dr Chen  Xie,,Natural Science Foundation of Jiangsu Province,,G6587398288,,
W4392377610,Dr Chen  Xie,,National Natural Science Foundation of China,,G2166675615,,
W4392377610,Dr Chen  Xie,,National Key Research and Development Program of China,,G3788301487,,
W4392377610,Dr Chen  Xie,,Sun Yat-sen University,,G4170448679,,
W4392377610,Dr Chen  Xie,,Fundamental Research Funds for the Central Universities,,G4822424100,,
W4392377610,Dr Chen  Xie,,Guangdong Provincial Pearl River Talents Program,,G491445357,,
W4392377610,Dr Chen  Xie,,Key Technologies Research and Development Program of Guangzhou,,G5682691939,,
W4392377610,Dr Chen  Xie,,National Natural Science Foundation of China,,G5685325544,,
W4392377610,Dr Chen  Xie,,Natural Science Foundation of Jiangsu Province,,G6587398288,,
W4392377610,Dr Chen  Xie,,National Natural Science Foundation of China,,G79713105,,
W4392377610,Dr Chen  Xie,,Sun Yat-sen University,,G8950537708,,
W4392377610,Dr Chen  Xie,,National Natural Science Foundation of China,,G952019454,,
W4308178039,Dr Chen  Xie,,National Natural Science Foundation of China,,G2166675615,,
W4308178039,Dr Chen  Xie,,Natural Science Foundation of Jiangsu Province,,G2666059211,,
W4308178039,Dr Chen  Xie,,National Natural Science Foundation of China,,G5685325544,,
W4308178039,Dr Chen  Xie,,Natural Science Foundation of Jiangsu Province,,G6587398288,,
W4308178039,Dr Chen  Xie,,National Natural Science Foundation of China,,G7294143070,,
W4410779875,Dr Chen  Xie,,Jiangsu Provincial Key Research and Development Program,,G1090868561,,
W4410779875,Dr Chen  Xie,,National Key Research and Development Program of China,,G147002023,,
W4410779875,Dr Chen  Xie,,China Postdoctoral Science Foundation,,G368650153,,
W4410779875,Dr Chen  Xie,,Priority Academic Program Development of Jiangsu Higher Education Institutions,,G4385912475,,
W4410779875,Dr Chen  Xie,,National Natural Science Foundation of China,,G5265863640,,
W4410779875,Dr Chen  Xie,,National Key Research and Development Program of China,,G5502879980,,
W4410779875,Dr Chen  Xie,,National Natural Science Foundation of China,,G7288324066,,
W4410779875,Dr Chen  Xie,,National Natural Science Foundation of China,,G8475855818,,
W4403387919,Dr Chen  Xie,,Natural Science Foundation of Jiangsu Province,,G1665678741,,
W4403387919,Dr Chen  Xie,,National Natural Science Foundation of China,,G2166675615,,
W4403387919,Dr Chen  Xie,,Nanjing University of Posts and Telecommunications,,G4105207728,,
W4403387919,Dr Chen  Xie,,Nanjing University of Posts and Telecommunications,,G519254759,,
W4403387919,Dr Chen  Xie,,Nanjing University of Posts and Telecommunications,,G7648092131,,
W4403387919,Dr Chen  Xie,,National Natural Science Foundation of China,,G79713105,,
W4410823685,Dr Chen  Xie,,National Natural Science Foundation of China,,G1495424930,,
W4410823685,Dr Chen  Xie,,Natural Science Foundation of Jiangsu Province,,G1665678741,,
W4410823685,Dr Chen  Xie,,National Natural Science Foundation of China,,G2166675615,,
W4410823685,Dr Chen  Xie,,National Natural Science Foundation of China,,G79713105,,
W4410823685,Dr Chen  Xie,,Basic Research Program of Jiangsu Province,,G8317533372,,
W4410132455,Dr Chen  Xie,,National Natural Science Foundation of China,,G1495424930,,
W4410132455,Dr Chen  Xie,,Natural Science Foundation of Jiangsu Province,,G1665678741,,
W4410132455,Dr Chen  Xie,,National Natural Science Foundation of China,,G2166675615,,
W4410132455,Dr Chen  Xie,,Nanjing University of Posts and Telecommunications,,G4105207728,,
W4410132455,Dr Chen  Xie,,Nanjing University of Posts and Telecommunications,,G519254759,,
W4410132455,Dr Chen  Xie,,National Natural Science Foundation of China,,G5277166330,,
W4410132455,Dr Chen  Xie,,National Natural Science Foundation of China,,G79713105,,
W4410132455,Dr Chen  Xie,,Basic Research Program of Jiangsu Province,,G8317533372,,
W2267843151,Dr Chen  Xie,,National Natural Science Foundation of China,,G449344888,,
W2267843151,Dr Chen  Xie,,Ministry of Education of the People's Republic of China,,G4738319791,,
W2267843151,Dr Chen  Xie,,National Natural Science Foundation of China,,G8631446903,,
W2398316775,Dr Chen  Xie,,National Natural Science Foundation of China,,G449344888,,
W2398316775,Dr Chen  Xie,,Ministry of Education of the People's Republic of China,,G4738319791,,
W2398316775,Dr Chen  Xie,,National Natural Science Foundation of China,,G8631446903,,
W2886412884,Dr Chen  Xie,,Nanyang Technological University,,G3809263448,,
W2950109999,Dr Chen  Xie,,National Natural Science Foundation of China,,G449344888,,
W2581931278,Dr Chen  Xie,,National Natural Science Foundation of China,,G3345744955,含铱配合物的肿瘤缺氧敏感的近红外高分子探针,
W2581931278,Dr Chen  Xie,,National Natural Science Foundation of China,,G4173339600,长循环聚乙烯基吡咯烷酮－聚己内酯纳米微粒的研究,
W2581931278,Dr Chen  Xie,,National Natural Science Foundation of China,,G6749381525,,
W2581931278,Dr Chen  Xie,,National Natural Science Foundation of China,,G8380402916,,
W4200116041,Dr Chen  Xie,,National Natural Science Foundation of China,,G2166675615,,
W4200116041,Dr Chen  Xie,,National Natural Science Foundation of China,,G5685325544,,
W4200116041,Dr Chen  Xie,,Natural Science Foundation of Jiangsu Province,,G6587398288,,
W4200116041,Dr Chen  Xie,,Nanjing University of Posts and Telecommunications,,G8043002559,,
W2607275380,Dr Chen  Xie,,Nanyang Technological University,,G2881814529,,
W2607275380,Dr Chen  Xie,,Nanyang Technological University,,G3048563442,,
W2607275380,Dr Chen  Xie,,Nanyang Technological University,,G3809263448,,
W2607275380,Dr Chen  Xie,,Nanyang Technological University,,G4948563648,,
W2952645365,Dr Chen  Xie,,National Natural Science Foundation of China,,G449344888,,
W2952645365,Dr Chen  Xie,,National Natural Science Foundation of China,,G8631446903,,
W2583608783,Dr Chen  Xie,,Nanyang Technological University,,G2881814529,,
W2583608783,Dr Chen  Xie,,Nanyang Technological University,,G3048563442,,
W2583608783,Dr Chen  Xie,,Nanyang Technological University,,G4948563648,,
W2583608783,Dr Chen  Xie,,Nanyang Technological University,,G5976549981,,
W2583608783,Dr Chen  Xie,,Nanyang Technological University,,G7110631062,,
W3134559423,Dr Chen  Xie,,Natural Science Foundation of Jiangsu Province,,G1634281359,,
W3134559423,Dr Chen  Xie,,National Natural Science Foundation of China,,G3142509768,,
W3134559423,Dr Chen  Xie,,National Natural Science Foundation of China,,G6310791920,,
W3134559423,Dr Chen  Xie,,National Natural Science Foundation of China,,G6844733254,,
W3134559423,Dr Chen  Xie,,National Natural Science Foundation of China,,G7192839574,靶向肿瘤微环境的智能纳米粒子多点增效及精准激活的胃癌CAR-T治疗模式探索,
W3134559423,Dr Chen  Xie,,Nanjing Medical Science and Technique Development Foundation,,G7427827521,,
W3134559423,Dr Chen  Xie,,National Natural Science Foundation of China,,G7603684026,,
W3134559423,Dr Chen  Xie,,Natural Science Foundation of Jiangsu Province,,G7764142635,,
W3134559423,Dr Chen  Xie,,National Natural Science Foundation of China,,G958034684,调节肿瘤通透性增强乳腺癌放疗疗效的研究,
W2312626350,Dr Chen  Xie,,Fundamental Research Funds for the Central Universities,,G4178366131,,
W2312626350,Dr Chen  Xie,,National Natural Science Foundation of China,,G449344888,,
W2312626350,Dr Chen  Xie,,Fundamental Research Funds for the Central Universities,,G5062799014,,
W2395774395,Dr Chen  Xie,,National Natural Science Foundation of China,,G3345744955,含铱配合物的肿瘤缺氧敏感的近红外高分子探针,
W2395774395,Dr Chen  Xie,,National Natural Science Foundation of China,,G4173339600,长循环聚乙烯基吡咯烷酮－聚己内酯纳米微粒的研究,
W2395774395,Dr Chen  Xie,,National Natural Science Foundation of China,,G4817851050,基于生物大分子组装的纳米载体及其药物传输系统的研究,
W2278743502,Dr Chen  Xie,,National Natural Science Foundation of China,,G449344888,,
W2278743502,Dr Chen  Xie,,Fundamental Research Funds for the Central Universities,,G495958891,,
W2278743502,Dr Chen  Xie,,National Natural Science Foundation of China,,G8631446903,,
W1993930251,Dr Chen  Xie,,National Natural Science Foundation of China,,G449344888,,
W2960259125,Dr Chen  Xie,,National Natural Science Foundation of China,,G2516593544,共轭高分子光声/CT肿瘤靶向成像探针及其光热疗的应用,
W2960259125,Dr Chen  Xie,,State Key Laboratory of Chemo/Biosensing and Chemometrics,,G3712923576,,
W2960259125,Dr Chen  Xie,,National Natural Science Foundation of China,,G4949490346,基于共轭高分子的pHe敏感型NIR-II肿瘤光学成像探针及光热疗的研究,
W2960259125,Dr Chen  Xie,,National Natural Science Foundation of China,,G8816517958,,
W2300746922,Dr Chen  Xie,,National Natural Science Foundation of China,,G8631446903,,
W211488679,Dr Chen  Xie,,Nanjing Medical Science and Technique Development Foundation,,G1536721378,,
W211488679,Dr Chen  Xie,,National Natural Science Foundation of China,,G7495317630,,
W211488679,Dr Chen  Xie,,National Natural Science Foundation of China,,G8441325066,"肿瘤酶靶向及高穿透性纳米粒子/温敏凝胶""一体双相""系统对胃癌腹腔转移的疗效评价",
W2892294890,Dr Chen  Xie,,Ministry of Education - Singapore,,G2005928301,,
W2892294890,Dr Chen  Xie,,Nanyang Technological University,,G2881814529,,
W2892294890,Dr Chen  Xie,,Ministry of Education - Singapore,,G918659348,,
W2579731573,Dr Chen  Xie,,National Natural Science Foundation of China,,G8631446903,,
W4220797836,Dr Chen  Xie,,National Natural Science Foundation of China,,G2166675615,,
W4220797836,Dr Chen  Xie,,Ministry of Education - Singapore,,G2617861903,,
W4220797836,Dr Chen  Xie,,"Agency for Science, Technology and Research",,G275199919,,
W4220797836,Dr Chen  Xie,,Ministry of Education - Singapore,,G2882732966,,
W4220797836,Dr Chen  Xie,,Ministry of Education - Singapore,,G5525264205,,
W4220797836,Dr Chen  Xie,,National Natural Science Foundation of China,,G5685325544,,
W4220797836,Dr Chen  Xie,,Natural Science Foundation of Jiangsu Province,,G6587398288,,
W4220797836,Dr Chen  Xie,,Ministry of Education - Singapore,,G7277733853,,
W4220797836,Dr Chen  Xie,,Nanjing University of Posts and Telecommunications,,G7648092131,,
W4220797836,Dr Chen  Xie,,Nanjing University of Posts and Telecommunications,,G8043002559,,
W4220797836,Dr Chen  Xie,,Ministry of Education - Singapore,,G8054031704,,
W2758216085,Dr Chen  Xie,,Ministry of Education - Singapore,,G2989055885,,
W2758216085,Dr Chen  Xie,,Ministry of Education - Singapore,,G3054509762,,
W2758216085,Dr Chen  Xie,,Ministry of Education - Singapore,,G3523397310,,
W2758216085,Dr Chen  Xie,,Nanyang Technological University,,G5976549981,,
W3150386064,Dr Chen  Xie,,National Natural Science Foundation of China,,G4949490346,基于共轭高分子的pHe敏感型NIR-II肿瘤光学成像探针及光热疗的研究,
W3150386064,Dr Chen  Xie,,Open Research Fund of State Key Laboratory of Bioelectronics,,G495968805,,
W3150386064,Dr Chen  Xie,,National Natural Science Foundation of China,,G5685325544,,
W3150386064,Dr Chen  Xie,,Natural Science Foundation of Jiangsu Province,,G6587398288,,
W3150386064,Dr Chen  Xie,,National Natural Science Foundation of China,,G8816517958,,
W4298005469,Dr Chen  Xie,,National Natural Science Foundation of China,,G2166675615,,
W4298005469,Dr Chen  Xie,,Natural Science Foundation of Jiangsu Province,,G2523636618,,
W4298005469,Dr Chen  Xie,,Jiangsu University,,G4568618086,,
W4298005469,Dr Chen  Xie,,National Natural Science Foundation of China,,G5685325544,,
W4298005469,Dr Chen  Xie,,Natural Science Foundation of Jiangsu Province,,G6587398288,,
W2950355997,Dr Chen  Xie,,National Natural Science Foundation of China,,G449344888,,
W4385617436,Dr Chen  Xie,,National Natural Science Foundation of China,,G2166675615,,
W4385617436,Dr Chen  Xie,,Nanjing University of Posts and Telecommunications,,G519254759,,
W4385617436,Dr Chen  Xie,,National Natural Science Foundation of China,,G79713105,,
W4210309023,Dr Chen  Xie,,National Natural Science Foundation of China,,G2166675615,,
W4210309023,Dr Chen  Xie,,Natural Science Foundation of Jiangsu Province,,G2666059211,,
W4210309023,Dr Chen  Xie,,National Natural Science Foundation of China,,G3769546460,,
W4210309023,Dr Chen  Xie,,National Natural Science Foundation of China,,G4949490346,基于共轭高分子的pHe敏感型NIR-II肿瘤光学成像探针及光热疗的研究,
W4210309023,Dr Chen  Xie,,National Natural Science Foundation of China,,G5685325544,,
W4210309023,Dr Chen  Xie,,Natural Science Foundation of Jiangsu Province,,G6587398288,,
W4210309023,Dr Chen  Xie,,National Natural Science Foundation of China,,G7294143070,,
W4389527254,Dr Chen  Xie,,National Natural Science Foundation of China,,G1495424930,,
W4389527254,Dr Chen  Xie,,National Natural Science Foundation of China,,G2727863203,,
W4389527254,Dr Chen  Xie,,National Natural Science Foundation of China,,G3811256650,,
W4389527254,Dr Chen  Xie,,Nanjing University of Posts and Telecommunications,,G8059527039,,
W4405884937,Dr Chen  Xie,,Natural Science Foundation of Jiangsu Province,,G1665678741,,
W4405884937,Dr Chen  Xie,,National Natural Science Foundation of China,,G2166675615,,
W4405884937,Dr Chen  Xie,,National Natural Science Foundation of China,,G79713105,,
W4405884937,Dr Chen  Xie,,Basic Research Program of Jiangsu Province,,G8317533372,,
W4413176370,Dr Chen  Xie,,National Natural Science Foundation of China,,G1495424930,,
W4413176370,Dr Chen  Xie,,Natural Science Foundation of Jiangsu Province,,G1665678741,,
W4413176370,Dr Chen  Xie,,National Natural Science Foundation of China,,G2166675615,,
W4413176370,Dr Chen  Xie,,Nanjing University of Posts and Telecommunications,,G4105207728,,
W4413176370,Dr Chen  Xie,,Nanjing University of Posts and Telecommunications,,G519254759,,
W4413176370,Dr Chen  Xie,,National Natural Science Foundation of China,,G5277166330,,
W4413176370,Dr Chen  Xie,,National Natural Science Foundation of China,,G79713105,,
W4413176370,Dr Chen  Xie,,Basic Research Program of Jiangsu Province,,G8317533372,,
W3081240968,Dr Chen  Xie,,National Natural Science Foundation of China,,G4949490346,基于共轭高分子的pHe敏感型NIR-II肿瘤光学成像探针及光热疗的研究,
W3081240968,Dr Chen  Xie,,National Natural Science Foundation of China,,G5685325544,,
W3081240968,Dr Chen  Xie,,Natural Science Foundation of Jiangsu Province,,G6587398288,,
W2952594432,Dr Chen  Xie,,National Natural Science Foundation of China,,G449344888,,
W2952594432,Dr Chen  Xie,,Fundamental Research Funds for the Central Universities,,G495958891,,
W2952594432,Dr Chen  Xie,,National Natural Science Foundation of China,,G8631446903,,
W3041508570,Dr Chen  Xie,,National Natural Science Foundation of China,,G2727863203,,
W3041508570,Dr Chen  Xie,,Natural Science Foundation of Jiangsu Province,,G3254216740,,
W3041508570,Dr Chen  Xie,,National Natural Science Foundation of China,,G4949490346,基于共轭高分子的pHe敏感型NIR-II肿瘤光学成像探针及光热疗的研究,
W3041508570,Dr Chen  Xie,,Nanjing University of Posts and Telecommunications,,G6328067416,,
W3041508570,Dr Chen  Xie,,National Natural Science Foundation of China,,G6581724247,,
W3041508570,Dr Chen  Xie,,National Natural Science Foundation of China,,G7457255936,基于共轭聚合物嵌入介孔二氧化硅光声探针的肿瘤成像与药物输运研究,
W4297347521,Dr Chen  Xie,,National Natural Science Foundation of China,,G2166675615,,
W4297347521,Dr Chen  Xie,,Nanjing University of Posts and Telecommunications,,G2302122480,,
W4297347521,Dr Chen  Xie,,National Natural Science Foundation of China,,G5685325544,,
W4297347521,Dr Chen  Xie,,Natural Science Foundation of Jiangsu Province,,G6587398288,,
W4297347521,Dr Chen  Xie,,Jiangsu University Foundation,,G676434166,,
W4297347521,Dr Chen  Xie,,Nanjing University of Posts and Telecommunications,,G7648092131,,
W4297347521,Dr Chen  Xie,,Nanjing University of Posts and Telecommunications,,G8043002559,,
W1529007631,Dr Chen  Xie,,Fundamental Research Funds for the Central Universities,,G2037548341,,
W1529007631,Dr Chen  Xie,,National Natural Science Foundation of China,,G449344888,,
W1529007631,Dr Chen  Xie,,Fundamental Research Funds for the Central Universities,,G495958891,,
W1529007631,Dr Chen  Xie,,National Natural Science Foundation of China,,G8631446903,,
W4210439591,Dr Chen  Xie,,National Natural Science Foundation of China,,G2166675615,,
W4210439591,Dr Chen  Xie,,Natural Science Foundation of Jiangsu Province,,G2666059211,,
W4210439591,Dr Chen  Xie,,National Natural Science Foundation of China,,G5685325544,,
W4210439591,Dr Chen  Xie,,National Natural Science Foundation of China,,G7294143070,,
W4409457417,Dr Chen  Xie,,National Natural Science Foundation of China,,G422132105,,
W4409457417,Dr Chen  Xie,,National Natural Science Foundation of China,,G5676093766,,
W4282929100,Dr Chen  Xie,,Startup Research Fund of Zhengzhou University,,G1135742889,,
W4282929100,Dr Chen  Xie,,National Natural Science Foundation of China,,G2166675615,,
W4282929100,Dr Chen  Xie,,Natural Science Foundation of Jiangsu Province,,G2666059211,,
W4282929100,Dr Chen  Xie,,National Natural Science Foundation of China,,G5685325544,,
W4282929100,Dr Chen  Xie,,Natural Science Foundation of Jiangsu Province,,G6587398288,,
W4282929100,Dr Chen  Xie,,Natural Science Research of Jiangsu Higher Education Institutions of China,,G7154078259,,
W4282929100,Dr Chen  Xie,,National Natural Science Foundation of China,,G7294143070,,
W4282929100,Dr Chen  Xie,,Startup Research Fund of Zhengzhou University,,G8784888517,,
W4378416667,Dr Chen  Xie,,National Natural Science Foundation of China,,G342522193,,
W4378416667,Dr Chen  Xie,,National Natural Science Foundation of China,,G3577722885,,
W4378416667,Dr Chen  Xie,,National Natural Science Foundation of China,,G604181186,,
W4378416667,Dr Chen  Xie,,National Natural Science Foundation of China,,G7206151321,,
W4378416667,Dr Chen  Xie,,Natural Science Foundation of Beijing Municipality,,G7305973052,,
W4378416667,Dr Chen  Xie,,Simons Foundation,,G851176700,,
W4391441150,Dr Chen  Xie,,National Natural Science Foundation of China,,G2166675615,,
W4391441150,Dr Chen  Xie,,Nanjing University of Posts and Telecommunications,,G2302122480,,
W4391441150,Dr Chen  Xie,,Nanjing University of Posts and Telecommunications,,G4105207728,,
W4391441150,Dr Chen  Xie,,Jiangsu University,,G4568618086,,
W4391441150,Dr Chen  Xie,,Nanjing University of Posts and Telecommunications,,G519254759,,
W4391441150,Dr Chen  Xie,,Nanjing University of Posts and Telecommunications,,G7648092131,,
W4391441150,Dr Chen  Xie,,National Natural Science Foundation of China,,G79713105,,
W4391126706,Dr Chen  Xie,,Natural Science Foundation of Jiangsu Province,,G1665678741,,
W4391126706,Dr Chen  Xie,,National Natural Science Foundation of China,,G2166675615,,
W1988248349,Dr Chen  Xie,,Fundamental Research Funds for the Central Universities,,G4178366131,,
W1988248349,Dr Chen  Xie,,National Natural Science Foundation of China,,G449344888,,
W1988248349,Dr Chen  Xie,,Fundamental Research Funds for the Central Universities,,G5062799014,,
W2029487510,Dr Chen  Xie,,National Institute on Drug Abuse,,G2325171803,,
W2029487510,Dr Chen  Xie,,National Institute on Drug Abuse,,G716292512,,
W4386382587,Dr Chen  Xie,,National Natural Science Foundation of China,,G2166675615,,
W4386382587,Dr Chen  Xie,,Nanjing University of Posts and Telecommunications,,G2302122480,,
W4386382587,Dr Chen  Xie,,Jiangsu University,,G4568618086,,
W4386382587,Dr Chen  Xie,,Nanjing University of Posts and Telecommunications,,G519254759,,
W4386382587,Dr Chen  Xie,,Nanjing University of Posts and Telecommunications,,G7648092131,,
W4386382587,Dr Chen  Xie,,National Natural Science Foundation of China,,G79713105,,
W4385985396,Dr Chen  Xie,,National Natural Science Foundation of China,,G146058935,,
W4385985396,Dr Chen  Xie,,Natural Science Foundation of Jiangsu Province,,G2012749464,,
W4385985396,Dr Chen  Xie,,Natural Science Foundation of Jiangsu Province,,G2666059211,,
W4385985396,Dr Chen  Xie,,Natural Science Foundation of Jiangsu Province,,G3660883081,,
W4385985396,Dr Chen  Xie,,Natural Science Foundation of Jiangsu Province,,G3743190965,,
W4385985396,Dr Chen  Xie,,National Natural Science Foundation of China,,G5713297765,,
W4385985396,Dr Chen  Xie,,National Natural Science Foundation of China,,G7199513072,,
W4385985396,Dr Chen  Xie,,National Natural Science Foundation of China,,G7294143070,,
W4385985396,Dr Chen  Xie,,National Natural Science Foundation of China,,G765078318,,
W4385985396,Dr Chen  Xie,,Natural Science Foundation of Jiangsu Province,,G7666535874,,
W2997333423,Dr Chen  Xie,,Natural Science Foundation of Jiangsu Province,,G1630396540,,
W2997333423,Dr Chen  Xie,,National Natural Science Foundation of China,,G2079018032,,
W2997333423,Dr Chen  Xie,,National Natural Science Foundation of China,,G7192839574,靶向肿瘤微环境的智能纳米粒子多点增效及精准激活的胃癌CAR-T治疗模式探索,
W2997333423,Dr Chen  Xie,,National Natural Science Foundation of China,,G7603684026,,
W2997333423,Dr Chen  Xie,,Nanjing Medical Science and Technique Development Foundation,,G8332209743,,
W4388655561,Dr Chen  Xie,,National Natural Science Foundation of China,,G2166675615,,
W4388655561,Dr Chen  Xie,,Nanjing University of Posts and Telecommunications,,G2302122480,,
W4388655561,Dr Chen  Xie,,Jiangsu University,,G4568618086,,
W4388655561,Dr Chen  Xie,,Nanjing University of Posts and Telecommunications,,G519254759,,
W4388655561,Dr Chen  Xie,,Nanjing University of Posts and Telecommunications,,G7648092131,,
W4388655561,Dr Chen  Xie,,National Natural Science Foundation of China,,G79713105,,
W3208250057,Dr Chen  Xie,,National Natural Science Foundation of China,,G5481965190,,
W3208250057,Dr Chen  Xie,,National Natural Science Foundation of China,,G6930859143,,
W3208250057,Dr Chen  Xie,,National Natural Science Foundation of China,,G7049552105,,
W3208250057,Dr Chen  Xie,,National Natural Science Foundation of China,,G7688483817,,
W3208250057,Dr Chen  Xie,,Natural Science Foundation of Anhui Province,,G8344688192,,
W4386089691,Dr Chen  Xie,,National Natural Science Foundation of China,,G2166675615,,
W4386089691,Dr Chen  Xie,,Natural Science Foundation of Jiangsu Province,,G6587398288,,
W4386089691,Dr Chen  Xie,,Nanjing University of Posts and Telecommunications,,G7648092131,,
W7165108925,Dr Chen  Xie,,National Natural Science Foundation of China,,G1495424930,,
W7165108925,Dr Chen  Xie,,Natural Science Foundation of Jiangsu Province,,G1665678741,,
W7165108925,Dr Chen  Xie,,National Natural Science Foundation of China,,G5277166330,,
W7165108925,Dr Chen  Xie,,National Natural Science Foundation of China,,G5526472614,,
W7165108925,Dr Chen  Xie,,Natural Science Foundation of Jiangsu Province,,G5825581614,,
W7165108925,Dr Chen  Xie,,National Natural Science Foundation of China,,G79713105,,
W4383679936,Dr Christine Anne Riordan,,National Science Foundation,,G1187052164,Upskilling Workers and Re-designing Workplaces for the Future of Automation in the Hospitality Industry,
W4366004130,Dr Christine Anne Riordan,,National Science Foundation,,G1187052164,Upskilling Workers and Re-designing Workplaces for the Future of Automation in the Hospitality Industry,
W4416825500,Dr Christine Anne Riordan,,National Science Foundation,,G1187052164,Upskilling Workers and Re-designing Workplaces for the Future of Automation in the Hospitality Industry,
W4416825500,Dr Christine Anne Riordan,,National Science Foundation,,G4742519987,Upskilling Workers and Re-designing Workplaces for the Future of Automation in the Hospitality Industry,
W4416825500,Dr Christine Anne Riordan,,National Science Foundation,,G4927206365,Upskilling Workers and Re-designing Workplaces for the Future of Automation in the Hospitality Industry,
W4416825500,Dr Christine Anne Riordan,,National Science Foundation,,G8893474244,Upskilling Workers and Re-designing Workplaces for the Future of Automation in the Hospitality Industry,
W4412017407,Dr Christine Anne Riordan,,National Science Foundation,,G1187052164,Upskilling Workers and Re-designing Workplaces for the Future of Automation in the Hospitality Industry,
W2097762752,Dr Christopher John McCormack,,National Cancer Institute,,G5110314844,,
W2736610107,Dr Christopher John McCormack,,Cancer Research UK,,G1225831230,,
W2953271254,Dr Christopher John McCormack,,Cancer Research UK,,G1225831230,,
W3177047158,Dr Christopher John McCormack,,National Institute for Health and Care Research,,G1447688724,,
W3177047158,Dr Christopher John McCormack,,National Institute for Health and Care Research,,G2481553752,,
W3177047158,Dr Christopher John McCormack,,Cancer Research UK,,G6052954810,,
W3177047158,Dr Christopher John McCormack,,Cancer Research UK,,G6741650613,,
W3177047158,Dr Christopher John McCormack,,Cancer Research UK,,G7791781452,,
W3177047158,Dr Christopher John McCormack,,Cancer Research UK,,G8806731970,,
W4225128992,Dr Christopher John McCormack,,National Health and Medical Research Council,,G101359200,,
W4225128992,Dr Emma Louise Hiscutt,,National Health and Medical Research Council,,G101359200,,
W2591971404,Dr Christopher John Tyson,,Economic and Social Research Council,,G6933939612,,
W1912020904,Dr Christopher John Tyson,,Economic and Social Research Council,,G841499813,,
W1900401366,Dr Christopher John Tyson,,National Institute on Alcohol Abuse and Alcoholism,,G2217863398,,
W1900401366,Dr Christopher John Tyson,,National Institute on Alcohol Abuse and Alcoholism,,G6644989169,,
W2475186036,Dr Christopher John Tyson,,National Institute on Alcohol Abuse and Alcoholism,,G2258353520,,
W2475186036,Dr Christopher John Tyson,,National Institute on Alcohol Abuse and Alcoholism,,G6644989169,,
W2802323802,Dr Christopher John Tyson,,National Institute on Alcohol Abuse and Alcoholism,,G6644989169,,
W3121284764,Dr Christopher John Tyson,,Economic and Social Research Council,,G841499813,,
W27193088,Dr Christopher John Tyson,,Australian Research Council,,G3491919449,Catalytic currency: the role of size-reactivity relationships of simple and mixed 'coinage' metal clusters in C-C bond forming reactions,
W27193088,Dr Christopher John Tyson,,Australian Research Council,,G7958496183,ARC Centre of Excellence - Centre for Free Radical Chemistry and Biotechnology,
W3123742050,Dr Christopher John Tyson,,Basic Energy Sciences,,G6021993655,,
W2766491028,Dr Christopher Stuart Baker,,British Heart Foundation,,G2138392101,The molecular imaging of oxidised LDL in atherosclerosis,
W2766491028,Dr Christopher Stuart Baker,,Medical Research Council,,G2245945535,,
W2766491028,Dr Christopher Stuart Baker,,National Institute for Health and Care Research,,G5458636982,,
W2766491028,Dr Christopher Stuart Baker,,National Institute for Health and Care Research,,G8094022638,,
W2766491028,Dr Christopher Stuart Baker,,British Heart Foundation,,G8238626543,The development and implementation of automated methods for the reproducible assessment of aortic stenosis and mitral regurgitation,
W2766491028,Dr Christopher Stuart Baker,,British Heart Foundation,,G8510405615,"Developing and studying diagnostic and therapeutic techniques for heart failure and other cardiac diseases, by application of engineering and mathematical principles",
W2168258489,Dr Christopher Stuart Baker,,British Heart Foundation,,G125380250,,
W2168258489,Dr Christopher Stuart Baker,,British Heart Foundation,,G160493542,,
W2168258489,Dr Christopher Stuart Baker,,British Heart Foundation,,G1936816360,Ischaemia-induced electromechanical delay for the diagnosis of coronary artery disease,
W2168258489,Dr Christopher Stuart Baker,,National Institute for Health and Care Research,,G2405660917,,
W2168258489,Dr Christopher Stuart Baker,,British Heart Foundation,,G8510405615,"Developing and studying diagnostic and therapeutic techniques for heart failure and other cardiac diseases, by application of engineering and mathematical principles",
W2168258489,Dr Christopher Stuart Baker,,British Heart Foundation,,G8783681639,Assessment of the acute and long-term benefits of percutaneous aortic valve replacement on coronary haemodynamics,
W2165150508,Dr Christopher Stuart Baker,,British Heart Foundation,,G1206999610,,
W2165150508,Dr Christopher Stuart Baker,,British Heart Foundation,,G125380250,,
W2165150508,Dr Christopher Stuart Baker,,British Heart Foundation,,G1274418987,Unravelling the mechanisms of exercise- induced angina and the actions of GTN by magnetic resonance imaging and invasive assessment of coronary haemodynamics,
W2165150508,Dr Christopher Stuart Baker,,British Heart Foundation,,G1381760552,Describing the haemodynamic modification of coronary and aortic disease in severe aortic stenosis,
W2165150508,Dr Christopher Stuart Baker,,British Heart Foundation,,G1936816360,Ischaemia-induced electromechanical delay for the diagnosis of coronary artery disease,
W2165150508,Dr Christopher Stuart Baker,,National Institute for Health and Care Research,,G2405660917,,
W2165150508,Dr Christopher Stuart Baker,,British Heart Foundation,,G8510405615,"Developing and studying diagnostic and therapeutic techniques for heart failure and other cardiac diseases, by application of engineering and mathematical principles",
W2165150508,Dr Christopher Stuart Baker,,British Heart Foundation,,G8783681639,Assessment of the acute and long-term benefits of percutaneous aortic valve replacement on coronary haemodynamics,
W2013697155,Dr Christopher Stuart Baker,,National Institute of Diabetes and Digestive and Kidney Diseases,,G8867565826,,
W2169816138,Dr Christopher Stuart Baker,,National Institute for Health and Care Research,,G1223952730,,
W2169816138,Dr Christopher Stuart Baker,,British Heart Foundation,,G1274418987,Unravelling the mechanisms of exercise- induced angina and the actions of GTN by magnetic resonance imaging and invasive assessment of coronary haemodynamics,
W2169816138,Dr Christopher Stuart Baker,,British Heart Foundation,,G1936816360,Ischaemia-induced electromechanical delay for the diagnosis of coronary artery disease,
W2169816138,Dr Christopher Stuart Baker,,National Institute for Health and Care Research,,G2405660917,,
W2169816138,Dr Christopher Stuart Baker,,British Heart Foundation,,G8510405615,"Developing and studying diagnostic and therapeutic techniques for heart failure and other cardiac diseases, by application of engineering and mathematical principles",
W2169816138,Dr Christopher Stuart Baker,,British Heart Foundation,,G8783681639,Assessment of the acute and long-term benefits of percutaneous aortic valve replacement on coronary haemodynamics,
W2108154874,Dr Christopher Stuart Baker,,British Heart Foundation,,G8238626543,The development and implementation of automated methods for the reproducible assessment of aortic stenosis and mitral regurgitation,
W2108154874,Dr Christopher Stuart Baker,,British Heart Foundation,,G8510405615,"Developing and studying diagnostic and therapeutic techniques for heart failure and other cardiac diseases, by application of engineering and mathematical principles",
W2025752073,Dr Christopher Stuart Baker,,National Institute for Health and Care Research,,G1223952730,,
W2025752073,Dr Christopher Stuart Baker,,British Heart Foundation,,G1274418987,Unravelling the mechanisms of exercise- induced angina and the actions of GTN by magnetic resonance imaging and invasive assessment of coronary haemodynamics,
W2025752073,Dr Christopher Stuart Baker,,British Heart Foundation,,G1381760552,Describing the haemodynamic modification of coronary and aortic disease in severe aortic stenosis,
W2025752073,Dr Christopher Stuart Baker,,British Heart Foundation,,G1936816360,Ischaemia-induced electromechanical delay for the diagnosis of coronary artery disease,
W2025752073,Dr Christopher Stuart Baker,,National Institute for Health and Care Research,,G2405660917,,
W2025752073,Dr Christopher Stuart Baker,,British Heart Foundation,,G8288911103,,
W2025752073,Dr Christopher Stuart Baker,,British Heart Foundation,,G8510405615,"Developing and studying diagnostic and therapeutic techniques for heart failure and other cardiac diseases, by application of engineering and mathematical principles",
W2025752073,Dr Christopher Stuart Baker,,British Heart Foundation,,G8783681639,Assessment of the acute and long-term benefits of percutaneous aortic valve replacement on coronary haemodynamics,
W2804642822,Dr Christopher Stuart Baker,,National Institute for Health and Care Research,,G1223952730,,
W2804642822,Dr Christopher Stuart Baker,,National Institute for Health and Care Research,,G5458636982,,
W2804642822,Dr Christopher Stuart Baker,,National Institute for Health and Care Research,,G6866749259,,
W2804642822,Dr Christopher Stuart Baker,,National Institute for Health and Care Research,,G8094022638,,
W3024568874,Dr Christopher Stuart Baker,,Health Technology Assessment Programme,,G4505278349,,
W3024568874,Dr Christopher Stuart Baker,,National Institute for Health and Care Research,,G5683315383,Examining the benefit of graduated compression stockings as an adjunct to low dose low molecular weight heparin in the prevention of venous thromboembolism in elective surgical inpatients identified as moderate or high risk for venous thromboembolism – a multi-centre randomised controlled trial,
W3024568874,Dr Christopher Stuart Baker,,National Institute for Health and Care Research,,G8318458670,NIHR Senior Investigator Award,
W2479112772,Dr Christopher Stuart Baker,,National Institute for Health and Care Research,,G1223952730,,
W2479112772,Dr Christopher Stuart Baker,,British Heart Foundation,,G125380250,,
W2479112772,Dr Christopher Stuart Baker,,British Heart Foundation,,G1274418987,Unravelling the mechanisms of exercise- induced angina and the actions of GTN by magnetic resonance imaging and invasive assessment of coronary haemodynamics,
W2479112772,Dr Christopher Stuart Baker,,British Heart Foundation,,G1936816360,Ischaemia-induced electromechanical delay for the diagnosis of coronary artery disease,
W2479112772,Dr Christopher Stuart Baker,,National Institute for Health and Care Research,,G2405660917,,
W2479112772,Dr Christopher Stuart Baker,,British Heart Foundation,,G3364548015,,
W2479112772,Dr Christopher Stuart Baker,,British Heart Foundation,,G8510405615,"Developing and studying diagnostic and therapeutic techniques for heart failure and other cardiac diseases, by application of engineering and mathematical principles",
W2479112772,Dr Christopher Stuart Baker,,British Heart Foundation,,G8783681639,Assessment of the acute and long-term benefits of percutaneous aortic valve replacement on coronary haemodynamics,
W1549532629,Dr Christopher Stuart Baker,,British Heart Foundation,,G1936816360,Ischaemia-induced electromechanical delay for the diagnosis of coronary artery disease,
W1549532629,Dr Christopher Stuart Baker,,National Institute for Health and Care Research,,G6111679162,,
W1549532629,Dr Christopher Stuart Baker,,British Heart Foundation,,G8510405615,"Developing and studying diagnostic and therapeutic techniques for heart failure and other cardiac diseases, by application of engineering and mathematical principles",
W1549532629,Dr Christopher Stuart Baker,,British Heart Foundation,,G8783681639,Assessment of the acute and long-term benefits of percutaneous aortic valve replacement on coronary haemodynamics,
W2142638692,Dr Christopher Stuart Baker,,British Heart Foundation,,G1206999610,,
W2142638692,Dr Christopher Stuart Baker,,National Institute for Health and Care Research,,G1223952730,,
W2142638692,Dr Christopher Stuart Baker,,British Heart Foundation,,G125380250,,
W2142638692,Dr Christopher Stuart Baker,,British Heart Foundation,,G1936816360,Ischaemia-induced electromechanical delay for the diagnosis of coronary artery disease,
W2142638692,Dr Christopher Stuart Baker,,National Institute for Health and Care Research,,G2405660917,,
W2142638692,Dr Christopher Stuart Baker,,British Heart Foundation,,G8783681639,Assessment of the acute and long-term benefits of percutaneous aortic valve replacement on coronary haemodynamics,
W2590493945,Dr Christopher Stuart Baker,,National Institute for Health and Care Research,,G6111679162,,
W2604542530,Dr Christopher Stuart Baker,,National Institute for Health and Care Research,,G5683315383,Examining the benefit of graduated compression stockings as an adjunct to low dose low molecular weight heparin in the prevention of venous thromboembolism in elective surgical inpatients identified as moderate or high risk for venous thromboembolism – a multi-centre randomised controlled trial,
W2604542530,Dr Christopher Stuart Baker,,National Institute for Health and Care Research,,G8246089421,,
W2245772101,Dr Christopher Stuart Baker,,British Heart Foundation,,G125380250,,
W2245772101,Dr Christopher Stuart Baker,,British Heart Foundation,,G1936816360,Ischaemia-induced electromechanical delay for the diagnosis of coronary artery disease,
W2245772101,Dr Christopher Stuart Baker,,Medical Research Council,,G2245945535,,
W2245772101,Dr Christopher Stuart Baker,,National Institute for Health and Care Research,,G2405660917,,
W2245772101,Dr Christopher Stuart Baker,,Academy of Medical Sciences,,G5282411265,,
W2245772101,Dr Christopher Stuart Baker,,National Institute for Health and Care Research,,G5458636982,,
W2245772101,Dr Christopher Stuart Baker,,British Heart Foundation,,G8288911103,,
W2245772101,Dr Christopher Stuart Baker,,British Heart Foundation,,G8510405615,"Developing and studying diagnostic and therapeutic techniques for heart failure and other cardiac diseases, by application of engineering and mathematical principles",
W2245772101,Dr Christopher Stuart Baker,,British Heart Foundation,,G8783681639,Assessment of the acute and long-term benefits of percutaneous aortic valve replacement on coronary haemodynamics,
W3106658258,Dr Christopher Stuart Baker,,Health Technology Assessment Programme,,G4505278349,,
W3106658258,Dr Christopher Stuart Baker,,National Institute for Health and Care Research,,G5683315383,Examining the benefit of graduated compression stockings as an adjunct to low dose low molecular weight heparin in the prevention of venous thromboembolism in elective surgical inpatients identified as moderate or high risk for venous thromboembolism – a multi-centre randomised controlled trial,
W3106658258,Dr Christopher Stuart Baker,,National Institute for Health and Care Research,,G8318458670,NIHR Senior Investigator Award,
W2469056459,Dr Christopher Stuart Baker,,Medical Research Council,,G2245945535,,
W2469056459,Dr Christopher Stuart Baker,,National Institute for Health and Care Research,,G2507731733,,
W2469056459,Dr Christopher Stuart Baker,,National Institute for Health and Care Research,,G5458636982,,
W2469056459,Dr Christopher Stuart Baker,,National Institute for Health and Care Research,,G6111679162,,
W2469056459,Dr Christopher Stuart Baker,,British Heart Foundation,,G8238626543,The development and implementation of automated methods for the reproducible assessment of aortic stenosis and mitral regurgitation,
W2469056459,Dr Christopher Stuart Baker,,National Institute for Health and Care Research,,G8387007128,,
W2469056459,Dr Christopher Stuart Baker,,British Heart Foundation,,G8510405615,"Developing and studying diagnostic and therapeutic techniques for heart failure and other cardiac diseases, by application of engineering and mathematical principles",
W4317477982,Dr Christopher Stuart Baker,,Health Technology Assessment Programme,,G2031453772,,
W4317477982,Dr Christopher Stuart Baker,,National Institute for Health and Care Research,,G2842791478,Examining the benefit of graduated compression stockings in the Prevention of vEnous Thromboembolism in low-risk Surgical patients: a multicentre cluster randomised controlled trial (PETS Trial),
W2148621038,Dr Christopher Stuart Baker,,National Institute for Health and Care Research,,G1223952730,,
W2014242340,Dr Claire Elizabeth Grills,,National Eye Institute,,G177803158,,
W2014242340,Dr Claire Elizabeth Grills,,Parkinson's UK,,G4083800104,,
W2097396336,Dr Claire Elizabeth Grills,,Biotechnology and Biological Sciences Research Council,,G3004785517,,
W2097396336,Dr Claire Elizabeth Grills,,Biotechnology and Biological Sciences Research Council,,G97442534,Investigating the role of CD4+ T cells in CNS remyelination,
W2043070197,Dr Claire Elizabeth Grills,,Public Health Agency,,G6408612048,,
W1492277120,Dr Claire Elizabeth Grills,,Cancer Research UK,,G6255416766,,
W4382313076,Dr Claire Louise Higgins,,Australian Research Council,,G4258496168,Protected entry for asylum seekers in history and international refugee law,
W4382313076,Dr Claire Louise Higgins,,Australian Research Council,,G8457652549,Regional Australia' skills shortages and high-skill refugees' employment ,
W3113456870,Dr Claire Margaret Felmingham,,National Health and Medical Research Council,,G4595787145,,
W3083453324,Dr Crystal Nicole Williams,,Barts Charity,,G3631386800,,
W3083453324,Dr Crystal Nicole Williams,,Barts Charity,,G5774562488,,
W3083453324,Dr Crystal Nicole Williams,,Barts Charity,,G6473377324,,
W4310951860,Dr Crystal Nicole Williams,,Medical Research Council,,G1100761521,,
W4310951860,Dr Crystal Nicole Williams,,Barts Charity,,G1468371489,,
W4310951860,Dr Crystal Nicole Williams,,National Institute for Health and Care Research,,G1576005998,,
W4310951860,Dr Crystal Nicole Williams,,Health Data Research UK,,G3577543757,,
W3159977682,Dr Crystal Nicole Williams,,National Institute for Health and Care Research,,G3327974904,,
W3159977682,Dr Crystal Nicole Williams,,Barts Charity,,G3631386800,,
W3159977682,Dr Crystal Nicole Williams,,National Institute for Health and Care Research,,G6263224185,,
W3159977682,Dr Crystal Nicole Williams,,British Heart Foundation,,G6543527080,Genetic and phenotypic risk factors for subsequent coronary heart disease events,
W3159977682,Dr Crystal Nicole Williams,,British Heart Foundation,,G7832409878,Broken bones and broken hearts: relationships between osteoporosis and cardiovascular structure and function in UK Biobank,
W1495377470,Dr David Brenton Francis,,Economic and Social Research Council,,G7570174778,,
W2118907870,Dr David Brenton Francis,,National Institute for Health and Care Research,,G3285807707,,
W2118907870,Dr David Brenton Francis,,Health Technology Assessment Programme,,G8005825526,,
W2047851930,Dr David Brenton Francis,,"National Heart, Lung, and Blood Institute",,G454242739,,
W2047851930,Dr David Brenton Francis,,"National Heart, Lung, and Blood Institute",,G4894967847,,
W2095384546,Dr David Brenton Francis,,National Science Foundation,,G4166717210,B Cell Lymphogenesis in the Fetal Piglet,
W2156693805,Dr David Brenton Francis,,Economic and Social Research Council,,G7570174778,,
W2481188569,Dr David Brenton Francis,,National Science Foundation,,G1065219053,,
W2481188569,Dr David Brenton Francis,,Akademie Věd České Republiky,,G463494198,,
W2481188569,Dr David Brenton Francis,,Grantová Agentura České Republiky,,G7270626127,,
W2058258993,Dr David Charles Orchard,,National Institutes of Health,,G1000670131,,
W2058258993,Dr David Charles Orchard,,Ontario Genomics Institute,,G1319863792,,
W2058258993,Dr David Charles Orchard,,Eunice Kennedy Shriver National Institute of Child Health and Human Development,,G1596073203,,
W2058258993,Dr David Charles Orchard,,National Human Genome Research Institute,,G2002470300,,
W2058258993,Dr David Charles Orchard,,National Institute of Mental Health,,G2051951071,,
W2058258993,Dr David Charles Orchard,,Eunice Kennedy Shriver National Institute of Child Health and Human Development,,G2140229098,,
W2058258993,Dr David Charles Orchard,,National Institutes of Health,,G2255584721,,
W2058258993,Dr David Charles Orchard,,National Institutes of Health,,G2436824013,,
W2058258993,Dr David Charles Orchard,,National Human Genome Research Institute,,G3127079477,,
W2058258993,Dr David Charles Orchard,,National Institute of Mental Health,,G3898312080,,
W2058258993,Dr David Charles Orchard,,Eunice Kennedy Shriver National Institute of Child Health and Human Development,,G4528190099,,
W2058258993,Dr David Charles Orchard,,National Institutes of Health,,G6291062182,,
W2058258993,Dr David Charles Orchard,,National Institutes of Health,,G640453857,,
W4413111396,Dr David Charles Orchard,,Pfizer Australia,,G2529960459,,
W3040739689,Dr David Keith Cook,,Sight Research UK,,G1615731314,,
W3040739689,Dr David Keith Cook,,Natural Environment Research Council,,G2568879517,,
W3040739689,Dr David Keith Cook,,Sight Research UK,,G3528290521,,
W3040739689,Dr David Keith Cook,,Natural Environment Research Council,,G527065662,Methane Production in the Arctic: Under-recognized Cold Season and Upland Tundra - Arctic Methane Sources-UAMS,
W3040739689,Dr David Keith Cook,,Natural Environment Research Council,,G539068207,,
W3040739689,Dr David Keith Cook,,Natural Environment Research Council,,G7110275289,Methane Production in the Arctic: Under-recognized Cold Season and Upland Tundra - Arctic Methane Sources-UAMS,
W2155753288,Dr David Keith Cook,,National Natural Science Foundation of China,,G3428880600,基于高光谱遥感数据的植被光能利用率反演研究,
W2142967622,Dr David Keith Cook,,U.S. Department of Energy,,G1286236842,,
W2142967622,Dr David Keith Cook,,Basic Energy Sciences,,G1286251239,,
W2142967622,Dr David Keith Cook,,Biological and Environmental Research,,G1337544421,,
W2142967622,Dr David Keith Cook,,Basic Energy Sciences,,G2776628454,,
W2142967622,Dr David Keith Cook,,U.S. Department of Energy,,G3083819904,,
W2142967622,Dr David Keith Cook,,Office of Science,,G3944918260,,
W2142967622,Dr David Keith Cook,,Office of Science,,G4501827968,,
W2142967622,Dr David Keith Cook,,Office of Science,,G4565140552,,
W2142967622,Dr David Keith Cook,,Office of Science,,G498139845,,
W2142967622,Dr David Keith Cook,,Biological and Environmental Research,,G5546235724,,
W2142967622,Dr David Keith Cook,,Basic Energy Sciences,,G5648016710,,
W2142967622,Dr David Keith Cook,,Oak Ridge National Laboratory,,G5723425519,,
W2142967622,Dr David Keith Cook,,U.S. Department of Energy,,G6348972864,,
W2142967622,Dr David Keith Cook,,National Science Foundation,,G6376798435,Collaborative Research: Impact of Permafrost Degradation on Carbon and Water in Boreal Ecosystems,
W2142967622,Dr David Keith Cook,,U.S. Department of Energy,,G6558272803,,
W2142967622,Dr David Keith Cook,,U.S. Department of Energy,,G7186324567,,
W2142967622,Dr David Keith Cook,,National Science Foundation,,G7233692708,,
W2142967622,Dr David Keith Cook,,U.S. Department of Energy,,G7274701130,SYNTHESIS OF REMOTE SENSING AND FIELD OBSERVATIONS TO MODEL AND UNDERSTAND DISTURBANCE AND CLIMATE EFFECTS ON THE CARBON BALANCE OF OREGON & NORTH CA,
W2142967622,Dr David Keith Cook,,Biological and Environmental Research,,G7629237052,,
W2142967622,Dr David Keith Cook,,Biological and Environmental Research,,G7787287669,,
W2142967622,Dr David Keith Cook,,Basic Energy Sciences,,G8431251193,,
W2142967622,Dr David Keith Cook,,U.S. Department of Energy,,G8684078510,,
W2142967622,Dr David Keith Cook,,U.S. Department of Energy,,G969889393,,
W2114744271,Dr David Keith Cook,,United States Agency for International Development,,G1187828901,,
W2114744271,Dr David Keith Cook,,U.S. Department of Energy,,G7186324567,,
W2114744271,Dr David Keith Cook,,U.S. Department of Energy,,G7274701130,SYNTHESIS OF REMOTE SENSING AND FIELD OBSERVATIONS TO MODEL AND UNDERSTAND DISTURBANCE AND CLIMATE EFFECTS ON THE CARBON BALANCE OF OREGON & NORTH CA,
W2114744271,Dr David Keith Cook,,U.S. Department of Energy,,G8684078510,,
W2316551166,Dr David Keith Cook,,National Science Foundation,,G1691853255,FCE LTER II:   Coastal Oligotrophic Ecosystems Research,
W2316551166,Dr David Keith Cook,,National Science Foundation,,G1866325368,,
W2316551166,Dr David Keith Cook,,Chinese Academy of Sciences,,G2451615782,,
W2316551166,Dr David Keith Cook,,Division of Atmospheric and Geospace Sciences,,G3153410771,,
W2316551166,Dr David Keith Cook,,U.S. Department of Energy,,G3592306940,AMERIFLUX MEASUREMENT NETWORK: SCIENCE TEAM RESEARCH,
W2316551166,Dr David Keith Cook,,Biological and Environmental Research,,G3843883517,,
W2316551166,Dr David Keith Cook,,Chinese Academy of Sciences,,G4144561633,,
W2316551166,Dr David Keith Cook,,U.S. Department of Energy,,G4842827982,,
W2316551166,Dr David Keith Cook,,National Science Foundation,,G4928670650,,
W2316551166,Dr David Keith Cook,,Biological and Environmental Research,,G5546235724,,
W2316551166,Dr David Keith Cook,,National Science Foundation,,G6227292961,"LTER COERCE-Coastal Oligotrophic Ecosystems Research, the Everglades.  Regional Controls of Population and Ecosystem Dynamics in an Oligotrophic Wetland-dominated Coastal Landscap",
W2316551166,Dr David Keith Cook,,National Science Foundation,,G6692881236,Collaborative Research:  Dynamics of Ecosystem Carbon Dioxide and Methane Fluxes from the Florida Everglades--Effects of Hydrology and Vegetation on the Net Radiative Forcing,
W2316551166,Dr David Keith Cook,,National Science Foundation,,G678322881,,
W2316551166,Dr David Keith Cook,,National Science Foundation,,G6898049010,,
W2316551166,Dr David Keith Cook,,U.S. Department of Energy,,G7186324567,,
W2316551166,Dr David Keith Cook,,U.S. Department of Energy,,G7274701130,SYNTHESIS OF REMOTE SENSING AND FIELD OBSERVATIONS TO MODEL AND UNDERSTAND DISTURBANCE AND CLIMATE EFFECTS ON THE CARBON BALANCE OF OREGON & NORTH CA,
W2316551166,Dr David Keith Cook,,National Science Foundation,,G7387476687,,
W2316551166,Dr David Keith Cook,,National Natural Science Foundation of China,,G7928802905,,
W2316551166,Dr David Keith Cook,,U.S. Department of Energy,,G8031152908,,
W2316551166,Dr David Keith Cook,,National Natural Science Foundation of China,,G8133045869,,
W2316551166,Dr David Keith Cook,,U.S. Department of Energy,,G8159865969,,
W2316551166,Dr David Keith Cook,,Chinese Academy of Sciences,,G8170372038,,
W2316551166,Dr David Keith Cook,,U.S. Department of Energy,,G8684078510,,
W2316551166,Dr David Keith Cook,,National Science Foundation,,G938519682,,
W2170966689,Dr David Keith Cook,,U.S. Department of Agriculture,,G1265917987,,
W2170966689,Dr David Keith Cook,,National Science Foundation,,G4908770603,,
W2939647267,Dr David Keith Cook,,National Nuclear Security Administration,,G1491959311,,
W2939647267,Dr David Keith Cook,,U.S. Department of Energy,,G1753948535,,
W2939647267,Dr David Keith Cook,,Pacific Northwest National Laboratory,,G1843378252,,
W2939647267,Dr David Keith Cook,,Battelle,,G1899721271,,
W2939647267,Dr David Keith Cook,,National Nuclear Security Administration,,G1974706823,,
W2939647267,Dr David Keith Cook,,U.S. Department of Energy,,G2506945562,,
W2939647267,Dr David Keith Cook,,U.S. Department of Energy,,G2510423872,,
W2939647267,Dr David Keith Cook,,Office of Energy Efficiency and Renewable Energy,,G2973709321,,
W2939647267,Dr David Keith Cook,,Office of Energy Efficiency and Renewable Energy,,G3084109318,,
W2939647267,Dr David Keith Cook,,U.S. Department of Energy,,G3448260292,,
W2939647267,Dr David Keith Cook,,Lawrence Livermore National Laboratory,,G3861279505,,
W2939647267,Dr David Keith Cook,,National Renewable Energy Laboratory,,G3885393566,,
W2939647267,Dr David Keith Cook,,Office of Energy Efficiency and Renewable Energy,,G4155743553,,
W2939647267,Dr David Keith Cook,,Lawrence Livermore National Laboratory,,G4343739756,,
W2939647267,Dr David Keith Cook,,National Renewable Energy Laboratory,,G4785159920,,
W2939647267,Dr David Keith Cook,,National Renewable Energy Laboratory,,G4841773191,,
W2939647267,Dr David Keith Cook,,Bonneville Power Administration,,G4843649097,,
W2939647267,Dr David Keith Cook,,U.S. Department of Energy,,G5200347334,,
W2939647267,Dr David Keith Cook,,U.S. Department of Energy,,G5211721754,,
W2939647267,Dr David Keith Cook,,Pacific Northwest National Laboratory,,G5321382714,,
W2939647267,Dr David Keith Cook,,National Renewable Energy Laboratory,,G5435665298,,
W2939647267,Dr David Keith Cook,,Lawrence Livermore National Laboratory,,G5522089832,,
W2939647267,Dr David Keith Cook,,U.S. Department of Energy,,G5698664717,,
W2939647267,Dr David Keith Cook,,Battelle,,G5726405315,,
W2939647267,Dr David Keith Cook,,Battelle,,G5869080520,,
W2939647267,Dr David Keith Cook,,U.S. Department of Energy,,G6005700546,,
W2939647267,Dr David Keith Cook,,Battelle,,G6664334341,,
W2939647267,Dr David Keith Cook,,National Nuclear Security Administration,,G6835970468,,
W2939647267,Dr David Keith Cook,,U.S. Department of Energy,,G69709960,,
W2939647267,Dr David Keith Cook,,Battelle,,G7002074430,,
W2939647267,Dr David Keith Cook,,U.S. Department of Energy,,G7021897321,,
W2939647267,Dr David Keith Cook,,National Renewable Energy Laboratory,,G7049883791,,
W2939647267,Dr David Keith Cook,,Office of Energy Efficiency and Renewable Energy,,G7739575694,,
W2939647267,Dr David Keith Cook,,U.S. Department of Energy,,G7995982022,,
W2939647267,Dr David Keith Cook,,Office of Energy Efficiency and Renewable Energy,,G8007743855,,
W2939647267,Dr David Keith Cook,,Pacific Northwest National Laboratory,,G8163035529,,
W2939647267,Dr David Keith Cook,,National Nuclear Security Administration,,G8180170174,,
W2939647267,Dr David Keith Cook,,U.S. Department of Energy,,G8374966015,,
W2939647267,Dr David Keith Cook,,National Renewable Energy Laboratory,,G8846609399,,
W2939647267,Dr David Keith Cook,,Lawrence Livermore National Laboratory,,G991281326,,
W3129379202,Dr David Keith Cook,,Sight Research UK,,G1615731314,,
W3129379202,Dr David Keith Cook,,Natural Environment Research Council,,G2568879517,,
W3129379202,Dr David Keith Cook,,Sight Research UK,,G3528290521,,
W3129379202,Dr David Keith Cook,,Natural Environment Research Council,,G527065662,Methane Production in the Arctic: Under-recognized Cold Season and Upland Tundra - Arctic Methane Sources-UAMS,
W3129379202,Dr David Keith Cook,,Natural Environment Research Council,,G539068207,,
W3129379202,Dr David Keith Cook,,Natural Environment Research Council,,G7110275289,Methane Production in the Arctic: Under-recognized Cold Season and Upland Tundra - Arctic Methane Sources-UAMS,
W2918429958,Dr David Keith Cook,,U.S. Department of Energy,,G1495162758,,
W2918429958,Dr David Keith Cook,,U.S. Department of Energy,,G6181283282,,
W1932628765,Dr David Keith Cook,,National Security Agency,,G1519340404,,
W1932628765,Dr David Keith Cook,,National Security Agency,,G3638314769,,
W1932628765,Dr David Keith Cook,,National Security Agency,,G7845798442,,
W4322489155,Dr David Keith Cook,,Division of Environmental Biology,,G1439228933,,
W4322489155,Dr David Keith Cook,,National Institute of Food and Agriculture,,G3182077659,,
W4322489155,Dr David Keith Cook,,Earth Sciences Division,,G3675281810,,
W4322489155,Dr David Keith Cook,,Division of Environmental Biology,,G4626917723,,
W4322489155,Dr David Keith Cook,,National Science Foundation,,G8090239137,CAREER: A network-oriented research and education plan to explore links between forest cover and temperature in the eastern United States,
W1246414098,Dr David Keith Cook,,U.S. Department of Agriculture,,G1265917987,,
W1246414098,Dr David Keith Cook,,National Oceanic and Atmospheric Administration,,G1657804935,,
W1246414098,Dr David Keith Cook,,Kansas NSF EPSCoR,,G1701427313,,
W1246414098,Dr David Keith Cook,,Science Foundation Arizona,,G2273819751,,
W1246414098,Dr David Keith Cook,,U.S. Department of Agriculture,,G2423251196,,
W1246414098,Dr David Keith Cook,,Kansas NSF EPSCoR,,G2629992628,,
W1246414098,Dr David Keith Cook,,Biological and Environmental Research,,G3311144436,,
W1246414098,Dr David Keith Cook,,Office of Experimental Program to Stimulate Competitive Research,,G4021143183,,
W1246414098,Dr David Keith Cook,,Office of Experimental Program to Stimulate Competitive Research,,G4153037913,,
W1246414098,Dr David Keith Cook,,National Science Foundation,,G4279465362,,
W1246414098,Dr David Keith Cook,,Office of Experimental Program to Stimulate Competitive Research,,G4624705736,,
W1246414098,Dr David Keith Cook,,Kansas NSF EPSCoR,,G4675329613,,
W1246414098,Dr David Keith Cook,,National Science Foundation,,G4908770603,,
W1246414098,Dr David Keith Cook,,Office of Experimental Program to Stimulate Competitive Research,,G5157211965,,
W1246414098,Dr David Keith Cook,,U.S. Department of Agriculture,,G5702415736,,
W1246414098,Dr David Keith Cook,,Kansas NSF EPSCoR,,G8933735257,,
W2761195376,Dr David Keith Cook,,U.S. Department of Energy,,G1286236842,,
W2761195376,Dr David Keith Cook,,Argonne National Laboratory,,G1313983767,,
W2761195376,Dr David Keith Cook,,Office of Science,,G1751644051,,
W2761195376,Dr David Keith Cook,,Lawrence Livermore National Laboratory,,G254035773,,
W2761195376,Dr David Keith Cook,,Lawrence Livermore National Laboratory,,G2546925230,,
W2761195376,Dr David Keith Cook,,Argonne National Laboratory,,G2638771445,,
W2761195376,Dr David Keith Cook,,U.S. Department of Energy,,G2777053550,,
W2761195376,Dr David Keith Cook,,Argonne National Laboratory,,G3075337988,,
W2761195376,Dr David Keith Cook,,U.S. Department of Energy,,G3083819904,,
W2761195376,Dr David Keith Cook,,U.S. Department of Energy,,G3185139702,,
W2761195376,Dr David Keith Cook,,Office of Science,,G3944918260,,
W2761195376,Dr David Keith Cook,,U.S. Department of Energy,,G4030212589,,
W2761195376,Dr David Keith Cook,,Office of Science,,G4501827968,,
W2761195376,Dr David Keith Cook,,Office of Science,,G4565140552,,
W2761195376,Dr David Keith Cook,,Argonne National Laboratory,,G4790718960,,
W2761195376,Dr David Keith Cook,,Office of Science,,G498139845,,
W2761195376,Dr David Keith Cook,,Argonne National Laboratory,,G5085543421,,
W2761195376,Dr David Keith Cook,,U.S. Department of Energy,,G6348972864,,
W2761195376,Dr David Keith Cook,,U.S. Department of Energy,,G6558272803,,
W2761195376,Dr David Keith Cook,,U.S. Department of Energy,,G6848031779,,
W2761195376,Dr David Keith Cook,,Office of Science,,G6918803902,,
W2761195376,Dr David Keith Cook,,Argonne National Laboratory,,G7822115964,,
W2761195376,Dr David Keith Cook,,U.S. Department of Energy,,G7954425250,,
W2761195376,Dr David Keith Cook,,Office of Science,,G8143874970,,
W2761195376,Dr David Keith Cook,,Lawrence Livermore National Laboratory,,G8326222658,,
W2761195376,Dr David Keith Cook,,Lawrence Livermore National Laboratory,,G8334899893,,
W2761195376,Dr David Keith Cook,,U.S. Department of Energy,,G969889393,,
W2027020280,Dr David Keith Cook,,National Science Foundation,,G5662234897,Collaborative Research:    Synthesis of Arctic System Carbon Cycle Research Through Model-Data Fusion Studies Using Atmospheric Inversion and Process-Based Approaches,
W2027020280,Dr David Keith Cook,,National Science Foundation,,G6376798435,Collaborative Research: Impact of Permafrost Degradation on Carbon and Water in Boreal Ecosystems,
W2138565279,Dr David Keith Cook,,National Science Foundation,,G6261161822,Data-Model Fusion at AmeriFlux Sites: Towards Predictive Understanding of Seasonal and Interannual Variability in Net Ecosystem Exchange,
W2138565279,Dr David Keith Cook,,U.S. Department of Energy,,G7186324567,,
W2138565279,Dr David Keith Cook,,U.S. Department of Energy,,G8684078510,,
W2221482302,Dr David Keith Cook,,National Institute of Food and Agriculture,,G4640476823,,
W2221482302,Dr David Keith Cook,,Office of Experimental Program to Stimulate Competitive Research,,G6472897322,,
W2473330229,Dr David Keith Cook,,U.S. Department of Energy,,G1286236842,,
W2473330229,Dr David Keith Cook,,Biological and Environmental Research,,G1337544421,,
W2473330229,Dr David Keith Cook,,U.S. Department of Energy,,G2008954700,,
W2473330229,Dr David Keith Cook,,U.S. Department of Energy,,G2137585381,,
W2473330229,Dr David Keith Cook,,U.S. Department of Energy,,G3083819904,,
W2473330229,Dr David Keith Cook,,National Oceanic and Atmospheric Administration,,G3543416725,A HIGH-RESOLUTION REANALYSIS OF NORTH AMERICAN NET CARBON EXCHANGE FOR 2000-2009 FROM A MULTI-SPECIES ENSEMBLE DATA ASSIMILATION SYSTEMS,
W2473330229,Dr David Keith Cook,,Oak Ridge National Laboratory,,G5723425519,,
W2473330229,Dr David Keith Cook,,U.S. Department of Energy,,G6348972864,,
W2473330229,Dr David Keith Cook,,U.S. Department of Energy,,G6558272803,,
W2473330229,Dr David Keith Cook,,U.S. Department of Energy,,G7186324567,,
W2473330229,Dr David Keith Cook,,National Science Foundation,,G7233692708,,
W2473330229,Dr David Keith Cook,,U.S. Department of Energy,,G7263542919,MULTI-YEAR REGIONAL SYNTHESISI OF ATMOSPHERIC FLUX AND MIXING RATIO MEASUREMENTS IN SUPPORT OF THE NORTH AMERICAN CARBON PROGRAM,
W2473330229,Dr David Keith Cook,,Biological and Environmental Research,,G7629237052,,
W2473330229,Dr David Keith Cook,,National Science Foundation,,G7742048484,,
W2473330229,Dr David Keith Cook,,Biological and Environmental Research,,G7787287669,,
W2473330229,Dr David Keith Cook,,National Science Foundation,,G8253830407,Center for Multi-Scale Modeling of Atmospheric Processes (MMAP),
W2473330229,Dr David Keith Cook,,U.S. Department of Energy,,G8684078510,,
W2473330229,Dr David Keith Cook,,U.S. Department of Energy,,G969889393,,
W2884630055,Dr David Keith Cook,,U.S. Department of Energy,,G1495162758,,
W2884630055,Dr David Keith Cook,,U.S. Department of Energy,,G4262724056,,
W3007269578,Dr David Keith Cook,,U.S. Department of Energy,,G4222656386,,
W2914311161,Dr David Keith Cook,,Argonne National Laboratory,,G1313983767,,
W2914311161,Dr David Keith Cook,,Office of Science,,G1751644051,,
W2914311161,Dr David Keith Cook,,Office of Science,,G2101401529,,
W2914311161,Dr David Keith Cook,,U.S. Department of Energy,,G2777053550,,
W2914311161,Dr David Keith Cook,,Argonne National Laboratory,,G2887060908,,
W2914311161,Dr David Keith Cook,,Argonne National Laboratory,,G3075337988,,
W2914311161,Dr David Keith Cook,,Laboratory Directed Research and Development,,G3376599446,,
W2914311161,Dr David Keith Cook,,U.S. Department of Energy,,G4679938283,,
W2914311161,Dr David Keith Cook,,Argonne National Laboratory,,G4790718960,,
W2914311161,Dr David Keith Cook,,Office of Science,,G498139845,,
W2914311161,Dr David Keith Cook,,Argonne National Laboratory,,G5085543421,,
W2914311161,Dr David Keith Cook,,Office of Science,,G5817817810,,
W2914311161,Dr David Keith Cook,,U.S. Department of Energy,,G6181283282,,
W2914311161,Dr David Keith Cook,,National Aeronautics and Space Administration,,G6352361788,,
W2914311161,Dr David Keith Cook,,U.S. Department of Energy,,G6558272803,,
W2914311161,Dr David Keith Cook,,U.S. Department of Energy,,G6848031779,,
W2914311161,Dr David Keith Cook,,Office of Science,,G6918803902,,
W2914311161,Dr David Keith Cook,,U.S. Department of Energy,,G7368700025,,
W2914311161,Dr David Keith Cook,,U.S. Department of Energy,,G7954425250,,
W2914311161,Dr David Keith Cook,,Office of Science,,G8143874970,,
W2914311161,Dr David Keith Cook,,Laboratory Directed Research and Development,,G8236890832,,
W2914311161,Dr David Keith Cook,,Argonne National Laboratory,,G8394328975,,
W2914311161,Dr David Keith Cook,,U.S. Department of Energy,,G969889393,,
W3088435141,Dr David Keith Cook,,University of Chicago,,G1055550527,,
W3088435141,Dr David Keith Cook,,Argonne National Laboratory,,G1313983767,,
W3088435141,Dr David Keith Cook,,Office of Science,,G1751644051,,
W3088435141,Dr David Keith Cook,,Office of Science,,G2101401529,,
W3088435141,Dr David Keith Cook,,Argonne National Laboratory,,G2240886567,,
W3088435141,Dr David Keith Cook,,U.S. Department of Energy,,G2777053550,,
W3088435141,Dr David Keith Cook,,Argonne National Laboratory,,G2887060908,,
W3088435141,Dr David Keith Cook,,Argonne National Laboratory,,G3075337988,,
W3088435141,Dr David Keith Cook,,Laboratory Directed Research and Development,,G3376599446,,
W3088435141,Dr David Keith Cook,,U.S. Department of Energy,,G4679938283,,
W3088435141,Dr David Keith Cook,,Argonne National Laboratory,,G4790718960,,
W3088435141,Dr David Keith Cook,,Office of Science,,G498139845,,
W3088435141,Dr David Keith Cook,,Argonne National Laboratory,,G5085543421,,
W3088435141,Dr David Keith Cook,,Office of Science,,G5817817810,,
W3088435141,Dr David Keith Cook,,U.S. Department of Energy,,G6558272803,,
W3088435141,Dr David Keith Cook,,U.S. Department of Energy,,G6848031779,,
W3088435141,Dr David Keith Cook,,Office of Science,,G6918803902,,
W3088435141,Dr David Keith Cook,,U.S. Department of Energy,,G7368700025,,
W3088435141,Dr David Keith Cook,,U.S. Department of Energy,,G7954425250,,
W3088435141,Dr David Keith Cook,,Office of Science,,G8143874970,,
W3088435141,Dr David Keith Cook,,Laboratory Directed Research and Development,,G8236890832,,
W3088435141,Dr David Keith Cook,,Argonne National Laboratory,,G8394328975,,
W3088435141,Dr David Keith Cook,,U.S. Department of Energy,,G969889393,,
W4411583516,Dr David Keith Cook,,U.S. Department of Energy,,G1286236842,,
W4411583516,Dr David Keith Cook,,Biological and Environmental Research,,G1337544421,,
W4411583516,Dr David Keith Cook,,National Science Foundation,,G1466630593,NEON Operations and Maintenance: Evolving from a Strong Foundation,
W4411583516,Dr David Keith Cook,,U.S. Department of Energy,,G3083819904,,
W4411583516,Dr David Keith Cook,,Office of Science,,G3944918260,,
W4411583516,Dr David Keith Cook,,National Science Foundation,,G4441262046,MSA: Evaluating the continuity of NEON and AmeriFlux data streams recorded at collocated sites from tundra to subtropics,
W4411583516,Dr David Keith Cook,,Office of Science,,G4501827968,,
W4411583516,Dr David Keith Cook,,Office of Science,,G4565140552,,
W4411583516,Dr David Keith Cook,,Office of Science,,G498139845,,
W4411583516,Dr David Keith Cook,,U.S. Department of Energy,,G6348972864,,
W4411583516,Dr David Keith Cook,,U.S. Department of Energy,,G6558272803,,
W4411583516,Dr David Keith Cook,,National Science Foundation,,G7233692708,,
W4411583516,Dr David Keith Cook,,Biological and Environmental Research,,G7629237052,,
W4411583516,Dr David Keith Cook,,Biological and Environmental Research,,G7787287669,,
W4411583516,Dr David Keith Cook,,National Science Foundation,,G8989087777,,
W4411583516,Dr David Keith Cook,,U.S. Department of Energy,,G969889393,,
W141394402,Dr David Keith Cook,,U.S. Department of Energy,,G1719812184,,
W141394402,Dr David Keith Cook,,National Aeronautics and Space Administration,,G3830556031,,
W14415422,Dr David Keith Cook,,U.S. Department of Energy,,G1719812184,,
W14415422,Dr David Keith Cook,,Biological and Environmental Research,,G2642631311,,
W14415422,Dr David Keith Cook,,Biological and Environmental Research,,G6808797563,,
W2163910549,Dr David Keith Cook,,U.S. Department of Energy,,G1719812184,,
W2163910549,Dr David Keith Cook,,Biological and Environmental Research,,G2642631311,,
W2163910549,Dr David Keith Cook,,Biological and Environmental Research,,G6808797563,,
W2163910549,Dr David Keith Cook,,University of Chicago,,G8268407152,,
W2163910549,Dr David Keith Cook,,Office of Science,,G898162437,,
W4410282524,Dr David Keith Cook,,Biological and Environmental Research,,G2857925935,,
W4410282524,Dr David Keith Cook,,Argonne National Laboratory,,G378233027,,
W4410282524,Dr David Keith Cook,,U.S. Department of Energy,,G7709808217,,
W4414591661,Dr David Keith Cook,,Biological and Environmental Research,,G2857925935,,
W3130746834,Dr Dev Ruhunage Tilakaratne,,National Health and Medical Research Council,,G4495419395,,
W2341228005,Dr Diana  Tran,,Australian Research Council,,G1319471473,Carbon nanotube based chromatography,
W2766354745,Dr Diana  Tran,,Australian Research Council,,G7510103765,,
W2768754192,Dr Diana  Tran,,Australian Research Council,,G7510103765,,
W2770514288,Dr Diana  Tran,,Australian Research Council,,G5073369831,Engineered graphene-based nanofertilizers to improve crop nutrition,
W2770514288,Dr Diana  Tran,,Australian Research Council,,G6161223422,ARC Research Hub for Graphene Enabled Industry Transformation,
W2770514288,Dr Diana  Tran,,University of Adelaide,,G6417441254,,
W2312431666,Dr Diana  Tran,,Australian Research Council,,G1319471473,Carbon nanotube based chromatography,
W3157379206,Dr Diana  Tran,,"Department for Business, Energy and Industrial Strategy, UK Government",,G5857557865,,
W3157379206,Dr Diana  Tran,,Australian Research Council,,G6161223422,ARC Research Hub for Graphene Enabled Industry Transformation,
W2902618763,Dr Diana  Tran,,Australian Research Council,,G6161223422,ARC Research Hub for Graphene Enabled Industry Transformation,
W2319786373,Dr Diana  Tran,,Australian Research Council,,G1319471473,Carbon nanotube based chromatography,
W2319786373,Dr Diana  Tran,,"Ministarstvo Prosvete, Nauke i Tehnološkog Razvoja",,G4036511024,,
W2041004199,Dr Diana  Tran,,Australian Research Council,,G1319471473,Carbon nanotube based chromatography,
W2766695667,Dr Diana  Tran,,Australian Research Council,,G6826007549,,
W2766695667,Dr Diana  Tran,,Australian Research Council,,G7463764957,Mechanisms of sound absorption at the nanoscale,
W2766695667,Dr Diana  Tran,,Australian Research Council,,G7510103765,,
W3109656492,Dr Diana  Tran,,Australian Research Council,,G6161223422,ARC Research Hub for Graphene Enabled Industry Transformation,
W2588090442,Dr Diana  Tran,,Australian Research Council,,G7510103765,,
W2021816933,Dr Diana  Tran,,Australian Research Council,,G2413182786,,
W2414108464,Dr Diana  Tran,,Australian Research Council,,G2413182786,,
W2414108464,Dr Diana  Tran,,Australian Research Council,,G7510103765,,
W3091305781,Dr Diana  Tran,,Lundbeckfonden,,G1576726325,,
W3091305781,Dr Diana  Tran,,Lundbeckfonden,,G4541403040,,
W3091305781,Dr Diana  Tran,,Vetenskapsrådet,,G5111822078,,
W3091305781,Dr Diana  Tran,,Lundbeckfonden,,G564000188,,
W3091305781,Dr Diana  Tran,,Vetenskapsrådet,,G6499742690,,
W3091305781,Dr Diana  Tran,,Vetenskapsrådet,,G712881263,,
W3091305781,Dr Diana  Tran,,Novo Nordisk Fonden,,G7261246419,,
W3091305781,Dr Diana  Tran,,National Cancer Institute,,G7291892377,,
W3091305781,Dr Diana  Tran,,Novo Nordisk,,G7692840212,,
W3091305781,Dr Diana  Tran,,European Research Council,,G8545962973,,
W3091305781,Dr Diana  Tran,,Vetenskapsrådet,,G8653344385,,
W2594725373,Dr Diana  Tran,,Australian Research Council,,G7510103765,,
W2600335422,Dr Diana  Tran,,National Natural Science Foundation of China,,G1009565856,,
W2803933126,Dr Diana  Tran,,National Institutes of Health,,G2543583768,,
W2803933126,Dr Diana  Tran,,National Institute of Neurological Disorders and Stroke,,G2765044449,,
W2803933126,Dr Diana  Tran,,National Institute of Neurological Disorders and Stroke,,G4448984016,,
W2803933126,Dr Diana  Tran,,National Institute of Neurological Disorders and Stroke,,G600937001,,
W2803933126,Dr Diana  Tran,,National Institute of Neurological Disorders and Stroke,,G6097165755,,
W4214572803,Dr Diana  Tran,,National Institute of Mental Health,,G5348858238,,
W4214572803,Dr Diana  Tran,,National Institute of Neurological Disorders and Stroke,,G600937001,,
W2766667949,Dr Diana  Tran,,Australian Research Council,,G2664498512,,
W2766667949,Dr Diana  Tran,,Appalachian Regional Commission,,G7575556258,,
W2771763885,Dr Diana  Tran,,Australian Research Council,,G2985433579,,
W2771763885,Dr Diana  Tran,,University of Adelaide,,G6417441254,,
W2771763885,Dr Diana  Tran,,Australian Research Council,,G6826007549,,
W2771763885,Dr Diana  Tran,,Australian Research Council,,G7510103765,,
W2972033391,Dr Diana  Tran,,National Natural Science Foundation of China,,G6374148024,,
W2972033391,Dr Diana  Tran,,Australian Research Council,,G7510103765,,
W2985976813,Dr Diana  Tran,,Australian Research Council,,G6161223422,ARC Research Hub for Graphene Enabled Industry Transformation,
W3178266589,Dr Diana  Tran,,Australian Research Council,,G5473767600,,
W3014776843,Dr Diana  Tran,,Australian Research Council,,G6161223422,ARC Research Hub for Graphene Enabled Industry Transformation,
W3081990744,Dr Diana  Tran,,National Natural Science Foundation of China,,G6374148024,,
W3081990744,Dr Diana  Tran,,Fundamental Research Funds for the Central Universities,,G6631828466,,
W4362663395,Dr Diana  Tran,,Fonds Wetenschappelijk Onderzoek,,G1244866910,Novel approaches for the estimation of the use of psychoactive pharmaceuticals and illicit drugs by wastewater analysis,
W4362663395,Dr Diana  Tran,,Agencia Estatal de Investigación,,G2262748287,,
W4362663395,Dr Diana  Tran,,European Commission,,G2601397997,,
W4362663395,Dr Diana  Tran,,Comunidad de Madrid,,G2849171189,,
W4362663395,Dr Diana  Tran,,European Commission,,G296148267,,
W4362663395,Dr Diana  Tran,,Agencia Estatal de Investigación,,G300979063,,
W4362663395,Dr Diana  Tran,,Agencia Estatal de Investigación,,G3412273058,,
W4362663395,Dr Diana  Tran,,Agencia Estatal de Investigación,,G3480869486,,
W4362663395,Dr Diana  Tran,,European Commission,,G3681454997,,
W4362663395,Dr Diana  Tran,,European Commission,,G4042783231,,
W4362663395,Dr Diana  Tran,,Agencia Estatal de Investigación,,G4480523401,,
W4362663395,Dr Diana  Tran,,Agencia Estatal de Investigación,,G5080475149,,
W4362663395,Dr Diana  Tran,,European Commission,,G5413639194,The innovative wastewater-based epidemiology approach with the advances of high resolution mass spectrometry as a complementary biomonitoring tool for assessing the health status of a population,
W4362663395,Dr Diana  Tran,,Australian Government,,G5760423860,,
W4362663395,Dr Diana  Tran,,European Social Fund,,G6218905885,,
W4362663395,Dr Diana  Tran,,Javna Agencija za Raziskovalno Dejavnost RS,,G6409008362,,
W4362663395,Dr Diana  Tran,,Justice Programme,,G6482700281,,
W4362663395,Dr Diana  Tran,,European Commission,,G7149750178,,
W4362663395,Dr Diana  Tran,,Agencia Estatal de Investigación,,G7266728691,,
W4362663395,Dr Diana  Tran,,University of Queensland,,G7408474891,,
W4362663395,Dr Diana  Tran,,Javna Agencija za Raziskovalno Dejavnost RS,,G7455780997,,
W4362663395,Dr Diana  Tran,,European Commission,,G7840381059,,
W4362663395,Dr Diana  Tran,,European Commission,,G7842005466,,
W4362663395,Dr Diana  Tran,,Comunidad de Madrid,,G8416023876,,
W4362663395,Dr Diana  Tran,,Agencia Estatal de Investigación,,G8909017353,,
W4391449433,Dr Diana  Tran,,Lundbeckfonden,,G4596452145,,
W2590338252,Dr Diana  Tran,,Australian Research Council,,G1319471473,Carbon nanotube based chromatography,
W2590338252,Dr Diana  Tran,,Australian Research Council,,G7510103765,,
W2905077988,Dr Diana  Tran,,National Foundation for Science and Technology Development,,G4141126413,Nghiên cứu ảnh hưởng của chuyển tiếp nano đến tính chất nhạy khí của cảm biến dây nano và sơi nano,
W2794084774,Dr Diana  Tran,,Australian Research Council,,G6161223422,ARC Research Hub for Graphene Enabled Industry Transformation,
W3005178835,Dr Diana  Tran,,National Institute of Allergy and Infectious Diseases,,G1372984924,,
W3005178835,Dr Diana  Tran,,National Institute of General Medical Sciences,,G3461850630,,
W3005178835,Dr Diana  Tran,,National Cancer Institute,,G5110314844,,
W3005178835,Dr Diana  Tran,,National Institute of Allergy and Infectious Diseases,,G5269410347,,
W3005178835,Dr Diana  Tran,,National Institute of Allergy and Infectious Diseases,,G6003605761,,
W3005178835,Dr Diana  Tran,,National Institutes of Health,,G6293012823,,
W3005178835,Dr Diana  Tran,,National Institutes of Health,,G80673182,,
W3005178835,Dr Diana  Tran,,National Institutes of Health,,G8679342489,,
W2768535317,Dr Diana  Tran,,Australian Research Council,,G4721969476,,
W2768535317,Dr Diana  Tran,,Australian Research Council,,G6826007549,,
W2768535317,Dr Diana  Tran,,Australian Research Council,,G7510103765,,
W3173319216,Dr Diana  Tran,,National Health and Medical Research Council,,G4216844289,,
W3173319216,Dr Diana  Tran,,National Health and Medical Research Council,,G5310509078,,
W3173319216,Dr Diana  Tran,,National Health and Medical Research Council,,G982708058,,
W3170411653,Dr Diana  Tran,,Australian Research Council,,G6161223422,ARC Research Hub for Graphene Enabled Industry Transformation,
W4229076918,Dr Diana  Tran,,Graphene Flagship,,G2115222242,,
W4229076918,Dr Diana  Tran,,Gobierno de Aragón,,G5136086311,,
W4229076918,Dr Diana  Tran,,Ministerio de Ciencia e Innovación,,G5226231379,,
W4294327582,Dr Diana  Tran,,Australian Research Council,,G6161223422,ARC Research Hub for Graphene Enabled Industry Transformation,
W4200082293,Dr Diana  Tran,,National Institute of Allergy and Infectious Diseases,,G114526348,,
W4200082293,Dr Diana  Tran,,National Institute of Allergy and Infectious Diseases,,G8122633883,,
W4387616277,Dr Diana  Tran,,Australian Research Council,,G6161223422,ARC Research Hub for Graphene Enabled Industry Transformation,
W2338602534,Dr Diana  Tran,,National Institute of Arthritis and Musculoskeletal and Skin Diseases,,G2420603570,,
W2338602534,Dr Diana  Tran,,National Institute of Arthritis and Musculoskeletal and Skin Diseases,,G5539471828,,
W2889724588,Dr Diana  Tran,,Alzheimer's Association,,G1850223333,,
W2889724588,Dr Diana  Tran,,Alzheimer's Association,,G2607070474,Neuroinflammation-induced alterations of GLT-1 and synaptotoxicity in Alzheimer's Disease,
W2889724588,Dr Diana  Tran,,Alzheimer's Association,,G3220624147,Deciphering the role of SYK as a key mediator of Aß clearance by microglia,
W2889724588,Dr Diana  Tran,,National Institute of Environmental Health Sciences,,G4492767247,,
W2889724588,Dr Diana  Tran,,Alzheimer's Association,,G8135368919,,
W2889724588,Dr Diana  Tran,,National Institutes of Health,,G8534340827,,
W2979403736,Dr Diana  Tran,,Australian Research Council,,G4721969476,,
W2979403736,Dr Diana  Tran,,Australian Research Council,,G7510103765,,
W2790834356,Dr Diana  Tran,,University of Adelaide,,G6417441254,,
W2890422580,Dr Diana  Tran,,Australian Research Council,,G7510103765,,
W2897839347,Dr Diana  Tran,,University of Adelaide,,G6417441254,,
W2897839347,Dr Diana  Tran,,Australian Research Council,,G6826007549,,
W2897839347,Dr Diana  Tran,,Australian Research Council,,G7510103765,,
W3117248811,Dr Diana  Tran,,University of Adelaide,,G6417441254,,
W3117248811,Dr Diana  Tran,,Australian Research Council,,G6826007549,,
W4381893572,Dr Diana  Tran,,National Natural Science Foundation of China,,G5004523756,,
W4381893572,Dr Diana  Tran,,National Natural Science Foundation of China,,G5076874687,,
W4381893572,Dr Diana  Tran,,National Natural Science Foundation of China,,G5777647942,,
W2765621937,Dr Diana  Tran,,Australian Research Council,,G6826007549,,
W3092887357,Dr Diana  Tran,,National Institute of Mental Health,,G1713506865,,
W3092887357,Dr Diana  Tran,,National Institutes of Health,,G2543583768,,
W3092887357,Dr Diana  Tran,,National Institute of Mental Health,,G5273346357,,
W3092887357,Dr Diana  Tran,,National Institute of Mental Health,,G5348858238,,
W3092887357,Dr Diana  Tran,,National Institute of Neurological Disorders and Stroke,,G600937001,,
W3009457630,Dr Diana  Tran,,Alzheimer's Association,,G2607070474,Neuroinflammation-induced alterations of GLT-1 and synaptotoxicity in Alzheimer's Disease,
W3009457630,Dr Diana  Tran,,Alzheimer's Association,,G3220624147,Deciphering the role of SYK as a key mediator of Aß clearance by microglia,
W3009457630,Dr Diana  Tran,,National Institute of Environmental Health Sciences,,G4492767247,,
W3187348812,Dr Diana  Tran,,Lembaga Pengelola Dana Pendidikan,,G5398500303,,
W2083465026,Dr Diana  Tran,,Australian Research Council,,G3518019815,Theoretical modelling study of thin film permeability,
W2790533573,Dr Diana  Tran,,University of Adelaide,,G6417441254,,
W2790533573,Dr Diana  Tran,,Australian Research Council,,G7510103765,,
W2884328441,Dr Diana  Tran,,Australian Research Council,,G3449900326,,
W4392189355,Dr Diana  Tran,,National Institutes of Health,,G2543583768,,
W4387019765,Dr Diana  Tran,,National Institute of Mental Health,,G822578818,,
W2996748305,Dr Diana  Tran,,National Institutes of Health,,G2543583768,,
W2963164096,Dr Diana  Tran,,National Institutes of Health,,G1275656240,,
W2963164096,Dr Diana  Tran,,Memorial Sloan-Kettering Cancer Center,,G2051006376,,
W2963164096,Dr Diana  Tran,,Memorial Sloan-Kettering Cancer Center,,G3061681436,,
W2963164096,Dr Diana  Tran,,National Institutes of Health,,G5952067233,,
W2963164096,Dr Diana  Tran,,National Institutes of Health,,G8679342489,,
W4230065622,Dr Diana  Tran,,National Institutes of Health,,G3155603309,,
W4230065622,Dr Diana  Tran,,Alzheimer's Association,,G6310240282,,
W4230065622,Dr Diana  Tran,,National Institutes of Health,,G6529429936,,
W4230065622,Dr Diana  Tran,,Alzheimer's Association,,G6808464556,,
W4366973424,Dr Diana  Tran,,Fonds Wetenschappelijk Onderzoek,,G1244866910,Novel approaches for the estimation of the use of psychoactive pharmaceuticals and illicit drugs by wastewater analysis,
W4366973424,Dr Diana  Tran,,Agencia Estatal de Investigación,,G2262748287,,
W4366973424,Dr Diana  Tran,,European Commission,,G2601397997,,
W4366973424,Dr Diana  Tran,,Comunidad de Madrid,,G2849171189,,
W4366973424,Dr Diana  Tran,,Horizon 2020 Framework Programme,,G2950937174,,
W4366973424,Dr Diana  Tran,,European Commission,,G296148267,,
W4366973424,Dr Diana  Tran,,Agencia Estatal de Investigación,,G300979063,,
W4366973424,Dr Diana  Tran,,Agencia Estatal de Investigación,,G3412273058,,
W4366973424,Dr Diana  Tran,,Agencia Estatal de Investigación,,G3480869486,,
W4366973424,Dr Diana  Tran,,European Commission,,G3681454997,,
W4366973424,Dr Diana  Tran,,European Commission,,G4042783231,,
W4366973424,Dr Diana  Tran,,Agencia Estatal de Investigación,,G4480523401,,
W4366973424,Dr Diana  Tran,,Agencia Estatal de Investigación,,G5080475149,,
W4366973424,Dr Diana  Tran,,J.M. Kaplan Fund,,G5333574808,,
W4366973424,Dr Diana  Tran,,European Commission,,G5413639194,The innovative wastewater-based epidemiology approach with the advances of high resolution mass spectrometry as a complementary biomonitoring tool for assessing the health status of a population,
W4366973424,Dr Diana  Tran,,Australian Government,,G5760423860,,
W4366973424,Dr Diana  Tran,,European Social Fund,,G6218905885,,
W4366973424,Dr Diana  Tran,,Javna Agencija za Raziskovalno Dejavnost RS,,G6409008362,,
W4366973424,Dr Diana  Tran,,Justice Programme,,G6482700281,,
W4366973424,Dr Diana  Tran,,European Commission,,G7149750178,,
W4366973424,Dr Diana  Tran,,Agencia Estatal de Investigación,,G7266728691,,
W4366973424,Dr Diana  Tran,,University of Queensland,,G7408474891,,
W4366973424,Dr Diana  Tran,,Javna Agencija za Raziskovalno Dejavnost RS,,G7455780997,,
W4366973424,Dr Diana  Tran,,Javna Agencija za Raziskovalno Dejavnost RS,,G7685670613,,
W4366973424,Dr Diana  Tran,,European Commission,,G7840381059,,
W4366973424,Dr Diana  Tran,,European Commission,,G7842005466,,
W4366973424,Dr Diana  Tran,,Comunidad de Madrid,,G8416023876,,
W4366973424,Dr Diana  Tran,,Agencia Estatal de Investigación,,G8909017353,,
W4385707651,Dr Diana  Tran,,Lundbeckfonden,,G4596452145,,
W4393576756,Dr Diana  Tran,,Horizon 2020 Framework Programme,,G2950937174,,
W4393744244,Dr Diana  Tran,,Horizon 2020 Framework Programme,,G2950937174,,
W4400085919,Dr Diana  Tran,,Siemens Healthineers,,G1170119949,,
W3136358500,Dr Diana Marie Rubel,,National Key Research and Development Program of China,,G1824657226,,
W3136358500,Dr Diana Marie Rubel,,National Key Research and Development Program of China,,G1924366580,,
W3136358500,Dr Diana Marie Rubel,,Deutsche Forschungsgemeinschaft,,G379900156,,
W3136358500,Dr Diana Marie Rubel,,Bundesministerium für Bildung und Forschung,,G4392665171,,
W2062473792,Dr Diana Marie Rubel,,National Institute of Biomedical Imaging and Bioengineering,,G5097948822,,
W2062473792,Dr Diana Marie Rubel,,National Institute of Biomedical Imaging and Bioengineering,,G8341175014,,
W4372279828,Dr Diana Marie Rubel,,National Cancer Institute,,G2037399556,,
W4372279828,Dr Diana Marie Rubel,,National Cancer Institute,,G4255254290,,
W4372279828,Dr Diana Marie Rubel,,Elsa U. Pardee Foundation,,G4363061965,,
W4372279828,Dr Diana Marie Rubel,,National Cancer Institute,,G4838085410,,
W4372279828,Dr Diana Marie Rubel,,National Cancer Institute,,G5090902444,,
W4372279828,Dr Diana Marie Rubel,,National Institute of General Medical Sciences,,G5529101129,,
W4372279828,Dr Diana Marie Rubel,,National Cancer Institute,,G6922219839,,
W4372279828,Dr Diana Marie Rubel,,National Cancer Institute,,G7214857089,,
W4372279828,Dr Diana Marie Rubel,,National Institute of Diabetes and Digestive and Kidney Diseases,,G7373827552,,
W4372279828,Dr Diana Marie Rubel,,National Cancer Institute,,G7758063,,
W4372279828,Dr Diana Marie Rubel,,National Cancer Institute,,G8940272148,,
W2303817477,Dr Diana Marie Rubel,,Bundesministerium für Bildung und Forschung,,G6028632007,E-RARE-Verbund: Phänotyp-Forschung zur Entdeckung von ALS-Modifikatoren (PYRAMID); Arbeitspaket 1: Charakterisierung des klinischen Phänotyps und Sammlung von Proben; Anteil Jena,
W3175287809,Dr Diana Marie Rubel,,Deutsche Forschungsgemeinschaft,,G1526539342,,
W3175287809,Dr Diana Marie Rubel,,Deutsche Forschungsgemeinschaft,,G379900156,,
W4387165639,Dr Diana Marie Rubel,,Centers for Disease Control and Prevention,,G2258417020,,
W4387165639,Dr Diana Marie Rubel,,Bundesministerium für Bildung und Forschung,,G4392665171,,
W4387165639,Dr Diana Marie Rubel,,"Thüringer Ministerium für Bildung, Wissenschaft und Kultur",,G4432377388,,
W4387165639,Dr Diana Marie Rubel,,Deutsche Forschungsgemeinschaft,,G4511982862,,
W4322494659,Dr Diana Marie Rubel,,National Institute of General Medical Sciences,,G5529101129,,
W4400023778,Dr Diana Marie Rubel,,United States Agency for International Development,,G3354269140,,
W4400023778,Dr Diana Marie Rubel,,United States Agency for International Development,,G5373954042,,
W2107303903,Dr Diona Lee Damian,,National Cancer Institute,,G6281340598,,
W4385335871,Dr Diona Lee Damian,,National Health and Medical Research Council,,G2843959858,,
W4385335871,Dr Diona Lee Damian,,Cancer Institute NSW,,G3387549449,,
W4385335871,Dr Diona Lee Damian,,National Health and Medical Research Council,,G7562704222,,
W4385335871,Dr Diona Lee Damian,,Cancer Institute NSW,,G8980343130,,
W2065840120,Dr Elizabeth Jane Ellis,,Wellcome Trust,,G1033350428,Towards the modulation of innate immune signaling for the attenuation of tissue fibrosis.,
W2065840120,Dr Elizabeth Jane Ellis,,Wellcome Trust,,G4563276676,,
W2065840120,Dr Elizabeth Jane Ellis,,Wellcome Trust,,G5256327767,,
W2065840120,Dr Elizabeth Jane Ellis,,Wellcome Trust,,G8732023061,,
W4283312912,Dr Elizabeth Jane Ellis,,Australian Research Council,,G3159685667,Bilingualism in the bush: reconceptualising 'speech community' in immigrant family language maintenance in regional Australia,
W2536445754,Dr Elizabeth Jane Ellis,,Australian Research Council,,G3159685667,Bilingualism in the bush: reconceptualising 'speech community' in immigrant family language maintenance in regional Australia,
W2075353993,Dr Elizabeth Jane Ellis,,Engineering and Physical Sciences Research Council,,G5787578097,ADVANCED SOLID-STATE LASER SOURCES AND SYSTEMS,
W2075353993,Dr Elizabeth Jane Ellis,,Engineering and Physical Sciences Research Council,,G7881405509,,
W3099721026,Dr Elizabeth Jane Ellis,,Australian National University,,G8514453914,,
W1992593261,Dr Ellen Hui Ma,,National Institute on Deafness and Other Communication Disorders,,G4502797628,,
W1992593261,Dr Ellen Hui Ma,,National Institute on Deafness and Other Communication Disorders,,G7184556203,,
W4362665706,Dr Emma Catherine Ryan,,Agence Nationale de la Recherche,,G5120306201,,
W4362665706,Dr Emma Catherine Ryan,,Agence Nationale de la Recherche,,G6803667113,,
W2765294539,Dr Emma Catherine Ryan,,National Science Foundation,,G3352838694,,
W2765294539,Dr Emma Catherine Ryan,,National Science Foundation,,G4178590864,,
W2765294539,Dr Emma Catherine Ryan,,National Science Foundation,,G7353303247,,
W2765294539,Dr Emma Catherine Ryan,,National Science Foundation,,G93933814,,
W2610280278,Dr Emma Catherine Ryan,,European Commission,,G4414394302,,
W3211300718,Dr Emma Catherine Ryan,,Massey University,,G4164109454,,
W7116951661,Dr Emma Catherine Ryan,,Deutsche Forschungsgemeinschaft,,G2782151993,Koordinationsfonds,
W7116951661,Dr Emma Catherine Ryan,,Directorate for Geosciences,,G5525413377,,
W7116951661,Dr Emma Catherine Ryan,,Deutsche Forschungsgemeinschaft,,G6023948536,Die Erforschung des anthropogenen Klimawandel im Mittelmeer über längere Zeiträume: die Koralle Cladocora caespitosa als Bioindikator und Archiv für Umwelt und ökologische Veränderungen,
W2896986711,Dr Emma Catherine Ryan,,Australian Institute of Nuclear Science and Engineering,,G8965734637,,
W3133862921,Dr Emma Catherine Ryan,,Marsden Fund,,G5672129902,,
W3133862921,Dr Emma Catherine Ryan,,Marsden Fund,,G7901147339,,
W3156804144,Dr Emma Catherine Ryan,,Marsden Fund,,G7901147339,,
W4311654442,Dr Emma Catherine Ryan,,Agence Nationale de la Recherche,,G5120306201,,
W4311654442,Dr Emma Catherine Ryan,,Agence Nationale de la Recherche,,G6803667113,,
W2028336728,Dr Emma Katie Mooney,,Science Foundation Ireland,,G4393122106,SRC REMEDI:  REMEDI-2: From Research to Human Therapy,
W2028336728,Dr Emma Katie Mooney,,Science Foundation Ireland,,G616906532,CSET REMEDI: REMEDI Supplement,
W2028336728,Dr Emma Katie Mooney,,Science Foundation Ireland,,G7396978958,,
W2010176910,Dr Emma Katie Mooney,,Science Foundation Ireland,,G3655855683,,
W2010176910,Dr Emma Katie Mooney,,Science Foundation Ireland,,G4393122106,SRC REMEDI:  REMEDI-2: From Research to Human Therapy,
W4411322613,Dr Emma Louise Hiscutt,,National Cancer Institute,,G13697443,,
W4411322613,Dr Emma Louise Hiscutt,,National Cancer Institute,,G1740950978,,
W4411322613,Dr Emma Louise Hiscutt,,National Institutes of Health,,G313601605,,
W4411322613,Dr Emma Louise Hiscutt,,National Institutes of Health,,G3950155540,,
W4411322613,Dr Emma Louise Hiscutt,,National Institutes of Health,,G5795223948,,
W4411322613,Dr Emma Louise Hiscutt,,National Health and Medical Research Council,,G6323794773,ASPREE Completion Project,
W4411322613,Dr Emma Louise Hiscutt,,National Institute on Aging,,G6485832292,,
W4411322613,Dr Emma Louise Hiscutt,,National Institute on Aging,,G6813379403,,
W4411322613,Dr Emma Louise Hiscutt,,National Cancer Institute,,G713793082,,
W4411322613,Dr Emma Louise Hiscutt,,National Cancer Institute,,G7210608478,,
W4411322613,Dr Emma Louise Hiscutt,,National Institute on Aging,,G8586009266,,
W4411322613,Dr Emma Louise Hiscutt,,National Institutes of Health,,G8718603654,,
W4411322613,Dr Emma Louise Hiscutt,,National Institute on Aging,,G8936912332,,
W4411322613,Dr Emma Louise Hiscutt,,National Health and Medical Research Council,,G8939302634,,
W2920735364,Dr Erin Kelly McMeniman,,National Health and Medical Research Council,,G394665494,,
W2920735364,Dr Erin Kelly McMeniman,,National Health and Medical Research Council,,G8744127603,,
W2912546977,Dr Erin Kelly McMeniman,,National Health and Medical Research Council,,G5779385390,,
W2912546977,Dr Erin Kelly McMeniman,,National Health and Medical Research Council,,G8744127603,,
W2967262139,Dr Erin Kelly McMeniman,,National Health and Medical Research Council,,G1759056826,,
W3088218026,Dr Erin Kelly McMeniman,,National Health and Medical Research Council,,G101359200,,
W3088218026,Dr Erin Kelly McMeniman,,National Health and Medical Research Council,,G1804858107,,
W3088218026,Dr Erin Kelly McMeniman,,National Health and Medical Research Council,,G35504816,,
W3088218026,Dr Erin Kelly McMeniman,,National Health and Medical Research Council,,G6834937559,,
W3088218026,Dr Erin Kelly McMeniman,,National Health and Medical Research Council,,G8744127603,,
W3088218026,Dr Helmut  Schaider,,National Health and Medical Research Council,,G101359200,,
W3088218026,Dr Helmut  Schaider,,National Health and Medical Research Council,,G1804858107,,
W3088218026,Dr Helmut  Schaider,,National Health and Medical Research Council,,G35504816,,
W3088218026,Dr Helmut  Schaider,,National Health and Medical Research Council,,G6834937559,,
W3088218026,Dr Helmut  Schaider,,National Health and Medical Research Council,,G8744127603,,
W4309308796,Dr Erin Kelly McMeniman,,National Health and Medical Research Council,,G101359200,,
W2992092885,Dr Erin Kelly McMeniman,,National Health and Medical Research Council,,G394665494,,
W2992092885,Dr Erin Kelly McMeniman,,National Health and Medical Research Council,,G3974286669,,
W2992092885,Dr Erin Kelly McMeniman,,National Health and Medical Research Council,,G6834937559,,
W2992092885,Dr Erin Kelly McMeniman,,National Health and Medical Research Council,,G8741685214,,
W2992092885,Dr Erin Kelly McMeniman,,National Health and Medical Research Council,,G8744127603,,
W4409211402,Dr Erin Kelly McMeniman,,National Health and Medical Research Council,,G8744127603,,
W2967149779,Dr Erin Kelly McMeniman,,National Health and Medical Research Council,,G4652166765,Genetic polymorphisms associated with clinical and dermoscopic naevus signature patterns,
W2967149779,Dr Erin Kelly McMeniman,,National Health and Medical Research Council,,G6096608384,,
W2967149779,Dr Helmut  Schaider,,National Health and Medical Research Council,,G4652166765,Genetic polymorphisms associated with clinical and dermoscopic naevus signature patterns,
W2967149779,Dr Helmut  Schaider,,National Health and Medical Research Council,,G6096608384,,
W3022773008,Dr Erin Kelly McMeniman,,National Health and Medical Research Council,,G101359200,,
W3022773008,Dr Erin Kelly McMeniman,,National Health and Medical Research Council,,G1804858107,,
W3022773008,Dr Erin Kelly McMeniman,,National Health and Medical Research Council,,G35504816,,
W3022773008,Dr Erin Kelly McMeniman,,National Health and Medical Research Council,,G6834937559,,
W3022773008,Dr Erin Kelly McMeniman,,National Health and Medical Research Council,,G8744127603,,
W7164864185,Dr Ernest Boon Cheng Tan,,National Cancer Institute,,G5110314844,,
W4401690326,Dr Gayle Loraine Ross,,National Health and Medical Research Council,,G1046200665,,
W4401690326,Dr Gayle Loraine Ross,,Wellcome Trust,,G292560498,"The Wellcome Centre for Ethics, Innovation, Globalisation and Medicine",
W4401690326,Dr Gayle Loraine Ross,,National Health and Medical Research Council,,G3497718704,,
W4401690326,Dr Gayle Loraine Ross,,Wellcome Trust,,G5906037850,A collaborative platform and network for responsive infectious diseases bioethics research,
W4401690326,Dr Gayle Loraine Ross,,National Health and Medical Research Council,,G701079681,,
W4401690326,Dr Gayle Loraine Ross,,National Health and Medical Research Council,,G8870287997,,
W3178903277,Dr Gayle Loraine Ross,,Cancer Research UK,,G3302706239,,
W3178903277,Dr Gayle Loraine Ross,,Cancer Research UK,,G6747769491,,
W3178903277,Dr Gayle Loraine Ross,,Cancer Research UK,,G7772859830,,
W3178903277,Dr Gayle Loraine Ross,,National Institute for Health and Care Research,,G8915630652,,
W4403599705,Dr Gayle Loraine Ross,,National Health and Medical Research Council,,G1046200665,,
W4403599705,Dr Gayle Loraine Ross,,Wellcome Trust,,G292560498,"The Wellcome Centre for Ethics, Innovation, Globalisation and Medicine",
W4403599705,Dr Gayle Loraine Ross,,National Health and Medical Research Council,,G3497718704,,
W4403599705,Dr Gayle Loraine Ross,,Wellcome Trust,,G5906037850,A collaborative platform and network for responsive infectious diseases bioethics research,
W4403599705,Dr Gayle Loraine Ross,,National Health and Medical Research Council,,G701079681,,
W4403599705,Dr Gayle Loraine Ross,,National Health and Medical Research Council,,G8870287997,,
W2081941998,Dr Genevieve Anne Casey,,National Cancer Institute,,G6274884226,,
W2081941998,Dr Genevieve Anne Casey,,National Cancer Institute,,G861661905,,
W1990114849,Dr Genevieve Anne Casey,,Eunice Kennedy Shriver National Institute of Child Health and Human Development,,G7017056321,,
W1990114849,Dr Genevieve Anne Casey,,National Cancer Institute,,G8038035329,,
W2092352443,Dr Genevieve Anne Casey,,National Cancer Institute,,G1769501857,,
W2092352443,Dr Genevieve Anne Casey,,National Cancer Institute,,G6274884226,,
W2253134395,Dr George Andrew Varigos,,National Health and Medical Research Council,,G7293456937,,
W4386704419,Dr Georgia Frances Farrah,,National Natural Science Foundation of China,,G4797678787,,
W4386704419,Dr Georgia Frances Farrah,,National Natural Science Foundation of China,,G48295964,,
W2002087684,Dr Gloria Hiu-Wai Fong,,Canadian Institutes of Health Research,,G7764988773,,
W1999072050,Dr Gloria Hiu-Wai Fong,,Svenska Läkaresällskapet,,G1555387532,,
W1999072050,Dr Gloria Hiu-Wai Fong,,Centrum för idrottsforskning,,G1653798838,,
W1999072050,Dr Gloria Hiu-Wai Fong,,Centrum för idrottsforskning,,G2617552627,,
W1999072050,Dr Gloria Hiu-Wai Fong,,Canadian Institutes of Health Research,,G6028586239,,
W2016476456,Dr Gloria Hiu-Wai Fong,,Canadian Institutes of Health Research,,G7764988773,,
W2597159142,Dr Gloria Hiu-Wai Fong,,Västerbotten Läns Landsting,,G2427344233,,
W2597159142,Dr Gloria Hiu-Wai Fong,,Svenska Läkaresällskapet,,G2627265122,,
W2597159142,Dr Gloria Hiu-Wai Fong,,Svenska Läkaresällskapet,,G3147605316,,
W2597159142,Dr Gloria Hiu-Wai Fong,,Svenska Läkaresällskapet,,G4773347995,,
W2597159142,Dr Gloria Hiu-Wai Fong,,Vetenskapsrådet,,G6908054589,,
W2970125361,Dr Gloria Hiu-Wai Fong,,Svenska Läkaresällskapet,,G1555387532,,
W2970125361,Dr Gloria Hiu-Wai Fong,,Canadian Institutes of Health Research,,G6028586239,,
W2048901783,Dr Helen Louise Saunders,,"National Heart, Lung, and Blood Institute",,G4303471823,,
W2048901783,Dr Helen Louise Saunders,,National Cancer Institute,,G4420675854,,
W2048901783,Dr Helen Louise Saunders,,National Cancer Institute,,G8880379749,,
W3156030569,Dr Helen Louise Saunders,,Cancer Research UK,,G1045995995,,
W2157122947,Dr Helen Louise Saunders,,Eunice Kennedy Shriver National Institute of Child Health and Human Development,,G941389170,,
W2043563886,Dr Helen Louise Saunders,,National Cancer Institute,,G8918466073,,
W2050668495,Dr Helmut  Schaider,,Austrian Science Fund,,G3048143576,,
W1924003041,Dr Helmut  Schaider,,National Cancer Institute,,G2176118588,,
W1924003041,Dr Helmut  Schaider,,National Cancer Institute,,G3471318205,,
W1924003041,Dr Helmut  Schaider,,National Cancer Institute,,G4041298426,,
W1978874148,Dr Helmut  Schaider,,National Cancer Institute,,G1460838719,,
W1978874148,Dr Helmut  Schaider,,National Cancer Institute,,G3075315882,,
W1978874148,Dr Helmut  Schaider,,National Cancer Institute,,G5573205657,,
W1980584100,Dr Helmut  Schaider,,National Cancer Institute,,G4607122373,,
W1980584100,Dr Helmut  Schaider,,National Cancer Institute,,G5029023592,,
W1980584100,Dr Helmut  Schaider,,National Cancer Institute,,G5872973286,,
W1980584100,Dr Helmut  Schaider,,National Cancer Institute,,G5891304288,,
W1980584100,Dr Helmut  Schaider,,National Institute of Diabetes and Digestive and Kidney Diseases,,G8875847868,,
W2755929010,Dr Helmut  Schaider,,National Cancer Institute,,G1460838719,,
W2755929010,Dr Helmut  Schaider,,Vienna Science and Technology Fund,,G2381822755,Tumor-infiltrating CD20+ B cells: Promoters of human melanoma?,
W2755929010,Dr Helmut  Schaider,,National Cancer Institute,,G3075315882,,
W2755929010,Dr Helmut  Schaider,,National Cancer Institute,,G5573205657,,
W2755929010,Dr Helmut  Schaider,,National Cancer Institute,,G6129023730,,
W2755929010,Dr Helmut  Schaider,,National Cancer Institute,,G750986306,,
W2936218263,Dr Helmut  Schaider,,PA Research Foundation,,G2557643643,,
W2010980929,Dr Helmut  Schaider,,National Cancer Institute,,G2176118588,,
W2010980929,Dr Helmut  Schaider,,National Cancer Institute,,G2509971949,,
W2010980929,Dr Helmut  Schaider,,National Cancer Institute,,G3471318205,,
W2010980929,Dr Helmut  Schaider,,National Cancer Institute,,G4041298426,,
W2010980929,Dr Helmut  Schaider,,National Cancer Institute,,G6360462258,,
W2006554961,Dr Helmut  Schaider,,National Cancer Institute,,G2509971949,,
W2006554961,Dr Helmut  Schaider,,National Cancer Institute,,G3471318205,,
W2006554961,Dr Helmut  Schaider,,National Cancer Institute,,G4041298426,,
W1980018731,Dr Helmut  Schaider,,Austrian Science Fund,,G1896535770,Novel anticancer compounds from Chinese plant extracts,
W1980018731,Dr Helmut  Schaider,,Austrian Science Fund,,G523544392,Epithelial-Mesenchymal Transcription Factors in Melanoma,
W1980018731,Dr Helmut  Schaider,,Austrian Science Fund,,G6517918182,,
W2778942513,Dr Helmut  Schaider,,National Cancer Institute,,G3075315882,,
W2778942513,Dr Helmut  Schaider,,National Institutes of Health,,G3411857675,,
W2778942513,Dr Helmut  Schaider,,National Institutes of Health,,G5506375181,,
W2778942513,Dr Helmut  Schaider,,National Cancer Institute,,G5573205657,,
W2778942513,Dr Helmut  Schaider,,National Cancer Institute,,G6129023730,,
W2778942513,Dr Helmut  Schaider,,National Institutes of Health,,G6669302357,,
W2778942513,Dr Helmut  Schaider,,National Health and Medical Research Council,,G6834937559,,
W2778942513,Dr Helmut  Schaider,,National Cancer Institute,,G7016337577,,
W2772389083,Dr Helmut  Schaider,,National Health and Medical Research Council,,G6834937559,,
W1913277645,Dr Helmut  Schaider,,Austrian Science Fund,,G3118654478,,
W2255029535,Dr Helmut  Schaider,,National Cancer Institute,,G3075315882,,
W2255029535,Dr Helmut  Schaider,,National Cancer Institute,,G5573205657,,
W2255029535,Dr Helmut  Schaider,,National Cancer Institute,,G977837496,,
W3026219400,Dr Helmut  Schaider,,U.S. Department of Veterans Affairs,,G2436052604,,
W3026219400,Dr Helmut  Schaider,,National Cancer Institute,,G2868018298,,
W2009574048,Dr Helmut  Schaider,,Engineering and Physical Sciences Research Council,,G1615152486,,
W2009574048,Dr Helmut  Schaider,,Engineering and Physical Sciences Research Council,,G1749564827,,
W2009574048,Dr Helmut  Schaider,,Australian Research Council,,G3462711333,,
W2009574048,Dr Helmut  Schaider,,Engineering and Physical Sciences Research Council,,G6019395341,COherent Terahertz Systems (COTS)-opening up the terahertz spectrum for widespread application,
W2009574048,Dr Helmut  Schaider,,Cancer Research UK,,G6485305510,,
W2009574048,Dr Helmut  Schaider,,European Cooperation in Science and Technology,,G6640896493,,
W2009574048,Dr Helmut  Schaider,,Engineering and Physical Sciences Research Council,,G6996078016,,
W2009574048,Dr Helmut  Schaider,,European Cooperation in Science and Technology,,G7539198968,,
W2009574048,Dr Helmut  Schaider,,Engineering and Physical Sciences Research Council,,G7588884962,Dream Fellowship - Professor Edmund Linfield,
W2009574048,Dr Helmut  Schaider,,Engineering and Physical Sciences Research Council,,G791174124,Coherent detection and manipulation of terahertz quantum cascade lasers,
W2777985045,Dr Helmut  Schaider,,National Cancer Institute,,G1460838719,,
W2777985045,Dr Helmut  Schaider,,National Cancer Institute,,G5573205657,,
W2088537241,Dr Helmut  Schaider,,Austrian Science Fund,,G2086690636,,
W2088537241,Dr Helmut  Schaider,,Austrian Science Fund,,G3635204125,Role of intestinal ATGL in lipid absorption and metabolic disorders,
W2088537241,Dr Helmut  Schaider,,Austrian Science Fund,,G6934317669,,
W2013687192,Dr Helmut  Schaider,,Austrian Science Fund,,G1663706835,Human defense peptides as novel agents against cancer,
W2013687192,Dr Helmut  Schaider,,Austrian Science Fund,,G3048143576,,
W2013687192,Dr Helmut  Schaider,,Austrian Science Fund,,G3118654478,,
W2013687192,Dr Helmut  Schaider,,Austrian Science Fund,,G5497432579,Human peptide derivatives against cancer with poor prognosis,
W2890137987,Dr Helmut  Schaider,,National Health and Medical Research Council,,G101359200,,
W2890137987,Dr Helmut  Schaider,,National Health and Medical Research Council,,G6834937559,,
W2736209832,Dr Helmut  Schaider,,National Health and Medical Research Council,,G394665494,,
W2736209832,Dr Helmut  Schaider,,National Health and Medical Research Council,,G6834937559,,
W2736209832,Dr Helmut  Schaider,,National Health and Medical Research Council,,G8744127603,,
W2887586336,Dr Helmut  Schaider,,Cancer Council Queensland,,G246924664,,
W2887586336,Dr Helmut  Schaider,,National Health and Medical Research Council,,G3342019276,,
W2915307506,Dr Helmut  Schaider,,National Health and Medical Research Council,,G2880906028,,
W2915307506,Dr Helmut  Schaider,,Austrian Science Fund,,G6471295759,Synthesis of natural compounds for GABAA receptor modulation,
W2915307506,Dr Helmut  Schaider,,National Health and Medical Research Council,,G6834937559,,
W2765130480,Dr Helmut  Schaider,,National Health and Medical Research Council,,G394665494,,
W2765130480,Dr Helmut  Schaider,,National Health and Medical Research Council,,G6834937559,,
W2765130480,Dr Helmut  Schaider,,National Health and Medical Research Council,,G8744127603,,
W4280583551,Dr Helmut  Schaider,,National Health and Medical Research Council,,G101359200,,
W4280583551,Dr Helmut  Schaider,,National Health and Medical Research Council,,G4725715576,,
W4280583551,Dr Helmut  Schaider,,National Health and Medical Research Council,,G6834937559,,
W4385739824,Dr Helmut  Schaider,,U.S. Department of Veterans Affairs,,G2436052604,,
W4385739824,Dr Helmut  Schaider,,National Cancer Institute,,G2868018298,,
W4385739824,Dr Helmut  Schaider,,National Health and Medical Research Council,,G2880906028,,
W4385739824,Dr Helmut  Schaider,,National Cancer Institute,,G3058197098,,
W4385739824,Dr Helmut  Schaider,,National Cancer Institute,,G3075315882,,
W4385739824,Dr Helmut  Schaider,,National Institutes of Health,,G3379055663,,
W4385739824,Dr Helmut  Schaider,,National Cancer Institute,,G5573205657,,
W4385739824,Dr Helmut  Schaider,,U.S. Department of Veterans Affairs,,G620189191,,
W4319835783,Dr Helmut  Schaider,,National Health and Medical Research Council,,G101359200,,
W4319835783,Dr Helmut  Schaider,,National Health and Medical Research Council,,G4725715576,,
W4319835783,Dr Helmut  Schaider,,National Health and Medical Research Council,,G6834937559,,
W2039533218,Dr Helmut  Schaider,,National Institutes of Health,,G296160427,,
W2039533218,Dr Helmut  Schaider,,National Institutes of Health,,G4116940385,,
W2039533218,Dr Helmut  Schaider,,National Cancer Institute,,G422290545,,
W2039533218,Dr Helmut  Schaider,,National Institutes of Health,,G4237513734,,
W2039533218,Dr Helmut  Schaider,,National Cancer Institute,,G4864302673,,
W2039533218,Dr Helmut  Schaider,,National Institutes of Health,,G5730301975,,
W2039533218,Dr Helmut  Schaider,,National Cancer Institute,,G5891304288,,
W2039533218,Dr Helmut  Schaider,,National Institutes of Health,,G6249065465,,
W2039533218,Dr Helmut  Schaider,,National Cancer Institute,,G7203137248,,
W2173198066,Dr Helmut  Schaider,,National Health and Medical Research Council,,G6328666097,,
W2173198066,Dr Helmut  Schaider,,National Health and Medical Research Council,,G8744127603,,
W2613910130,Dr Helmut  Schaider,,Austrian Science Fund,,G3118654478,,
W2773816949,Dr Helmut  Schaider,,National Health and Medical Research Council,,G2880906028,,
W2773816949,Dr Helmut  Schaider,,National Cancer Institute,,G3075315882,,
W2773816949,Dr Helmut  Schaider,,National Institutes of Health,,G3411857675,,
W2773816949,Dr Helmut  Schaider,,National Cancer Institute,,G5573205657,,
W2773816949,Dr Helmut  Schaider,,National Cancer Institute,,G6129023730,,
W2773816949,Dr Helmut  Schaider,,National Institutes of Health,,G6669302357,,
W34221830,Dr Helmut  Schaider,,National Cancer Institute,,G4607122373,,
W34221830,Dr Helmut  Schaider,,National Cancer Institute,,G5029023592,,
W34221830,Dr Helmut  Schaider,,National Cancer Institute,,G5872973286,,
W34221830,Dr Helmut  Schaider,,National Cancer Institute,,G5891304288,,
W34221830,Dr Helmut  Schaider,,National Institute of Diabetes and Digestive and Kidney Diseases,,G8875847868,,
W7130870323,Dr Helmut  Schaider,,National Health and Medical Research Council,,G101359200,,
W7130870323,Dr Helmut  Schaider,,National Health and Medical Research Council,,G3031156977,,
W7130870323,Dr Helmut  Schaider,,National Health and Medical Research Council,,G3146050419,,
W7130870323,Dr Helmut  Schaider,,National Health and Medical Research Council,,G5257978118,,
W2121797186,Dr Helmut  Schaider,,Austrian Science Fund,,G3574338628,GASP and post endocytic trafficking of viral chemokine recep,
W2121797186,Dr Helmut  Schaider,,Austrian Science Fund,,G4445240799,,
W2121797186,Dr Helmut  Schaider,,National Cancer Institute,,G5573205657,,
W2121797186,Dr Helmut  Schaider,,National Cancer Institute,,G5906248051,,
W2121797186,Dr Helmut  Schaider,,Austrian Science Fund,,G6517918182,,
W2121797186,Dr Helmut  Schaider,,National Cancer Institute,,G8408582449,,
W4235770298,Dr Helmut  Schaider,,National Institute of Mental Health,,G4060307344,,
W4235770298,Dr Helmut  Schaider,,National Institute of Mental Health,,G6201673018,,
W2016950265,Dr Helmut  Schaider,,Cancer Research UK,,G6485305510,,
W2016950265,Dr Helmut  Schaider,,European Cooperation in Science and Technology,,G6640896493,,
W2016950265,Dr Helmut  Schaider,,European Cooperation in Science and Technology,,G7539198968,,
W4328103809,Dr Helmut  Schaider,,National Health and Medical Research Council,,G101359200,,
W4328103809,Dr Helmut  Schaider,,National Health and Medical Research Council,,G1804858107,,
W4328103809,Dr Helmut  Schaider,,National Cancer Institute,,G3060283814,,
W4328103809,Dr Helmut  Schaider,,National Health and Medical Research Council,,G6834937559,,
W4328103809,Dr Helmut  Schaider,,National Institutes of Health,,G7497687180,,
W4328103809,Dr Helmut  Schaider,,National Cancer Institute,,G7769417692,,
W4328103809,Dr Helmut  Schaider,,National Cancer Institute,,G8052095413,,
W4328103809,Dr Helmut  Schaider,,National Institutes of Health,,G8839937818,,
W1992278206,Dr Helmut  Schaider,,Engineering and Physical Sciences Research Council,,G1749564827,,
W4307763982,Dr Helmut  Schaider,,National Health and Medical Research Council,,G19093883,,
W4307763982,Dr Helmut  Schaider,,Australian Research Council,,G2391675800,ARC Centre of Excellence for Innovations in Peptide and Protein Science,
W4307763982,Dr Helmut  Schaider,,Australian Research Council,,G3287500210,Pluses and minuses of lipid mass spectrometry,
W4307763982,Dr Helmut  Schaider,,National Health and Medical Research Council,,G5572172683,,
W4307763982,Dr Helmut  Schaider,,Queensland University of Technology,,G6987481845,,
W4307763982,Dr Helmut  Schaider,,National Health and Medical Research Council,,G765011752,,
W4307763982,Dr Helmut  Schaider,,Australian Research Council,,G8260318751,Breaching membrane barriers,
W4307763982,Dr Helmut  Schaider,,National Health and Medical Research Council,,G8718582526,,
W4281997854,Dr Helmut  Schaider,,National Health and Medical Research Council,,G101359200,,
W4281997854,Dr Helmut  Schaider,,National Health and Medical Research Council,,G3354920092,,
W4281997854,Dr Helmut  Schaider,,National Health and Medical Research Council,,G5087215573,,
W4281997854,Dr Helmut  Schaider,,National Health and Medical Research Council,,G6834937559,,
W4281997854,Dr Ramez Ihab Barsoum,,National Health and Medical Research Council,,G101359200,,
W4281997854,Dr Ramez Ihab Barsoum,,National Health and Medical Research Council,,G3354920092,,
W4281997854,Dr Ramez Ihab Barsoum,,National Health and Medical Research Council,,G5087215573,,
W4281997854,Dr Ramez Ihab Barsoum,,National Health and Medical Research Council,,G6834937559,,
W7161131758,Dr Helmut  Schaider,,National Health and Medical Research Council,,G3394644159,,
W2511758086,Dr Holly Anne Sexton,,National Institute of Allergy and Infectious Diseases,,G6986537467,,
W2035313969,Dr Jacinta Mary Opie,,National Institute of Arthritis and Musculoskeletal and Skin Diseases,,G6901584256,,
W3041433010,Dr Jack  Green,,Agence Nationale de la Recherche,,G3824622762,"Worldwide invasion of the Spotted WING Drosophila: Genetics, plasticity and evolutionary potential",
W3041433010,Dr Jack  Green,,European Research Council,,G6190349592,,
W3041433010,Dr Jack  Green,,Agence Nationale de la Recherche,,G740612442,,
W3149940913,Dr Jack  Green,,Eunice Kennedy Shriver National Institute of Child Health and Human Development,,G8175714823,,
W2051013110,Dr Jack  Green,,National Institute of Arthritis and Musculoskeletal and Skin Diseases,,G8706241573,,
W2110383454,Dr Jacqueline Anne Deen,,National Institute for Health and Care Research,,G199584577,NIHR Senior Investigator Award,
W2110383454,Dr Jacqueline Anne Deen,,Wellcome Trust,,G2271785852,An open label randomised comparison of injectable artesunate and quinine in patients with severe falciparum malaria in Africa.,
W2110383454,Dr Jacqueline Anne Deen,,Wellcome Trust,,G6264972230,An open label randomised comparison of injectable artesunate and quinine in children with severe falciparum malaria.,
W2110383454,Dr Jacqueline Anne Deen,,Wellcome Trust,,G7765234138,Improving the treatment of malaria.,
W2110383454,Dr Jacqueline Anne Deen,,National Institute for Health and Care Research,,G7968354699,,
W4391160355,Dr Jacqueline Anne Deen,,National Institutes of Health,,G5132163702,,
W2140604944,Dr Jacqueline Anne Deen,,Wellcome Trust,,G4241618156,Thailand Major Overseas Programme Core Grant Renewal 2010 to 2015.,
W2140604944,Dr Jacqueline Anne Deen,,Wellcome Trust,,G7765234138,Improving the treatment of malaria.,
W2140604944,Dr Jacqueline Anne Deen,,Wellcome Trust,,G8871988276,,
W2142641449,Dr Jacqueline Anne Deen,,Wellcome Trust,,G2271785852,An open label randomised comparison of injectable artesunate and quinine in patients with severe falciparum malaria in Africa.,
W2142641449,Dr Jacqueline Anne Deen,,Wellcome Trust,,G4241618156,Thailand Major Overseas Programme Core Grant Renewal 2010 to 2015.,
W2142641449,Dr Jacqueline Anne Deen,,Wellcome Trust,,G4973618217,Oxford part of Kenya MOP renewal 2010 - 2015,
W2142641449,Dr Jacqueline Anne Deen,,Wellcome Trust,,G6264972230,An open label randomised comparison of injectable artesunate and quinine in children with severe falciparum malaria.,
W2142641449,Dr Jacqueline Anne Deen,,Wellcome Trust,,G7765234138,Improving the treatment of malaria.,
W2142641449,Dr Jacqueline Anne Deen,,National Institute for Health and Care Research,,G7968354699,,
W2142641449,Dr Jacqueline Anne Deen,,Wellcome Trust,,G8871988276,,
W2007268837,Dr Jacqueline Anne Deen,,National Institute of Allergy and Infectious Diseases,,G3537184974,,
W4406140212,Dr Jacqueline Anne Deen,,Wellcome Trust,,G103154716,,
W4406140212,Dr Jacqueline Anne Deen,,Wellcome Trust,,G3402743973,Thailand Africa and Asia Programme - GBP Core,
W2149991696,Dr Jacqueline Anne Deen,,U.S. Public Health Service,,G5604862850,,
W2162924863,Dr Jacqueline Anne Deen,,Wellcome Trust,,G2271785852,An open label randomised comparison of injectable artesunate and quinine in patients with severe falciparum malaria in Africa.,
W2162924863,Dr Jacqueline Anne Deen,,European Commission,,G358382109,,
W2162924863,Dr Jacqueline Anne Deen,,Wellcome Trust,,G6264972230,An open label randomised comparison of injectable artesunate and quinine in children with severe falciparum malaria.,
W2162924863,Dr Jacqueline Anne Deen,,National Institute for Health and Care Research,,G7968354699,,
W3104952843,Dr Jacqueline Anne Deen,,National Institute of Allergy and Infectious Diseases,,G237576996,,
W3104952843,Dr Jacqueline Anne Deen,,National Institute of Allergy and Infectious Diseases,,G2548527705,,
W3104952843,Dr Jacqueline Anne Deen,,National Institute of Allergy and Infectious Diseases,,G820860891,,
W3104952843,Dr Jacqueline Anne Deen,,National Institute of Allergy and Infectious Diseases,,G8907251401,,
W2979518484,Dr Jacqueline Anne Deen,,Medical Research Council,,G1164634699,,
W2979518484,Dr Jacqueline Anne Deen,,Biotechnology and Biological Sciences Research Council,,G6091609230,Building Out Vector-borne diseases in sub-Saharan Africa: the BOVA Network,
W2979518484,Dr Jacqueline Anne Deen,,Biotechnology and Biological Sciences Research Council,,G8637909272,,
W2979518484,Dr Jacqueline Anne Deen,,Medical Research Council,,G973602460,,
W4283168131,Dr Jacqueline Anne Deen,,Biotechnology and Biological Sciences Research Council,,G6091609230,Building Out Vector-borne diseases in sub-Saharan Africa: the BOVA Network,
W4283168131,Dr Jacqueline Anne Deen,,Biotechnology and Biological Sciences Research Council,,G8637909272,,
W4393074325,Dr Jacqueline Anne Deen,,National Institute of Allergy and Infectious Diseases,,G8907251401,,
W4406001244,Dr Jacqueline Anne Deen,,U.S. Department of Health and Human Services,,G5912757593,,
W4406001244,Dr Jacqueline Anne Deen,,National Institute of Allergy and Infectious Diseases,,G69065714,,
W4406001244,Dr Jacqueline Anne Deen,,National Institute of Allergy and Infectious Diseases,,G8907251401,,
W4412604984,Dr Jacqueline Anne Deen,,National Institute of Allergy and Infectious Diseases,,G1908734551,,
W4412604984,Dr Jacqueline Anne Deen,,National Institutes of Health,,G5132163702,,
W4412604984,Dr Jacqueline Anne Deen,,National Institute of Allergy and Infectious Diseases,,G8907251401,,
W2769976032,Dr Jacqueline Anne Deen,,Bill and Melinda Gates Foundation,,G7563457705,Johns Hopkins University - to insure that populations at risk of cholera will benefit from receiving oral cholera vaccine (OCV) in an appropriate and effective manner.,
W2891319964,Dr Jacqueline Anne Deen,,Bill and Melinda Gates Foundation,,G2379504981,,
W2891319964,Dr Jacqueline Anne Deen,,Bill and Melinda Gates Foundation,,G7563457705,Johns Hopkins University - to insure that populations at risk of cholera will benefit from receiving oral cholera vaccine (OCV) in an appropriate and effective manner.,
W3097577770,Dr Jacqueline Anne Deen,,National Institute of Allergy and Infectious Diseases,,G8907251401,,
W282268770,Dr Jacqueline Anne Deen,,Wellcome Trust,,G7765234138,Improving the treatment of malaria.,
W282268770,Dr Jacqueline Anne Deen,,Wellcome Trust,,G8871988276,,
W3217032035,Dr Jacqueline Anne Deen,,National Institute of Allergy and Infectious Diseases,,G237576996,,
W3217032035,Dr Jacqueline Anne Deen,,National Institute of Allergy and Infectious Diseases,,G2475785392,,
W3217032035,Dr Jacqueline Anne Deen,,National Institute of Allergy and Infectious Diseases,,G2548527705,,
W3217032035,Dr Jacqueline Anne Deen,,National Institutes of Health,,G3312361402,,
W3217032035,Dr Jacqueline Anne Deen,,Centers for Disease Control and Prevention,,G3426343561,,
W3217032035,Dr Jacqueline Anne Deen,,National Institutes of Health,,G4836736531,,
W3217032035,Dr Jacqueline Anne Deen,,National Institute of General Medical Sciences,,G6401929829,,
W3217032035,Dr Jacqueline Anne Deen,,National Institute of Allergy and Infectious Diseases,,G7324738303,,
W3217032035,Dr Jacqueline Anne Deen,,National Institute of Allergy and Infectious Diseases,,G8907251401,,
W1976794355,Dr Jacqueline Anne Deen,,National Institute of Allergy and Infectious Diseases,,G3537184974,,
W3088242313,Dr Jacqueline Anne Deen,,Medical Research Council,,G1164634699,,
W3088242313,Dr Jacqueline Anne Deen,,Biotechnology and Biological Sciences Research Council,,G6091609230,Building Out Vector-borne diseases in sub-Saharan Africa: the BOVA Network,
W3088242313,Dr Jacqueline Anne Deen,,Biotechnology and Biological Sciences Research Council,,G8637909272,,
W3088242313,Dr Jacqueline Anne Deen,,Medical Research Council,,G973602460,,
W4388895641,Dr Jacqueline Anne Deen,,Biotechnology and Biological Sciences Research Council,,G6091609230,Building Out Vector-borne diseases in sub-Saharan Africa: the BOVA Network,
W4388895641,Dr Jacqueline Anne Deen,,Biotechnology and Biological Sciences Research Council,,G8637909272,,
W4402927042,Dr Jacqueline Anne Deen,,National Cancer Institute,,G2944681526,,
W4402927042,Dr Jacqueline Anne Deen,,National Cancer Institute,,G4529452988,,
W2510674458,Dr Jacqueline Anne Deen,,European Commission,,G7009859284,"International Research Consortium on Dengue Risk Assessment, Management, and Surveillance",
W4304206148,Dr Jacqueline Anne Deen,,European Commission,,G220950478,,
W4304206148,Dr Jacqueline Anne Deen,,European Commission,,G4138267378,,
W4304206148,Dr Jacqueline Anne Deen,,Seventh Framework Programme,,G4380265947,,
W4304206148,Dr Jacqueline Anne Deen,,European Commission,,G7009859284,"International Research Consortium on Dengue Risk Assessment, Management, and Surveillance",
W4284710636,Dr Jacqueline Anne Deen,,Medical Research Council,,G2851467953,,
W4284710636,Dr Jacqueline Anne Deen,,Biotechnology and Biological Sciences Research Council,,G6091609230,Building Out Vector-borne diseases in sub-Saharan Africa: the BOVA Network,
W4284710636,Dr Jacqueline Anne Deen,,Biotechnology and Biological Sciences Research Council,,G8637909272,,
W1968023882,Dr Jacqueline Anne Deen,,Wellcome Trust,,G4241618156,Thailand Major Overseas Programme Core Grant Renewal 2010 to 2015.,
W1968023882,Dr Jacqueline Anne Deen,,Wellcome Trust,,G7765234138,Improving the treatment of malaria.,
W1968023882,Dr Jacqueline Anne Deen,,Wellcome Trust,,G8871988276,,
W4388734334,Dr Jacqueline Anne Deen,,National Institute of Allergy and Infectious Diseases,,G1636177350,,
W4388734334,Dr Jacqueline Anne Deen,,National Institutes of Health,,G5514976981,,
W4388734334,Dr Jacqueline Anne Deen,,World Health Organization,,G563662939,,
W4388734334,Dr Jacqueline Anne Deen,,National Institutes of Health,,G5650711860,,
W4388734334,Dr Jacqueline Anne Deen,,National Institute of Allergy and Infectious Diseases,,G69065714,,
W4396598944,Dr Jacqueline Anne Deen,,National Institutes of Health,,G5650711860,,
W4396598944,Dr Jacqueline Anne Deen,,National Institute of Allergy and Infectious Diseases,,G69065714,,
W7131616369,Dr Jacqueline Anne Deen,,National Institute of Allergy and Infectious Diseases,,G1636177350,,
W7131616369,Dr Jacqueline Anne Deen,,National Institutes of Health,,G5514976981,,
W7131616369,Dr Jacqueline Anne Deen,,World Health Organization,,G563662939,,
W7131616369,Dr Jacqueline Anne Deen,,National Institutes of Health,,G5650711860,,
W7131616369,Dr Jacqueline Anne Deen,,National Institute of Allergy and Infectious Diseases,,G69065714,,
W7138119925,Dr Jacqueline Anne Deen,,National Institute of Allergy and Infectious Diseases,,G949905049,,
W7165629042,Dr Jacqueline Fiona Robinson,,National Institute of General Medical Sciences,,G4933286167,,
W7165629042,Dr Jacqueline Fiona Robinson,,National Institute of General Medical Sciences,,G5998600906,,
W1998277481,Dr James Benedict Muir,,U.S. Department of Energy,,G5570696538,,
W2157192646,Dr James Benedict Muir,,National Institute of Neurological Disorders and Stroke,,G1008550385,,
W2157192646,Dr James Benedict Muir,,National Institute of Neurological Disorders and Stroke,,G1212628725,,
W2157192646,Dr James Benedict Muir,,National Institute of Neurological Disorders and Stroke,,G3818448412,,
W2157192646,Dr James Benedict Muir,,National Institute of Neurological Disorders and Stroke,,G4815614208,,
W2157192646,Dr James Benedict Muir,,National Institute of Neurological Disorders and Stroke,,G6839325145,,
W2157192646,Dr James Benedict Muir,,National Institute of Neurological Disorders and Stroke,,G7277245705,,
W2157192646,Dr James Benedict Muir,,National Institute of Neurological Disorders and Stroke,,G7408467541,,
W2157192646,Dr James Benedict Muir,,National Institute of Neurological Disorders and Stroke,,G7513995276,,
W2157192646,Dr James Benedict Muir,,National Institute of Neurological Disorders and Stroke,,G753663697,,
W2157192646,Dr James Benedict Muir,,National Institute of Neurological Disorders and Stroke,,G8909815770,,
W2410122486,Dr James Benedict Muir,,Biotechnology and Biological Sciences Research Council,,G1109140562,,
W2410122486,Dr James Benedict Muir,,Wellcome Trust,,G4877359168,,
W2410122486,Dr James Benedict Muir,,Medical Research Council,,G6924480822,,
W2410122486,Dr James Benedict Muir,,Wellcome Trust,,G6993129510,,
W2410122486,Dr James Benedict Muir,,Biotechnology and Biological Sciences Research Council,,G7218635433,,
W2410122486,Dr James Benedict Muir,,Biotechnology and Biological Sciences Research Council,,G8293074162,Regulation of glutamate transporter EAAT2 activity lateral diffusion and membrane trafficking by palmitoylation and interacting proteins,
W2042916677,Dr James Benedict Muir,,Biotechnology and Biological Sciences Research Council,,G7218635433,,
W1964347457,Dr James Benedict Muir,,Deutsche Forschungsgemeinschaft,,G5035014122,,
W1964347457,Dr James Benedict Muir,,Deutsche Forschungsgemeinschaft,,G594451655,,
W1964347457,Dr James Benedict Muir,,Deutsche Forschungsgemeinschaft,,G8976983083,,
W2100584784,Dr James Benedict Muir,,Engineering and Physical Sciences Research Council,,G1342484834,,
W2100584784,Dr James Benedict Muir,,Biotechnology and Biological Sciences Research Council,,G7218635433,,
W1966579742,Dr James Young Joon Choi,,National Institute on Aging,,G4204486094,,
W1966579742,Dr James Young Joon Choi,,National Institute on Aging,,G8781304544,,
W2056616047,Dr James Young Joon Choi,,National Institute of Neurological Disorders and Stroke,,G850494858,,
W2567050542,Dr Jane Jie Li,,National Institute of Mental Health,,G1256118098,,
W2567050542,Dr Jane Jie Li,,National Institute of Neurological Disorders and Stroke,,G3111451071,,
W2567050542,Dr Jane Jie Li,,National Institute on Drug Abuse,,G6002775221,,
W2567050542,Dr Jane Jie Li,,National Institute of Mental Health,,G6069566151,,
W2567050542,Dr Jane Jie Li,,National Eye Institute,,G678223671,,
W2567050542,Dr Jane Jie Li,,National Institute of Neurological Disorders and Stroke,,G8163053908,,
W3011209639,Dr Jane Jie Li,,National Institute of Neurological Disorders and Stroke,,G3111451071,,
W3011209639,Dr Jane Jie Li,,National Institute of Neurological Disorders and Stroke,,G4819748176,,
W3011209639,Dr Jane Jie Li,,National Institute on Drug Abuse,,G6002775221,,
W2789602614,Dr Jane Jie Li,,National Institutes of Health,,G5565654263,,
W2789602614,Dr Jane Jie Li,,National Institutes of Health,,G6172538704,,
W2789602614,Dr Jane Jie Li,,National Institute of Food and Agriculture,,G7665915956,,
W2143276862,Dr Jane Jie Li,,National Institute of Environmental Health Sciences,,G1103215938,,
W2143276862,Dr Jane Jie Li,,National Institute on Aging,,G6436824689,,
W2278169795,Dr Jane Jie Li,,National Institute on Drug Abuse,,G1212742501,,
W2278169795,Dr Jane Jie Li,,Canadian Institutes of Health Research,,G2676002619,,
W2278169795,Dr Jane Jie Li,,National Institute on Drug Abuse,,G3060170608,,
W2278169795,Dr Jane Jie Li,,National Institute on Drug Abuse,,G4537013214,,
W2278169795,Dr Jane Jie Li,,National Institute on Drug Abuse,,G4722463798,,
W2278169795,Dr Jane Jie Li,,Canadian Institutes of Health Research,,G6446341652,,
W3133976017,Dr Jane Jie Li,,Canadian Institutes of Health Research,,G4783694747,,
W2808937639,Dr Jane Jie Li,,Centers for Disease Control and Prevention,,G3325901100,,
W4221135275,Dr Jenny  Nicolopoulos,,Medical Research Council,,G4007069058,,
W4221135275,Dr Jillian  Wells,,Medical Research Council,,G4007069058,,
W4221135275,Dr Kurt Aaron Josef Gebauer,,Medical Research Council,,G4007069058,,
W2304001390,Dr Jenny  Tu,,Rural Industries Research and Development Corporation,,G2325792256,,
W2304001390,Dr Sujith Prasad Wannia Kumarasinghe,,Rural Industries Research and Development Corporation,,G2325792256,,
W4400495980,Dr Jeremy Leon Ng,,Hong Kong Government,,G3169218187,,
W4400495980,Dr Jeremy Leon Ng,,Guangdong Polytechnic Normal University,,G4646589684,,
W3098651072,Dr Jeremy Leon Ng,,University Grants Committee,,G760284600,,
W4388571802,Dr Jeremy Leon Ng,,Guangdong Polytechnic Normal University,,G4646589684,,
W3149698578,Dr Jeremy Leon Ng,,National Natural Science Foundation of China,,G7193867658,,
W4392445342,Dr Jeremy Leon Ng,,Universitas Brawijaya,,G4335885790,,
W2886584535,Dr Jeremy Leon Ng,,Ministry of Science and Technology of the People's Republic of China,,G2769408664,,
W4392445476,Dr Jeremy Leon Ng,,Universitas Brawijaya,,G207076338,,
W3046668011,Dr Jeremy Leon Ng,,Foundation for Innovative Research Groups of the National Natural Science Foundation of China,,G6599261784,,
W4214833261,Dr Jeremy Leon Ng,,University Grants Committee,,G2771671674,,
W1870255478,Dr Johannes Steffen Kern,,Deutsche Forschungsgemeinschaft,,G1048924257,,
W1870255478,Dr Johannes Steffen Kern,,Deutsche Forschungsgemeinschaft,,G2852627697,,
W1870255478,Dr Johannes Steffen Kern,,Deutsche Forschungsgemeinschaft,,G3330233254,,
W1870255478,Dr Johannes Steffen Kern,,Deutsche Forschungsgemeinschaft,,G4160472281,,
W1870255478,Dr Johannes Steffen Kern,,Deutsche Forschungsgemeinschaft,,G6763917889,,
W1870255478,Dr Johannes Steffen Kern,,Deutsche Forschungsgemeinschaft,,G7580129936,,
W2894783582,Dr Johannes Steffen Kern,,Seventh Framework Programme,,G8618453445,,
W4210837060,Dr Johannes Steffen Kern,,Bundesministerium für Bildung und Forschung,,G1067930796,,
W4210837060,Dr Johannes Steffen Kern,,Animal Free Research UK,,G1516493436,,
W4210837060,Dr Johannes Steffen Kern,,Center for Stroke Research Berlin,,G2862643571,,
W4210837060,Dr Johannes Steffen Kern,,Bundesministerium für Bildung und Forschung,,G3491341953,,
W4210837060,Dr Johannes Steffen Kern,,Deutsche Forschungsgemeinschaft,,G3809717963,,
W4210837060,Dr Johannes Steffen Kern,,Innovative Medicines Initiative,,G7223870706,,
W4210837060,Dr Johannes Steffen Kern,,Berlin Institute of Health,,G8080217511,,
W2769081873,Dr Johannes Steffen Kern,,Deutsche Forschungsgemeinschaft,,G2403418792,,
W2769081873,Dr Johannes Steffen Kern,,Deutsche Forschungsgemeinschaft,,G2587074218,,
W2769081873,Dr Johannes Steffen Kern,,Deutsche Forschungsgemeinschaft,,G532068652,,
W2769081873,Dr Johannes Steffen Kern,,Deutsche Forschungsgemeinschaft,,G553403445,,
W2769081873,Dr Johannes Steffen Kern,,Deutsche Forschungsgemeinschaft,,G5743541619,,
W2769081873,Dr Johannes Steffen Kern,,Deutsche Forschungsgemeinschaft,,G5796109052,,
W2769081873,Dr Johannes Steffen Kern,,Deutsche Forschungsgemeinschaft,,G8082641897,,
W2769081873,Dr Johannes Steffen Kern,,Deutsche Forschungsgemeinschaft,,G8460538262,,
W2769081873,Dr Johannes Steffen Kern,,Deutsche Forschungsgemeinschaft,,G8877762530,,
W4403434441,Dr Johannes Steffen Kern,,Center for Stroke Research Berlin,,G2862643571,,
W2606851967,Dr Johannes Steffen Kern,,Deutsche Forschungsgemeinschaft,,G2852627697,,
W2606851967,Dr Johannes Steffen Kern,,Deutsche Forschungsgemeinschaft,,G3028935652,,
W2116549827,Dr Johannes Steffen Kern,,Deutsche Forschungsgemeinschaft,,G5726310198,,
W2025945394,Dr Johannes Steffen Kern,,Bundesministerium für Bildung und Forschung,,G6963895654,Verbundprojekt: Stammzelltherapie für schwere hereditäre Hautfragilitätssyndrome T1: Hämatopoietische Stammzellen als Therapie bei hereditären Epidermolysen T2: Mesenchymale Stammzellen als Therapie bei hereditären Epidermolysen,
W4406456762,Dr Johannes Steffen Kern,,Chiesi Farmaceutici,,G4409398032,,
W4406456762,Dr Johannes Steffen Kern,,Chiesi Farmaceutici,,G5458142185,,
W4407145005,Dr Johannes Steffen Kern,,Deutsche Forschungsgemeinschaft,,G397508710,,
W4407145005,Dr Johannes Steffen Kern,,Deutsche Forschungsgemeinschaft,,G3984196850,SFB 1479: Onkogengetriebener Immun Escape (OncoEscape),
W4407145005,Dr Johannes Steffen Kern,,Deutsche Forschungsgemeinschaft,,G6488295463,,
W4407145005,Dr Johannes Steffen Kern,,Deutsche Forschungsgemeinschaft,,G8555492121,,
W7117246509,Dr Johannes Steffen Kern,,National Health and Medical Research Council,,G1232673568,A molecular investigation into T cell antigen receptor function and dysfunction in humans,
W7117246509,Dr Johannes Steffen Kern,,National Psoriasis Foundation,,G3083581342,,
W7117246509,Dr Johannes Steffen Kern,,Australian Research Council,,G3918382311,Understanding cytokine-modulated antigen processing and presentation,
W7117246509,Dr Johannes Steffen Kern,,National Health and Medical Research Council,,G4215308255,,
W7117246509,Dr Johannes Steffen Kern,,Rebecca L. Cooper Medical Research Foundation,,G4588988750,,
W7117246509,Dr Johannes Steffen Kern,,National Psoriasis Foundation,,G6354981956,,
W7117246509,Dr Johannes Steffen Kern,,National Health and Medical Research Council,,G8807883217,,
W2759328121,Dr Johannes Steffen Kern,,Deutsche Forschungsgemeinschaft,,G2086715192,,
W2759328121,Dr Johannes Steffen Kern,,Deutsche Forschungsgemeinschaft,,G2792541082,,
W2759328121,Dr Johannes Steffen Kern,,Deutsche Forschungsgemeinschaft,,G5569581666,,
W2077465551,Dr Johannes Steffen Kern,,European Research Council,,G1001624191,,
W2077465551,Dr Johannes Steffen Kern,,Deutsche Forschungsgemeinschaft,,G1432495169,,
W2077465551,Dr Johannes Steffen Kern,,European Research Council,,G2963653789,,
W2077465551,Dr Johannes Steffen Kern,,European Commission,,G7446906522,,
W2971219543,Dr Johannes Steffen Kern,,Universität zu Lübeck,,G2688498796,,
W2971219543,Dr Johannes Steffen Kern,,Deutsche Forschungsgemeinschaft,,G3129451782,,
W2971219543,Dr Johannes Steffen Kern,,Deutsche Forschungsgemeinschaft,,G3595851947,,
W2971219543,Dr Johannes Steffen Kern,,Deutsche Forschungsgemeinschaft,,G3620370544,EXC 2167: Präzisionsmedizin für Chronische Entzündungserkrankungen (PMI),
W2971219543,Dr Johannes Steffen Kern,,Deutsche Forschungsgemeinschaft,,G4890084457,,
W2971219543,Dr Johannes Steffen Kern,,Deutsche Forschungsgemeinschaft,,G526780330,,
W2971219543,Dr Johannes Steffen Kern,,Deutsche Forschungsgemeinschaft,,G5360187747,,
W2971219543,Dr Johannes Steffen Kern,,Deutsche Forschungsgemeinschaft,,G8697115404,,
W4292103613,Dr Johannes Steffen Kern,,National Institute of Allergy and Infectious Diseases,,G1168136941,,
W4292103613,Dr Johannes Steffen Kern,,National Institutes of Health,,G1331379728,,
W4292103613,Dr Johannes Steffen Kern,,National Institutes of Health,,G149391761,,
W4292103613,Dr Johannes Steffen Kern,,National Institute of Arthritis and Musculoskeletal and Skin Diseases,,G1991070941,,
W4292103613,Dr Johannes Steffen Kern,,National Health and Medical Research Council,,G2508017656,,
W4292103613,Dr Johannes Steffen Kern,,National Health and Medical Research Council,,G265873141,,
W4292103613,Dr Johannes Steffen Kern,,National Human Genome Research Institute,,G2674209210,,
W4292103613,Dr Johannes Steffen Kern,,National Institute of Allergy and Infectious Diseases,,G4008171572,,
W4292103613,Dr Johannes Steffen Kern,,National Institutes of Health,,G4297129251,,
W4292103613,Dr Johannes Steffen Kern,,National Institutes of Health,,G6416709227,,
W4292103613,Dr Johannes Steffen Kern,,National Institute of Mental Health,,G6481613747,,
W4292103613,Dr Johannes Steffen Kern,,National Health and Medical Research Council,,G6771029017,,
W4292103613,Dr Johannes Steffen Kern,,National Institute of Allergy and Infectious Diseases,,G8471078905,,
W4292103613,Dr Johannes Steffen Kern,,National Institutes of Health,,G8641407787,,
W2890835093,Dr Johannes Steffen Kern,,Deutsche Forschungsgemeinschaft,,G1099999616,,
W2890835093,Dr Johannes Steffen Kern,,Deutsche Forschungsgemeinschaft,,G4243924391,,
W4414767628,Dr Johannes Steffen Kern,,Deutsche Forschungsgemeinschaft,,G2554621037,,
W4414767628,Dr Johannes Steffen Kern,,Schleswig-Holstein,,G3511466760,,
W4414767628,Dr Johannes Steffen Kern,,"Center for Research Computing, University of Pittsburgh",,G4794844153,,
W4414767628,Dr Johannes Steffen Kern,,Deutsche Forschungsgemeinschaft,,G7111322254,,
W4414767628,Dr Johannes Steffen Kern,,Deutsche Forschungsgemeinschaft,,G7548362979,,
W4410052917,Dr Johannes Steffen Kern,,National Health and Medical Research Council,,G1232673568,A molecular investigation into T cell antigen receptor function and dysfunction in humans,
W4410052917,Dr Johannes Steffen Kern,,National Psoriasis Foundation,,G6354981956,,
W4410052917,Dr Johannes Steffen Kern,,National Health and Medical Research Council,,G8807883217,,
W4412983156,Dr Johannes Steffen Kern,,National Institutes of Health,,G1331379728,,
W4412983156,Dr Johannes Steffen Kern,,National Institutes of Health,,G149391761,,
W4412983156,Dr Johannes Steffen Kern,,National Institutes of Health,,G1527601843,,
W4412983156,Dr Johannes Steffen Kern,,National Institutes of Health,,G4297129251,,
W4412983156,Dr Johannes Steffen Kern,,National Institutes of Health,,G6416709227,,
W4412983156,Dr Johannes Steffen Kern,,National Institutes of Health,,G8641407787,,
W3093384529,Dr John Walter Frew,,LEO Fondet,,G4504152670,,
W3127585790,Dr John Walter Frew,,National Institute of General Medical Sciences,,G5674810422,,
W3127585790,Dr John Walter Frew,,National Center for Advancing Translational Sciences,,G8107562877,,
W3025940150,Dr John Walter Frew,,National Institute of General Medical Sciences,,G5674810422,,
W3025940150,Dr John Walter Frew,,National Cancer Institute,,G602595109,,
W3025940150,Dr John Walter Frew,,National Center for Advancing Translational Sciences,,G8107562877,,
W2903701671,Dr John Walter Frew,,Georgia Clinical and Translational Science Alliance,,G112449207,,
W2903701671,Dr John Walter Frew,,National Center for Advancing Translational Sciences,,G6720789042,,
W2903701671,Dr John Walter Frew,,National Center for Advancing Translational Sciences,,G6831245522,,
W2903701671,Dr John Walter Frew,,National Center for Advancing Translational Sciences,,G8107562877,,
W2903701671,Dr John Walter Frew,,National Institutes of Health,,G8275200340,,
W2903701671,Dr John Walter Frew,,National Institutes of Health,,G8619992402,,
W2918680931,Dr John Walter Frew,,National Center for Advancing Translational Sciences,,G674737269,,
W2918680931,Dr John Walter Frew,,National Institutes of Health,,G6898494743,,
W2918680931,Dr John Walter Frew,,National Institutes of Health,,G7763981079,,
W2918680931,Dr John Walter Frew,,National Center for Advancing Translational Sciences,,G8107562877,,
W3084437562,Dr John Walter Frew,,Bundesministerium für Bildung und Forschung,,G3921939942,,
W3163978266,Dr John Walter Frew,,LEO Fondet,,G4504152670,,
W3139458741,Dr John Walter Frew,,National Institute of General Medical Sciences,,G2695487608,,
W3139458741,Dr John Walter Frew,,National Institute of General Medical Sciences,,G3981261488,,
W3139458741,Dr John Walter Frew,,National Institute of General Medical Sciences,,G5674810422,,
W3139458741,Dr John Walter Frew,,National Center for Advancing Translational Sciences,,G8107562877,,
W4205679968,Dr John Walter Frew,,National Institute of Arthritis and Musculoskeletal and Skin Diseases,,G1736302042,,
W3135490714,Dr John Walter Frew,,Georgia Clinical and Translational Science Alliance,,G1081575241,,
W3135490714,Dr John Walter Frew,,National Center for Advancing Translational Sciences,,G4906924687,,
W3135490714,Dr John Walter Frew,,National Center for Advancing Translational Sciences,,G5479771300,,
W3135490714,Dr John Walter Frew,,National Institutes of Health,,G6190180749,,
W3135490714,Dr John Walter Frew,,Pennsylvania State University,,G7184555466,,
W3135490714,Dr John Walter Frew,,National Institutes of Health,,G7544350372,,
W4213036339,Dr John Walter Frew,,National Institute of General Medical Sciences,,G2695487608,,
W4213036339,Dr John Walter Frew,,National Institute of General Medical Sciences,,G5674810422,,
W4213036339,Dr John Walter Frew,,National Center for Advancing Translational Sciences,,G6831245522,,
W4213036339,Dr John Walter Frew,,National Center for Advancing Translational Sciences,,G8107562877,,
W3193189414,Dr John Walter Frew,,National Institute of General Medical Sciences,,G5674810422,,
W3193189414,Dr John Walter Frew,,National Center for Advancing Translational Sciences,,G8107562877,,
W3178553825,Dr John Walter Frew,,National Center for Advancing Translational Sciences,,G2430981480,,
W3178553825,Dr John Walter Frew,,National Institute of General Medical Sciences,,G2695487608,,
W3038732999,Dr John Walter Frew,,National Center for Advancing Translational Sciences,,G4158201920,,
W3038732999,Dr John Walter Frew,,National Institute of General Medical Sciences,,G5674810422,,
W3038732999,Dr John Walter Frew,,National Center for Advancing Translational Sciences,,G8107562877,,
W3164825399,Dr John Walter Frew,,National Institute of General Medical Sciences,,G5674810422,,
W4396496505,Dr John Walter Frew,,National Institute of General Medical Sciences,,G2695487608,,
W4396496505,Dr John Walter Frew,,Weill Cornell Medical College,,G3376477779,,
W4396496505,Dr John Walter Frew,,National Institute of General Medical Sciences,,G5674810422,,
W4396496505,Dr John Walter Frew,,National Institutes of Health,,G596359402,,
W4410705467,Dr John Walter Frew,,Novartis Pharmaceuticals Corporation,,G200894337,,
W4410705467,Dr John Walter Frew,,National Institute of Arthritis and Musculoskeletal and Skin Diseases,,G2404656734,,
W4410705467,Dr John Walter Frew,,National Institute of Arthritis and Musculoskeletal and Skin Diseases,,G4049759394,,
W4410705467,Dr John Walter Frew,,LEO Fondet,,G4945071101,,
W4410705467,Dr John Walter Frew,,National Institutes of Health,,G6349302465,,
W4410705467,Dr John Walter Frew,,National Institutes of Health,,G8325056145,,
W2947352805,Dr John Walter Frew,,National Institute of General Medical Sciences,,G2695487608,,
W2947352805,Dr John Walter Frew,,National Institute of General Medical Sciences,,G5674810422,,
W2947352805,Dr John Walter Frew,,National Center for Advancing Translational Sciences,,G8107562877,,
W2998567132,Dr John Walter Frew,,National Institute of General Medical Sciences,,G5674810422,,
W2998567132,Dr John Walter Frew,,National Center for Advancing Translational Sciences,,G8107562877,,
W2912119260,Dr John Walter Frew,,National Center for Advancing Translational Sciences,,G8107562877,,
W3036495900,Dr John Walter Frew,,National Institute of General Medical Sciences,,G2695487608,,
W3036495900,Dr John Walter Frew,,National Center for Advancing Translational Sciences,,G4158201920,,
W3036495900,Dr John Walter Frew,,National Institute of General Medical Sciences,,G5674810422,,
W2977229878,Dr John Walter Frew,,National Institute of General Medical Sciences,,G2695487608,,
W2977229878,Dr John Walter Frew,,National Institute of General Medical Sciences,,G5674810422,,
W2977229878,Dr John Walter Frew,,National Center for Advancing Translational Sciences,,G8107562877,,
W2954357071,Dr John Walter Frew,,National Institute of Arthritis and Musculoskeletal and Skin Diseases,,G1736302042,,
W3039504105,Dr John Walter Frew,,National Center for Advancing Translational Sciences,,G4158201920,,
W3039504105,Dr John Walter Frew,,National Institute of General Medical Sciences,,G5674810422,,
W3039504105,Dr John Walter Frew,,National Center for Advancing Translational Sciences,,G8107562877,,
W3010445923,Dr John Walter Frew,,National Institute of General Medical Sciences,,G5674810422,,
W3010445923,Dr John Walter Frew,,National Center for Advancing Translational Sciences,,G8107562877,,
W2983843891,Dr John Walter Frew,,National Institute of General Medical Sciences,,G5674810422,,
W2983843891,Dr John Walter Frew,,National Institutes of Health,,G596359402,,
W2983843891,Dr John Walter Frew,,National Center for Advancing Translational Sciences,,G8107562877,,
W3087112323,Dr John Walter Frew,,National Institute of General Medical Sciences,,G2695487608,,
W3087112323,Dr John Walter Frew,,National Center for Advancing Translational Sciences,,G4158201920,,
W2905313728,Dr John Walter Frew,,Georgia Clinical and Translational Science Alliance,,G112449207,,
W2905313728,Dr John Walter Frew,,National Center for Advancing Translational Sciences,,G6720789042,,
W2905313728,Dr John Walter Frew,,National Center for Advancing Translational Sciences,,G6831245522,,
W2905313728,Dr John Walter Frew,,National Center for Advancing Translational Sciences,,G8107562877,,
W2905313728,Dr John Walter Frew,,National Institutes of Health,,G8275200340,,
W2905313728,Dr John Walter Frew,,National Institutes of Health,,G8619992402,,
W2902865996,Dr John Walter Frew,,National Institute of Arthritis and Musculoskeletal and Skin Diseases,,G8880246294,,
W3174041955,Dr John Walter Frew,,Georgia Clinical and Translational Science Alliance,,G112449207,,
W3174041955,Dr John Walter Frew,,National Center for Advancing Translational Sciences,,G6720789042,,
W3174041955,Dr John Walter Frew,,National Center for Advancing Translational Sciences,,G8107562877,,
W3174041955,Dr John Walter Frew,,National Institutes of Health,,G8275200340,,
W3174041955,Dr John Walter Frew,,National Institutes of Health,,G8619992402,,
W4407899227,Dr John Walter Frew,,National Institute of Arthritis and Musculoskeletal and Skin Diseases,,G7800825969,,
W4407899227,Dr John Walter Frew,,National Institute of Arthritis and Musculoskeletal and Skin Diseases,,G919750906,,
W2921465279,Dr John Walter Frew,,Georgia Clinical and Translational Science Alliance,,G112449207,,
W2921465279,Dr John Walter Frew,,National Center for Advancing Translational Sciences,,G6720789042,,
W2921465279,Dr John Walter Frew,,National Center for Advancing Translational Sciences,,G8107562877,,
W2921465279,Dr John Walter Frew,,National Institutes of Health,,G8275200340,,
W2921465279,Dr John Walter Frew,,National Institutes of Health,,G8619992402,,
W2979605572,Dr John Walter Frew,,National Institute of General Medical Sciences,,G5674810422,,
W2979605572,Dr John Walter Frew,,National Institutes of Health,,G596359402,,
W2979605572,Dr John Walter Frew,,National Center for Advancing Translational Sciences,,G8107562877,,
W3037008267,Dr John Walter Frew,,National Institute of Arthritis and Musculoskeletal and Skin Diseases,,G1736302042,,
W3037008267,Dr John Walter Frew,,National Institutes of Health,,G3075011418,,
W3037008267,Dr John Walter Frew,,National Institute of Arthritis and Musculoskeletal and Skin Diseases,,G4564402373,,
W3091647130,Dr John Walter Frew,,National Institute of General Medical Sciences,,G2695487608,,
W3091647130,Dr John Walter Frew,,National Center for Advancing Translational Sciences,,G8107562877,,
W3095571433,Dr John Walter Frew,,National Cancer Institute,,G275004911,,
W3095571433,Dr John Walter Frew,,National Institutes of Health,,G6898494743,,
W3095571433,Dr John Walter Frew,,National Center for Advancing Translational Sciences,,G8107562877,,
W2969440303,Dr John Walter Frew,,National Institutes of Health,,G2764058460,,
W2969440303,Dr John Walter Frew,,National Institute of Arthritis and Musculoskeletal and Skin Diseases,,G4695570483,,
W2969440303,Dr John Walter Frew,,National Institute of Arthritis and Musculoskeletal and Skin Diseases,,G6088073265,,
W2969440303,Dr John Walter Frew,,National Institute of Arthritis and Musculoskeletal and Skin Diseases,,G7952112274,,
W3201603123,Dr John Walter Frew,,National Institute of Arthritis and Musculoskeletal and Skin Diseases,,G1736302042,,
W3201603123,Dr John Walter Frew,,National Institutes of Health,,G3075011418,,
W3201603123,Dr John Walter Frew,,National Institute of Arthritis and Musculoskeletal and Skin Diseases,,G4564402373,,
W2916693080,Dr John Walter Frew,,Georgia Clinical and Translational Science Alliance,,G112449207,,
W2916693080,Dr John Walter Frew,,National Center for Advancing Translational Sciences,,G6720789042,,
W2916693080,Dr John Walter Frew,,National Center for Advancing Translational Sciences,,G8107562877,,
W2916693080,Dr John Walter Frew,,National Institutes of Health,,G8275200340,,
W2916693080,Dr John Walter Frew,,National Institutes of Health,,G8619992402,,
W3185267047,Dr John Walter Frew,,National Institute of General Medical Sciences,,G2695487608,,
W3185267047,Dr John Walter Frew,,National Institute of General Medical Sciences,,G5674810422,,
W3185267047,Dr John Walter Frew,,National Center for Advancing Translational Sciences,,G8107562877,,
W2901753983,Dr John Walter Frew,,National Center for Advancing Translational Sciences,,G8107562877,,
W3014630221,Dr John Walter Frew,,National Center for Advancing Translational Sciences,,G8107562877,,
W4387214289,Dr John Walter Frew,,National Institute of General Medical Sciences,,G2695487608,,
W4387214289,Dr John Walter Frew,,Weill Cornell Medical College,,G3376477779,,
W4387214289,Dr John Walter Frew,,National Cancer Institute,,G4663426322,,
W4387214289,Dr John Walter Frew,,National Cancer Institute,,G5247489779,,
W4387214289,Dr John Walter Frew,,National Institute of General Medical Sciences,,G5674810422,,
W4387214289,Dr John Walter Frew,,National Institutes of Health,,G596359402,,
W4387214289,Dr John Walter Frew,,National Cancer Institute,,G602595109,,
W4387214289,Dr John Walter Frew,,National Center for Advancing Translational Sciences,,G6720789042,,
W4387214289,Dr John Walter Frew,,National Center for Advancing Translational Sciences,,G8107562877,,
W4387214289,Dr John Walter Frew,,National Institutes of Health,,G8275200340,,
W4387214289,Dr John Walter Frew,,National Institutes of Health,,G8619992402,,
W3023064917,Dr John Walter Frew,,National Center for Advancing Translational Sciences,,G8107562877,,
W2900705851,Dr John Walter Frew,,National Center for Advancing Translational Sciences,,G1316185820,,
W2900705851,Dr John Walter Frew,,National Center for Advancing Translational Sciences,,G8107562877,,
W2921596001,Dr John Walter Frew,,National Center for Advancing Translational Sciences,,G8107562877,,
W2932327162,Dr John Walter Frew,,National Center for Advancing Translational Sciences,,G8107562877,,
W4399760013,Dr John Walter Frew,,National Institute of Arthritis and Musculoskeletal and Skin Diseases,,G1736302042,,
W4399760013,Dr John Walter Frew,,National Institutes of Health,,G3075011418,,
W4399760013,Dr John Walter Frew,,National Institutes of Health,,G3911899422,,
W4399760013,Dr John Walter Frew,,National Institutes of Health,,G4501298510,,
W7161958135,Dr John Walter Frew,,National Health and Medical Research Council,,G1455878155,Bring out your dead - how does defective apoptotic cell clearance by tingible body macrophages lead to the activation of self-reactive B cells in SLE?,
W7161958135,Dr John Walter Frew,,National Health and Medical Research Council,,G3896097270,Melanoma: Getting the Diagnosis and Treatment Right for Better Patient Outcomes,
W7161958135,Dr John Walter Frew,,National Health and Medical Research Council,,G5203548324,,
W7161958135,Dr John Walter Frew,,National Health and Medical Research Council,,G660071325,,
W7161958135,Dr John Walter Frew,,National Health and Medical Research Council,,G6744769484,"Targeting B cell dynamics in immunity, autoimmunity and cancer",
W7161958135,Dr John Walter Frew,,National Health and Medical Research Council,,G7025480278,A new strategy to transform classification and treatment of autoimmune diseases,
W7161958135,Dr John Walter Frew,,National Health and Medical Research Council,,G7311333252,,
W7161958135,Dr John Walter Frew,,Australian Research Council,,G7949018757,Why do neutrophils swarm?,
W7161958135,Dr John Walter Frew,,Japan Society for the Promotion of Science,,G7967251568,,
W7161958135,Dr John Walter Frew,,National Health and Medical Research Council,,G815174520,,
W1986991528,Dr John Walter Frew,,Cancer Research UK,,G2370672366,,
W3028001300,Dr John Walter Frew,,National Institute of Arthritis and Musculoskeletal and Skin Diseases,,G1736302042,,
W4399148866,Dr John Walter Frew,,National Institute of Arthritis and Musculoskeletal and Skin Diseases,,G2404656734,,
W4399148866,Dr John Walter Frew,,National Institute of Arthritis and Musculoskeletal and Skin Diseases,,G4049759394,,
W4399148866,Dr John Walter Frew,,National Institute of Arthritis and Musculoskeletal and Skin Diseases,,G8054335060,,
W2915410713,Dr John Walter Frew,,National Center for Advancing Translational Sciences,,G8107562877,,
W4210390349,Dr John Walter Frew,,Rockefeller University,,G1745314628,,
W4210390349,Dr John Walter Frew,,Rockefeller University,,G809635722,,
W2979039294,Dr John Walter Frew,,National Institute of General Medical Sciences,,G5674810422,,
W2979039294,Dr John Walter Frew,,National Center for Advancing Translational Sciences,,G8107562877,,
W7121028577,Dr John Walter Frew,,Oak Foundation,,G3623453132,,
W4388700093,Dr Jonathan Chun Hong Ng,,Fusion Energy Sciences,,G3330888142,,
W4388700093,Dr Jonathan Chun Hong Ng,,National Aeronautics and Space Administration,,G3377576739,,
W4388700093,Dr Jonathan Chun Hong Ng,,National Aeronautics and Space Administration,,G726315075,,
W4388700093,Dr Jonathan Chun Hong Ng,,U.S. Department of Energy,,G7960552259,,
W3080925716,Dr Jonathan Chun Hong Ng,,U.S. Department of Energy,,G2068646913,,
W3080925716,Dr Jonathan Chun Hong Ng,,National Science Foundation,,G2438538179,,
W3080925716,Dr Jonathan Chun Hong Ng,,National Science Foundation,,G4608729152,Collaborative Research:  Integration of Extended Magnetohydrodynamic (MHD) and Kinetic Effects in Global Magnetosphere Models,
W3080925716,Dr Jonathan Chun Hong Ng,,U.S. Department of Energy,,G4896746546,,
W3080925716,Dr Jonathan Chun Hong Ng,,National Science Foundation,,G586700770,,
W3080925716,Dr Jonathan Chun Hong Ng,,U.S. Department of Energy,,G6558272803,,
W3080925716,Dr Jonathan Chun Hong Ng,,U.S. Department of Energy,,G8799423918,,
W3080925716,Dr Jonathan Chun Hong Ng,,U.S. Department of Energy,,G969889393,,
W3041725377,Dr Jonathan Chun Hong Ng,,National Aeronautics and Space Administration,,G2943129960,UNDERSTANDING INTERCONNECTIONS AMONG VARIOUS PLASMA REGIONS OF THE COMPLEX SUN-EARTH SYSTEM IS CRITICALLY IMPORTANT TO THE UNDERSTANDING OF OUR SPACE PLASMA ENVIRONMENT. THE EARTH S PLASMA SHEET SERVES AS A RESERVOIR OF PLASMA POPULATIONS THAT ARE THE SOURCE OF THE INNER MAGNETOSPHERIC ENVIRONMENT. OBSERVATIONS INDICATE THAT FAST INTERMITTENT FLOWS ARE A PRIMARY MODE OF TRANSPORT IN THE PLASMA SHEET  IN WHICH ION KINETIC PHYSICS PLAYS IMPORTANT ROLES  BUT THE MANNER IN WHICH THOSE PLASMA SHEET POPULATIONS ARE ENERGIZED AND TRANSPORTED IS NOT FULLY UNDERSTOOD. PLASMA EARTHWARD TRANSPORT AND INSTABILITIES HAPPENING IN THE TAIL HAVE DIRECT EFFECTS ON THE RING CURRENT AND THE RADIATION BELTS. THE PROPOSED INVESTIGATION WILL ADDRESS THE KEY ISSUES REGARDING THE INTERACTION BETWEEN THE EARTH S INNER AND OUTER MAGNETOSPHERIC REGIONS ASSOCIATED WITH THE TAIL FAST FLOWS.,
W3041725377,Dr Jonathan Chun Hong Ng,,National Science Foundation,,G3837411109,,
W3041725377,Dr Jonathan Chun Hong Ng,,National Science Foundation,,G5078600987,,
W3041725377,Dr Jonathan Chun Hong Ng,,National Science Foundation,,G5154030888,,
W3041725377,Dr Jonathan Chun Hong Ng,,National Aeronautics and Space Administration,,G5537291767,MAGNETIC RECONNECTION IS AN IMPORTANT PROCESS IN PLASMA PHYSICS  WHERE SIGNIFICANT ELECTROMAGNETIC FIELD ENERGY IS DISSIPATED TO ENERGIZE PLASMAS. IN PARTICULAR  THE ION THERMAL ENERGY IS SHOWN TO BE THE DOMINANT FORM TO DISSIPATE STORED MAGNETIC ENERGIES. THE CURRENT UNDERSTANDING OF ION HEATING IS MAINLY BASED ON THE INCREASE OF EFFECTIVE TEMPERATURES IN SIMPLIFIED OR 2D LAMINAR RECONNECTION STRUCTURES. THE ACTUAL PROCESS OF ION HEATING FROM THE RECONNECTION INFLOW TO OUTFLOW REGIONS REMAINS AN IMPORTANT OPEN QUESTION PRIMARILY DUE TO THE LACK OF DISTRIBUTION FUNCTION MEASUREMENTS THAT CAN RESOLVE THE EVOLUTION OF ALL POPULATIONS. THE HIGH RESOLUTION PARTICLE MEASUREMENTS BY MMS WILL ENABLE SIGNIFICANT PROGRESS ON THE ION HEATING PROBLEM. WE PROPOSE TO INVESTIGATE ION HEATING IN THE DIFFUSION REGION AND COMPARE IT WITH THE HEATING IN THE FAR EXHAUST. THE OBJECTIVES INCLUDE DETERMINING (1) HEATING OF INDIVIDUAL POPULATIONS IN STRUCTURED DISTRIBUTIONS BY (A) SPATIAL GRADIENTS OF MAGNETIC AND ELECTRIC FIELDS  AND (B) WAVES; (2) EFFECTS OF 3D CURRENT SHEET DYNAMICS  SUCH AS CURRENT SHEET RIPPLING  ON HEATING; (3) HEATING DUE TO ACCELERATION AND THERMALIZATION DURING THE MEANDERING MOTION IN RECONNECTING CURRENT SHEETS. THE PROPOSED STUDY WILL BE BASED ON ANALYSIS OF MMS DATA. THE MMS PHASE 2B DATA (5/4/2017-8/31/2017) WILL BE USED FOR THE PROPOSED RESEARCH. A PRELIMINARY DATABASE OF MORE THAN 70 RECONNECTION EVENTS HAS BEEN CREATED TO ENSURE CLOSURE OF THE PROPOSED PROJECT. THE HEATING PROCESS WILL BE INVESTIGATED BY EXAMINING THE DISTRIBUTION EVOLUTION ALONG WITH THE STRUCTURES OF ELECTRIC AND MAGNETIC FIELDS AND WAVES. WE WILL QUANTIFY THE AMOUNT OF HEATING BY EXTRACTING THE TEMPERATURES OF INDIVIDUAL POPULATIONS. WE WILL CALCULATE GRADIENT SCALES OF ELECTRIC AND MAGNETIC FIELDS  ANALYZE WAVE-PARTICLE INTERACTION  AND USE ELECTRON AND ELECTROMAGNETIC FIELD DATA IN CONJUNCTION WITH THE ION DISTRIBUTIONS TO INFER THE RECONNECTION STRUCTURE (E.G.  SUB-REGIONS) AND 3D CURRENT SHEET ORIENTATIONS. WE WILL STUDY THE ION HEATING IN SIMULATIONS BY ANALYZING DISTRIBUTIONS AND PERFORMING TEST-PARTICLE ANALYSIS TO GUIDE THE INTERPRETATIONS OF MMS OBSERVATIONS. THE PROPOSED RESEARCH IS EXPECTED TO ADVANCE KNOWLEDGE OF MAGNETIC RECONNECTION  ION ENERGIZATION IN PARTICULAR  WHICH IS DIRECTLY RELEVANT TO THE PRIMARY SCIENCE GOAL OF MMS. THE STUDY IS HIGHLY RELEVANT TO THE DECADAL SURVEY GOALS AS IT HELPS UNDERSTAND RECONNECTION (1) AS A FUNDAMENTAL PROCESS THAT OCCURS THROUGHOUT THE UNIVERSE  AND (2) AS A KEY PROCESS THAT AFFECTS THE COUPLING BETWEEN THE SOLAR WIND AND THE EARTHS MAGNETOSPHERE AND IONOSPHERE.,
W3041725377,Dr Jonathan Chun Hong Ng,,National Science Foundation,,G7830633513,Collaborative Research:  Integration of Extended Magnetohydrodynamic (MHD) and Kinetic Effects in Global Magnetosphere Models,
W3041725377,Dr Jonathan Chun Hong Ng,,U.S. Department of Energy,,G881874190,KINETIC CHARACTERIZATION OF 3D MAGNETIC RECONNECTION: A TRANSFORMATIVE STEP,
W2070776994,Dr Jonathan Chun Hong Ng,,National Aeronautics and Space Administration,,G2812353566,MAGNETIC RECONNECTION ALLOWS AN OFTEN VIOLENT RECONFIGURATION OF MAGNETIC FIELD LINES WITHIN SPACE AND LABORATORY PLASMA. IT DRIVES DIVERSE PHENOMENA,
W2070776994,Dr Jonathan Chun Hong Ng,,National Science Foundation,,G3298630875,CAREER: Three-Dimensional Onset and Evolution of Spontaneous Reconnection,
W2072738361,Dr Jonathan Chun Hong Ng,,National Science Foundation,,G2344101461,Collaborative Research: Enabling Breakthrough Kinetic Simulations of the Magnetosphere via Multi-zone Petascale Computing,
W2072738361,Dr Jonathan Chun Hong Ng,,National Aeronautics and Space Administration,,G2614556162,,
W2072738361,Dr Jonathan Chun Hong Ng,,National Aeronautics and Space Administration,,G2812353566,MAGNETIC RECONNECTION ALLOWS AN OFTEN VIOLENT RECONFIGURATION OF MAGNETIC FIELD LINES WITHIN SPACE AND LABORATORY PLASMA. IT DRIVES DIVERSE PHENOMENA,
W2072738361,Dr Jonathan Chun Hong Ng,,National Aeronautics and Space Administration,,G3949259107,"RECENT DEMONSTRATION STUDIES HAVE SHOWN THAT THE ELECTRON DIFFUSION REGION EDR CAN BE RESOLVED USING 3D PLASMA, AND 3D ELECTRIC AND MAGNETIC FIELD DA",
W2072738361,Dr Jonathan Chun Hong Ng,,National Science Foundation,,G4401489333,Understanding of Magnetopause Reconnection Through Recent Advances in Observations and Simulations,
W2417081368,Dr Jonathan Chun Hong Ng,,National Science Foundation,,G2438538179,,
W2417081368,Dr Jonathan Chun Hong Ng,,National Nuclear Security Administration,,G2613504715,,
W2417081368,Dr Jonathan Chun Hong Ng,,U.S. Department of Energy,,G359075050,,
W2417081368,Dr Jonathan Chun Hong Ng,,Los Alamos National Laboratory,,G3700687868,,
W2417081368,Dr Jonathan Chun Hong Ng,,National Science Foundation,,G4608729152,Collaborative Research:  Integration of Extended Magnetohydrodynamic (MHD) and Kinetic Effects in Global Magnetosphere Models,
W2417081368,Dr Jonathan Chun Hong Ng,,National Science Foundation,,G5083158263,,
W2417081368,Dr Jonathan Chun Hong Ng,,U.S. Department of Energy,,G5657628048,,
W2417081368,Dr Jonathan Chun Hong Ng,,Los Alamos National Laboratory,,G75892134,,
W3111454109,Dr Jonathan Chun Hong Ng,,Goddard Space Flight Center,,G1972032285,,
W3111454109,Dr Jonathan Chun Hong Ng,,National Science Foundation,,G2211295890,Generation and Evolution of Magnetic Pulsations in the Terrestrial Foreshock Region,
W3111454109,Dr Jonathan Chun Hong Ng,,National Science Foundation,,G3837411109,,
W3111454109,Dr Jonathan Chun Hong Ng,,National Science Foundation,,G5078600987,,
W3111454109,Dr Jonathan Chun Hong Ng,,National Aeronautics and Space Administration,,G5537291767,MAGNETIC RECONNECTION IS AN IMPORTANT PROCESS IN PLASMA PHYSICS  WHERE SIGNIFICANT ELECTROMAGNETIC FIELD ENERGY IS DISSIPATED TO ENERGIZE PLASMAS. IN PARTICULAR  THE ION THERMAL ENERGY IS SHOWN TO BE THE DOMINANT FORM TO DISSIPATE STORED MAGNETIC ENERGIES. THE CURRENT UNDERSTANDING OF ION HEATING IS MAINLY BASED ON THE INCREASE OF EFFECTIVE TEMPERATURES IN SIMPLIFIED OR 2D LAMINAR RECONNECTION STRUCTURES. THE ACTUAL PROCESS OF ION HEATING FROM THE RECONNECTION INFLOW TO OUTFLOW REGIONS REMAINS AN IMPORTANT OPEN QUESTION PRIMARILY DUE TO THE LACK OF DISTRIBUTION FUNCTION MEASUREMENTS THAT CAN RESOLVE THE EVOLUTION OF ALL POPULATIONS. THE HIGH RESOLUTION PARTICLE MEASUREMENTS BY MMS WILL ENABLE SIGNIFICANT PROGRESS ON THE ION HEATING PROBLEM. WE PROPOSE TO INVESTIGATE ION HEATING IN THE DIFFUSION REGION AND COMPARE IT WITH THE HEATING IN THE FAR EXHAUST. THE OBJECTIVES INCLUDE DETERMINING (1) HEATING OF INDIVIDUAL POPULATIONS IN STRUCTURED DISTRIBUTIONS BY (A) SPATIAL GRADIENTS OF MAGNETIC AND ELECTRIC FIELDS  AND (B) WAVES; (2) EFFECTS OF 3D CURRENT SHEET DYNAMICS  SUCH AS CURRENT SHEET RIPPLING  ON HEATING; (3) HEATING DUE TO ACCELERATION AND THERMALIZATION DURING THE MEANDERING MOTION IN RECONNECTING CURRENT SHEETS. THE PROPOSED STUDY WILL BE BASED ON ANALYSIS OF MMS DATA. THE MMS PHASE 2B DATA (5/4/2017-8/31/2017) WILL BE USED FOR THE PROPOSED RESEARCH. A PRELIMINARY DATABASE OF MORE THAN 70 RECONNECTION EVENTS HAS BEEN CREATED TO ENSURE CLOSURE OF THE PROPOSED PROJECT. THE HEATING PROCESS WILL BE INVESTIGATED BY EXAMINING THE DISTRIBUTION EVOLUTION ALONG WITH THE STRUCTURES OF ELECTRIC AND MAGNETIC FIELDS AND WAVES. WE WILL QUANTIFY THE AMOUNT OF HEATING BY EXTRACTING THE TEMPERATURES OF INDIVIDUAL POPULATIONS. WE WILL CALCULATE GRADIENT SCALES OF ELECTRIC AND MAGNETIC FIELDS  ANALYZE WAVE-PARTICLE INTERACTION  AND USE ELECTRON AND ELECTROMAGNETIC FIELD DATA IN CONJUNCTION WITH THE ION DISTRIBUTIONS TO INFER THE RECONNECTION STRUCTURE (E.G.  SUB-REGIONS) AND 3D CURRENT SHEET ORIENTATIONS. WE WILL STUDY THE ION HEATING IN SIMULATIONS BY ANALYZING DISTRIBUTIONS AND PERFORMING TEST-PARTICLE ANALYSIS TO GUIDE THE INTERPRETATIONS OF MMS OBSERVATIONS. THE PROPOSED RESEARCH IS EXPECTED TO ADVANCE KNOWLEDGE OF MAGNETIC RECONNECTION  ION ENERGIZATION IN PARTICULAR  WHICH IS DIRECTLY RELEVANT TO THE PRIMARY SCIENCE GOAL OF MMS. THE STUDY IS HIGHLY RELEVANT TO THE DECADAL SURVEY GOALS AS IT HELPS UNDERSTAND RECONNECTION (1) AS A FUNDAMENTAL PROCESS THAT OCCURS THROUGHOUT THE UNIVERSE  AND (2) AS A KEY PROCESS THAT AFFECTS THE COUPLING BETWEEN THE SOLAR WIND AND THE EARTHS MAGNETOSPHERE AND IONOSPHERE.,
W3111454109,Dr Jonathan Chun Hong Ng,,U.S. Department of Energy,,G6255744327,"COLLABORATIVE RESEARCH: VLASOV-MAXWELL SIMULATIONS TO RESOLVE ELECTRON HEATING AND DISSIPATION, IN QUASI-PERPENDICULAR SHOCKS",
W3111454109,Dr Jonathan Chun Hong Ng,,U.S. Department of Energy,,G881874190,KINETIC CHARACTERIZATION OF 3D MAGNETIC RECONNECTION: A TRANSFORMATIVE STEP,
W3136356373,Dr Jonathan Chun Hong Ng,,National Science Foundation,,G1328912148,,
W3136356373,Dr Jonathan Chun Hong Ng,,National Science Foundation,,G2211295890,Generation and Evolution of Magnetic Pulsations in the Terrestrial Foreshock Region,
W3136356373,Dr Jonathan Chun Hong Ng,,National Aeronautics and Space Administration,,G2512715933,,
W3136356373,Dr Jonathan Chun Hong Ng,,National Science Foundation,,G3837411109,,
W3136356373,Dr Jonathan Chun Hong Ng,,National Science Foundation,,G5078600987,,
W3136356373,Dr Jonathan Chun Hong Ng,,National Aeronautics and Space Administration,,G5537291767,MAGNETIC RECONNECTION IS AN IMPORTANT PROCESS IN PLASMA PHYSICS  WHERE SIGNIFICANT ELECTROMAGNETIC FIELD ENERGY IS DISSIPATED TO ENERGIZE PLASMAS. IN PARTICULAR  THE ION THERMAL ENERGY IS SHOWN TO BE THE DOMINANT FORM TO DISSIPATE STORED MAGNETIC ENERGIES. THE CURRENT UNDERSTANDING OF ION HEATING IS MAINLY BASED ON THE INCREASE OF EFFECTIVE TEMPERATURES IN SIMPLIFIED OR 2D LAMINAR RECONNECTION STRUCTURES. THE ACTUAL PROCESS OF ION HEATING FROM THE RECONNECTION INFLOW TO OUTFLOW REGIONS REMAINS AN IMPORTANT OPEN QUESTION PRIMARILY DUE TO THE LACK OF DISTRIBUTION FUNCTION MEASUREMENTS THAT CAN RESOLVE THE EVOLUTION OF ALL POPULATIONS. THE HIGH RESOLUTION PARTICLE MEASUREMENTS BY MMS WILL ENABLE SIGNIFICANT PROGRESS ON THE ION HEATING PROBLEM. WE PROPOSE TO INVESTIGATE ION HEATING IN THE DIFFUSION REGION AND COMPARE IT WITH THE HEATING IN THE FAR EXHAUST. THE OBJECTIVES INCLUDE DETERMINING (1) HEATING OF INDIVIDUAL POPULATIONS IN STRUCTURED DISTRIBUTIONS BY (A) SPATIAL GRADIENTS OF MAGNETIC AND ELECTRIC FIELDS  AND (B) WAVES; (2) EFFECTS OF 3D CURRENT SHEET DYNAMICS  SUCH AS CURRENT SHEET RIPPLING  ON HEATING; (3) HEATING DUE TO ACCELERATION AND THERMALIZATION DURING THE MEANDERING MOTION IN RECONNECTING CURRENT SHEETS. THE PROPOSED STUDY WILL BE BASED ON ANALYSIS OF MMS DATA. THE MMS PHASE 2B DATA (5/4/2017-8/31/2017) WILL BE USED FOR THE PROPOSED RESEARCH. A PRELIMINARY DATABASE OF MORE THAN 70 RECONNECTION EVENTS HAS BEEN CREATED TO ENSURE CLOSURE OF THE PROPOSED PROJECT. THE HEATING PROCESS WILL BE INVESTIGATED BY EXAMINING THE DISTRIBUTION EVOLUTION ALONG WITH THE STRUCTURES OF ELECTRIC AND MAGNETIC FIELDS AND WAVES. WE WILL QUANTIFY THE AMOUNT OF HEATING BY EXTRACTING THE TEMPERATURES OF INDIVIDUAL POPULATIONS. WE WILL CALCULATE GRADIENT SCALES OF ELECTRIC AND MAGNETIC FIELDS  ANALYZE WAVE-PARTICLE INTERACTION  AND USE ELECTRON AND ELECTROMAGNETIC FIELD DATA IN CONJUNCTION WITH THE ION DISTRIBUTIONS TO INFER THE RECONNECTION STRUCTURE (E.G.  SUB-REGIONS) AND 3D CURRENT SHEET ORIENTATIONS. WE WILL STUDY THE ION HEATING IN SIMULATIONS BY ANALYZING DISTRIBUTIONS AND PERFORMING TEST-PARTICLE ANALYSIS TO GUIDE THE INTERPRETATIONS OF MMS OBSERVATIONS. THE PROPOSED RESEARCH IS EXPECTED TO ADVANCE KNOWLEDGE OF MAGNETIC RECONNECTION  ION ENERGIZATION IN PARTICULAR  WHICH IS DIRECTLY RELEVANT TO THE PRIMARY SCIENCE GOAL OF MMS. THE STUDY IS HIGHLY RELEVANT TO THE DECADAL SURVEY GOALS AS IT HELPS UNDERSTAND RECONNECTION (1) AS A FUNDAMENTAL PROCESS THAT OCCURS THROUGHOUT THE UNIVERSE  AND (2) AS A KEY PROCESS THAT AFFECTS THE COUPLING BETWEEN THE SOLAR WIND AND THE EARTHS MAGNETOSPHERE AND IONOSPHERE.,
W3136356373,Dr Jonathan Chun Hong Ng,,U.S. Department of Energy,,G6255744327,"COLLABORATIVE RESEARCH: VLASOV-MAXWELL SIMULATIONS TO RESOLVE ELECTRON HEATING AND DISSIPATION, IN QUASI-PERPENDICULAR SHOCKS",
W3136356373,Dr Jonathan Chun Hong Ng,,National Science Foundation,,G7033223116,,
W3136356373,Dr Jonathan Chun Hong Ng,,U.S. Department of Energy,,G881874190,KINETIC CHARACTERIZATION OF 3D MAGNETIC RECONNECTION: A TRANSFORMATIVE STEP,
W3087633513,Dr Jonathan Chun Hong Ng,,Norges Forskningsråd,,G1704983914,,
W3087633513,Dr Jonathan Chun Hong Ng,,National Science Foundation,,G3837411109,,
W3087633513,Dr Jonathan Chun Hong Ng,,Norges Forskningsråd,,G424068220,,
W3087633513,Dr Jonathan Chun Hong Ng,,National Science Foundation,,G5078600987,,
W3087633513,Dr Jonathan Chun Hong Ng,,National Science Foundation,,G5154030888,,
W3087633513,Dr Jonathan Chun Hong Ng,,National Aeronautics and Space Administration,,G5537291767,MAGNETIC RECONNECTION IS AN IMPORTANT PROCESS IN PLASMA PHYSICS  WHERE SIGNIFICANT ELECTROMAGNETIC FIELD ENERGY IS DISSIPATED TO ENERGIZE PLASMAS. IN PARTICULAR  THE ION THERMAL ENERGY IS SHOWN TO BE THE DOMINANT FORM TO DISSIPATE STORED MAGNETIC ENERGIES. THE CURRENT UNDERSTANDING OF ION HEATING IS MAINLY BASED ON THE INCREASE OF EFFECTIVE TEMPERATURES IN SIMPLIFIED OR 2D LAMINAR RECONNECTION STRUCTURES. THE ACTUAL PROCESS OF ION HEATING FROM THE RECONNECTION INFLOW TO OUTFLOW REGIONS REMAINS AN IMPORTANT OPEN QUESTION PRIMARILY DUE TO THE LACK OF DISTRIBUTION FUNCTION MEASUREMENTS THAT CAN RESOLVE THE EVOLUTION OF ALL POPULATIONS. THE HIGH RESOLUTION PARTICLE MEASUREMENTS BY MMS WILL ENABLE SIGNIFICANT PROGRESS ON THE ION HEATING PROBLEM. WE PROPOSE TO INVESTIGATE ION HEATING IN THE DIFFUSION REGION AND COMPARE IT WITH THE HEATING IN THE FAR EXHAUST. THE OBJECTIVES INCLUDE DETERMINING (1) HEATING OF INDIVIDUAL POPULATIONS IN STRUCTURED DISTRIBUTIONS BY (A) SPATIAL GRADIENTS OF MAGNETIC AND ELECTRIC FIELDS  AND (B) WAVES; (2) EFFECTS OF 3D CURRENT SHEET DYNAMICS  SUCH AS CURRENT SHEET RIPPLING  ON HEATING; (3) HEATING DUE TO ACCELERATION AND THERMALIZATION DURING THE MEANDERING MOTION IN RECONNECTING CURRENT SHEETS. THE PROPOSED STUDY WILL BE BASED ON ANALYSIS OF MMS DATA. THE MMS PHASE 2B DATA (5/4/2017-8/31/2017) WILL BE USED FOR THE PROPOSED RESEARCH. A PRELIMINARY DATABASE OF MORE THAN 70 RECONNECTION EVENTS HAS BEEN CREATED TO ENSURE CLOSURE OF THE PROPOSED PROJECT. THE HEATING PROCESS WILL BE INVESTIGATED BY EXAMINING THE DISTRIBUTION EVOLUTION ALONG WITH THE STRUCTURES OF ELECTRIC AND MAGNETIC FIELDS AND WAVES. WE WILL QUANTIFY THE AMOUNT OF HEATING BY EXTRACTING THE TEMPERATURES OF INDIVIDUAL POPULATIONS. WE WILL CALCULATE GRADIENT SCALES OF ELECTRIC AND MAGNETIC FIELDS  ANALYZE WAVE-PARTICLE INTERACTION  AND USE ELECTRON AND ELECTROMAGNETIC FIELD DATA IN CONJUNCTION WITH THE ION DISTRIBUTIONS TO INFER THE RECONNECTION STRUCTURE (E.G.  SUB-REGIONS) AND 3D CURRENT SHEET ORIENTATIONS. WE WILL STUDY THE ION HEATING IN SIMULATIONS BY ANALYZING DISTRIBUTIONS AND PERFORMING TEST-PARTICLE ANALYSIS TO GUIDE THE INTERPRETATIONS OF MMS OBSERVATIONS. THE PROPOSED RESEARCH IS EXPECTED TO ADVANCE KNOWLEDGE OF MAGNETIC RECONNECTION  ION ENERGIZATION IN PARTICULAR  WHICH IS DIRECTLY RELEVANT TO THE PRIMARY SCIENCE GOAL OF MMS. THE STUDY IS HIGHLY RELEVANT TO THE DECADAL SURVEY GOALS AS IT HELPS UNDERSTAND RECONNECTION (1) AS A FUNDAMENTAL PROCESS THAT OCCURS THROUGHOUT THE UNIVERSE  AND (2) AS A KEY PROCESS THAT AFFECTS THE COUPLING BETWEEN THE SOLAR WIND AND THE EARTHS MAGNETOSPHERE AND IONOSPHERE.,
W3087633513,Dr Jonathan Chun Hong Ng,,National Science Foundation,,G7830633513,Collaborative Research:  Integration of Extended Magnetohydrodynamic (MHD) and Kinetic Effects in Global Magnetosphere Models,
W3087633513,Dr Jonathan Chun Hong Ng,,U.S. Department of Energy,,G881874190,KINETIC CHARACTERIZATION OF 3D MAGNETIC RECONNECTION: A TRANSFORMATIVE STEP,
W3199945707,Dr Jonathan Chun Hong Ng,,National Science Foundation,,G1027631106,,
W3199945707,Dr Jonathan Chun Hong Ng,,National Aeronautics and Space Administration,,G2512715933,,
W3199945707,Dr Jonathan Chun Hong Ng,,National Aeronautics and Space Administration,,G412581492,,
W3199945707,Dr Jonathan Chun Hong Ng,,National Science Foundation,,G5078600987,,
W3199945707,Dr Jonathan Chun Hong Ng,,National Aeronautics and Space Administration,,G5537291767,MAGNETIC RECONNECTION IS AN IMPORTANT PROCESS IN PLASMA PHYSICS  WHERE SIGNIFICANT ELECTROMAGNETIC FIELD ENERGY IS DISSIPATED TO ENERGIZE PLASMAS. IN PARTICULAR  THE ION THERMAL ENERGY IS SHOWN TO BE THE DOMINANT FORM TO DISSIPATE STORED MAGNETIC ENERGIES. THE CURRENT UNDERSTANDING OF ION HEATING IS MAINLY BASED ON THE INCREASE OF EFFECTIVE TEMPERATURES IN SIMPLIFIED OR 2D LAMINAR RECONNECTION STRUCTURES. THE ACTUAL PROCESS OF ION HEATING FROM THE RECONNECTION INFLOW TO OUTFLOW REGIONS REMAINS AN IMPORTANT OPEN QUESTION PRIMARILY DUE TO THE LACK OF DISTRIBUTION FUNCTION MEASUREMENTS THAT CAN RESOLVE THE EVOLUTION OF ALL POPULATIONS. THE HIGH RESOLUTION PARTICLE MEASUREMENTS BY MMS WILL ENABLE SIGNIFICANT PROGRESS ON THE ION HEATING PROBLEM. WE PROPOSE TO INVESTIGATE ION HEATING IN THE DIFFUSION REGION AND COMPARE IT WITH THE HEATING IN THE FAR EXHAUST. THE OBJECTIVES INCLUDE DETERMINING (1) HEATING OF INDIVIDUAL POPULATIONS IN STRUCTURED DISTRIBUTIONS BY (A) SPATIAL GRADIENTS OF MAGNETIC AND ELECTRIC FIELDS  AND (B) WAVES; (2) EFFECTS OF 3D CURRENT SHEET DYNAMICS  SUCH AS CURRENT SHEET RIPPLING  ON HEATING; (3) HEATING DUE TO ACCELERATION AND THERMALIZATION DURING THE MEANDERING MOTION IN RECONNECTING CURRENT SHEETS. THE PROPOSED STUDY WILL BE BASED ON ANALYSIS OF MMS DATA. THE MMS PHASE 2B DATA (5/4/2017-8/31/2017) WILL BE USED FOR THE PROPOSED RESEARCH. A PRELIMINARY DATABASE OF MORE THAN 70 RECONNECTION EVENTS HAS BEEN CREATED TO ENSURE CLOSURE OF THE PROPOSED PROJECT. THE HEATING PROCESS WILL BE INVESTIGATED BY EXAMINING THE DISTRIBUTION EVOLUTION ALONG WITH THE STRUCTURES OF ELECTRIC AND MAGNETIC FIELDS AND WAVES. WE WILL QUANTIFY THE AMOUNT OF HEATING BY EXTRACTING THE TEMPERATURES OF INDIVIDUAL POPULATIONS. WE WILL CALCULATE GRADIENT SCALES OF ELECTRIC AND MAGNETIC FIELDS  ANALYZE WAVE-PARTICLE INTERACTION  AND USE ELECTRON AND ELECTROMAGNETIC FIELD DATA IN CONJUNCTION WITH THE ION DISTRIBUTIONS TO INFER THE RECONNECTION STRUCTURE (E.G.  SUB-REGIONS) AND 3D CURRENT SHEET ORIENTATIONS. WE WILL STUDY THE ION HEATING IN SIMULATIONS BY ANALYZING DISTRIBUTIONS AND PERFORMING TEST-PARTICLE ANALYSIS TO GUIDE THE INTERPRETATIONS OF MMS OBSERVATIONS. THE PROPOSED RESEARCH IS EXPECTED TO ADVANCE KNOWLEDGE OF MAGNETIC RECONNECTION  ION ENERGIZATION IN PARTICULAR  WHICH IS DIRECTLY RELEVANT TO THE PRIMARY SCIENCE GOAL OF MMS. THE STUDY IS HIGHLY RELEVANT TO THE DECADAL SURVEY GOALS AS IT HELPS UNDERSTAND RECONNECTION (1) AS A FUNDAMENTAL PROCESS THAT OCCURS THROUGHOUT THE UNIVERSE  AND (2) AS A KEY PROCESS THAT AFFECTS THE COUPLING BETWEEN THE SOLAR WIND AND THE EARTHS MAGNETOSPHERE AND IONOSPHERE.,
W3199945707,Dr Jonathan Chun Hong Ng,,U.S. Department of Energy,,G6255744327,"COLLABORATIVE RESEARCH: VLASOV-MAXWELL SIMULATIONS TO RESOLVE ELECTRON HEATING AND DISSIPATION, IN QUASI-PERPENDICULAR SHOCKS",
W3199945707,Dr Jonathan Chun Hong Ng,,National Aeronautics and Space Administration,,G842282595,,
W3199945707,Dr Jonathan Chun Hong Ng,,U.S. Department of Energy,,G881874190,KINETIC CHARACTERIZATION OF 3D MAGNETIC RECONNECTION: A TRANSFORMATIVE STEP,
W3178697796,Dr Jonathan Chun Hong Ng,,U.S. Department of Energy,,G1064783482,,
W3178697796,Dr Jonathan Chun Hong Ng,,National Science Foundation,,G1959874688,Using Kinetic Entropy to Understand Dissipation in Reconnection and Turbulence,
W3178697796,Dr Jonathan Chun Hong Ng,,National Aeronautics and Space Administration,,G1964960003,,
W3178697796,Dr Jonathan Chun Hong Ng,,National Aeronautics and Space Administration,,G1989911206,,
W3178697796,Dr Jonathan Chun Hong Ng,,Goddard Space Flight Center,,G3778950402,,
W3178697796,Dr Jonathan Chun Hong Ng,,National Aeronautics and Space Administration,,G437812572,THE SH SCIENCE CENTER WILL CARRY OUT OBSERVATIONAL  EXPERIMENTAL  AND THEORETICAL RESEARCH IN SUPPORT OF NASA STRATEGIC SCIENCE MISSION OBJECTIVES TO:A.SOLAR-HELIOSPHERIC SCIENCE:  THE SUN  GEOSPACE  OTHER PLANETARY SPACE PLASMA ENVIRONMENTS  AND THE INTERACTIONS AND COUPLINGS AMONG THESE PHYSICAL REGIMES;B.THE INFORMATIONAL AND COMPUTATIONAL SCIENCES RELATED TO THE UNIQUE NEEDS OF DATA SYSTEMS AND MODELS REQUIRED TO INTERPRET DATA FROM HELIOPHYSICS SCIENCE MISSIONS; ANDC.THE DEVELOPMENT OF INSTRUMENT TECHNOLOGY AND THEORETICAL TECHNIQUES REQUIRED TO MEET THESE SCIENTIFIC CHALLENGES.THIS COOPERATIVE AGREEMENT WILL ALLOW SUBSTANTIAL PROGRAMMATIC INVOLVEMENT IN THE FORM OF COLLABORATION BETWEEN GSFC AND THE SOLAR-HELIOSPHERIC SCIENCE CENTER AS WELL AS JOINT DEVELOPMENT OF RESEARCH OBJECTIVES.THE PRIMARY GOAL UNDER THE RESULTING COOPERATIVE AGREEMENT IS TO ESTABLISH A FOCUSED GSFC/RESEARCH PARTNERSHIP THAT:A.BRINGS TOGETHER THE SH SCIENCE CENTER AND GSFC SCIENTISTS TO IMPLEMENT THE NASA STRATEGIC GOALS IN HELIOPHYSICS SCIENCE;B.ENHANCES THE CAPABILITIES AND STRENGTHS OF  PARTICIPATING ORGANIZATIONS IN HELIOPHYSICS SCIENCE;C.PROVIDES ORGANIZATION AND STAFFING FLEXIBILITY TO ADAPT TO EVOLVING RESEARCH PROGRAM NEEDS;D.ATTRACTS SUPERIOR SCIENTISTS NECESSARY TO CARRY OUT PROGRAMS WHICH WOULD BE OUTSIDE THE CAPABILITIES OF EITHER PARTNER WORKING ALONE;E.PROMOTES THE INVOLVEMENT OF MINORITY AND WOMEN SCIENTISTS IN SPACE SCIENCE RESEARCH; ANDF.FACILITATES ACCESS TO STUDENT TALENT AND PROVIDES OPPORTUNITIES FOR THEIR PARTICIPATION IN NASA PROGRAMS.THE SH SCIENCE CENTER WILL FOCUS PRIMARILY ON SCIENTIFIC RESEARCH.  IT IS EXPECTED TO STRENGTHEN COOPERATIVE RELATIONSHIPS BETWEEN THE PARTNER INSTITUTION AND GOVERNMENT SCIENTISTS IN THE GODDARD HELIOPHYSICS SCIENCE DIVISION (HSD)  AND WILL PROVIDE A VEHICLE TO INCREASE THE INVOLVEMENT OF THE EXTERNAL SCIENCE COMMUNITY IN THE PURSUIT OF NASA GOALS. THE SH SCIENCE CENTER WILL CONDUCT RESEARCH COLLABORATIVELY WITH ORGANIZATIONAL ELEMENTS WITHIN THE GODDARD HSD (CODE 670).   RESEARCH MAY INVOLVE ANALYSIS OF DATA FROM OPERATING AND PAST MISSIONS  AND MODELING AND DESIGN OF MISSIONS PLANNED OR UNDER DEVELOPMENT.  FUTURE RESEARCH ACTIVITIES WILL EVOLVE AS A FUNCTION OF PRIORITIES  BUDGETS  FUNDING OPPORTUNITIES  AND SUCCESS OF PROPOSAL SUBMISSIONS.,
W3178697796,Dr Jonathan Chun Hong Ng,,National Science Foundation,,G4555313804,,
W3178697796,Dr Jonathan Chun Hong Ng,,National Science Foundation,,G495262358,,
W3178697796,Dr Jonathan Chun Hong Ng,,U.S. Department of Energy,,G4974298087,,
W3178697796,Dr Jonathan Chun Hong Ng,,National Aeronautics and Space Administration,,G5537291767,MAGNETIC RECONNECTION IS AN IMPORTANT PROCESS IN PLASMA PHYSICS  WHERE SIGNIFICANT ELECTROMAGNETIC FIELD ENERGY IS DISSIPATED TO ENERGIZE PLASMAS. IN PARTICULAR  THE ION THERMAL ENERGY IS SHOWN TO BE THE DOMINANT FORM TO DISSIPATE STORED MAGNETIC ENERGIES. THE CURRENT UNDERSTANDING OF ION HEATING IS MAINLY BASED ON THE INCREASE OF EFFECTIVE TEMPERATURES IN SIMPLIFIED OR 2D LAMINAR RECONNECTION STRUCTURES. THE ACTUAL PROCESS OF ION HEATING FROM THE RECONNECTION INFLOW TO OUTFLOW REGIONS REMAINS AN IMPORTANT OPEN QUESTION PRIMARILY DUE TO THE LACK OF DISTRIBUTION FUNCTION MEASUREMENTS THAT CAN RESOLVE THE EVOLUTION OF ALL POPULATIONS. THE HIGH RESOLUTION PARTICLE MEASUREMENTS BY MMS WILL ENABLE SIGNIFICANT PROGRESS ON THE ION HEATING PROBLEM. WE PROPOSE TO INVESTIGATE ION HEATING IN THE DIFFUSION REGION AND COMPARE IT WITH THE HEATING IN THE FAR EXHAUST. THE OBJECTIVES INCLUDE DETERMINING (1) HEATING OF INDIVIDUAL POPULATIONS IN STRUCTURED DISTRIBUTIONS BY (A) SPATIAL GRADIENTS OF MAGNETIC AND ELECTRIC FIELDS  AND (B) WAVES; (2) EFFECTS OF 3D CURRENT SHEET DYNAMICS  SUCH AS CURRENT SHEET RIPPLING  ON HEATING; (3) HEATING DUE TO ACCELERATION AND THERMALIZATION DURING THE MEANDERING MOTION IN RECONNECTING CURRENT SHEETS. THE PROPOSED STUDY WILL BE BASED ON ANALYSIS OF MMS DATA. THE MMS PHASE 2B DATA (5/4/2017-8/31/2017) WILL BE USED FOR THE PROPOSED RESEARCH. A PRELIMINARY DATABASE OF MORE THAN 70 RECONNECTION EVENTS HAS BEEN CREATED TO ENSURE CLOSURE OF THE PROPOSED PROJECT. THE HEATING PROCESS WILL BE INVESTIGATED BY EXAMINING THE DISTRIBUTION EVOLUTION ALONG WITH THE STRUCTURES OF ELECTRIC AND MAGNETIC FIELDS AND WAVES. WE WILL QUANTIFY THE AMOUNT OF HEATING BY EXTRACTING THE TEMPERATURES OF INDIVIDUAL POPULATIONS. WE WILL CALCULATE GRADIENT SCALES OF ELECTRIC AND MAGNETIC FIELDS  ANALYZE WAVE-PARTICLE INTERACTION  AND USE ELECTRON AND ELECTROMAGNETIC FIELD DATA IN CONJUNCTION WITH THE ION DISTRIBUTIONS TO INFER THE RECONNECTION STRUCTURE (E.G.  SUB-REGIONS) AND 3D CURRENT SHEET ORIENTATIONS. WE WILL STUDY THE ION HEATING IN SIMULATIONS BY ANALYZING DISTRIBUTIONS AND PERFORMING TEST-PARTICLE ANALYSIS TO GUIDE THE INTERPRETATIONS OF MMS OBSERVATIONS. THE PROPOSED RESEARCH IS EXPECTED TO ADVANCE KNOWLEDGE OF MAGNETIC RECONNECTION  ION ENERGIZATION IN PARTICULAR  WHICH IS DIRECTLY RELEVANT TO THE PRIMARY SCIENCE GOAL OF MMS. THE STUDY IS HIGHLY RELEVANT TO THE DECADAL SURVEY GOALS AS IT HELPS UNDERSTAND RECONNECTION (1) AS A FUNDAMENTAL PROCESS THAT OCCURS THROUGHOUT THE UNIVERSE  AND (2) AS A KEY PROCESS THAT AFFECTS THE COUPLING BETWEEN THE SOLAR WIND AND THE EARTHS MAGNETOSPHERE AND IONOSPHERE.,
W3178697796,Dr Jonathan Chun Hong Ng,,National Aeronautics and Space Administration,,G757993338,"THE INTERACTION OF THE SOLAR WIND WITH EARTH S MAGNETOSPHERE IS CRUCIAL FOR PREDICTING SPACE WEATHER, WHICH CAN IMPACT SATELLITE COMMUNICATION AND TH",
W3178697796,Dr Jonathan Chun Hong Ng,,National Science Foundation,,G8742574540,GEM: Global versus Local Control of Solar Wind-Magnetospheric Coupling,
W2744078910,Dr Jonathan Chun Hong Ng,,U.S. Department of Energy,,G1286236842,,
W2744078910,Dr Jonathan Chun Hong Ng,,National Aeronautics and Space Administration,,G1632040200,,
W2744078910,Dr Jonathan Chun Hong Ng,,U.S. Department of Energy,,G2068646913,,
W2744078910,Dr Jonathan Chun Hong Ng,,National Science Foundation,,G2346863301,,
W2744078910,Dr Jonathan Chun Hong Ng,,National Science Foundation,,G2438538179,,
W2744078910,Dr Jonathan Chun Hong Ng,,U.S. Department of Energy,,G3083819904,,
W2744078910,Dr Jonathan Chun Hong Ng,,Office of Science,,G3104296760,,
W2744078910,Dr Jonathan Chun Hong Ng,,National Aeronautics and Space Administration,,G3597252418,,
W2744078910,Dr Jonathan Chun Hong Ng,,Office of Science,,G3944918260,,
W2744078910,Dr Jonathan Chun Hong Ng,,National Science Foundation,,G398718869,,
W2744078910,Dr Jonathan Chun Hong Ng,,Office of Science,,G4501827968,,
W2744078910,Dr Jonathan Chun Hong Ng,,Office of Science,,G4565140552,,
W2744078910,Dr Jonathan Chun Hong Ng,,National Science Foundation,,G4608729152,Collaborative Research:  Integration of Extended Magnetohydrodynamic (MHD) and Kinetic Effects in Global Magnetosphere Models,
W2744078910,Dr Jonathan Chun Hong Ng,,National Science Foundation,,G4862880563,"SHINE:  Instability of Large-Scale Current Sheets, Plasmoid Formation, and Particle Acceleration in Coronal Plasmas",
W2744078910,Dr Jonathan Chun Hong Ng,,U.S. Department of Energy,,G4896746546,,
W2744078910,Dr Jonathan Chun Hong Ng,,Office of Science,,G498139845,,
W2744078910,Dr Jonathan Chun Hong Ng,,National Science Foundation,,G586700770,,
W2744078910,Dr Jonathan Chun Hong Ng,,U.S. Department of Energy,,G6348972864,,
W2744078910,Dr Jonathan Chun Hong Ng,,U.S. Department of Energy,,G6558272803,,
W2744078910,Dr Jonathan Chun Hong Ng,,National Science Foundation,,G7233692708,,
W2744078910,Dr Jonathan Chun Hong Ng,,National Science Foundation,,G8166327080,"MRI: Aquisition of Computer Cluster for Heliophysics, Plasma, and Turbulence Modeling",
W2744078910,Dr Jonathan Chun Hong Ng,,U.S. Department of Energy,,G969889393,,
W2972675672,Dr Jonathan Chun Hong Ng,,U.S. Department of Energy,,G1536143216,,
W2972675672,Dr Jonathan Chun Hong Ng,,National Aeronautics and Space Administration,,G2021060070,,
W2972675672,Dr Jonathan Chun Hong Ng,,National Science Foundation,,G2346863301,,
W2972675672,Dr Jonathan Chun Hong Ng,,National Science Foundation,,G2438538179,,
W2972675672,Dr Jonathan Chun Hong Ng,,National Aeronautics and Space Administration,,G3076163465,,
W2972675672,Dr Jonathan Chun Hong Ng,,National Aeronautics and Space Administration,,G3597252418,,
W2972675672,Dr Jonathan Chun Hong Ng,,Air Force Office of Scientific Research,,G3837656929,,
W2972675672,Dr Jonathan Chun Hong Ng,,National Aeronautics and Space Administration,,G4548124579,THE PRIMARY SCIENCE FOCUS OF THE PROPOSED STRATEGIC CAPABILITY (SC) IS THE INTEGRATION OF EXTENDED MAGNETOHYDRODYNAMICS (XMHD) AND KINETIC EFFECTS IN,
W2972675672,Dr Jonathan Chun Hong Ng,,National Science Foundation,,G5382170171,,
W2972675672,Dr Jonathan Chun Hong Ng,,National Aeronautics and Space Administration,,G7095760740,"SCIENCE GOALS AND OBJECTIVES: IN THE LAST TWO DECADES  THE FIELD OF EXOPLANETS HAS WITNESSED A MASSIVE SURGE. RESEARCH IN EXOPLANETS NOW ENCOMPASSES A WIDE RANGE OF FIELDS RANGING FROM ASTROPHYSICS TO GEOLOGY AND ATMOSPHERIC SCIENCE. ONE OF THE PRIMARY OBJECTIVES OF STUDYING EXOPLANETS IS TO DETERMINE THE CRITERIA FOR HABITABILITY  AND WHETHER CERTAIN EXOPLANETS MEET THESE REQUIREMENTS. AMONGST THE MANY FACTORS THAT DETERMINE HABITABILITY  UNDERSTANDING ATMOSPHERIC LOSSES IS OF PARAMOUNT IMPORTANCE. IN PARTICULAR  MOST OF THE ATTENTION HAS BEEN CENTERED AROUND THE STUDY OF EXOPLANETS ORBITING M-DWARFS  SINCE THE LATTER ARE HIGHLY NUMEROUS IN OUR GALAXY (AND IN THE UNIVERSE). THE STUDY OF THESE EXOPLANETS HAS ALSO RECEIVED A MAJOR BOOST FROM THE DISCOVERY OF PROXIMA CENTAURI B AT A DISTANCE OF ONLY 4.3 LIGHT YEARS AWAY. THE PRIMARY OBJECTIVES OF THE PROPOSED WORK ARE 1) TO STUDY THE ATMOSPHERIC LOSS AND EVOLUTION OF BOTH UNMAGNETIZED (MARS/VENUS-LIKE) AND MAGNETIZED (EARTH-LIKE) EXOPLANETS THROUGH THEIR INTERACTION WITH THE STELLAR WIND OF THE HOST STAR  AND 2) TO STUDY THE ATMOSPHERIC LOSS AND EVOLUTION FOR EXOMOONS (TITAN-LIKE) THROUGH THEIR INTERACTION WITH THE MAGNETOSPHERIC FLOW OF THE HOST PLANET. CONSEQUENTLY  THIS WILL BUILD A MODEL LIBRARY THAT WILL BENEFIT THE EXOPLANETARY COMMUNITY. METHODOLOGY: IN OUR SOLAR SYSTEM  THE MOST SOPHISTICATED CODES TEND TO USE MAGNETOHYDRODYNAMIC (MHD) MODELS FOR MODELING THE INTERACTIONS OF THE SOLAR WIND WITH MAGNETIZED (SUCH AS EARTH) AND UNMAGNETIZED (SUCH AS MARS AND VENUS) PLANETS  AND THE INTERACTIONS OF PLANETARY MAGNETOSPHERIC FLOW WITH ITS MOONS (SUCH AS TITAN). WE WILL USE A ONE-WAY COUPLED FRAMEWORK (INCLUDING SOPHISTICATED 3D IONOSPHERE-THERMOSPHERE MODEL  3D EXOSPHERE MODEL  AND 3D STELLAR WIND MODEL) CENTERED AROUND A WELL-VALIDATED 3D MULTI-SPECIES MAGNETOHYDRODYNAMIC (MS-MHD) MODEL TO BUILD A MODEL LIBRARY WITH A REASONABLE RANGE OF PARAMETERS. IN THE ONE-WAY COUPLED FRAMEWORK  MS-MHD ADOPTS THE NEUTRAL THERMOSPHERIC PROFILES FROM THE GLOBAL IONOSPHERE THERMOSPHERE MODEL (GITM) AND THE EXOSPHERIC PROFILES FROM THE EXOSPHERE MONTE CARLO MODEL ADAPTIVE MESH PARTICLE SIMULATOR (AMPS); THE LATTER CAN BE DIRECTLY APPLIED TO STUDY THE PHOTOCHEMICAL ESCAPE. MS-MHD  GITM AND AMPS HAVE BEEN SUCCESSFULLY (ARE BEING) ADAPTED TO  E.G.  MARS  VENUS AND TITAN. FOR THE STELLAR WIND PARAMETERS (SUCH AS THE STELLAR WIND VELOCITY  DENSITY  TEMPERATURE AND INTERPLANETARY MAGNETIC FIELD)  WE WILL ALSO ADOPT THE ALFVEN WAVE SOLAR MODEL (AWSOM) MODEL TO SIMULATE THOSE PARAMETERS (INCLUDING SPACE WEATHER EVENTS SUCH AS CMES/CIRS/SUPER CARRINGTON-TYPE FLARE EVENTS) BASED ON THE OBSERVED MAGNETOGRAMS (OR ZDI MAPS) OF MDWARF STARS. THESE THREE PLANETARY MODELS (THE MHD  IONOSPHERE/THERMOSPHERE  AND EXOSPHERE MODELS) WILL BE ADAPTED TO EXOPLANET RESEARCH BY MODIFYING THE STELLAR WIND INPUTS AND EXOPLANETARY ATMOSPHERIC PROFILES. RELEVANCE: THE PROPOSAL IS HIGHLY RELEVANT TO THE HABITABLE WORLDS PROGRAM AS THE PROPOSED RESEARCH ON THE STUDY OF ATMOSPHERIC LOSS IS CRUCIAL FOR UNDERSTANDING THE ATMOSPHERIC EVOLUTION  CLIMATE CHANGE OF THE EXOPLANETS/EXOMOONS  AND THUS OFFERS FRESH INSIGHTS CONCERNING THE HABITABILITY OF EXOPLANETS AND EXOMOONS. THE PROPOSED WORK WILL ENABLE US TO EXPLORE THE POSSIBILITY OF EXTANT LIFE BEYOND THE EARTH BASED ON OUR UNDERSTANDING AND KNOWLEDGE OF ANCIENT AND CURRENT EARTH  MARS  VENUS  TITAN AND THE SOLAR SYSTEM AS A WHOLE. THE ""HABITABLE EXOPLANETS AND/OR THEIR MOONS"" CONSTITUTE THE CENTRAL TARGETS AND PRIMARY OBJECTIVES OF THE HABITABLE WORLDS PROGRAM. THE PROPOSAL IS ALSO HIGHLY RELEVANT TO NASA'S PLANETARY SCIENCE DIVISION'S CURRENT AND FUTURE MISSIONS (E.G.  MAVEN) FOR STUDYING THE MARTIAN ATMOSPHERIC LOSS AND EVOLUTION AS WELL AS NASA'S ASTROPHYSICS DIVISION'S  MORE SPECIFICALLY  EXOPLANET EXPLORATION PROGRAM'S CURRENT AND FUTURE MISSIONS (E.G.  KEPLER AND JWST) FOR THE CHARACTERIZATION OF EXOPLANETS AND THE STUDY OF THEIR HABITABILITY.",
W3176113085,Dr Jonathan Chun Hong Ng,,National Aeronautics and Space Administration,,G285637207,,
W3176113085,Dr Jonathan Chun Hong Ng,,Goddard Space Flight Center,,G6722392166,,
W4223545797,Dr Jonathan Chun Hong Ng,,Royal Society,,G3957651564,,
W4223545797,Dr Jonathan Chun Hong Ng,,National Aeronautics and Space Administration,,G412581492,,
W4223545797,Dr Jonathan Chun Hong Ng,,National Aeronautics and Space Administration,,G8542262159,,
W4223545797,Dr Jonathan Chun Hong Ng,,U.S. Department of Energy,,G881874190,KINETIC CHARACTERIZATION OF 3D MAGNETIC RECONNECTION: A TRANSFORMATIVE STEP,
W2978689452,Dr Jonathan Chun Hong Ng,,National Aeronautics and Space Administration,,G2495227331,,
W2978689452,Dr Jonathan Chun Hong Ng,,National Nuclear Security Administration,,G6995210142,,
W2978689452,Dr Jonathan Chun Hong Ng,,Los Alamos National Laboratory,,G7500863821,,
W2978689452,Dr Jonathan Chun Hong Ng,,National Aeronautics and Space Administration,,G8439830435,,
W2978689452,Dr Jonathan Chun Hong Ng,,U.S. Department of Energy,,G8659807574,,
W4229026800,Dr Jonathan Chun Hong Ng,,National Aeronautics and Space Administration,,G412581492,,
W4229026800,Dr Jonathan Chun Hong Ng,,National Aeronautics and Space Administration,,G5537291767,MAGNETIC RECONNECTION IS AN IMPORTANT PROCESS IN PLASMA PHYSICS  WHERE SIGNIFICANT ELECTROMAGNETIC FIELD ENERGY IS DISSIPATED TO ENERGIZE PLASMAS. IN PARTICULAR  THE ION THERMAL ENERGY IS SHOWN TO BE THE DOMINANT FORM TO DISSIPATE STORED MAGNETIC ENERGIES. THE CURRENT UNDERSTANDING OF ION HEATING IS MAINLY BASED ON THE INCREASE OF EFFECTIVE TEMPERATURES IN SIMPLIFIED OR 2D LAMINAR RECONNECTION STRUCTURES. THE ACTUAL PROCESS OF ION HEATING FROM THE RECONNECTION INFLOW TO OUTFLOW REGIONS REMAINS AN IMPORTANT OPEN QUESTION PRIMARILY DUE TO THE LACK OF DISTRIBUTION FUNCTION MEASUREMENTS THAT CAN RESOLVE THE EVOLUTION OF ALL POPULATIONS. THE HIGH RESOLUTION PARTICLE MEASUREMENTS BY MMS WILL ENABLE SIGNIFICANT PROGRESS ON THE ION HEATING PROBLEM. WE PROPOSE TO INVESTIGATE ION HEATING IN THE DIFFUSION REGION AND COMPARE IT WITH THE HEATING IN THE FAR EXHAUST. THE OBJECTIVES INCLUDE DETERMINING (1) HEATING OF INDIVIDUAL POPULATIONS IN STRUCTURED DISTRIBUTIONS BY (A) SPATIAL GRADIENTS OF MAGNETIC AND ELECTRIC FIELDS  AND (B) WAVES; (2) EFFECTS OF 3D CURRENT SHEET DYNAMICS  SUCH AS CURRENT SHEET RIPPLING  ON HEATING; (3) HEATING DUE TO ACCELERATION AND THERMALIZATION DURING THE MEANDERING MOTION IN RECONNECTING CURRENT SHEETS. THE PROPOSED STUDY WILL BE BASED ON ANALYSIS OF MMS DATA. THE MMS PHASE 2B DATA (5/4/2017-8/31/2017) WILL BE USED FOR THE PROPOSED RESEARCH. A PRELIMINARY DATABASE OF MORE THAN 70 RECONNECTION EVENTS HAS BEEN CREATED TO ENSURE CLOSURE OF THE PROPOSED PROJECT. THE HEATING PROCESS WILL BE INVESTIGATED BY EXAMINING THE DISTRIBUTION EVOLUTION ALONG WITH THE STRUCTURES OF ELECTRIC AND MAGNETIC FIELDS AND WAVES. WE WILL QUANTIFY THE AMOUNT OF HEATING BY EXTRACTING THE TEMPERATURES OF INDIVIDUAL POPULATIONS. WE WILL CALCULATE GRADIENT SCALES OF ELECTRIC AND MAGNETIC FIELDS  ANALYZE WAVE-PARTICLE INTERACTION  AND USE ELECTRON AND ELECTROMAGNETIC FIELD DATA IN CONJUNCTION WITH THE ION DISTRIBUTIONS TO INFER THE RECONNECTION STRUCTURE (E.G.  SUB-REGIONS) AND 3D CURRENT SHEET ORIENTATIONS. WE WILL STUDY THE ION HEATING IN SIMULATIONS BY ANALYZING DISTRIBUTIONS AND PERFORMING TEST-PARTICLE ANALYSIS TO GUIDE THE INTERPRETATIONS OF MMS OBSERVATIONS. THE PROPOSED RESEARCH IS EXPECTED TO ADVANCE KNOWLEDGE OF MAGNETIC RECONNECTION  ION ENERGIZATION IN PARTICULAR  WHICH IS DIRECTLY RELEVANT TO THE PRIMARY SCIENCE GOAL OF MMS. THE STUDY IS HIGHLY RELEVANT TO THE DECADAL SURVEY GOALS AS IT HELPS UNDERSTAND RECONNECTION (1) AS A FUNDAMENTAL PROCESS THAT OCCURS THROUGHOUT THE UNIVERSE  AND (2) AS A KEY PROCESS THAT AFFECTS THE COUPLING BETWEEN THE SOLAR WIND AND THE EARTHS MAGNETOSPHERE AND IONOSPHERE.,
W4229026800,Dr Jonathan Chun Hong Ng,,National Aeronautics and Space Administration,,G6431679771,,
W4229026800,Dr Jonathan Chun Hong Ng,,U.S. Department of Energy,,G881874190,KINETIC CHARACTERIZATION OF 3D MAGNETIC RECONNECTION: A TRANSFORMATIVE STEP,
W4200191074,Dr Jonathan Chun Hong Ng,,National Aeronautics and Space Administration,,G1359114879,,
W4200191074,Dr Jonathan Chun Hong Ng,,National Aeronautics and Space Administration,,G1389864094,,
W4200191074,Dr Jonathan Chun Hong Ng,,National Aeronautics and Space Administration,,G2628342255,,
W4200191074,Dr Jonathan Chun Hong Ng,,National Science Foundation,,G3232756464,,
W4200191074,Dr Jonathan Chun Hong Ng,,National Aeronautics and Space Administration,,G3560396921,,
W4200191074,Dr Jonathan Chun Hong Ng,,National Aeronautics and Space Administration,,G4201635079,,
W4200191074,Dr Jonathan Chun Hong Ng,,National Aeronautics and Space Administration,,G6186347625,,
W4200191074,Dr Jonathan Chun Hong Ng,,National Aeronautics and Space Administration,,G6770359845,,
W4200191074,Dr Jonathan Chun Hong Ng,,National Science Foundation,,G6957858887,,
W4200191074,Dr Jonathan Chun Hong Ng,,National Science Foundation,,G7012751166,,
W4200191074,Dr Jonathan Chun Hong Ng,,Air Force Research Laboratory,,G7313904044,,
W4200191074,Dr Jonathan Chun Hong Ng,,National Aeronautics and Space Administration,,G7930785884,,
W4200191074,Dr Jonathan Chun Hong Ng,,National Aeronautics and Space Administration,,G8764478036,,
W3133042521,Dr Jonathan Chun Hong Ng,,National Aeronautics and Space Administration,,G1037062698,SCIENCE GOALS AND OBJECTIVES MAGNETOSHEATH HIGH-SPEED JETS (HSJS) - DYNAMIC PRESSURE ENHANCEMENTS TYPICALLY OF ~1 EARTH RADIUS IN SIZE - ARE THE MOST COMMON DAYSIDE TRANSIENT. THEY IMPACT THE MAGNETOPAUSE MANY TIMES PER HOUR  ESPECIALLY DURING INTERVALS OF LOW INTERPLANETARY MAGNETIC FIELD CONE-ANGLE. EMERGING FROM KINETIC PROCESSES AT THE QUASI-PARALLEL BOW SHOCK  THE JETS ARE IMPORTANT MEDIATORS OF CROSS-SCALE COUPLING. UPON IMPACT THEY CAUSE MAGNETOPAUSE INDENTATIONS  AND CAN COUPLE TO GLOBAL DYNAMICS BY DRIVING MAGNETOSPHERIC WAVES AND BY AFFECTING SUBSOLAR MAGNETOPAUSE RECONNECTION. ADDITIONALLY  HSJS STIR MAGNETOSHEATH TURBULENCE. STRONG GRADIENTS AT JET BOUNDARIES RESULT IN SHOCK-LIKE STRUCTURES AND THIN CURRENT SHEETS CONDUCIVE OF RECONNECTION  MAKING THEM POSSIBLE SITES OF PARTICLE ACCELERATION. SUCH THERMALIZATION CAN PRECONDITION THE MAGNETOSHEATH BEFORE IT MEETS THE MAGNETOPAUSE. PREVIOUS OBSERVATIONS HAVE PROVIDED INSIGHT INTO THE HSJ PROPERTIES. TWO-DIMENSIONAL (2D) HYBRID SIMULATIONS HAVE DEMONSTRATED THE FORMATION OF JETS DOWNSTREAM OF THE QUASI-PARALLEL SHOCK USING STABLE SOLAR WIND INPUTS. HOWEVER  KEY AREAS REMAIN POORLY UNDERSTOOD. WE NEED TO KNOW THE 3D TOPOLOGY OF THE MAGNETIC FIELD  FLOWS  AND THE JETS THEMSELVES AS IT DETERMINES HOW THEY INTERACT WITH THE MAGNETOPAUSE. THE MICRO-INSTABILITIES AND PARTICLE DYNAMICS TAKING PLACE AT HSJ BOUNDARIES ARE LARGELY UNEXPLORED. IT IS ALSO UNCLEAR HOW SOLAR WIND TURBULENCE CHANGES THE HSJ OCCURRENCE AND PROPERTIES BY AFFECTING THE SURROUNDING MAGNETOSHEATH AND THE GENERATING PROCESSES AT THE BOW SHOCK. THESE QUESTIONS CAN ONLY BE ADDRESSED WITH A COMBINATION OF MULTI-POINT DATA ANALYSIS AND 3D KINETIC MODELING. DUE TO THE AVAILABILITY OF SUCH DATA FROM RECENT SPACECRAFT FLEETS AND THE COMING OF AGE OF 3D HYBRID AND KINETIC MODELS AND COMPUTATIONAL RESOURCES  FOR THE FIRST TIME WE CAN MAKE SIGNIFICANT STRIDES IN THIS AREA. OUR OBJECTIVE IS TO STUDY THE ROLE OF HSJS IN DAYSIDE DYNAMICS FROM MICROSCOPIC TO GLOBAL SCALES. WE PROPOSE TO ADDRESS THE FOLLOWING SCIENCE QUESTIONS: 1) WHAT IS THE 3D TOPOLOGY OF THE MAGNETIC FIELD AND FLOWS RELATED TO HSJS? HOW DOES THIS TOPOLOGY AFFECT THE JET EVOLUTION AND INTERACTION WITH THE MAGNETOPAUSE? 2) DO JETS DRIVE SIGNIFICANT TURBULENCE  RECONNECTION  AND PARTICLE ACCELERATION WITHIN THE MAGNETOSHEATH? WHAT IS THEIR CONTRIBUTION TO MAGNETOSHEATH HEATING? 3) HOW DOES INPUT SOLAR WIND TURBULENCE CHANGE HSJ OCCURRENCE AND PROPERTIES? WHAT ARE THE RELATIVE CONTRIBUTIONS OF THE TRANSMITTED TURBULENCE AND HSJ-DRIVEN TURBULENCE TO MAGNETOSHEATH PROPERTIES? METHODS WE WILL RUN GLOBAL HYBRID SIMULATIONS  AS WELL AS LOCAL HYBRID AND FULL PARTICLE-IN-CELL SIMULATIONS OF A SHOCK IN A BOX AND/OR JETS IMPOSED ON A BACKGROUND FLOW. WE WILL USE A THEMIS DATASET OF ~3000 HSJS (~660 SEEN SIMULTANEOUSLY BY AT LEAST TWO PROBES) AND THEIR OMNI SOLAR WIND CONDITIONS  AND MULTI-SPACECRAFT CASE EVENTS FROM DIFFERENT THEMIS CONFIGURATIONS AND MMS OBSERVATIONS. WE WILL 1) ANALYZE THE JET TOPOLOGY AND EVOLUTION IN SIMULATIONS  VARYING THE PLANETARY DIPOLE STRENGTH TO QUANTIFY THE EFFECTS OF SYSTEM SIZE. COMPARE WITH MULTI-POINT OBSERVATIONS. 2) ANALYZE JET BOUNDARY LAYERS IN SIMULATIONS. COMPARE WITH MMS CASE OBSERVATIONS AND ~400 SUPERMAGNETOSONIC THEMIS HSJS. 3) SIMULATE DIFFERENT LEVELS OF INPUT TURBULENCE. COMPARE WITH HSJ OBSERVATIONS DURING CORONAL MASS EJECTION SHEATH (HIGH LEVEL) AND EJECTA (LOW LEVEL) INTERVALS. RELEVANCE TO DECADAL SURVEY GOALS THE PROPOSED WORK IS RELEVANT TO ALL FOUR GOALS. THE FINDINGS WILL HELP PREDICT CHANGES IN THE SPACE ENVIRONMENT (GOAL 1)  BY INCREASED UNDERSTANDING OF THE ROLE OF DAYSIDE TRANSIENTS IN GLOBAL COUPLING (GOAL 2). SAME PROCESSES ARE EXPECTED AT OTHER SHOCKS IN THE HELIOSPHERE WHEN THE SUN INTERACTS WITH THE SOLAR SYSTEM (GOAL 3). THE INVESTIGATION CONNECTS SHOCKS  TURBULENCE  AND RECONNECTION - FUNDAMENTAL PROCESSES OCCURRING ACROSS THE UNIVERSE (GOAL 4).,
W3133042521,Dr Jonathan Chun Hong Ng,,National Science Foundation,,G1448048428,Leadership Class Scientific and Engineering Computing: Breaking Through the Limits,
W3133042521,Dr Jonathan Chun Hong Ng,,National Aeronautics and Space Administration,,G2512715933,,
W3133042521,Dr Jonathan Chun Hong Ng,,National Aeronautics and Space Administration,,G3714573060,,
W3133042521,Dr Jonathan Chun Hong Ng,,National Aeronautics and Space Administration,,G3951370523,,
W3133042521,Dr Jonathan Chun Hong Ng,,National Science Foundation,,G4911334988,Sustained-Petascale In Action: Blue Waters Enabling Transformative Science And Engineering,
W3133042521,Dr Jonathan Chun Hong Ng,,University of Illinois at Urbana-Champaign,,G5367696895,,
W3133042521,Dr Jonathan Chun Hong Ng,,National Science Foundation,,G6130078658,,
W3133042521,Dr Jonathan Chun Hong Ng,,National Science Foundation,,G7492934457,,
W3133042521,Dr Jonathan Chun Hong Ng,,National Science Foundation,,G8082577388,,
W3133042521,Dr Jonathan Chun Hong Ng,,National Science Foundation,,G8110171763,Dissipation and Kinetic Physics of Astrophysical Turbulence,
W3133042521,Dr Jonathan Chun Hong Ng,,University of Illinois at Urbana-Champaign,,G8324313409,,
W4225401186,Dr Jonathan Chun Hong Ng,,National Science Foundation,,G1027631106,,
W4225401186,Dr Jonathan Chun Hong Ng,,Goddard Space Flight Center,,G1972032285,,
W4225401186,Dr Jonathan Chun Hong Ng,,Division of Atmospheric and Geospace Sciences,,G21776479,,
W4225401186,Dr Jonathan Chun Hong Ng,,National Science Foundation,,G2211295890,Generation and Evolution of Magnetic Pulsations in the Terrestrial Foreshock Region,
W4225401186,Dr Jonathan Chun Hong Ng,,National Science Foundation,,G3837411109,,
W4225401186,Dr Jonathan Chun Hong Ng,,Office of Science,,G5315419777,KINETIC CHARACTERIZATION OF 3D MAGNETIC RECONNECTION: A TRANSFORMATIVE STEP,
W4225401186,Dr Jonathan Chun Hong Ng,,National Aeronautics and Space Administration,,G5537291767,MAGNETIC RECONNECTION IS AN IMPORTANT PROCESS IN PLASMA PHYSICS  WHERE SIGNIFICANT ELECTROMAGNETIC FIELD ENERGY IS DISSIPATED TO ENERGIZE PLASMAS. IN PARTICULAR  THE ION THERMAL ENERGY IS SHOWN TO BE THE DOMINANT FORM TO DISSIPATE STORED MAGNETIC ENERGIES. THE CURRENT UNDERSTANDING OF ION HEATING IS MAINLY BASED ON THE INCREASE OF EFFECTIVE TEMPERATURES IN SIMPLIFIED OR 2D LAMINAR RECONNECTION STRUCTURES. THE ACTUAL PROCESS OF ION HEATING FROM THE RECONNECTION INFLOW TO OUTFLOW REGIONS REMAINS AN IMPORTANT OPEN QUESTION PRIMARILY DUE TO THE LACK OF DISTRIBUTION FUNCTION MEASUREMENTS THAT CAN RESOLVE THE EVOLUTION OF ALL POPULATIONS. THE HIGH RESOLUTION PARTICLE MEASUREMENTS BY MMS WILL ENABLE SIGNIFICANT PROGRESS ON THE ION HEATING PROBLEM. WE PROPOSE TO INVESTIGATE ION HEATING IN THE DIFFUSION REGION AND COMPARE IT WITH THE HEATING IN THE FAR EXHAUST. THE OBJECTIVES INCLUDE DETERMINING (1) HEATING OF INDIVIDUAL POPULATIONS IN STRUCTURED DISTRIBUTIONS BY (A) SPATIAL GRADIENTS OF MAGNETIC AND ELECTRIC FIELDS  AND (B) WAVES; (2) EFFECTS OF 3D CURRENT SHEET DYNAMICS  SUCH AS CURRENT SHEET RIPPLING  ON HEATING; (3) HEATING DUE TO ACCELERATION AND THERMALIZATION DURING THE MEANDERING MOTION IN RECONNECTING CURRENT SHEETS. THE PROPOSED STUDY WILL BE BASED ON ANALYSIS OF MMS DATA. THE MMS PHASE 2B DATA (5/4/2017-8/31/2017) WILL BE USED FOR THE PROPOSED RESEARCH. A PRELIMINARY DATABASE OF MORE THAN 70 RECONNECTION EVENTS HAS BEEN CREATED TO ENSURE CLOSURE OF THE PROPOSED PROJECT. THE HEATING PROCESS WILL BE INVESTIGATED BY EXAMINING THE DISTRIBUTION EVOLUTION ALONG WITH THE STRUCTURES OF ELECTRIC AND MAGNETIC FIELDS AND WAVES. WE WILL QUANTIFY THE AMOUNT OF HEATING BY EXTRACTING THE TEMPERATURES OF INDIVIDUAL POPULATIONS. WE WILL CALCULATE GRADIENT SCALES OF ELECTRIC AND MAGNETIC FIELDS  ANALYZE WAVE-PARTICLE INTERACTION  AND USE ELECTRON AND ELECTROMAGNETIC FIELD DATA IN CONJUNCTION WITH THE ION DISTRIBUTIONS TO INFER THE RECONNECTION STRUCTURE (E.G.  SUB-REGIONS) AND 3D CURRENT SHEET ORIENTATIONS. WE WILL STUDY THE ION HEATING IN SIMULATIONS BY ANALYZING DISTRIBUTIONS AND PERFORMING TEST-PARTICLE ANALYSIS TO GUIDE THE INTERPRETATIONS OF MMS OBSERVATIONS. THE PROPOSED RESEARCH IS EXPECTED TO ADVANCE KNOWLEDGE OF MAGNETIC RECONNECTION  ION ENERGIZATION IN PARTICULAR  WHICH IS DIRECTLY RELEVANT TO THE PRIMARY SCIENCE GOAL OF MMS. THE STUDY IS HIGHLY RELEVANT TO THE DECADAL SURVEY GOALS AS IT HELPS UNDERSTAND RECONNECTION (1) AS A FUNDAMENTAL PROCESS THAT OCCURS THROUGHOUT THE UNIVERSE  AND (2) AS A KEY PROCESS THAT AFFECTS THE COUPLING BETWEEN THE SOLAR WIND AND THE EARTHS MAGNETOSPHERE AND IONOSPHERE.,
W4225401186,Dr Jonathan Chun Hong Ng,,National Aeronautics and Space Administration,,G7845743681,,
W4225401186,Dr Jonathan Chun Hong Ng,,Astrophysics Science Division,,G7903667101,,
W4225401186,Dr Jonathan Chun Hong Ng,,U.S. Department of Energy,,G881874190,KINETIC CHARACTERIZATION OF 3D MAGNETIC RECONNECTION: A TRANSFORMATIVE STEP,
W4393930488,Dr Jonathan Chun Hong Ng,,National Aeronautics and Space Administration,,G1228214836,,
W4393930488,Dr Jonathan Chun Hong Ng,,National Aeronautics and Space Administration,,G3377576739,,
W4393930488,Dr Jonathan Chun Hong Ng,,National Aeronautics and Space Administration,,G4388203130,,
W4393930488,Dr Jonathan Chun Hong Ng,,National Aeronautics and Space Administration,,G5837081247,,
W4393930488,Dr Jonathan Chun Hong Ng,,U.S. Department of Energy,,G7146671352,,
W4393930488,Dr Jonathan Chun Hong Ng,,National Aeronautics and Space Administration,,G7845743681,,
W3182696940,Dr Jonathan Chun Hong Ng,,Goddard Space Flight Center,,G1972032285,,
W3182696940,Dr Jonathan Chun Hong Ng,,National Science Foundation,,G2211295890,Generation and Evolution of Magnetic Pulsations in the Terrestrial Foreshock Region,
W3182696940,Dr Jonathan Chun Hong Ng,,National Science Foundation,,G3837411109,,
W3182696940,Dr Jonathan Chun Hong Ng,,Division of Atmospheric and Geospace Sciences,,G4443820471,,
W3182696940,Dr Jonathan Chun Hong Ng,,National Aeronautics and Space Administration,,G5537291767,MAGNETIC RECONNECTION IS AN IMPORTANT PROCESS IN PLASMA PHYSICS  WHERE SIGNIFICANT ELECTROMAGNETIC FIELD ENERGY IS DISSIPATED TO ENERGIZE PLASMAS. IN PARTICULAR  THE ION THERMAL ENERGY IS SHOWN TO BE THE DOMINANT FORM TO DISSIPATE STORED MAGNETIC ENERGIES. THE CURRENT UNDERSTANDING OF ION HEATING IS MAINLY BASED ON THE INCREASE OF EFFECTIVE TEMPERATURES IN SIMPLIFIED OR 2D LAMINAR RECONNECTION STRUCTURES. THE ACTUAL PROCESS OF ION HEATING FROM THE RECONNECTION INFLOW TO OUTFLOW REGIONS REMAINS AN IMPORTANT OPEN QUESTION PRIMARILY DUE TO THE LACK OF DISTRIBUTION FUNCTION MEASUREMENTS THAT CAN RESOLVE THE EVOLUTION OF ALL POPULATIONS. THE HIGH RESOLUTION PARTICLE MEASUREMENTS BY MMS WILL ENABLE SIGNIFICANT PROGRESS ON THE ION HEATING PROBLEM. WE PROPOSE TO INVESTIGATE ION HEATING IN THE DIFFUSION REGION AND COMPARE IT WITH THE HEATING IN THE FAR EXHAUST. THE OBJECTIVES INCLUDE DETERMINING (1) HEATING OF INDIVIDUAL POPULATIONS IN STRUCTURED DISTRIBUTIONS BY (A) SPATIAL GRADIENTS OF MAGNETIC AND ELECTRIC FIELDS  AND (B) WAVES; (2) EFFECTS OF 3D CURRENT SHEET DYNAMICS  SUCH AS CURRENT SHEET RIPPLING  ON HEATING; (3) HEATING DUE TO ACCELERATION AND THERMALIZATION DURING THE MEANDERING MOTION IN RECONNECTING CURRENT SHEETS. THE PROPOSED STUDY WILL BE BASED ON ANALYSIS OF MMS DATA. THE MMS PHASE 2B DATA (5/4/2017-8/31/2017) WILL BE USED FOR THE PROPOSED RESEARCH. A PRELIMINARY DATABASE OF MORE THAN 70 RECONNECTION EVENTS HAS BEEN CREATED TO ENSURE CLOSURE OF THE PROPOSED PROJECT. THE HEATING PROCESS WILL BE INVESTIGATED BY EXAMINING THE DISTRIBUTION EVOLUTION ALONG WITH THE STRUCTURES OF ELECTRIC AND MAGNETIC FIELDS AND WAVES. WE WILL QUANTIFY THE AMOUNT OF HEATING BY EXTRACTING THE TEMPERATURES OF INDIVIDUAL POPULATIONS. WE WILL CALCULATE GRADIENT SCALES OF ELECTRIC AND MAGNETIC FIELDS  ANALYZE WAVE-PARTICLE INTERACTION  AND USE ELECTRON AND ELECTROMAGNETIC FIELD DATA IN CONJUNCTION WITH THE ION DISTRIBUTIONS TO INFER THE RECONNECTION STRUCTURE (E.G.  SUB-REGIONS) AND 3D CURRENT SHEET ORIENTATIONS. WE WILL STUDY THE ION HEATING IN SIMULATIONS BY ANALYZING DISTRIBUTIONS AND PERFORMING TEST-PARTICLE ANALYSIS TO GUIDE THE INTERPRETATIONS OF MMS OBSERVATIONS. THE PROPOSED RESEARCH IS EXPECTED TO ADVANCE KNOWLEDGE OF MAGNETIC RECONNECTION  ION ENERGIZATION IN PARTICULAR  WHICH IS DIRECTLY RELEVANT TO THE PRIMARY SCIENCE GOAL OF MMS. THE STUDY IS HIGHLY RELEVANT TO THE DECADAL SURVEY GOALS AS IT HELPS UNDERSTAND RECONNECTION (1) AS A FUNDAMENTAL PROCESS THAT OCCURS THROUGHOUT THE UNIVERSE  AND (2) AS A KEY PROCESS THAT AFFECTS THE COUPLING BETWEEN THE SOLAR WIND AND THE EARTHS MAGNETOSPHERE AND IONOSPHERE.,
W3182696940,Dr Jonathan Chun Hong Ng,,U.S. Department of Energy,,G881874190,KINETIC CHARACTERIZATION OF 3D MAGNETIC RECONNECTION: A TRANSFORMATIVE STEP,
W4386031126,Dr Jonathan Chun Hong Ng,,Royal Society,,G3957651564,,
W4386031126,Dr Jonathan Chun Hong Ng,,National Aeronautics and Space Administration,,G412581492,,
W4386031126,Dr Jonathan Chun Hong Ng,,National Aeronautics and Space Administration,,G5537291767,MAGNETIC RECONNECTION IS AN IMPORTANT PROCESS IN PLASMA PHYSICS  WHERE SIGNIFICANT ELECTROMAGNETIC FIELD ENERGY IS DISSIPATED TO ENERGIZE PLASMAS. IN PARTICULAR  THE ION THERMAL ENERGY IS SHOWN TO BE THE DOMINANT FORM TO DISSIPATE STORED MAGNETIC ENERGIES. THE CURRENT UNDERSTANDING OF ION HEATING IS MAINLY BASED ON THE INCREASE OF EFFECTIVE TEMPERATURES IN SIMPLIFIED OR 2D LAMINAR RECONNECTION STRUCTURES. THE ACTUAL PROCESS OF ION HEATING FROM THE RECONNECTION INFLOW TO OUTFLOW REGIONS REMAINS AN IMPORTANT OPEN QUESTION PRIMARILY DUE TO THE LACK OF DISTRIBUTION FUNCTION MEASUREMENTS THAT CAN RESOLVE THE EVOLUTION OF ALL POPULATIONS. THE HIGH RESOLUTION PARTICLE MEASUREMENTS BY MMS WILL ENABLE SIGNIFICANT PROGRESS ON THE ION HEATING PROBLEM. WE PROPOSE TO INVESTIGATE ION HEATING IN THE DIFFUSION REGION AND COMPARE IT WITH THE HEATING IN THE FAR EXHAUST. THE OBJECTIVES INCLUDE DETERMINING (1) HEATING OF INDIVIDUAL POPULATIONS IN STRUCTURED DISTRIBUTIONS BY (A) SPATIAL GRADIENTS OF MAGNETIC AND ELECTRIC FIELDS  AND (B) WAVES; (2) EFFECTS OF 3D CURRENT SHEET DYNAMICS  SUCH AS CURRENT SHEET RIPPLING  ON HEATING; (3) HEATING DUE TO ACCELERATION AND THERMALIZATION DURING THE MEANDERING MOTION IN RECONNECTING CURRENT SHEETS. THE PROPOSED STUDY WILL BE BASED ON ANALYSIS OF MMS DATA. THE MMS PHASE 2B DATA (5/4/2017-8/31/2017) WILL BE USED FOR THE PROPOSED RESEARCH. A PRELIMINARY DATABASE OF MORE THAN 70 RECONNECTION EVENTS HAS BEEN CREATED TO ENSURE CLOSURE OF THE PROPOSED PROJECT. THE HEATING PROCESS WILL BE INVESTIGATED BY EXAMINING THE DISTRIBUTION EVOLUTION ALONG WITH THE STRUCTURES OF ELECTRIC AND MAGNETIC FIELDS AND WAVES. WE WILL QUANTIFY THE AMOUNT OF HEATING BY EXTRACTING THE TEMPERATURES OF INDIVIDUAL POPULATIONS. WE WILL CALCULATE GRADIENT SCALES OF ELECTRIC AND MAGNETIC FIELDS  ANALYZE WAVE-PARTICLE INTERACTION  AND USE ELECTRON AND ELECTROMAGNETIC FIELD DATA IN CONJUNCTION WITH THE ION DISTRIBUTIONS TO INFER THE RECONNECTION STRUCTURE (E.G.  SUB-REGIONS) AND 3D CURRENT SHEET ORIENTATIONS. WE WILL STUDY THE ION HEATING IN SIMULATIONS BY ANALYZING DISTRIBUTIONS AND PERFORMING TEST-PARTICLE ANALYSIS TO GUIDE THE INTERPRETATIONS OF MMS OBSERVATIONS. THE PROPOSED RESEARCH IS EXPECTED TO ADVANCE KNOWLEDGE OF MAGNETIC RECONNECTION  ION ENERGIZATION IN PARTICULAR  WHICH IS DIRECTLY RELEVANT TO THE PRIMARY SCIENCE GOAL OF MMS. THE STUDY IS HIGHLY RELEVANT TO THE DECADAL SURVEY GOALS AS IT HELPS UNDERSTAND RECONNECTION (1) AS A FUNDAMENTAL PROCESS THAT OCCURS THROUGHOUT THE UNIVERSE  AND (2) AS A KEY PROCESS THAT AFFECTS THE COUPLING BETWEEN THE SOLAR WIND AND THE EARTHS MAGNETOSPHERE AND IONOSPHERE.,
W4328132497,Dr Jonathan Chun Hong Ng,,Goddard Space Flight Center,,G3778950402,,
W4328132497,Dr Jonathan Chun Hong Ng,,Royal Society,,G3957651564,,
W4328132497,Dr Jonathan Chun Hong Ng,,National Science Foundation,,G5801735203,Magnetic Reconnection in Kinetic Turbulent Plasmas,
W4328132497,Dr Jonathan Chun Hong Ng,,Goddard Space Flight Center,,G5956407473,,
W4328132497,Dr Jonathan Chun Hong Ng,,National Science Foundation,,G7269060598,,
W4328132497,Dr Jonathan Chun Hong Ng,,National Aeronautics and Space Administration,,G8542262159,,
W4328132497,Dr Jonathan Chun Hong Ng,,National Aeronautics and Space Administration,,G8832690819,,
W4405911547,Dr Jonathan Chun Hong Ng,,National Aeronautics and Space Administration,,G1689879429,,
W4405911547,Dr Jonathan Chun Hong Ng,,National Aeronautics and Space Administration,,G5837081247,,
W4405911547,Dr Jonathan Chun Hong Ng,,National Aeronautics and Space Administration,,G7845743681,,
W4405911547,Dr Jonathan Chun Hong Ng,,National Aeronautics and Space Administration,,G8693481082,,
W4405911547,Dr Jonathan Chun Hong Ng,,National Science Foundation,,G876493873,,
W4411605921,Dr Jonathan Chun Hong Ng,,Heliophysics Division,,G1967202129,,
W4411605921,Dr Jonathan Chun Hong Ng,,Heliophysics Division,,G3972558146,,
W4411605921,Dr Jonathan Chun Hong Ng,,Heliophysics Division,,G4329482970,,
W4411605921,Dr Jonathan Chun Hong Ng,,Fusion Energy Sciences,,G4804534507,,
W4411605921,Dr Jonathan Chun Hong Ng,,Heliophysics Division,,G6473335309,,
W4411605921,Dr Jonathan Chun Hong Ng,,Heliophysics Division,,G7161834835,,
W2887083314,Dr Jonathan Chun Hong Ng,,U.S. Department of Energy,,G2068646913,,
W2887083314,Dr Jonathan Chun Hong Ng,,National Science Foundation,,G2438538179,,
W2887083314,Dr Jonathan Chun Hong Ng,,National Science Foundation,,G4608729152,Collaborative Research:  Integration of Extended Magnetohydrodynamic (MHD) and Kinetic Effects in Global Magnetosphere Models,
W2887083314,Dr Jonathan Chun Hong Ng,,U.S. Department of Energy,,G4896746546,,
W2887083314,Dr Jonathan Chun Hong Ng,,National Science Foundation,,G586700770,,
W2887083314,Dr Jonathan Chun Hong Ng,,U.S. Department of Energy,,G6558272803,,
W2887083314,Dr Jonathan Chun Hong Ng,,U.S. Department of Energy,,G969889393,,
W3098934226,Dr Jonathan Chun Hong Ng,,National Science Foundation,,G1027631106,,
W3098934226,Dr Jonathan Chun Hong Ng,,Goddard Space Flight Center,,G1972032285,,
W3098934226,Dr Jonathan Chun Hong Ng,,Division of Atmospheric and Geospace Sciences,,G21776479,,
W3098934226,Dr Jonathan Chun Hong Ng,,National Science Foundation,,G2211295890,Generation and Evolution of Magnetic Pulsations in the Terrestrial Foreshock Region,
W3098934226,Dr Jonathan Chun Hong Ng,,Office of Science,,G349246015,"COLLABORATIVE RESEARCH: VLASOV-MAXWELL SIMULATIONS TO RESOLVE ELECTRON HEATING AND DISSIPATION, IN QUASI-PERPENDICULAR SHOCKS",
W3098934226,Dr Jonathan Chun Hong Ng,,National Science Foundation,,G3837411109,,
W3098934226,Dr Jonathan Chun Hong Ng,,National Science Foundation,,G5078600987,,
W3098934226,Dr Jonathan Chun Hong Ng,,Division of Atmospheric and Geospace Sciences,,G5306984082,,
W3098934226,Dr Jonathan Chun Hong Ng,,Office of Science,,G5315419777,KINETIC CHARACTERIZATION OF 3D MAGNETIC RECONNECTION: A TRANSFORMATIVE STEP,
W3098934226,Dr Jonathan Chun Hong Ng,,National Aeronautics and Space Administration,,G5537291767,MAGNETIC RECONNECTION IS AN IMPORTANT PROCESS IN PLASMA PHYSICS  WHERE SIGNIFICANT ELECTROMAGNETIC FIELD ENERGY IS DISSIPATED TO ENERGIZE PLASMAS. IN PARTICULAR  THE ION THERMAL ENERGY IS SHOWN TO BE THE DOMINANT FORM TO DISSIPATE STORED MAGNETIC ENERGIES. THE CURRENT UNDERSTANDING OF ION HEATING IS MAINLY BASED ON THE INCREASE OF EFFECTIVE TEMPERATURES IN SIMPLIFIED OR 2D LAMINAR RECONNECTION STRUCTURES. THE ACTUAL PROCESS OF ION HEATING FROM THE RECONNECTION INFLOW TO OUTFLOW REGIONS REMAINS AN IMPORTANT OPEN QUESTION PRIMARILY DUE TO THE LACK OF DISTRIBUTION FUNCTION MEASUREMENTS THAT CAN RESOLVE THE EVOLUTION OF ALL POPULATIONS. THE HIGH RESOLUTION PARTICLE MEASUREMENTS BY MMS WILL ENABLE SIGNIFICANT PROGRESS ON THE ION HEATING PROBLEM. WE PROPOSE TO INVESTIGATE ION HEATING IN THE DIFFUSION REGION AND COMPARE IT WITH THE HEATING IN THE FAR EXHAUST. THE OBJECTIVES INCLUDE DETERMINING (1) HEATING OF INDIVIDUAL POPULATIONS IN STRUCTURED DISTRIBUTIONS BY (A) SPATIAL GRADIENTS OF MAGNETIC AND ELECTRIC FIELDS  AND (B) WAVES; (2) EFFECTS OF 3D CURRENT SHEET DYNAMICS  SUCH AS CURRENT SHEET RIPPLING  ON HEATING; (3) HEATING DUE TO ACCELERATION AND THERMALIZATION DURING THE MEANDERING MOTION IN RECONNECTING CURRENT SHEETS. THE PROPOSED STUDY WILL BE BASED ON ANALYSIS OF MMS DATA. THE MMS PHASE 2B DATA (5/4/2017-8/31/2017) WILL BE USED FOR THE PROPOSED RESEARCH. A PRELIMINARY DATABASE OF MORE THAN 70 RECONNECTION EVENTS HAS BEEN CREATED TO ENSURE CLOSURE OF THE PROPOSED PROJECT. THE HEATING PROCESS WILL BE INVESTIGATED BY EXAMINING THE DISTRIBUTION EVOLUTION ALONG WITH THE STRUCTURES OF ELECTRIC AND MAGNETIC FIELDS AND WAVES. WE WILL QUANTIFY THE AMOUNT OF HEATING BY EXTRACTING THE TEMPERATURES OF INDIVIDUAL POPULATIONS. WE WILL CALCULATE GRADIENT SCALES OF ELECTRIC AND MAGNETIC FIELDS  ANALYZE WAVE-PARTICLE INTERACTION  AND USE ELECTRON AND ELECTROMAGNETIC FIELD DATA IN CONJUNCTION WITH THE ION DISTRIBUTIONS TO INFER THE RECONNECTION STRUCTURE (E.G.  SUB-REGIONS) AND 3D CURRENT SHEET ORIENTATIONS. WE WILL STUDY THE ION HEATING IN SIMULATIONS BY ANALYZING DISTRIBUTIONS AND PERFORMING TEST-PARTICLE ANALYSIS TO GUIDE THE INTERPRETATIONS OF MMS OBSERVATIONS. THE PROPOSED RESEARCH IS EXPECTED TO ADVANCE KNOWLEDGE OF MAGNETIC RECONNECTION  ION ENERGIZATION IN PARTICULAR  WHICH IS DIRECTLY RELEVANT TO THE PRIMARY SCIENCE GOAL OF MMS. THE STUDY IS HIGHLY RELEVANT TO THE DECADAL SURVEY GOALS AS IT HELPS UNDERSTAND RECONNECTION (1) AS A FUNDAMENTAL PROCESS THAT OCCURS THROUGHOUT THE UNIVERSE  AND (2) AS A KEY PROCESS THAT AFFECTS THE COUPLING BETWEEN THE SOLAR WIND AND THE EARTHS MAGNETOSPHERE AND IONOSPHERE.,
W3098934226,Dr Jonathan Chun Hong Ng,,U.S. Department of Energy,,G6255744327,"COLLABORATIVE RESEARCH: VLASOV-MAXWELL SIMULATIONS TO RESOLVE ELECTRON HEATING AND DISSIPATION, IN QUASI-PERPENDICULAR SHOCKS",
W3098934226,Dr Jonathan Chun Hong Ng,,U.S. Department of Energy,,G881874190,KINETIC CHARACTERIZATION OF 3D MAGNETIC RECONNECTION: A TRANSFORMATIVE STEP,
W3188983241,Dr Jonathan Chun Hong Ng,,Goddard Space Flight Center,,G1972032285,,
W3188983241,Dr Jonathan Chun Hong Ng,,Division of Atmospheric and Geospace Sciences,,G3707081907,,
W3188983241,Dr Jonathan Chun Hong Ng,,Division of Atmospheric and Geospace Sciences,,G4443820471,,
W3188983241,Dr Jonathan Chun Hong Ng,,U.S. Department of Energy,,G6255744327,"COLLABORATIVE RESEARCH: VLASOV-MAXWELL SIMULATIONS TO RESOLVE ELECTRON HEATING AND DISSIPATION, IN QUASI-PERPENDICULAR SHOCKS",
W3188983241,Dr Jonathan Chun Hong Ng,,Goddard Space Flight Center,,G8402977677,,
W3188983241,Dr Jonathan Chun Hong Ng,,U.S. Department of Energy,,G881874190,KINETIC CHARACTERIZATION OF 3D MAGNETIC RECONNECTION: A TRANSFORMATIVE STEP,
W4362587197,Dr Jonathan Chun Hong Ng,,National Aeronautics and Space Administration,,G1228214836,,
W4362587197,Dr Jonathan Chun Hong Ng,,National Aeronautics and Space Administration,,G5837081247,,
W4362587197,Dr Jonathan Chun Hong Ng,,National Aeronautics and Space Administration,,G7845743681,,
W3099493685,Dr Jonathan Chun Hong Ng,,National Science Foundation,,G3837411109,,
W3099493685,Dr Jonathan Chun Hong Ng,,National Science Foundation,,G5078600987,,
W3099493685,Dr Jonathan Chun Hong Ng,,National Aeronautics and Space Administration,,G5537291767,MAGNETIC RECONNECTION IS AN IMPORTANT PROCESS IN PLASMA PHYSICS  WHERE SIGNIFICANT ELECTROMAGNETIC FIELD ENERGY IS DISSIPATED TO ENERGIZE PLASMAS. IN PARTICULAR  THE ION THERMAL ENERGY IS SHOWN TO BE THE DOMINANT FORM TO DISSIPATE STORED MAGNETIC ENERGIES. THE CURRENT UNDERSTANDING OF ION HEATING IS MAINLY BASED ON THE INCREASE OF EFFECTIVE TEMPERATURES IN SIMPLIFIED OR 2D LAMINAR RECONNECTION STRUCTURES. THE ACTUAL PROCESS OF ION HEATING FROM THE RECONNECTION INFLOW TO OUTFLOW REGIONS REMAINS AN IMPORTANT OPEN QUESTION PRIMARILY DUE TO THE LACK OF DISTRIBUTION FUNCTION MEASUREMENTS THAT CAN RESOLVE THE EVOLUTION OF ALL POPULATIONS. THE HIGH RESOLUTION PARTICLE MEASUREMENTS BY MMS WILL ENABLE SIGNIFICANT PROGRESS ON THE ION HEATING PROBLEM. WE PROPOSE TO INVESTIGATE ION HEATING IN THE DIFFUSION REGION AND COMPARE IT WITH THE HEATING IN THE FAR EXHAUST. THE OBJECTIVES INCLUDE DETERMINING (1) HEATING OF INDIVIDUAL POPULATIONS IN STRUCTURED DISTRIBUTIONS BY (A) SPATIAL GRADIENTS OF MAGNETIC AND ELECTRIC FIELDS  AND (B) WAVES; (2) EFFECTS OF 3D CURRENT SHEET DYNAMICS  SUCH AS CURRENT SHEET RIPPLING  ON HEATING; (3) HEATING DUE TO ACCELERATION AND THERMALIZATION DURING THE MEANDERING MOTION IN RECONNECTING CURRENT SHEETS. THE PROPOSED STUDY WILL BE BASED ON ANALYSIS OF MMS DATA. THE MMS PHASE 2B DATA (5/4/2017-8/31/2017) WILL BE USED FOR THE PROPOSED RESEARCH. A PRELIMINARY DATABASE OF MORE THAN 70 RECONNECTION EVENTS HAS BEEN CREATED TO ENSURE CLOSURE OF THE PROPOSED PROJECT. THE HEATING PROCESS WILL BE INVESTIGATED BY EXAMINING THE DISTRIBUTION EVOLUTION ALONG WITH THE STRUCTURES OF ELECTRIC AND MAGNETIC FIELDS AND WAVES. WE WILL QUANTIFY THE AMOUNT OF HEATING BY EXTRACTING THE TEMPERATURES OF INDIVIDUAL POPULATIONS. WE WILL CALCULATE GRADIENT SCALES OF ELECTRIC AND MAGNETIC FIELDS  ANALYZE WAVE-PARTICLE INTERACTION  AND USE ELECTRON AND ELECTROMAGNETIC FIELD DATA IN CONJUNCTION WITH THE ION DISTRIBUTIONS TO INFER THE RECONNECTION STRUCTURE (E.G.  SUB-REGIONS) AND 3D CURRENT SHEET ORIENTATIONS. WE WILL STUDY THE ION HEATING IN SIMULATIONS BY ANALYZING DISTRIBUTIONS AND PERFORMING TEST-PARTICLE ANALYSIS TO GUIDE THE INTERPRETATIONS OF MMS OBSERVATIONS. THE PROPOSED RESEARCH IS EXPECTED TO ADVANCE KNOWLEDGE OF MAGNETIC RECONNECTION  ION ENERGIZATION IN PARTICULAR  WHICH IS DIRECTLY RELEVANT TO THE PRIMARY SCIENCE GOAL OF MMS. THE STUDY IS HIGHLY RELEVANT TO THE DECADAL SURVEY GOALS AS IT HELPS UNDERSTAND RECONNECTION (1) AS A FUNDAMENTAL PROCESS THAT OCCURS THROUGHOUT THE UNIVERSE  AND (2) AS A KEY PROCESS THAT AFFECTS THE COUPLING BETWEEN THE SOLAR WIND AND THE EARTHS MAGNETOSPHERE AND IONOSPHERE.,
W3099493685,Dr Jonathan Chun Hong Ng,,National Science Foundation,,G7033223116,,
W3099493685,Dr Jonathan Chun Hong Ng,,National Aeronautics and Space Administration,,G8439830435,,
W3099493685,Dr Jonathan Chun Hong Ng,,U.S. Department of Energy,,G881874190,KINETIC CHARACTERIZATION OF 3D MAGNETIC RECONNECTION: A TRANSFORMATIVE STEP,
W4377088487,Dr Jonathan Chun Hong Ng,,National Aeronautics and Space Administration,,G2899790419,,
W4377088487,Dr Jonathan Chun Hong Ng,,National Aeronautics and Space Administration,,G6039524645,,
W4377088487,Dr Jonathan Chun Hong Ng,,National Aeronautics and Space Administration,,G6431679771,,
W4377088487,Dr Jonathan Chun Hong Ng,,National Science Foundation,,G876493873,,
W4200482273,Dr Jonathan Chun Hong Ng,,U.S. Department of Energy,,G1064783482,,
W4200482273,Dr Jonathan Chun Hong Ng,,Goddard Space Flight Center,,G3778950402,,
W4200482273,Dr Jonathan Chun Hong Ng,,Goddard Space Flight Center,,G4962445854,,
W4200482273,Dr Jonathan Chun Hong Ng,,Goddard Space Flight Center,,G7837359674,,
W4403268190,Dr Jonathan Chun Hong Ng,,U.S. Department of Energy,,G1286236842,,
W4403268190,Dr Jonathan Chun Hong Ng,,National Aeronautics and Space Administration,,G1632040200,,
W4403268190,Dr Jonathan Chun Hong Ng,,National Energy Research Scientific Computing Center,,G1677143136,,
W4403268190,Dr Jonathan Chun Hong Ng,,U.S. Department of Energy,,G3083819904,,
W4403268190,Dr Jonathan Chun Hong Ng,,Office of Science,,G3944918260,,
W4403268190,Dr Jonathan Chun Hong Ng,,Office of Science,,G4501827968,,
W4403268190,Dr Jonathan Chun Hong Ng,,Office of Science,,G4565140552,,
W4403268190,Dr Jonathan Chun Hong Ng,,Office of Science,,G4708935080,,
W4403268190,Dr Jonathan Chun Hong Ng,,Office of Science,,G498139845,,
W4403268190,Dr Jonathan Chun Hong Ng,,National Energy Research Scientific Computing Center,,G5076365615,,
W4403268190,Dr Jonathan Chun Hong Ng,,National Energy Research Scientific Computing Center,,G5614806141,,
W4403268190,Dr Jonathan Chun Hong Ng,,U.S. Department of Energy,,G6348972864,,
W4403268190,Dr Jonathan Chun Hong Ng,,U.S. Department of Energy,,G6558272803,,
W4403268190,Dr Jonathan Chun Hong Ng,,National Energy Research Scientific Computing Center,,G6772166914,,
W4403268190,Dr Jonathan Chun Hong Ng,,National Science Foundation,,G7233692708,,
W4403268190,Dr Jonathan Chun Hong Ng,,National Science Foundation,,G7403250718,,
W4403268190,Dr Jonathan Chun Hong Ng,,National Aeronautics and Space Administration,,G7496395958,,
W4403268190,Dr Jonathan Chun Hong Ng,,U.S. Department of Energy,,G969889393,,
W4405240538,Dr Jonathan Chun Hong Ng,,National Aeronautics and Space Administration,,G2750416160,,
W4306665450,Dr Jonathan Chun Hong Ng,,National Aeronautics and Space Administration,,G2899790419,,
W4306665450,Dr Jonathan Chun Hong Ng,,National Aeronautics and Space Administration,,G412581492,,
W4306665450,Dr Jonathan Chun Hong Ng,,National Aeronautics and Space Administration,,G5837081247,,
W4306665450,Dr Jonathan Chun Hong Ng,,National Aeronautics and Space Administration,,G6431679771,,
W4306665450,Dr Jonathan Chun Hong Ng,,National Science Foundation,,G876493873,,
W4391973336,Dr Jonathan Chun Hong Ng,,National Aeronautics and Space Administration,,G1689879429,,
W4391973336,Dr Jonathan Chun Hong Ng,,National Aeronautics and Space Administration,,G412581492,,
W4391973336,Dr Jonathan Chun Hong Ng,,National Aeronautics and Space Administration,,G6871336836,,
W4391973336,Dr Jonathan Chun Hong Ng,,National Science Foundation,,G876493873,,
W4321458966,Dr Jonathan Chun Hong Ng,,National Aeronautics and Space Administration,,G1380325028,,
W4321458966,Dr Jonathan Chun Hong Ng,,National Aeronautics and Space Administration,,G2899790419,,
W4321458966,Dr Jonathan Chun Hong Ng,,National Aeronautics and Space Administration,,G6667789216,,
W4321458966,Dr Jonathan Chun Hong Ng,,National Aeronautics and Space Administration,,G8979109350,,
W4403847007,Dr Jonathan Chun Hong Ng,,National Aeronautics and Space Administration,,G412581492,,
W4404304535,Dr Jonathan Chun Hong Ng,,Goddard Space Flight Center,,G2417436472,,
W4404389362,Dr Jonathan Chun Hong Ng,,National Aeronautics and Space Administration,,G3564342304,,
W4404389362,Dr Jonathan Chun Hong Ng,,National Aeronautics and Space Administration,,G6039524645,,
W4362707083,Dr Jonathan Chun Hong Ng,,U.S. Department of Energy,,G5564850799,,
W3105974309,Dr Jonathan Chun Hong Ng,,U.S. Department of Energy,,G1286236842,,
W3105974309,Dr Jonathan Chun Hong Ng,,National Aeronautics and Space Administration,,G1632040200,,
W3105974309,Dr Jonathan Chun Hong Ng,,U.S. Department of Energy,,G2068646913,,
W3105974309,Dr Jonathan Chun Hong Ng,,National Science Foundation,,G2346863301,,
W3105974309,Dr Jonathan Chun Hong Ng,,U.S. Department of Energy,,G3083819904,,
W3105974309,Dr Jonathan Chun Hong Ng,,Office of Science,,G3104296760,,
W3105974309,Dr Jonathan Chun Hong Ng,,Office of Science,,G3944918260,,
W3105974309,Dr Jonathan Chun Hong Ng,,National Science Foundation,,G4340525143,,
W3105974309,Dr Jonathan Chun Hong Ng,,Office of Science,,G4501827968,,
W3105974309,Dr Jonathan Chun Hong Ng,,National Aeronautics and Space Administration,,G4548124579,THE PRIMARY SCIENCE FOCUS OF THE PROPOSED STRATEGIC CAPABILITY (SC) IS THE INTEGRATION OF EXTENDED MAGNETOHYDRODYNAMICS (XMHD) AND KINETIC EFFECTS IN,
W3105974309,Dr Jonathan Chun Hong Ng,,Office of Science,,G4565140552,,
W3105974309,Dr Jonathan Chun Hong Ng,,U.S. Department of Energy,,G4852006876,TAS::89 0222::TAS  TITLE: EXTENDED MHD MODELING OF NONLINEAR INSTABILITIES IN FUSION PLASMAS; PI: KAI GERMASCHEWSKI,
W3105974309,Dr Jonathan Chun Hong Ng,,U.S. Department of Energy,,G4896746546,,
W3105974309,Dr Jonathan Chun Hong Ng,,Office of Science,,G498139845,,
W3105974309,Dr Jonathan Chun Hong Ng,,National Science Foundation,,G586700770,,
W3105974309,Dr Jonathan Chun Hong Ng,,National Science Foundation,,G6214963131,,
W3105974309,Dr Jonathan Chun Hong Ng,,National Science Foundation,,G6291917314,CAREER: Studies of 3D Dynamics in the Global Magnetosphere Using High-performance Heterogeneous Computing Architectures,
W3105974309,Dr Jonathan Chun Hong Ng,,U.S. Department of Energy,,G6348972864,,
W3105974309,Dr Jonathan Chun Hong Ng,,U.S. Department of Energy,,G6558272803,,
W3105974309,Dr Jonathan Chun Hong Ng,,National Science Foundation,,G7233692708,,
W3105974309,Dr Jonathan Chun Hong Ng,,National Science Foundation,,G762066714,,
W3105974309,Dr Jonathan Chun Hong Ng,,National Science Foundation,,G8166327080,"MRI: Aquisition of Computer Cluster for Heliophysics, Plasma, and Turbulence Modeling",
W3105974309,Dr Jonathan Chun Hong Ng,,U.S. Department of Energy,,G969889393,,
W3098526937,Dr Jonathan Chun Hong Ng,,National Aeronautics and Space Administration,,G5537291767,MAGNETIC RECONNECTION IS AN IMPORTANT PROCESS IN PLASMA PHYSICS  WHERE SIGNIFICANT ELECTROMAGNETIC FIELD ENERGY IS DISSIPATED TO ENERGIZE PLASMAS. IN PARTICULAR  THE ION THERMAL ENERGY IS SHOWN TO BE THE DOMINANT FORM TO DISSIPATE STORED MAGNETIC ENERGIES. THE CURRENT UNDERSTANDING OF ION HEATING IS MAINLY BASED ON THE INCREASE OF EFFECTIVE TEMPERATURES IN SIMPLIFIED OR 2D LAMINAR RECONNECTION STRUCTURES. THE ACTUAL PROCESS OF ION HEATING FROM THE RECONNECTION INFLOW TO OUTFLOW REGIONS REMAINS AN IMPORTANT OPEN QUESTION PRIMARILY DUE TO THE LACK OF DISTRIBUTION FUNCTION MEASUREMENTS THAT CAN RESOLVE THE EVOLUTION OF ALL POPULATIONS. THE HIGH RESOLUTION PARTICLE MEASUREMENTS BY MMS WILL ENABLE SIGNIFICANT PROGRESS ON THE ION HEATING PROBLEM. WE PROPOSE TO INVESTIGATE ION HEATING IN THE DIFFUSION REGION AND COMPARE IT WITH THE HEATING IN THE FAR EXHAUST. THE OBJECTIVES INCLUDE DETERMINING (1) HEATING OF INDIVIDUAL POPULATIONS IN STRUCTURED DISTRIBUTIONS BY (A) SPATIAL GRADIENTS OF MAGNETIC AND ELECTRIC FIELDS  AND (B) WAVES; (2) EFFECTS OF 3D CURRENT SHEET DYNAMICS  SUCH AS CURRENT SHEET RIPPLING  ON HEATING; (3) HEATING DUE TO ACCELERATION AND THERMALIZATION DURING THE MEANDERING MOTION IN RECONNECTING CURRENT SHEETS. THE PROPOSED STUDY WILL BE BASED ON ANALYSIS OF MMS DATA. THE MMS PHASE 2B DATA (5/4/2017-8/31/2017) WILL BE USED FOR THE PROPOSED RESEARCH. A PRELIMINARY DATABASE OF MORE THAN 70 RECONNECTION EVENTS HAS BEEN CREATED TO ENSURE CLOSURE OF THE PROPOSED PROJECT. THE HEATING PROCESS WILL BE INVESTIGATED BY EXAMINING THE DISTRIBUTION EVOLUTION ALONG WITH THE STRUCTURES OF ELECTRIC AND MAGNETIC FIELDS AND WAVES. WE WILL QUANTIFY THE AMOUNT OF HEATING BY EXTRACTING THE TEMPERATURES OF INDIVIDUAL POPULATIONS. WE WILL CALCULATE GRADIENT SCALES OF ELECTRIC AND MAGNETIC FIELDS  ANALYZE WAVE-PARTICLE INTERACTION  AND USE ELECTRON AND ELECTROMAGNETIC FIELD DATA IN CONJUNCTION WITH THE ION DISTRIBUTIONS TO INFER THE RECONNECTION STRUCTURE (E.G.  SUB-REGIONS) AND 3D CURRENT SHEET ORIENTATIONS. WE WILL STUDY THE ION HEATING IN SIMULATIONS BY ANALYZING DISTRIBUTIONS AND PERFORMING TEST-PARTICLE ANALYSIS TO GUIDE THE INTERPRETATIONS OF MMS OBSERVATIONS. THE PROPOSED RESEARCH IS EXPECTED TO ADVANCE KNOWLEDGE OF MAGNETIC RECONNECTION  ION ENERGIZATION IN PARTICULAR  WHICH IS DIRECTLY RELEVANT TO THE PRIMARY SCIENCE GOAL OF MMS. THE STUDY IS HIGHLY RELEVANT TO THE DECADAL SURVEY GOALS AS IT HELPS UNDERSTAND RECONNECTION (1) AS A FUNDAMENTAL PROCESS THAT OCCURS THROUGHOUT THE UNIVERSE  AND (2) AS A KEY PROCESS THAT AFFECTS THE COUPLING BETWEEN THE SOLAR WIND AND THE EARTHS MAGNETOSPHERE AND IONOSPHERE.,
W3104768400,Dr Jonathan Chun Hong Ng,,National Aeronautics and Space Administration,,G1887684243,"A KEY GOAL PUT FORWARD BY NASA S HELIOPHYSICS DIVISION IS TO ""EXPLORE THE PHYSICAL PROCESSES IN THE SPACE ENVIRONMENT FROM THE SUN TO THE EARTH AND THROUGHOUT THE SOLAR SYSTEM."" ONE SUCH PHYSICAL PROCESS OF GREAT SCIENTIFIC INTEREST IS TURBULENCE THROUGHOUT THE HELIOSPHERE. BY TURBULENCE  WE MEAN THE PLASMA S FLOW AND ELECTROMAGNETIC FIELDS ARE CHAOTIC AND STOCHASTIC  AND CHARACTERIZED BY ROTATIONALITY  DIFFUSIVITY  AND  MOST IMPORTANTLY  DISSIPATION. IN THIS CASE  DISSIPATION REFERS TO PHYSICAL PROCESSES WHICH TRANSFER ENERGY FROM THE TURBULENT ELECTROMAGNETIC FIELDS INTO THE PLASMA PARTICLES  WHEREBY THE PLASMA IS ULTIMATELY IRREVERSIBLY HEATED VIA COLLISIONS. TURBULENCE  AND TURBULENT HEATING  MAY BE A PARTIAL OR COMPLETE EXPLANATION FOR OUTSTANDING QUESTIONS SUCH AS WHY THE CORONA AND SOLAR WIND ARE SO HOT  WHERE MEASUREMENTS OF THE TEMPERATURE OF THE CORONA ARE MUCH LARGER THAN THE SURFACE OF THE SUN  AND THE SOLAR WIND'S TEMPERATURE IS LARGER THAN WE WOULD EXPECT FROM SIMPLE ADIABATIC EXPANSION. IN FACT  A SIGNIFICANT NUMBER OF ONGOING  PROPOSED  AND SOON-TO-BE-LAUNCHED MISSIONS HAVE  AS PART OF THEIR SCIENCE MISSIONS  THE EXPLICIT OBJECTIVE TO CHARACTERIZE THIS TURBULENCE IN THE VARIETY OF PLASMA ENVIRONMENTS FOUND THROUGHOUT THE HELIOSPHERE. THE MAGNETOSPHERIC MULTISCALE MISSION IS PROVIDING MAGNETOSHEATH TURBULENCE DATA OF UNPRECEDENTED RESOLUTION AND CADENCE. SOLAR PROBE PLUS WILL FLY CLOSER TO THE SUN THAN WE EVER HAVE  AND IN THE PROCESS WILL REVEAL HOW TURBULENCE MAY PLAY A ROLE NEAR THE ALFVEN POINT  WHERE THE SOLAR WIND BECOMES SUPER-ALFVENIC. BEYOND THESE MISSIONS  TURBULENT DISSIPATION IS BECOMING A CORE AMBITION OF PROPOSED MISSIONS SUCH AS THE TURBULENCE HEATING OBSERVER. WE PROPOSE TO DO COMPLEMENTARY NUMERICAL STUDIES OF TURBULENCE WITH A VARIETY OF PARAMETERS CHARACTERISTIC OF THE HELIOSPHERE TO BETTER UNDERSTAND THE DISSIPATIVE PROCESSES WHICH MAY BE OCCURRING  AND HOW THIS TURBULENCE HEATS THE PLASMA THROUGHOUT THE HELIOSPHERE. UNFORTUNATELY  DISSIPATION CAN ONLY BE TREATED BY MODELING THE PLASMA KINETICALLY  WHICH IS OFTEN COMPUTATIONALLY PROHIBITIVE; HOWEVER  USING THE DISCONTINUOUS GALERKIN FINITE ELEMENT METHOD AND THE OPEN-SOURCE GKEYLL NUMERICAL SIMULATION FRAMEWORK  WE HAVE DEVELOPED A NEW TOOL FOR THE DISCRETIZATION OF THE VLASOV-MAXWELL SYSTEM OF EQUATIONS. THIS NEW TOOL IS ROBUST AND EFFICIENT  SCALING TO THOUSANDS OF PROCESSORS AND ALLOWING US TO ACCESS THE FULL PLASMA DISTRIBUTION FUNCTION FOR BOTH IONS AND ELECTRONS  FREE OF NOISE AND APPROXIMATION. WITH THE PLASMA DISTRIBUTION FUNCTION IN HAND  WE CAN MORE CAREFULLY PROBE QUESTIONS ABOUT WHAT WAVE-PARTICLE RESONANCES MAY BE ONGOING IN THE TURBULENCE  AND HOW EVEN A WEAK COLLISIONS AFFECT THE MEASURED DISSIPATION. IN PARTICULAR  THE AIM OF THIS PROPOSAL IS TO ANSWER QUESTIONS OF HOW IMPORTANT LANDAU AND CYCLOTRON DAMPING MAY BE IN THE DISSIPATION OF THE TURBULENT PLASMA THAT MAKES UP THE HELIOSPHERE BY EXPLORING THE STABILITY OF PLATEAU FORMATION IN A WEAKLY COLLISIONAL  STRONGLY TURBULENT PLASMA  AND HOW THE CASCADE OF TURBULENT FLUCTUATIONS BEHAVES ABOVE THE CYCLOTRON FREQUENCY.",
W3104768400,Dr Jonathan Chun Hong Ng,,U.S. Department of Energy,,G2068646913,,
W3104479711,Dr Jonathan Chun Hong Ng,,National Science Foundation,,G2438538179,,
W3104479711,Dr Jonathan Chun Hong Ng,,National Aeronautics and Space Administration,,G3597252418,,
W3103964353,Dr Jonathan Chun Hong Ng,,National Science Foundation,,G2438538179,,
W3103964353,Dr Jonathan Chun Hong Ng,,National Science Foundation,,G4821882759,,
W3027984098,Dr Jonathan Chun Hong Ng,,National Science Foundation,,G1010648974,,
W3027984098,Dr Jonathan Chun Hong Ng,,U.S. Department of Energy,,G1286236842,,
W3027984098,Dr Jonathan Chun Hong Ng,,National Aeronautics and Space Administration,,G1632040200,,
W3027984098,Dr Jonathan Chun Hong Ng,,National Energy Research Scientific Computing Center,,G1677143136,,
W3027984098,Dr Jonathan Chun Hong Ng,,U.S. Department of Energy,,G2068646913,,
W3027984098,Dr Jonathan Chun Hong Ng,,National Science Foundation,,G2438538179,,
W3027984098,Dr Jonathan Chun Hong Ng,,U.S. Department of Energy,,G3083819904,,
W3027984098,Dr Jonathan Chun Hong Ng,,Office of Science,,G3104296760,,
W3027984098,Dr Jonathan Chun Hong Ng,,U.S. Department of Energy,,G3787406569,,
W3027984098,Dr Jonathan Chun Hong Ng,,National Science Foundation,,G3837411109,,
W3027984098,Dr Jonathan Chun Hong Ng,,Office of Science,,G3944918260,,
W3027984098,Dr Jonathan Chun Hong Ng,,Office of Science,,G4501827968,,
W3027984098,Dr Jonathan Chun Hong Ng,,Office of Science,,G4565140552,,
W3027984098,Dr Jonathan Chun Hong Ng,,National Science Foundation,,G4608729152,Collaborative Research:  Integration of Extended Magnetohydrodynamic (MHD) and Kinetic Effects in Global Magnetosphere Models,
W3027984098,Dr Jonathan Chun Hong Ng,,U.S. Department of Energy,,G4896746546,,
W3027984098,Dr Jonathan Chun Hong Ng,,Office of Science,,G498139845,,
W3027984098,Dr Jonathan Chun Hong Ng,,National Energy Research Scientific Computing Center,,G5076365615,,
W3027984098,Dr Jonathan Chun Hong Ng,,National Science Foundation,,G5078600987,,
W3027984098,Dr Jonathan Chun Hong Ng,,Office of Science,,G5315419777,KINETIC CHARACTERIZATION OF 3D MAGNETIC RECONNECTION: A TRANSFORMATIVE STEP,
W3027984098,Dr Jonathan Chun Hong Ng,,National Aeronautics and Space Administration,,G5537291767,MAGNETIC RECONNECTION IS AN IMPORTANT PROCESS IN PLASMA PHYSICS  WHERE SIGNIFICANT ELECTROMAGNETIC FIELD ENERGY IS DISSIPATED TO ENERGIZE PLASMAS. IN PARTICULAR  THE ION THERMAL ENERGY IS SHOWN TO BE THE DOMINANT FORM TO DISSIPATE STORED MAGNETIC ENERGIES. THE CURRENT UNDERSTANDING OF ION HEATING IS MAINLY BASED ON THE INCREASE OF EFFECTIVE TEMPERATURES IN SIMPLIFIED OR 2D LAMINAR RECONNECTION STRUCTURES. THE ACTUAL PROCESS OF ION HEATING FROM THE RECONNECTION INFLOW TO OUTFLOW REGIONS REMAINS AN IMPORTANT OPEN QUESTION PRIMARILY DUE TO THE LACK OF DISTRIBUTION FUNCTION MEASUREMENTS THAT CAN RESOLVE THE EVOLUTION OF ALL POPULATIONS. THE HIGH RESOLUTION PARTICLE MEASUREMENTS BY MMS WILL ENABLE SIGNIFICANT PROGRESS ON THE ION HEATING PROBLEM. WE PROPOSE TO INVESTIGATE ION HEATING IN THE DIFFUSION REGION AND COMPARE IT WITH THE HEATING IN THE FAR EXHAUST. THE OBJECTIVES INCLUDE DETERMINING (1) HEATING OF INDIVIDUAL POPULATIONS IN STRUCTURED DISTRIBUTIONS BY (A) SPATIAL GRADIENTS OF MAGNETIC AND ELECTRIC FIELDS  AND (B) WAVES; (2) EFFECTS OF 3D CURRENT SHEET DYNAMICS  SUCH AS CURRENT SHEET RIPPLING  ON HEATING; (3) HEATING DUE TO ACCELERATION AND THERMALIZATION DURING THE MEANDERING MOTION IN RECONNECTING CURRENT SHEETS. THE PROPOSED STUDY WILL BE BASED ON ANALYSIS OF MMS DATA. THE MMS PHASE 2B DATA (5/4/2017-8/31/2017) WILL BE USED FOR THE PROPOSED RESEARCH. A PRELIMINARY DATABASE OF MORE THAN 70 RECONNECTION EVENTS HAS BEEN CREATED TO ENSURE CLOSURE OF THE PROPOSED PROJECT. THE HEATING PROCESS WILL BE INVESTIGATED BY EXAMINING THE DISTRIBUTION EVOLUTION ALONG WITH THE STRUCTURES OF ELECTRIC AND MAGNETIC FIELDS AND WAVES. WE WILL QUANTIFY THE AMOUNT OF HEATING BY EXTRACTING THE TEMPERATURES OF INDIVIDUAL POPULATIONS. WE WILL CALCULATE GRADIENT SCALES OF ELECTRIC AND MAGNETIC FIELDS  ANALYZE WAVE-PARTICLE INTERACTION  AND USE ELECTRON AND ELECTROMAGNETIC FIELD DATA IN CONJUNCTION WITH THE ION DISTRIBUTIONS TO INFER THE RECONNECTION STRUCTURE (E.G.  SUB-REGIONS) AND 3D CURRENT SHEET ORIENTATIONS. WE WILL STUDY THE ION HEATING IN SIMULATIONS BY ANALYZING DISTRIBUTIONS AND PERFORMING TEST-PARTICLE ANALYSIS TO GUIDE THE INTERPRETATIONS OF MMS OBSERVATIONS. THE PROPOSED RESEARCH IS EXPECTED TO ADVANCE KNOWLEDGE OF MAGNETIC RECONNECTION  ION ENERGIZATION IN PARTICULAR  WHICH IS DIRECTLY RELEVANT TO THE PRIMARY SCIENCE GOAL OF MMS. THE STUDY IS HIGHLY RELEVANT TO THE DECADAL SURVEY GOALS AS IT HELPS UNDERSTAND RECONNECTION (1) AS A FUNDAMENTAL PROCESS THAT OCCURS THROUGHOUT THE UNIVERSE  AND (2) AS A KEY PROCESS THAT AFFECTS THE COUPLING BETWEEN THE SOLAR WIND AND THE EARTHS MAGNETOSPHERE AND IONOSPHERE.,
W3027984098,Dr Jonathan Chun Hong Ng,,National Science Foundation,,G5602314104,Kinetic Characterization of Three-Dimensional (3D) Magnetic Reconnection: A Transformative Step,
W3027984098,Dr Jonathan Chun Hong Ng,,National Energy Research Scientific Computing Center,,G5614806141,,
W3027984098,Dr Jonathan Chun Hong Ng,,National Science Foundation,,G586700770,,
W3027984098,Dr Jonathan Chun Hong Ng,,U.S. Department of Energy,,G6348972864,,
W3027984098,Dr Jonathan Chun Hong Ng,,U.S. Department of Energy,,G6558272803,,
W3027984098,Dr Jonathan Chun Hong Ng,,National Science Foundation,,G7233692708,,
W3027984098,Dr Jonathan Chun Hong Ng,,U.S. Department of Energy,,G881874190,KINETIC CHARACTERIZATION OF 3D MAGNETIC RECONNECTION: A TRANSFORMATIVE STEP,
W3027984098,Dr Jonathan Chun Hong Ng,,U.S. Department of Energy,,G969889393,,
W4231538671,Dr Jonathan Chun Hong Ng,,U.S. Department of Energy,,G2068646913,,
W4231538671,Dr Jonathan Chun Hong Ng,,U.S. Department of Energy,,G4896746546,,
W4231538671,Dr Jonathan Chun Hong Ng,,U.S. Department of Energy,,G6558272803,,
W4231538671,Dr Jonathan Chun Hong Ng,,U.S. Department of Energy,,G969889393,,
W4401390295,Dr Jonathan Chun Hong Ng,,National Aeronautics and Space Administration,,G3564342304,,
W4401390295,Dr Jonathan Chun Hong Ng,,National Aeronautics and Space Administration,,G6039524645,,
W4403783993,Dr Jonathan Chun Hong Ng,,U.S. Department of Energy,,G1286236842,,
W4403783993,Dr Jonathan Chun Hong Ng,,National Aeronautics and Space Administration,,G1632040200,,
W4403783993,Dr Jonathan Chun Hong Ng,,National Energy Research Scientific Computing Center,,G1677143136,,
W4403783993,Dr Jonathan Chun Hong Ng,,U.S. Department of Energy,,G3083819904,,
W4403783993,Dr Jonathan Chun Hong Ng,,Office of Science,,G3944918260,,
W4403783993,Dr Jonathan Chun Hong Ng,,Office of Science,,G4501827968,,
W4403783993,Dr Jonathan Chun Hong Ng,,Office of Science,,G4565140552,,
W4403783993,Dr Jonathan Chun Hong Ng,,Office of Science,,G498139845,,
W4403783993,Dr Jonathan Chun Hong Ng,,National Energy Research Scientific Computing Center,,G5076365615,,
W4403783993,Dr Jonathan Chun Hong Ng,,National Energy Research Scientific Computing Center,,G5614806141,,
W4403783993,Dr Jonathan Chun Hong Ng,,U.S. Department of Energy,,G6348972864,,
W4403783993,Dr Jonathan Chun Hong Ng,,U.S. Department of Energy,,G6558272803,,
W4403783993,Dr Jonathan Chun Hong Ng,,National Science Foundation,,G7233692708,,
W4403783993,Dr Jonathan Chun Hong Ng,,National Science Foundation,,G7403250718,,
W4403783993,Dr Jonathan Chun Hong Ng,,National Aeronautics and Space Administration,,G7496395958,,
W4403783993,Dr Jonathan Chun Hong Ng,,U.S. Department of Energy,,G969889393,,
W4414920903,Dr Jonathan Chun Hong Ng,,National Aeronautics and Space Administration,,G1689879429,,
W4414920903,Dr Jonathan Chun Hong Ng,,National Aeronautics and Space Administration,,G412581492,,
W4415135343,Dr Jonathan Chun Hong Ng,,National Aeronautics and Space Administration,,G412581492,,
W2014277329,Dr Joyce Hei Yun Ma,,National Institute of Neurological Disorders and Stroke,,G4067020954,,
W2014277329,Dr Joyce Hei Yun Ma,,National Institute of Neurological Disorders and Stroke,,G4690280032,,
W2095411994,Dr Joyce Hei Yun Ma,,National Institute of Neurological Disorders and Stroke,,G4690280032,,
W2095411994,Dr Joyce Hei Yun Ma,,National Institutes of Health,,G5702101703,,
W2014827000,Dr Joyce Hei Yun Ma,,National Institute of Neurological Disorders and Stroke,,G4690280032,,
W2014827000,Dr Joyce Hei Yun Ma,,National Institutes of Health,,G5702101703,,
W2021945030,Dr Joyce Hei Yun Ma,,National Institute of Neurological Disorders and Stroke,,G4067020954,,
W2021945030,Dr Joyce Hei Yun Ma,,National Institute of Neurological Disorders and Stroke,,G4690280032,,
W2952159332,Dr Joyce Hei Yun Ma,,National Science Foundation,,G4481992999,EAGER: Tick-host interactions and the role of host blood meal in pathogen transmission,
W2952159332,Dr Joyce Hei Yun Ma,,National Science Foundation,,G8845969332,MRI: Acquisition of a Next-Generation Sequencer for a Shared Genomics Core Facility at San Francisco State University and the California Academy of Sciences,
W2969331663,Dr Joyce Hei Yun Ma,,National Science Foundation of Sri Lanka,,G8677134605,,
W2969331663,Dr Joyce Hei Yun Ma,,National Science Foundation of Sri Lanka,,G871799095,,
W3097912744,Dr Joyce Hei Yun Ma,,National Science Foundation,,G459721232,,
W3097912744,Dr Joyce Hei Yun Ma,,National Science Foundation,,G4892980433,,
W3097912744,Dr Joyce Hei Yun Ma,,National Science Foundation,,G5747795136,,
W4390744607,Dr Joyce Hei Yun Ma,,National Center for Advancing Translational Sciences,,G586003661,,
W4390744607,Dr Joyce Hei Yun Ma,,Tobacco-Related Disease Research Program,,G6562872795,,
W4390744607,Dr Joyce Hei Yun Ma,,National Center for Advancing Translational Sciences,,G6808703069,,
W2800791335,Dr Joyce Hei Yun Ma,,National Institutes of Health,,G1544165363,,
W2800791335,Dr Joyce Hei Yun Ma,,National Center for Research Resources,,G2450968643,,
W2800791335,Dr Joyce Hei Yun Ma,,National Science Foundation,,G3829293755,,
W2800791335,Dr Joyce Hei Yun Ma,,National Science Foundation,,G4724512720,,
W2800791335,Dr Joyce Hei Yun Ma,,National Science Foundation,,G5774684427,,
W4283075767,Dr Joyce Hei Yun Ma,,National Institutes of Health,,G4868709351,,
W4283075767,Dr Joyce Hei Yun Ma,,Tobacco-Related Disease Research Program,,G6562872795,,
W4283075767,Dr Joyce Hei Yun Ma,,National Center for Advancing Translational Sciences,,G6808703069,,
W4391643822,Dr Joyce Hei Yun Ma,,National Institutes of Health,,G2152055295,,
W4391643822,Dr Joyce Hei Yun Ma,,National Institutes of Health,,G2317024913,,
W4391643822,Dr Joyce Hei Yun Ma,,"National Heart, Lung, and Blood Institute",,G2389436528,,
W4391643822,Dr Joyce Hei Yun Ma,,"National Heart, Lung, and Blood Institute",,G5090344766,,
W4391643822,Dr Joyce Hei Yun Ma,,"National Heart, Lung, and Blood Institute",,G5871252801,,
W4391643822,Dr Joyce Hei Yun Ma,,National Institute of Environmental Health Sciences,,G699495126,,
W4391643822,Dr Joyce Hei Yun Ma,,California Institute of Regenerative Medicine,,G7225749856,,
W4391643822,Dr Joyce Hei Yun Ma,,National Institutes of Health,,G8269970963,,
W4391643822,Dr Joyce Hei Yun Ma,,National Institutes of Health,,G8290531213,,
W2949699174,Dr Joyce Hei Yun Ma,,National Science Foundation,,G5518691212,Seeing Scientifically: Scaffolding Observation of Complex Visual Phenomena,
W4391386970,Dr Joyce Hei Yun Ma,,National Institutes of Health,,G4868709351,,
W4391386970,Dr Joyce Hei Yun Ma,,"Clinical and Translational Science Institute, University of California, Los Angeles",,G5905026730,,
W2157073932,Dr Karen Margaret Stapleton,,"National Heart, Lung, and Blood Institute",,G4259818772,,
W2157073932,Dr Karen Margaret Stapleton,,Eunice Kennedy Shriver National Institute of Child Health and Human Development,,G460696247,,
W2157073932,Dr Karen Margaret Stapleton,,"National Heart, Lung, and Blood Institute",,G5275860964,,
W2157073932,Dr Karen Margaret Stapleton,,"National Heart, Lung, and Blood Institute",,G8132977833,,
W2157073932,Dr Karen Margaret Stapleton,,Eunice Kennedy Shriver National Institute of Child Health and Human Development,,G8285053454,,
W3106873857,Dr Karyn Rae Lun,,National Health and Medical Research Council,,G1635239264,QSKIN: the genetics of skin cancer,
W3106873857,Dr Karyn Rae Lun,,National Health and Medical Research Council,,G2784264530,Cancer Prevention and Control,
W3106873857,Dr Karyn Rae Lun,,National Health and Medical Research Council,,G5192549772,Modulating skin regenerative responses to improve wound repair and fight carcinogenesis,
W3106873857,Dr Karyn Rae Lun,,National Health and Medical Research Council,,G6759775471,Generating the evidence to control cancer and optimise outcomes,
W3106873857,Dr Karyn Rae Lun,,National Health and Medical Research Council,,G8491541491,QSKIN: the burden of skin cancer,
W3106873857,Dr Lena Alexandra Beatrix Von Schuckmann,,National Health and Medical Research Council,,G1635239264,QSKIN: the genetics of skin cancer,
W3106873857,Dr Lena Alexandra Beatrix Von Schuckmann,,National Health and Medical Research Council,,G2784264530,Cancer Prevention and Control,
W3106873857,Dr Lena Alexandra Beatrix Von Schuckmann,,National Health and Medical Research Council,,G5192549772,Modulating skin regenerative responses to improve wound repair and fight carcinogenesis,
W3106873857,Dr Lena Alexandra Beatrix Von Schuckmann,,National Health and Medical Research Council,,G6759775471,Generating the evidence to control cancer and optimise outcomes,
W3106873857,Dr Lena Alexandra Beatrix Von Schuckmann,,National Health and Medical Research Council,,G8491541491,QSKIN: the burden of skin cancer,
W3106873857,Dr Lynda Jane Spelman,,National Health and Medical Research Council,,G1635239264,QSKIN: the genetics of skin cancer,
W3106873857,Dr Lynda Jane Spelman,,National Health and Medical Research Council,,G2784264530,Cancer Prevention and Control,
W3106873857,Dr Lynda Jane Spelman,,National Health and Medical Research Council,,G5192549772,Modulating skin regenerative responses to improve wound repair and fight carcinogenesis,
W3106873857,Dr Lynda Jane Spelman,,National Health and Medical Research Council,,G6759775471,Generating the evidence to control cancer and optimise outcomes,
W3106873857,Dr Lynda Jane Spelman,,National Health and Medical Research Council,,G8491541491,QSKIN: the burden of skin cancer,
W2165665875,Dr Kate Elizabeth Simpson,,National Institute of Child Health and Human Development,,G194566060,,
W2165665875,Dr Kate Elizabeth Simpson,,National Institute of Mental Health,,G5686009536,,
W2165665875,Dr Kate Elizabeth Simpson,,National Institutes of Health,,G5812626095,,
W2165665875,Dr Kate Elizabeth Simpson,,National Institute of Mental Health,,G6752131004,,
W2165665875,Dr Kate Elizabeth Simpson,,National Institute of Mental Health,,G7019467948,,
W2103295541,Dr Kate Elizabeth Simpson,,"National Heart, Lung, and Blood Institute",,G4502058562,,
W2103295541,Dr Kate Elizabeth Simpson,,Eunice Kennedy Shriver National Institute of Child Health and Human Development,,G5075831290,,
W2103295541,Dr Kate Elizabeth Simpson,,"National Heart, Lung, and Blood Institute",,G5752833494,,
W2103295541,Dr Kate Elizabeth Simpson,,"National Heart, Lung, and Blood Institute",,G5774017562,,
W2103295541,Dr Kate Elizabeth Simpson,,"National Heart, Lung, and Blood Institute",,G8231152799,,
W2103295541,Dr Kate Elizabeth Simpson,,U.S. Department of Veterans Affairs,,G8281968737,,
W2914691550,Dr Kate Elizabeth Simpson,,Cooperative Research Centre for Living with Autism,,G3727631604,,
W2887610027,Dr Kate Elizabeth Simpson,,Cooperative Research Centre for Living with Autism,,G1387798554,,
W4392960080,Dr Kate Elizabeth Simpson,,Cooperative Research Centre for Living with Autism,,G7638605420,,
W4392122776,Dr Kate Elizabeth Simpson,,Cooperative Research Centre for Living with Autism,,G1387798554,,
W2775418651,Dr Kate Elizabeth Simpson,,Cooperative Research Centre for Living with Autism,,G1387798554,,
W2886716384,Dr Kate Elizabeth Simpson,,Cooperative Research Centre for Living with Autism,,G1387798554,,
W1966640106,Dr Kate Elizabeth Simpson,,"National Heart, Lung, and Blood Institute",,G4502058562,,
W1966640106,Dr Kate Elizabeth Simpson,,"National Heart, Lung, and Blood Institute",,G8231152799,,
W1966640106,Dr Kate Elizabeth Simpson,,U.S. Department of Veterans Affairs,,G8281968737,,
W2991784743,Dr Kate Elizabeth Simpson,,Cooperative Research Centre for Living with Autism,,G1387798554,,
W2991784743,Dr Kate Elizabeth Simpson,,Griffith University,,G7166300962,,
W4281714426,Dr Kate Elizabeth Simpson,,National Health and Medical Research Council,,G2374349742,,
W3176405839,Dr Kate Elizabeth Simpson,,Cooperative Research Centre for Living with Autism,,G1387798554,,
W4415323833,Dr Kate Elizabeth Simpson,,Macquarie University,,G3496503301,,
W2061602119,Dr Kate Elizabeth Simpson,,National Institute of Neurological Disorders and Stroke,,G4519296741,,
W2995767960,Dr Kate Elizabeth Simpson,,Cooperative Research Centre for Living with Autism,,G41490316,,
W2770999516,Dr Kate Elizabeth Simpson,,National Health and Medical Research Council,,G5874464527,,
W2770999516,Dr Kate Elizabeth Simpson,,National Health and Medical Research Council,,G969249091,,
W4389677381,Dr Kate Elizabeth Simpson,,Cooperative Research Centre for Living with Autism,,G1387798554,,
W2527986240,Dr Kate Elizabeth Simpson,,National Health and Medical Research Council,,G5874464527,,
W3198923449,Dr Kate Elizabeth Simpson,,Australian Research Council,,G8011528359,Improving academic outcomes by moderating anxiety in children with autism,
W4409379293,Dr Kate Elizabeth Simpson,,Australian Research Council,,G8011528359,Improving academic outcomes by moderating anxiety in children with autism,
W7130508710,Dr Kate Elizabeth Simpson,,Medical Research Future Fund,,G6515216783,,
W2560565629,Dr Katharine Julia Dunlop,,National Institute of Mental Health,,G1964691424,,
W2560565629,Dr Katharine Julia Dunlop,,National Institute of Mental Health,,G4865980165,,
W2560565629,Dr Katharine Julia Dunlop,,National Center for Research Resources,,G7294085243,,
W2560565629,Dr Katharine Julia Dunlop,,National Institute of Mental Health,,G8368634537,,
W2560565629,Dr Katharine Julia Dunlop,,National Institute of Mental Health,,G8988932217,,
W4225246927,Dr Katharine Julia Dunlop,,Medical Research Council,,G115199707,,
W4225246927,Dr Katharine Julia Dunlop,,National Institute of Biomedical Imaging and Bioengineering,,G1248798625,,
W4225246927,Dr Katharine Julia Dunlop,,Medical Research Council,,G1418645103,,
W4225246927,Dr Katharine Julia Dunlop,,Eunice Kennedy Shriver National Institute of Child Health and Human Development,,G1763840522,,
W4225246927,Dr Katharine Julia Dunlop,,National Institute for Health and Care Research,,G2112970634,NIHR Senior Investigator Award,
W4225246927,Dr Katharine Julia Dunlop,,Medical Research Council,,G2593651357,,
W4225246927,Dr Katharine Julia Dunlop,,Medical Research Council,,G2976010103,Statistics for Stratified Medicine and Analysis of Complex Phenotypes,
W4225246927,Dr Katharine Julia Dunlop,,MQ: Transforming Mental Health,,G2988079977,,
W4225246927,Dr Katharine Julia Dunlop,,National Institute for Health and Care Research,,G3119250485,Improve recovery from traumatic brain injury by enhancing the function of intact brain regions so people can regain independence and improve their quality of life.,
W4225246927,Dr Katharine Julia Dunlop,,Wellcome Trust,,G3170919282,,
W4225246927,Dr Katharine Julia Dunlop,,National Institute of Mental Health,,G3262958641,,
W4225246927,Dr Katharine Julia Dunlop,,Biotechnology and Biological Sciences Research Council,,G3290204214,,
W4225246927,Dr Katharine Julia Dunlop,,National Institute of Mental Health,,G3608796837,,
W4225246927,Dr Katharine Julia Dunlop,,National Institute of Mental Health,,G3629581926,,
W4225246927,Dr Katharine Julia Dunlop,,National Institute on Aging,,G3707490097,,
W4225246927,Dr Katharine Julia Dunlop,,Medical Research Council,,G3754526185,,
W4225246927,Dr Katharine Julia Dunlop,,National Institute for Health and Care Research,,G3895344856,NIHR Senior Investigator Award,
W4225246927,Dr Katharine Julia Dunlop,,National Institute on Aging,,G4041180978,,
W4225246927,Dr Katharine Julia Dunlop,,Biotechnology and Biological Sciences Research Council,,G4175935016,Systems Cognitive Neuroscience of Healthy Ageing: Population-Representative Studies of Functional Plasticity and Neural Change,
W4225246927,Dr Katharine Julia Dunlop,,Wellcome Trust,,G4310415265,,
W4225246927,Dr Katharine Julia Dunlop,,National Institute of Mental Health,,G43311459,,
W4225246927,Dr Katharine Julia Dunlop,,Wellcome Trust,,G4637521198,,
W4225246927,Dr Katharine Julia Dunlop,,Medical Research Council,,G5195259315,,
W4225246927,Dr Katharine Julia Dunlop,,National Institute of Mental Health,,G5414893752,,
W4225246927,Dr Katharine Julia Dunlop,,National Institute on Aging,,G551696275,,
W4225246927,Dr Katharine Julia Dunlop,,National Institute on Aging,,G559483609,,
W4225246927,Dr Katharine Julia Dunlop,,National Institute on Aging,,G5738888135,,
W4225246927,Dr Katharine Julia Dunlop,,Medical Research Council,,G5850737185,,
W4225246927,Dr Katharine Julia Dunlop,,Medical Research Council,,G5886626604,,
W4225246927,Dr Katharine Julia Dunlop,,Wellcome Trust,,G6050944523,,
W4225246927,Dr Katharine Julia Dunlop,,National Institute of Mental Health,,G6326520066,,
W4225246927,Dr Katharine Julia Dunlop,,National Institute on Aging,,G6707798686,,
W4225246927,Dr Katharine Julia Dunlop,,Medical Research Council,,G6831373058,,
W4225246927,Dr Katharine Julia Dunlop,,National Institute on Aging,,G7163273395,,
W4225246927,Dr Katharine Julia Dunlop,,Medical Research Council,,G7212319858,,
W4225246927,Dr Katharine Julia Dunlop,,National Institute on Aging,,G7370034027,,
W4225246927,Dr Katharine Julia Dunlop,,Medical Research Council,,G7593286964,,
W4225246927,Dr Katharine Julia Dunlop,,Medical Research Council,,G7818575306,,
W4225246927,Dr Katharine Julia Dunlop,,National Institute on Aging,,G8081637108,,
W4225246927,Dr Katharine Julia Dunlop,,Medical Research Council,,G8101219992,,
W4225246927,Dr Katharine Julia Dunlop,,Medical Research Council,,G8208673703,,
W4225246927,Dr Katharine Julia Dunlop,,National Institute of Mental Health,,G8215510400,,
W4225246927,Dr Katharine Julia Dunlop,,National Institute of Mental Health,,G8565267519,,
W4225246927,Dr Katharine Julia Dunlop,,Medical Research Council,,G8576225037,,
W4225246927,Dr Katharine Julia Dunlop,,Eunice Kennedy Shriver National Institute of Child Health and Human Development,,G8929740175,,
W4225246927,Dr Katharine Julia Dunlop,,National Institute of Mental Health,,G923367300,,
W2264900518,Dr Katharine Julia Dunlop,,National Institute on Drug Abuse,,G3469562999,,
W2264900518,Dr Katharine Julia Dunlop,,National Institute on Drug Abuse,,G5034981615,,
W2730163678,Dr Katharine Julia Dunlop,,Canadian Institutes of Health Research,,G2801808599,,
W2730163678,Dr Katharine Julia Dunlop,,Canadian Institutes of Health Research,,G7628358049,,
W2967819611,Dr Katharine Julia Dunlop,,National Institute on Drug Abuse,,G4567009342,,
W2967819611,Dr Katharine Julia Dunlop,,National Institute of Mental Health,,G6454481166,,
W2967819611,Dr Katharine Julia Dunlop,,National Institute of Mental Health,,G7683526214,,
W3122153357,Dr Katharine Julia Dunlop,,National Institute of Mental Health,,G1358079009,,
W4297474845,Dr Katharine Julia Dunlop,,National Institute on Drug Abuse,,G2045017205,,
W4297474845,Dr Katharine Julia Dunlop,,National Institute of General Medical Sciences,,G2218276503,,
W4297474845,Dr Katharine Julia Dunlop,,National Institute of Mental Health,,G3149706337,,
W4297474845,Dr Katharine Julia Dunlop,,National Institute on Drug Abuse,,G3253379923,,
W4297474845,Dr Katharine Julia Dunlop,,National Institute on Drug Abuse,,G4567009342,,
W4297474845,Dr Katharine Julia Dunlop,,National Institute of Mental Health,,G4865980165,,
W4297474845,Dr Katharine Julia Dunlop,,National Institute of Mental Health,,G5327011369,,
W4297474845,Dr Katharine Julia Dunlop,,National Institute of Mental Health,,G5516978117,,
W4297474845,Dr Katharine Julia Dunlop,,National Institute of Mental Health,,G5625130046,,
W4297474845,Dr Katharine Julia Dunlop,,National Institute of General Medical Sciences,,G5674810422,,
W4297474845,Dr Katharine Julia Dunlop,,National Institute of Mental Health,,G6410407114,,
W4297474845,Dr Katharine Julia Dunlop,,U.S. Department of Health and Human Services,,G6519358118,,
W4297474845,Dr Katharine Julia Dunlop,,National Institute of Mental Health,,G7683526214,,
W4313895381,Dr Katharine Julia Dunlop,,National Institute of Mental Health,,G1262657692,,
W4313895381,Dr Katharine Julia Dunlop,,National Institutes of Health,,G1864851224,,
W4313895381,Dr Katharine Julia Dunlop,,U.S. National Library of Medicine,,G2305086180,,
W4313895381,Dr Katharine Julia Dunlop,,National Institutes of Health,,G2612702449,,
W4313895381,Dr Katharine Julia Dunlop,,National Institute of Mental Health,,G3515298088,,
W4313895381,Dr Katharine Julia Dunlop,,National Institutes of Health,,G3658323120,,
W4313895381,Dr Katharine Julia Dunlop,,National Institutes of Health,,G3665327325,,
W4313895381,Dr Katharine Julia Dunlop,,National Institutes of Health,,G4022349787,,
W4313895381,Dr Katharine Julia Dunlop,,Canadian Institutes of Health Research,,G4071746176,,
W4313895381,Dr Katharine Julia Dunlop,,National Institutes of Health,,G4665084241,,
W4313895381,Dr Katharine Julia Dunlop,,National Institute of General Medical Sciences,,G5064342551,,
W4313895381,Dr Katharine Julia Dunlop,,National Institute of Mental Health,,G5089376814,,
W4313895381,Dr Katharine Julia Dunlop,,National Institute of Neurological Disorders and Stroke,,G5231685602,,
W4313895381,Dr Katharine Julia Dunlop,,U.S. Department of Energy,,G5362224353,,
W4313895381,Dr Katharine Julia Dunlop,,U.S. Department of Energy,,G5387082840,"RESEARCH AND DEVELOPMENT OF BETTER DIAGNOSIC TOOLS FOR MENTAL ILLNESS, NEUROLOGICAL DISORDERS, TRAUMATIC BRAIN INJURY AND POST TRAUMATIC STRESS DISOR",
W4313895381,Dr Katharine Julia Dunlop,,National Institutes of Health,,G5442388614,,
W4313895381,Dr Katharine Julia Dunlop,,National Institutes of Health,,G5961189438,,
W4313895381,Dr Katharine Julia Dunlop,,National Institute of Mental Health,,G6530817247,,
W4313895381,Dr Katharine Julia Dunlop,,U.S. Department of Energy,,G7186324567,,
W4313895381,Dr Katharine Julia Dunlop,,National Center for Research Resources,,G7294085243,,
W4313895381,Dr Katharine Julia Dunlop,,National Institute of Dental and Craniofacial Research,,G7487101449,,
W4313895381,Dr Katharine Julia Dunlop,,National Institutes of Health,,G7783908219,,
W4313895381,Dr Katharine Julia Dunlop,,Canadian Institutes of Health Research,,G8123307142,,
W4313895381,Dr Katharine Julia Dunlop,,National Institute on Drug Abuse,,G8463584491,,
W4313895381,Dr Katharine Julia Dunlop,,National Institutes of Health,,G8591730567,,
W4313895381,Dr Katharine Julia Dunlop,,National Institutes of Health,,G8641645511,,
W4313895381,Dr Katharine Julia Dunlop,,U.S. Department of Energy,,G8684078510,,
W4391256425,Dr Katharine Julia Dunlop,,National Institute of Mental Health,,G3149706337,,
W4391256425,Dr Katharine Julia Dunlop,,National Institute on Drug Abuse,,G4567009342,,
W4391256425,Dr Katharine Julia Dunlop,,National Institute of Mental Health,,G5139712295,,
W4391256425,Dr Katharine Julia Dunlop,,National Institute of Mental Health,,G7683526214,,
W2064935444,Dr Katharine Julia Dunlop,,Canadian Institutes of Health Research,,G5660660625,,
W4250375874,Dr Katharine Julia Dunlop,,National Institute of Mental Health,,G1964691424,,
W4250375874,Dr Katharine Julia Dunlop,,National Institute of Neurological Disorders and Stroke,,G2868398246,,
W4250375874,Dr Katharine Julia Dunlop,,National Center for Advancing Translational Sciences,,G7346641044,,
W2335271347,Dr Katharine Julia Dunlop,,National Institute of Biomedical Imaging and Bioengineering,,G1047869241,,
W2335271347,Dr Katharine Julia Dunlop,,Agence Nationale de la Recherche,,G1596846878,Matrice - 13 novembre,
W2335271347,Dr Katharine Julia Dunlop,,National Institute on Alcohol Abuse and Alcoholism,,G5694833014,,
W2335271347,Dr Katharine Julia Dunlop,,National Institute of Biomedical Imaging and Bioengineering,,G7326523540,,
W3016453014,Dr Katharine Julia Dunlop,,National Institute of Mental Health,,G1324053293,,
W3016453014,Dr Katharine Julia Dunlop,,National Institute of Mental Health,,G1358079009,,
W3016453014,Dr Katharine Julia Dunlop,,National Institute of Mental Health,,G6612045137,,
W3016453014,Dr Katharine Julia Dunlop,,National Institute of Mental Health,,G7184136898,,
W3016453014,Dr Katharine Julia Dunlop,,National Institute of Mental Health,,G7683526214,,
W3016453014,Dr Katharine Julia Dunlop,,National Center for Research Resources,,G8133396922,,
W2779535724,Dr Katharine Julia Dunlop,,Canadian Institutes of Health Research,,G5820963056,,
W4288051209,Dr Katharine Julia Dunlop,,National Institute of Mental Health,,G1324053293,,
W4288051209,Dr Katharine Julia Dunlop,,National Institute of Mental Health,,G3053409694,,
W4288051209,Dr Katharine Julia Dunlop,,National Institute of Mental Health,,G3198041384,,
W4288051209,Dr Katharine Julia Dunlop,,National Institute of Mental Health,,G5965997260,,
W4288051209,Dr Katharine Julia Dunlop,,National Institute of Mental Health,,G6344936290,,
W4297020695,Dr Katharine Julia Dunlop,,"National Heart, Lung, and Blood Institute",,G2132795465,,
W4297020695,Dr Katharine Julia Dunlop,,National Institute on Aging,,G2455682238,,
W4297020695,Dr Katharine Julia Dunlop,,Wellcome Trust,,G4637521198,,
W4297020695,Dr Katharine Julia Dunlop,,Wellcome Trust,,G6050944523,,
W4297020695,Dr Katharine Julia Dunlop,,National Institute on Aging,,G7370034027,,
W4297020695,Dr Katharine Julia Dunlop,,National Institute on Aging,,G8081637108,,
W4395696997,Dr Katharine Julia Dunlop,,Université de Bordeaux,,G1006732183,,
W4395696997,Dr Katharine Julia Dunlop,,National Institute on Aging,,G1067601299,,
W4395696997,Dr Katharine Julia Dunlop,,Institut National Du Cancer,,G108751944,,
W4395696997,Dr Katharine Julia Dunlop,,National Natural Science Foundation of China,,G1088771981,,
W4395696997,Dr Katharine Julia Dunlop,,National Institutes of Health,,G1094654566,,
W4395696997,Dr Katharine Julia Dunlop,,National Research Foundation Singapore,,G1094757534,,
W4395696997,Dr Katharine Julia Dunlop,,National Institute of Biomedical Imaging and Bioengineering,,G1118746577,,
W4395696997,Dr Katharine Julia Dunlop,,National Institute of Mental Health,,G1136693386,,
W4395696997,Dr Katharine Julia Dunlop,,National Institutes of Health,,G1153272139,,
W4395696997,Dr Katharine Julia Dunlop,,National Institutes of Health,,G1157786102,,
W4395696997,Dr Katharine Julia Dunlop,,Guarantors of Brain,,G1162771035,,
W4395696997,Dr Katharine Julia Dunlop,,National Institutes of Health,,G127175453,,
W4395696997,Dr Katharine Julia Dunlop,,National Institute on Alcohol Abuse and Alcoholism,,G1452184198,,
W4395696997,Dr Katharine Julia Dunlop,,Deutsche Forschungsgemeinschaft,,G1479485356,SFB 1052: Mechanismen der Adipositas,
W4395696997,Dr Katharine Julia Dunlop,,National Health and Medical Research Council,,G1482601728,Neuropsychiatric Connectomics,
W4395696997,Dr Katharine Julia Dunlop,,Agencia Nacional de Investigación y Desarrollo,,G1560886524,ASSESSMENT OF PROTEIN AND PHOSPHORUS BIOACCESSIBILITY AND BIOAVAILABILITY IN DIFFERENT LUPIN SPECIES WITHIN FISH GUT,
W4395696997,Dr Katharine Julia Dunlop,,Vetenskapsrådet,,G1607657393,,
W4395696997,Dr Katharine Julia Dunlop,,Alzheimerfonden,,G1618790837,,
W4395696997,Dr Katharine Julia Dunlop,,National Institutes of Health,,G1670355575,,
W4395696997,Dr Katharine Julia Dunlop,,National Institutes of Health,,G1677256593,,
W4395696997,Dr Katharine Julia Dunlop,,National Institutes of Health,,G1697451988,,
W4395696997,Dr Katharine Julia Dunlop,,Canadian Institutes of Health Research,,G1699647160,,
W4395696997,Dr Katharine Julia Dunlop,,National Institutes of Health,,G1700225190,,
W4395696997,Dr Katharine Julia Dunlop,,National Science Foundation,,G1774024887,Conference on Lie Theory and Its Applications,
W4395696997,Dr Katharine Julia Dunlop,,National Institute on Aging,,G1789289606,,
W4395696997,Dr Katharine Julia Dunlop,,National Health and Medical Research Council,,G1796590752,Are nicotine replacement therapy and varenicline safe and effective for women trying to quit smoking during pregnancy?,
W4395696997,Dr Katharine Julia Dunlop,,Agence Nationale de la Recherche,,G1810617464,,
W4395696997,Dr Katharine Julia Dunlop,,"National Heart, Lung, and Blood Institute",,G1837901351,,
W4395696997,Dr Katharine Julia Dunlop,,Medical Research Council,,G1843037302,,
W4395696997,Dr Katharine Julia Dunlop,,National Institute for Health and Care Research,,G1895122974,,
W4395696997,Dr Katharine Julia Dunlop,,Deutsche Forschungsgemeinschaft,,G192932977,,
W4395696997,Dr Katharine Julia Dunlop,,Agence Nationale de la Recherche,,G195474297,,
W4395696997,Dr Katharine Julia Dunlop,,National Research Foundation,,G1956390128,,
W4395696997,Dr Katharine Julia Dunlop,,European Regional Development Fund,,G1999169356,,
W4395696997,Dr Katharine Julia Dunlop,,Natural Sciences and Engineering Research Council of Canada,,G2018064485,,
W4395696997,Dr Katharine Julia Dunlop,,Beijing Municipal Science and Technology Commission,,G2060327673,,
W4395696997,Dr Katharine Julia Dunlop,,Agence Nationale de la Recherche,,G2077798120,,
W4395696997,Dr Katharine Julia Dunlop,,National Institute on Aging,,G2080581370,,
W4395696997,Dr Katharine Julia Dunlop,,National Science Foundation,,G2089626275,,
W4395696997,Dr Katharine Julia Dunlop,,Bill and Melinda Gates Foundation,,G2180459863,UNIVERSITY OF CHICAGO - to improve functional MRI data signal-to-noise and build models that use resting-state functional connectivity data collected early in life to pred...,
W4395696997,Dr Katharine Julia Dunlop,,National Institute on Alcohol Abuse and Alcoholism,,G2204308160,,
W4395696997,Dr Katharine Julia Dunlop,,National Institute of Neurological Disorders and Stroke,,G2214558076,,
W4395696997,Dr Katharine Julia Dunlop,,Natural Sciences and Engineering Research Council of Canada,,G2404976358,,
W4395696997,Dr Katharine Julia Dunlop,,Fondation Brain Canada,,G2444275376,,
W4395696997,Dr Katharine Julia Dunlop,,National Institutes of Health,,G2502717796,,
W4395696997,Dr Katharine Julia Dunlop,,Beijing Normal University,,G2534759083,,
W4395696997,Dr Katharine Julia Dunlop,,National Institute on Aging,,G255803252,,
W4395696997,Dr Katharine Julia Dunlop,,National Medical Research Council,,G2588387329,,
W4395696997,Dr Katharine Julia Dunlop,,Medical Research Council,,G259633682,,
W4395696997,Dr Katharine Julia Dunlop,,Agence Nationale de la Recherche,,G2667004339,,
W4395696997,Dr Katharine Julia Dunlop,,National Institutes of Health,,G268878991,,
W4395696997,Dr Katharine Julia Dunlop,,Canadian Institutes of Health Research,,G2701965430,,
W4395696997,Dr Katharine Julia Dunlop,,National Medical Research Council,,G2710842683,,
W4395696997,Dr Katharine Julia Dunlop,,National Institute of Biomedical Imaging and Bioengineering,,G2724933440,,
W4395696997,Dr Katharine Julia Dunlop,,National Institute of Biomedical Imaging and Bioengineering,,G2737442463,,
W4395696997,Dr Katharine Julia Dunlop,,European Commission,,G2761285720,,
W4395696997,Dr Katharine Julia Dunlop,,Nederlandse Organisatie voor Wetenschappelijk Onderzoek,,G2765444010,AdaptCoast: Adaptive Coastal monitoring and modelling of intermittent anthropogenic and natural impacts on beach-dune systems.,
W4395696997,Dr Katharine Julia Dunlop,,Canadian Institutes of Health Research,,G2791416804,,
W4395696997,Dr Katharine Julia Dunlop,,National Institute on Aging,,G2861815563,,
W4395696997,Dr Katharine Julia Dunlop,,National Institutes of Health,,G293573764,,
W4395696997,Dr Katharine Julia Dunlop,,National Institute of Mental Health,,G2943107776,,
W4395696997,Dr Katharine Julia Dunlop,,European Regional Development Fund,,G2956311059,,
W4395696997,Dr Katharine Julia Dunlop,,Medical Research Council,,G2976010103,Statistics for Stratified Medicine and Analysis of Complex Phenotypes,
W4395696997,Dr Katharine Julia Dunlop,,Vetenskapsrådet,,G299049170,,
W4395696997,Dr Katharine Julia Dunlop,,National Institute of Mental Health,,G3013527320,,
W4395696997,Dr Katharine Julia Dunlop,,National Institute of Mental Health,,G3028497028,,
W4395696997,Dr Katharine Julia Dunlop,,National Natural Science Foundation of China,,G3076214464,,
W4395696997,Dr Katharine Julia Dunlop,,National Institute on Aging,,G3076776773,,
W4395696997,Dr Katharine Julia Dunlop,,Université de Bordeaux,,G3131328017,,
W4395696997,Dr Katharine Julia Dunlop,,National Institutes of Health,,G3177597868,,
W4395696997,Dr Katharine Julia Dunlop,,National Institute of Mental Health,,G329157052,,
W4395696997,Dr Katharine Julia Dunlop,,National Institutes of Health,,G331076740,,
W4395696997,Dr Katharine Julia Dunlop,,Beijing Municipal Science and Technology Commission,,G332053344,,
W4395696997,Dr Katharine Julia Dunlop,,Alzheimerfonden,,G3362480022,,
W4395696997,Dr Katharine Julia Dunlop,,China Postdoctoral Science Foundation,,G3369084441,,
W4395696997,Dr Katharine Julia Dunlop,,Wellcome Trust,,G339059223,,
W4395696997,Dr Katharine Julia Dunlop,,National Institutes of Health,,G3461642185,,
W4395696997,Dr Katharine Julia Dunlop,,Alzheimerfonden,,G3466698728,,
W4395696997,Dr Katharine Julia Dunlop,,National Institutes of Health,,G3502937863,,
W4395696997,Dr Katharine Julia Dunlop,,Wellcome Trust,,G3535608949,Consortium of Neuroimmunology of Mood Disorders and Alzheimer's Disease.,
W4395696997,Dr Katharine Julia Dunlop,,National Institutes of Health,,G3552358314,,
W4395696997,Dr Katharine Julia Dunlop,,National Institutes of Health,,G356201316,,
W4395696997,Dr Katharine Julia Dunlop,,Medical Research Council,,G3594153814,,
W4395696997,Dr Katharine Julia Dunlop,,Agencia Nacional de Investigación y Desarrollo,,G3675007191,,
W4395696997,Dr Katharine Julia Dunlop,,National Science Foundation,,G3704195234,,
W4395696997,Dr Katharine Julia Dunlop,,Agencia Nacional de Investigación y Desarrollo,,G3747704041,DEVELOPMENT OF NOVEL IMAGING TECHNIQUES TO STUDY THE BRAIN IN SEVERE MENTAL HEALTH DISORDERS,
W4395696997,Dr Katharine Julia Dunlop,,National Institute on Aging,,G3748651787,,
W4395696997,Dr Katharine Julia Dunlop,,National Institute of Mental Health,,G3787471827,,
W4395696997,Dr Katharine Julia Dunlop,,Wellcome Trust,,G380024458,,
W4395696997,Dr Katharine Julia Dunlop,,European Regional Development Fund,,G3848063861,,
W4395696997,Dr Katharine Julia Dunlop,,National Research Foundation Singapore,,G3873828540,,
W4395696997,Dr Katharine Julia Dunlop,,National Institute of Mental Health,,G3933175036,,
W4395696997,Dr Katharine Julia Dunlop,,Vetenskapsrådet,,G3939712136,,
W4395696997,Dr Katharine Julia Dunlop,,National Science Foundation,,G3946359015,,
W4395696997,Dr Katharine Julia Dunlop,,National Institute on Aging,,G3946457848,,
W4395696997,Dr Katharine Julia Dunlop,,Vetenskapsrådet,,G398378591,,
W4395696997,Dr Katharine Julia Dunlop,,National Institutes of Health,,G4022108872,,
W4395696997,Dr Katharine Julia Dunlop,,Lister Institute of Preventive Medicine,,G4097959210,,
W4395696997,Dr Katharine Julia Dunlop,,National Institutes of Health,,G4127795349,,
W4395696997,Dr Katharine Julia Dunlop,,National Institutes of Health,,G4217211205,,
W4395696997,Dr Katharine Julia Dunlop,,National Institute of Neurological Disorders and Stroke,,G4246179861,,
W4395696997,Dr Katharine Julia Dunlop,,National Institute of Biomedical Imaging and Bioengineering,,G4266752760,,
W4395696997,Dr Katharine Julia Dunlop,,Wellcome Trust,,G4279061768,The cognitive neuroscience of over-eating: normative and clinical studies of goal-driven and stimulus-driven responses,
W4395696997,Dr Katharine Julia Dunlop,,Conselho Nacional de Desenvolvimento Científico e Tecnológico,,G4290905564,,
W4395696997,Dr Katharine Julia Dunlop,,Wellcome Trust,,G4310415265,,
W4395696997,Dr Katharine Julia Dunlop,,Bill and Melinda Gates Foundation,,G4312861313,,
W4395696997,Dr Katharine Julia Dunlop,,Nederlandse Organisatie voor Wetenschappelijk Onderzoek,,G432789758,,
W4395696997,Dr Katharine Julia Dunlop,,National Institutes of Health,,G4368110639,,
W4395696997,Dr Katharine Julia Dunlop,,Université de Bordeaux,,G4412925703,,
W4395696997,Dr Katharine Julia Dunlop,,National Health and Medical Research Council,,G4464222258,Developing Novel Preclinical Models for Neurodevelopmental Disorders - From Bedside to Bench,
W4395696997,Dr Katharine Julia Dunlop,,National Health and Medical Research Council,,G4493590557,An imaging-genomic approach to advance understanding of early cortical development and outcome after preterm birth,
W4395696997,Dr Katharine Julia Dunlop,,National Institutes of Health,,G4532299323,,
W4395696997,Dr Katharine Julia Dunlop,,National Natural Science Foundation of China,,G4535668772,,
W4395696997,Dr Katharine Julia Dunlop,,National Research Foundation Singapore,,G4604387558,,
W4395696997,Dr Katharine Julia Dunlop,,McKnight Foundation,,G4610387471,,
W4395696997,Dr Katharine Julia Dunlop,,National Institutes of Health,,G4667588829,,
W4395696997,Dr Katharine Julia Dunlop,,National Institute of Biomedical Imaging and Bioengineering,,G4679675723,,
W4395696997,Dr Katharine Julia Dunlop,,National Institute of Mental Health,,G469079489,,
W4395696997,Dr Katharine Julia Dunlop,,National Institutes of Health,,G4697140013,,
W4395696997,Dr Katharine Julia Dunlop,,National Institute of Mental Health,,G4703126699,,
W4395696997,Dr Katharine Julia Dunlop,,Agence Nationale de la Recherche,,G471331628,,
W4395696997,Dr Katharine Julia Dunlop,,National Institute on Aging,,G471988321,,
W4395696997,Dr Katharine Julia Dunlop,,National Institute of Biomedical Imaging and Bioengineering,,G4728037996,,
W4395696997,Dr Katharine Julia Dunlop,,National Institute of Neurological Disorders and Stroke,,G4732730892,,
W4395696997,Dr Katharine Julia Dunlop,,National Institutes of Health,,G4752677140,,
W4395696997,Dr Katharine Julia Dunlop,,National Institutes of Health,,G4793289069,,
W4395696997,Dr Katharine Julia Dunlop,,National Natural Science Foundation of China,,G4820593141,,
W4395696997,Dr Katharine Julia Dunlop,,National Institute on Deafness and Other Communication Disorders,,G4841885736,,
W4395696997,Dr Katharine Julia Dunlop,,Bill and Melinda Gates Foundation,,G4856762701,,
W4395696997,Dr Katharine Julia Dunlop,,National Health and Medical Research Council,,G4874887261,Translating membrane proteins into therapeutics; from bedside to bench,
W4395696997,Dr Katharine Julia Dunlop,,National Institute on Aging,,G4881831791,,
W4395696997,Dr Katharine Julia Dunlop,,National Institute of Mental Health,,G4896177567,,
W4395696997,Dr Katharine Julia Dunlop,,"National Heart, Lung, and Blood Institute",,G4908792877,,
W4395696997,Dr Katharine Julia Dunlop,,National Institute of Mental Health,,G4914152248,,
W4395696997,Dr Katharine Julia Dunlop,,Agence Nationale de la Recherche,,G4962032109,,
W4395696997,Dr Katharine Julia Dunlop,,Deutsche Forschungsgemeinschaft,,G4992384397,,
W4395696997,Dr Katharine Julia Dunlop,,National Science Foundation,,G5059072580,,
W4395696997,Dr Katharine Julia Dunlop,,China Postdoctoral Science Foundation,,G5099514992,,
W4395696997,Dr Katharine Julia Dunlop,,National Institutes of Health,,G5105712349,,
W4395696997,Dr Katharine Julia Dunlop,,Institut National Du Cancer,,G5154449893,,
W4395696997,Dr Katharine Julia Dunlop,,Cancer Research UK,,G515689015,,
W4395696997,Dr Katharine Julia Dunlop,,Medical Research Council,,G5195259315,,
W4395696997,Dr Katharine Julia Dunlop,,National Institutes of Health,,G5265470802,,
W4395696997,Dr Katharine Julia Dunlop,,National Institutes of Health,,G5265962919,,
W4395696997,Dr Katharine Julia Dunlop,,NIHR Cambridge Biomedical Research Centre,,G5309236915,,
W4395696997,Dr Katharine Julia Dunlop,,National Institutes of Health,,G542738281,,
W4395696997,Dr Katharine Julia Dunlop,,European Regional Development Fund,,G5452741828,,
W4395696997,Dr Katharine Julia Dunlop,,Conselho Nacional de Desenvolvimento Científico e Tecnológico,,G5492504476,,
W4395696997,Dr Katharine Julia Dunlop,,Agence Nationale de la Recherche,,G5537318980,,
W4395696997,Dr Katharine Julia Dunlop,,European Commission,,G5537678747,The Developing Human Connectome Project,
W4395696997,Dr Katharine Julia Dunlop,,European Commission,,G5593277320,,
W4395696997,Dr Katharine Julia Dunlop,,Beijing Municipal Science and Technology Commission,,G5612492429,,
W4395696997,Dr Katharine Julia Dunlop,,National Institute on Aging,,G5640525220,,
W4395696997,Dr Katharine Julia Dunlop,,National Institute for Health and Care Research,,G5658388817,The COSI study: a multi-site RCT to explore the clinical and cost effectiveness of the Circle of Security Intervention for mothers in perinatal mental health services,
W4395696997,Dr Katharine Julia Dunlop,,Beijing Municipal Science and Technology Commission,,G5741301726,,
W4395696997,Dr Katharine Julia Dunlop,,National Medical Research Council,,G5755632036,,
W4395696997,Dr Katharine Julia Dunlop,,National Institutes of Health,,G5759502011,,
W4395696997,Dr Katharine Julia Dunlop,,National Institutes of Health,,G5771378373,,
W4395696997,Dr Katharine Julia Dunlop,,National Institute of Mental Health,,G5790812223,,
W4395696997,Dr Katharine Julia Dunlop,,National Alliance for Research on Schizophrenia and Depression,,G580592532,,
W4395696997,Dr Katharine Julia Dunlop,,National Institute of Biomedical Imaging and Bioengineering,,G5806842291,,
W4395696997,Dr Katharine Julia Dunlop,,European Commission,,G5948581409,Analysing the heavy element factories of the Universe : photometric and spectroscopic sample study of kilonovae,
W4395696997,Dr Katharine Julia Dunlop,,National Institutes of Health,,G5953100395,,
W4395696997,Dr Katharine Julia Dunlop,,Wellcome Trust,,G6050944523,,
W4395696997,Dr Katharine Julia Dunlop,,National Medical Research Council,,G606602278,,
W4395696997,Dr Katharine Julia Dunlop,,National Institute of Mental Health,,G6072810736,,
W4395696997,Dr Katharine Julia Dunlop,,National Institutes of Health,,G6128416104,,
W4395696997,Dr Katharine Julia Dunlop,,Agence Nationale de la Recherche,,G620848983,,
W4395696997,Dr Katharine Julia Dunlop,,National Health and Medical Research Council,,G6221874794,,
W4395696997,Dr Katharine Julia Dunlop,,National Institute of Neurological Disorders and Stroke,,G6252039340,,
W4395696997,Dr Katharine Julia Dunlop,,National Science Foundation,,G6283993744,,
W4395696997,Dr Katharine Julia Dunlop,,National Natural Science Foundation of China,,G6316272379,,
W4395696997,Dr Katharine Julia Dunlop,,National Institute of Mental Health,,G6326520066,,
W4395696997,Dr Katharine Julia Dunlop,,National Institute of Mental Health,,G6336755310,,
W4395696997,Dr Katharine Julia Dunlop,,National Institutes of Health,,G6375590019,,
W4395696997,Dr Katharine Julia Dunlop,,National Institutes of Health,,G6378186346,,
W4395696997,Dr Katharine Julia Dunlop,,National Institute on Aging,,G638371729,,
W4395696997,Dr Katharine Julia Dunlop,,National Science Foundation,,G6414683537,CREST Center for Dynamic Multiscale and Multimodal Brain Mapping Over The Lifespan [D-MAP],
W4395696997,Dr Katharine Julia Dunlop,,National Institute on Aging,,G6487274803,,
W4395696997,Dr Katharine Julia Dunlop,,National Institute for Health and Care Research,,G6497752822,,
W4395696997,Dr Katharine Julia Dunlop,,National Institutes of Health,,G6541455808,,
W4395696997,Dr Katharine Julia Dunlop,,National Institutes of Health,,G6555335496,,
W4395696997,Dr Katharine Julia Dunlop,,National Institute of Biomedical Imaging and Bioengineering,,G6601925668,,
W4395696997,Dr Katharine Julia Dunlop,,National Institutes of Health,,G6616737703,,
W4395696997,Dr Katharine Julia Dunlop,,National Institute of Neurological Disorders and Stroke,,G6616958264,,
W4395696997,Dr Katharine Julia Dunlop,,Medical Research Council,,G6641991021,,
W4395696997,Dr Katharine Julia Dunlop,,National Institute on Aging,,G670286326,,
W4395696997,Dr Katharine Julia Dunlop,,National Institutes of Health,,G6712560988,,
W4395696997,Dr Katharine Julia Dunlop,,National Medical Research Council,,G672645665,,
W4395696997,Dr Katharine Julia Dunlop,,National Institute on Aging,,G6750444795,,
W4395696997,Dr Katharine Julia Dunlop,,National University of Singapore,,G676718804,,
W4395696997,Dr Katharine Julia Dunlop,,National Institutes of Health,,G6781161026,,
W4395696997,Dr Katharine Julia Dunlop,,National Institute of Mental Health,,G6802798771,,
W4395696997,Dr Katharine Julia Dunlop,,Agencia Nacional de Investigación y Desarrollo,,G6916900393,NEUROIMAGING BIOMARKERS OF RESPONSE TO CLOZAPINE IN TREATMENT-RESISTANT SCHIZOPHRENIA,
W4395696997,Dr Katharine Julia Dunlop,,National Institutes of Health,,G7025015934,,
W4395696997,Dr Katharine Julia Dunlop,,Vetenskapsrådet,,G7038200806,,
W4395696997,Dr Katharine Julia Dunlop,,National Institute of Mental Health,,G7058915875,,
W4395696997,Dr Katharine Julia Dunlop,,Vetenskapsrådet,,G712881263,,
W4395696997,Dr Katharine Julia Dunlop,,National Natural Science Foundation of China,,G7183840156,,
W4395696997,Dr Katharine Julia Dunlop,,National Science Foundation,,G718618001,Novel Continuous Structural and Functional Networks and Prediction of Individual Cognition,
W4395696997,Dr Katharine Julia Dunlop,,National Institute of Mental Health,,G7239431997,,
W4395696997,Dr Katharine Julia Dunlop,,Agence Nationale de la Recherche,,G7240651115,,
W4395696997,Dr Katharine Julia Dunlop,,National Institute on Aging,,G7370034027,,
W4395696997,Dr Katharine Julia Dunlop,,National Institute on Aging,,G7409097460,,
W4395696997,Dr Katharine Julia Dunlop,,Wellcome Trust,,G7412856803,,
W4395696997,Dr Katharine Julia Dunlop,,National Institutes of Health,,G7418673020,,
W4395696997,Dr Katharine Julia Dunlop,,National Institute of Mental Health,,G7423700471,,
W4395696997,Dr Katharine Julia Dunlop,,National Institutes of Health,,G7424276035,,
W4395696997,Dr Katharine Julia Dunlop,,National Institute of Mental Health,,G7450076669,,
W4395696997,Dr Katharine Julia Dunlop,,National Institutes of Health,,G7513004076,,
W4395696997,Dr Katharine Julia Dunlop,,European Commission,,G7546946110,,
W4395696997,Dr Katharine Julia Dunlop,,National Institutes of Health,,G7556698484,,
W4395696997,Dr Katharine Julia Dunlop,,Alzheimerfonden,,G769944123,,
W4395696997,Dr Katharine Julia Dunlop,,Indian Council of Medical Research,,G774840283,,
W4395696997,Dr Katharine Julia Dunlop,,National Medical Research Council,,G7754045107,,
W4395696997,Dr Katharine Julia Dunlop,,Wellcome Trust,,G7826725679,,
W4395696997,Dr Katharine Julia Dunlop,,Eli Lilly and Company,,G7855923974,,
W4395696997,Dr Katharine Julia Dunlop,,National Institute on Aging,,G7883124378,,
W4395696997,Dr Katharine Julia Dunlop,,Genentech,,G7926278924,,
W4395696997,Dr Katharine Julia Dunlop,,National Institute of Mental Health,,G7972313952,,
W4395696997,Dr Katharine Julia Dunlop,,National Institutes of Health,,G799968509,,
W4395696997,Dr Katharine Julia Dunlop,,National Institutes of Health,,G8002845744,,
W4395696997,Dr Katharine Julia Dunlop,,Medical Research Council,,G8048453011,,
W4395696997,Dr Katharine Julia Dunlop,,National Institutes of Health,,G8160905777,,
W4395696997,Dr Katharine Julia Dunlop,,Institut National de la Santé et de la Recherche Médicale,,G8163028512,,
W4395696997,Dr Katharine Julia Dunlop,,Medical Research Council,,G8171530998,Kailo - A systemic approach to improving adolescent mental health,
W4395696997,Dr Katharine Julia Dunlop,,Wellcome Trust,,G8184029853,The Cambridge-UCL Mental Health and Neurosciences Network.,
W4395696997,Dr Katharine Julia Dunlop,,National Natural Science Foundation of China,,G8207954767,基于深度学习的癫痫多模态脑影像分类研究,
W4395696997,Dr Katharine Julia Dunlop,,National Institute on Aging,,G820892845,,
W4395696997,Dr Katharine Julia Dunlop,,"National Heart, Lung, and Blood Institute",,G8245670873,,
W4395696997,Dr Katharine Julia Dunlop,,National Institutes of Health,,G8288036582,,
W4395696997,Dr Katharine Julia Dunlop,,National Research Foundation,,G8332257624,,
W4395696997,Dr Katharine Julia Dunlop,,Agence Régionale de Santé Île-de-France,,G834334272,,
W4395696997,Dr Katharine Julia Dunlop,,National Research Foundation,,G8346907872,,
W4395696997,Dr Katharine Julia Dunlop,,National Health and Medical Research Council,,G8357078610,Neurobiological ‘risk’ and ‘resilience’ biomarkers of severe mental illness,
W4395696997,Dr Katharine Julia Dunlop,,National Institute of Mental Health,,G8374115451,,
W4395696997,Dr Katharine Julia Dunlop,,National Institute on Aging,,G8385900166,,
W4395696997,Dr Katharine Julia Dunlop,,National Institutes of Health,,G8411236862,,
W4395696997,Dr Katharine Julia Dunlop,,National Institutes of Health,,G8417045450,,
W4395696997,Dr Katharine Julia Dunlop,,Brain and Behavior Research Foundation,,G8428971458,,
W4395696997,Dr Katharine Julia Dunlop,,Beijing Normal University,,G8442476038,,
W4395696997,Dr Katharine Julia Dunlop,,National Institutes of Health,,G8508534874,,
W4395696997,Dr Katharine Julia Dunlop,,Medical Research Council,,G8523522374,,
W4395696997,Dr Katharine Julia Dunlop,,National Institute on Aging,,G8596474229,,
W4395696997,Dr Katharine Julia Dunlop,,Alzheimerfonden,,G8668793600,,
W4395696997,Dr Katharine Julia Dunlop,,Conselho Nacional de Desenvolvimento Científico e Tecnológico,,G8686062176,,
W4395696997,Dr Katharine Julia Dunlop,,National Institute on Aging,,G873702183,,
W4395696997,Dr Katharine Julia Dunlop,,National Medical Research Council,,G8746592643,,
W4395696997,Dr Katharine Julia Dunlop,,National Social Science Fund of China,,G8750771712,,
W4395696997,Dr Katharine Julia Dunlop,,National Institute on Alcohol Abuse and Alcoholism,,G8783291936,,
W4395696997,Dr Katharine Julia Dunlop,,Medical Research Council,,G879348943,,
W4395696997,Dr Katharine Julia Dunlop,,National Science Foundation,,G8803851958,,
W4395696997,Dr Katharine Julia Dunlop,,Conseil Régional Aquitaine,,G8811516756,,
W4395696997,Dr Katharine Julia Dunlop,,Alzheimerfonden,,G8851990395,,
W4395696997,Dr Katharine Julia Dunlop,,National Institute of Biomedical Imaging and Bioengineering,,G8886903828,,
W4395696997,Dr Katharine Julia Dunlop,,National Institute of Biomedical Imaging and Bioengineering,,G8903302275,,
W4395696997,Dr Katharine Julia Dunlop,,National Institute of Mental Health,,G8913813610,,
W4395696997,Dr Katharine Julia Dunlop,,Medical Research Council,,G8980090840,,
W4395696997,Dr Katharine Julia Dunlop,,National Institutes of Health,,G946610984,,
W4412986147,Dr Katharine Julia Dunlop,,National Natural Science Foundation of China,,G1088771981,,
W4412986147,Dr Katharine Julia Dunlop,,National Natural Science Foundation of China,,G1790048183,,
W4412986147,Dr Katharine Julia Dunlop,,National Social Science Fund of China,,G2208141750,,
W4412986147,Dr Katharine Julia Dunlop,,National Institute of Mental Health,,G5804440636,,
W4412986147,Dr Katharine Julia Dunlop,,National Natural Science Foundation of China,,G6059964893,,
W4412986147,Dr Katharine Julia Dunlop,,National Social Science Fund of China,,G6456106533,,
W4412986147,Dr Katharine Julia Dunlop,,National Natural Science Foundation of China,,G7183840156,,
W4412986147,Dr Katharine Julia Dunlop,,National Natural Science Foundation of China,,G7690537111,,
W4412986147,Dr Katharine Julia Dunlop,,National Natural Science Foundation of China,,G7807156479,,
W4412986147,Dr Katharine Julia Dunlop,,National Social Science Fund of China,,G8750771712,,
W4412986147,Dr Katharine Julia Dunlop,,National Institute of Biomedical Imaging and Bioengineering,,G8815896049,,
W4412986147,Dr Katharine Julia Dunlop,,National Social Science Fund of China,,G882498880,,
W4412986147,Dr Katharine Julia Dunlop,,National Natural Science Foundation of China,,G8876430600,,
W7119709793,Dr Katharine Julia Dunlop,,National Institutes of Health,,G1700225190,,
W7119709793,Dr Katharine Julia Dunlop,,National Institutes of Health,,G2836581903,,
W7119709793,Dr Katharine Julia Dunlop,,National Institutes of Health,,G4023508201,,
W7119709793,Dr Katharine Julia Dunlop,,National Institutes of Health,,G7337573964,,
W7119709793,Dr Katharine Julia Dunlop,,National Institutes of Health,,G8411236862,,
W3188581886,Dr Katharine Julia Dunlop,,National Institute of Mental Health,,G1324053293,,
W3188581886,Dr Katharine Julia Dunlop,,National Institute of Mental Health,,G3053409694,,
W3188581886,Dr Katharine Julia Dunlop,,National Institute of Mental Health,,G7683526214,,
W2896723771,Dr Katharine Julia Dunlop,,National Institute on Drug Abuse,,G4567009342,,
W2896723771,Dr Katharine Julia Dunlop,,National Institute of Mental Health,,G4865980165,,
W2896723771,Dr Katharine Julia Dunlop,,National Institute of Mental Health,,G6454481166,,
W3173472261,Dr Katharine Julia Dunlop,,National Institute for Health and Care Research,,G1895122974,,
W3173472261,Dr Katharine Julia Dunlop,,Medical Research Council,,G2976010103,Statistics for Stratified Medicine and Analysis of Complex Phenotypes,
W3173472261,Dr Katharine Julia Dunlop,,Wellcome Trust,,G3170919282,,
W3173472261,Dr Katharine Julia Dunlop,,National Institute of Mental Health,,G3629581926,,
W3173472261,Dr Katharine Julia Dunlop,,Biotechnology and Biological Sciences Research Council,,G4175935016,Systems Cognitive Neuroscience of Healthy Ageing: Population-Representative Studies of Functional Plasticity and Neural Change,
W3173472261,Dr Katharine Julia Dunlop,,NIHR Cambridge Biomedical Research Centre,,G5309236915,,
W3173472261,Dr Katharine Julia Dunlop,,National Institute of Mental Health,,G6326520066,,
W3173472261,Dr Katharine Julia Dunlop,,National Institutes of Health,,G6541455808,,
W3173472261,Dr Katharine Julia Dunlop,,Medical Research Council,,G6641991021,,
W3173472261,Dr Katharine Julia Dunlop,,Medical Research Council,,G6707481430,Innovative Technologies for Stratified and Experimental Medicine,
W3173472261,Dr Katharine Julia Dunlop,,National Institutes of Health,,G6852326923,,
W3173472261,Dr Katharine Julia Dunlop,,Medical Research Council,,G7212319858,,
W3173472261,Dr Katharine Julia Dunlop,,Wellcome Trust,,G7826725679,,
W3173472261,Dr Katharine Julia Dunlop,,National Institute for Health and Care Research,,G7970944808,,
W3173472261,Dr Katharine Julia Dunlop,,Medical Research Council,,G8576225037,,
W3173472261,Dr Katharine Julia Dunlop,,British Academy,,G8799902318,,
W3016271278,Dr Katharine Julia Dunlop,,National Institute of Mental Health,,G1324053293,,
W3016271278,Dr Katharine Julia Dunlop,,National Institute of Mental Health,,G3053409694,,
W3016271278,Dr Katharine Julia Dunlop,,National Institute of Mental Health,,G3198041384,,
W3016271278,Dr Katharine Julia Dunlop,,National Institute of Mental Health,,G6344936290,,
W4412457510,Dr Katharine Julia Dunlop,,National Institutes of Health,,G2227745080,,
W4412457510,Dr Katharine Julia Dunlop,,National Institutes of Health,,G2677563918,,
W4412457510,Dr Katharine Julia Dunlop,,National Institutes of Health,,G2947589257,,
W4412457510,Dr Katharine Julia Dunlop,,National Institutes of Health,,G362718125,,
W4412457510,Dr Katharine Julia Dunlop,,National Institutes of Health,,G4395649281,,
W4412457510,Dr Katharine Julia Dunlop,,Canadian Institutes of Health Research,,G5820963056,,
W4412457510,Dr Katharine Julia Dunlop,,National Institutes of Health,,G5989848050,,
W3140456516,Dr Katherine Patricia York,,National Institute of Arthritis and Musculoskeletal and Skin Diseases,,G1736302042,,
W3140456516,Dr Katherine Patricia York,,Medical Research Council,,G4007069058,,
W3097439803,Dr Katherine Patricia York,,University of Massachusetts,,G6765143439,,
W4294967722,Dr Keng  Chen,,Shenzhen Fundamental Research Program,,G3637064902,,
W4294967722,Dr Keng  Chen,,Basic and Applied Basic Research Foundation of Guangdong Province,,G6581984423,,
W4294967722,Dr Keng  Chen,,Basic and Applied Basic Research Foundation of Guangdong Province,,G7970768217,,
W4410245880,Dr Keng  Chen,,National Natural Science Foundation of China,,G3238249234,,
W4410245880,Dr Keng  Chen,,Basic and Applied Basic Research Foundation of Guangdong Province,,G4589597869,,
W4410245880,Dr Keng  Chen,,National Natural Science Foundation of China,,G5897922289,,
W4410245880,Dr Keng  Chen,,National Natural Science Foundation of China,,G7148854957,,
W4410245880,Dr Keng  Chen,,Shenzhen Science and Technology Innovation Program,,G8987315926,,
W7118351032,Dr Keng  Chen,,National Natural Science Foundation of China-Yunnan Joint Fund,,G5583516613,,
W2049520895,Dr Keng  Chen,,European Research Council,,G2403251798,,
W2049520895,Dr Keng  Chen,,Generalitat de Catalunya,,G385988852,,
W2049520895,Dr Keng  Chen,,National Health and Medical Research Council,,G4475522672,,
W2049520895,Dr Keng  Chen,,Ministerio de Economía y Competitividad,,G4787818451,,
W2049520895,Dr Keng  Chen,,National Research Foundation Singapore,,G7129128668,,
W3012513918,Dr Keng  Chen,,National Natural Science Foundation of China,,G155960349,石墨烯量子点/卤素掺杂氮化碳纳米片异质结的设计、原位合成与可见光催化制氢性能增强机制,
W3012513918,Dr Keng  Chen,,National Natural Science Foundation of China,,G1762283232,量子点荧光粉光致生热对LED器件温度场的影响机制研究,
W3012513918,Dr Keng  Chen,,National Natural Science Foundation of China,,G3337142443,高效宽光谱响应石墨烯量子点异质结的可控构筑与光催化性能研究,
W3012513918,Dr Keng  Chen,,National Natural Science Foundation of China,,G3923395287,层状双金属氢氧化物及焙烧产物/石墨烯气凝胶三维复合纳米材料的制备、吸附-解吸性能和作用机制研究,
W3012513918,Dr Keng  Chen,,National Natural Science Foundation of China,,G7248766750,基于石墨烯量子点复合材料的高效增强可见光催化性能研究,
W2199395783,Dr Keng  Chen,,National Natural Science Foundation of China,,G6705066044,,
W2199395783,Dr Keng  Chen,,National Natural Science Foundation of China,,G7244033239,肿瘤相关巨噬细胞介导肝癌动脉生成的机制及其在肿瘤进展中的作用,
W2199395783,Dr Keng  Chen,,Fundamental Research Funds for the Central Universities,,G922874245,,
W2942854662,Dr Keng  Chen,,National Natural Science Foundation of China,,G2943249500,,
W2942854662,Dr Keng  Chen,,Guangzhou Municipal Science and Technology Project,,G5500357395,,
W2942854662,Dr Keng  Chen,,National Natural Science Foundation of China,,G570766321,,
W2942854662,Dr Keng  Chen,,Science and Technology Planning Project of Guangdong Province,,G635649183,,
W2942854662,Dr Keng  Chen,,National Natural Science Foundation of China,,G6512597900,M2型肿瘤相关巨噬细胞在胶质瘤血管生成拟态中的作用机制研究,
W2942854662,Dr Keng  Chen,,National Key Research and Development Program of China,,G7047156768,,
W2942854662,Dr Keng  Chen,,National Natural Science Foundation of China,,G7482422286,,
W2942854662,Dr Keng  Chen,,National Key Research and Development Program of China,,G7778498642,,
W2942854662,Dr Keng  Chen,,National Natural Science Foundation of China,,G7983013600,,
W4200115804,Dr Keng  Chen,,National Natural Science Foundation of China,,G158549249,,
W4200115804,Dr Keng  Chen,,Natural Science Foundation of Guangdong Province,,G881496330,,
W4362733461,Dr Keng  Chen,,National Natural Science Foundation of China,,G3195496527,磷酸化MARCKS介导E2F1-PUMA轴对多发性骨髓瘤耐药的机制研究,
W4362733461,Dr Keng  Chen,,Shenzhen Science and Technology Innovation Program,,G8987315926,,
W4413042776,Dr Keng  Chen,,Sun Yat-sen University,,G1757979450,,
W4413042776,Dr Keng  Chen,,Sun Yat-sen University,,G2245024198,,
W4413042776,Dr Keng  Chen,,National Natural Science Foundation of China,,G325068603,,
W4413042776,Dr Keng  Chen,,Shenzhen Science and Technology Innovation Program,,G3374282307,,
W4413042776,Dr Keng  Chen,,Shenzhen Science and Technology Innovation Program,,G7293807484,,
W4413042776,Dr Keng  Chen,,Shenzhen Science and Technology Innovation Program,,G8987315926,,
W2803459401,Dr Keng  Chen,,National Natural Science Foundation of China,,G645866559,,
W3015282949,Dr Keng  Chen,,National Natural Science Foundation of China,,G1224978225,,
W3015282949,Dr Keng  Chen,,National Natural Science Foundation of China,,G7482422286,,
W3015282949,Dr Keng  Chen,,Sun Yat-sen University,,G7794676906,,
W3015282949,Dr Keng  Chen,,National Natural Science Foundation of China,,G8654133716,,
W2724211195,Dr Keng  Chen,,National Natural Science Foundation of China,,G1373830386,,
W2724211195,Dr Keng  Chen,,National Natural Science Foundation of China,,G3912949021,,
W2724211195,Dr Keng  Chen,,National Natural Science Foundation of China,,G5994494637,,
W2038885714,Dr Keng  Chen,,National Natural Science Foundation of China,,G163379709,,
W2038885714,Dr Keng  Chen,,Natural Science Foundation of Guangdong Province,,G1816524320,,
W2038885714,Dr Keng  Chen,,Natural Science Foundation of Guangdong Province,,G182771854,,
W2038885714,Dr Keng  Chen,,Guangzhou Municipal Science and Technology Project,,G2135529870,,
W2038885714,Dr Keng  Chen,,National Natural Science Foundation of China,,G2284715118,,
W2038885714,Dr Keng  Chen,,National Natural Science Foundation of China,,G2380066422,,
W2038885714,Dr Keng  Chen,,Guangzhou Municipal Science and Technology Project,,G2385633624,,
W2038885714,Dr Keng  Chen,,Guangzhou Municipal Science and Technology Project,,G3027785378,,
W2038885714,Dr Keng  Chen,,Guangzhou Municipal Science and Technology Project,,G3668762038,,
W2038885714,Dr Keng  Chen,,Natural Science Foundation of Guangdong Province,,G3966172369,,
W2038885714,Dr Keng  Chen,,Guangzhou Municipal Science and Technology Project,,G4018846968,,
W2038885714,Dr Keng  Chen,,National Natural Science Foundation of China,,G408189360,,
W2038885714,Dr Keng  Chen,,National Natural Science Foundation of China,,G4537997363,,
W2038885714,Dr Keng  Chen,,Guangzhou Municipal Science and Technology Project,,G4744535365,,
W2038885714,Dr Keng  Chen,,Natural Science Foundation of Guangdong Province,,G5268507860,,
W2038885714,Dr Keng  Chen,,National Natural Science Foundation of China,,G5453138395,,
W2038885714,Dr Keng  Chen,,Natural Science Foundation of Guangdong Province,,G5939883618,,
W2038885714,Dr Keng  Chen,,Natural Science Foundation of Guangdong Province,,G6752282043,,
W2038885714,Dr Keng  Chen,,Natural Science Foundation of Guangdong Province,,G7126750848,,
W2038885714,Dr Keng  Chen,,Guangzhou Municipal Science and Technology Project,,G7679566884,,
W2038885714,Dr Keng  Chen,,National Natural Science Foundation of China,,G8993834177,调节HIF-2α平衡自噬与凋亡增强低氧环境下软骨细胞自身保护的机制研究,
W3114569395,Dr Keng  Chen,,National Natural Science Foundation of China,,G158549249,,
W3114569395,Dr Keng  Chen,,Natural Science Foundation of Guangdong Province,,G5541144465,,
W3110097647,Dr Keng  Chen,,Natural Science Foundation of Guangdong Province,,G2744202691,,
W3110097647,Dr Keng  Chen,,Natural Science Foundation of Guangdong Province,,G6085513307,,
W3110097647,Dr Keng  Chen,,Natural Science Foundation of Guangdong Province,,G6968067436,,
W3197820356,Dr Keng  Chen,,National Natural Science Foundation of China,,G1048494437,蛋白酶体功能抑制在胆红素脑病中的作用研究,
W3197820356,Dr Keng  Chen,,Natural Science Foundation of Guangdong Province,,G1945263033,,
W3197820356,Dr Keng  Chen,,National Natural Science Foundation of China,,G2819607094,胆红素调控心肌肥大发生发展的作用及机制,
W3197820356,Dr Keng  Chen,,National Natural Science Foundation of China,,G4177135384,,
W3197820356,Dr Keng  Chen,,National Natural Science Foundation of China,,G4902609648,去泛素化酶USP10调控慢性粒细胞白血病细胞生长的分子机制研究,
W3197820356,Dr Keng  Chen,,National Natural Science Foundation of China,,G5405570229,,
W3197820356,Dr Keng  Chen,,Natural Science Foundation of Guangdong Province,,G5700629323,,
W3197820356,Dr Keng  Chen,,National Natural Science Foundation of China,,G5883991496,,
W2790407427,Dr Keng  Chen,,National Natural Science Foundation of China,,G645866559,,
W2790407427,Dr Keng  Chen,,National Natural Science Foundation of China,,G7868880658,,
W3156242415,Dr Keng  Chen,,National Natural Science Foundation of China,,G158549249,,
W3156242415,Dr Keng  Chen,,National Natural Science Foundation of China,,G2903239640,,
W2606817484,Dr Keng  Chen,,National Natural Science Foundation of China,,G5843951883,,
W2520951692,Dr Keng  Chen,,National Natural Science Foundation of China,,G645866559,,
W2913974404,Dr Keng  Chen,,Natural Science Foundation of Zhejiang Province,,G2431105302,,
W2913974404,Dr Keng  Chen,,National Natural Science Foundation of China,,G4815820956,,
W2913974404,Dr Keng  Chen,,Natural Science Foundation of Zhejiang Province,,G5430506891,,
W2913974404,Dr Keng  Chen,,National Natural Science Foundation of China,,G5450356203,,
W2913974404,Dr Keng  Chen,,National Natural Science Foundation of China,,G6191488930,,
W2913974404,Dr Keng  Chen,,Natural Science Foundation of Zhejiang Province,,G6759713765,,
W3160147777,Dr Keng  Chen,,Guangzhou Science and Technology Program key projects,,G1410247199,,
W3160147777,Dr Keng  Chen,,National Major Science and Technology Projects of China,,G1713703754,,
W3160147777,Dr Keng  Chen,,Natural Science Foundation of Guangdong Province,,G1733225067,,
W3160147777,Dr Keng  Chen,,National Natural Science Foundation of China,,G2848077422,,
W3160147777,Dr Keng  Chen,,National Major Science and Technology Projects of China,,G2914370275,,
W3160147777,Dr Keng  Chen,,National Major Science and Technology Projects of China,,G8592968746,,
W4286586763,Dr Keng  Chen,,National Natural Science Foundation of China,,G1224978225,,
W4286586763,Dr Keng  Chen,,National Natural Science Foundation of China,,G7482422286,,
W4286586763,Dr Keng  Chen,,Sun Yat-sen University,,G7794676906,,
W4415296181,Dr Keng  Chen,,Natural Science Foundation of Guangdong Province,,G4183500240,,
W4415533520,Dr Keng  Chen,,Medical Science and Technology Project of Zhejiang Province,,G1242466173,,
W4415533520,Dr Keng  Chen,,Natural Science Foundation of Zhejiang Province,,G7383656250,,
W7162120792,Dr Keng  Chen,,National Key Research and Development Program of China,,G1318912936,,
W7162120792,Dr Keng  Chen,,National Natural Science Foundation of China,,G1901218877,,
W7162120792,Dr Keng  Chen,,National Natural Science Foundation of China,,G419667142,,
W7162120792,Dr Keng  Chen,,National Natural Science Foundation of China,,G4751666318,,
W7162120792,Dr Keng  Chen,,National Natural Science Foundation of China,,G5924473327,,
W7162120792,Dr Keng  Chen,,National Natural Science Foundation of China,,G6813571142,,
W7162120792,Dr Keng  Chen,,Fundamental Research Funds for the Central Universities,,G7859572485,,
W7162120792,Dr Keng  Chen,,Fundamental Research Funds for the Central Universities,,G8839008767,,
W2961457169,Dr Kenneth Chiu Wai Wong,,National Aeronautics and Space Administration,,G1822393526,,
W2961457169,Dr Kenneth Chiu Wai Wong,,National Aeronautics and Space Administration,,G2087597332,,
W2961457169,Dr Kenneth Chiu Wai Wong,,National Aeronautics and Space Administration,,G2173517054,,
W2961457169,Dr Kenneth Chiu Wai Wong,,National Science Foundation,,G2264806148,,
W2961457169,Dr Kenneth Chiu Wai Wong,,Space Telescope Science Institute,,G2469878448,,
W2961457169,Dr Kenneth Chiu Wai Wong,,European Commission,,G2895721595,Cosmic Fireworks Première: Unravelling Enigmas of Type Ia Supernova Progenitor and Cosmology through Strong Lensing,
W2961457169,Dr Kenneth Chiu Wai Wong,,Villum Fonden,,G290545188,,
W2961457169,Dr Kenneth Chiu Wai Wong,,Horizon 2020 Framework Programme,,G3240373018,,
W2961457169,Dr Kenneth Chiu Wai Wong,,European Commission,,G3418879279,Cosmology with Strong Gravitational Lensing,
W2961457169,Dr Kenneth Chiu Wai Wong,,Schweizerischer Nationalfonds zur Förderung der Wissenschaftlichen Forschung,,G426690495,Phasenübergänge und Instabilitäten,
W2961457169,Dr Kenneth Chiu Wai Wong,,National Science Foundation,,G4309828792,Collaborative Research: Investigating the nature of dark matter with gravitational lensing,
W2961457169,Dr Kenneth Chiu Wai Wong,,Nederlandse Organisatie voor Wetenschappelijk Onderzoek,,G4479680042,,
W2961457169,Dr Kenneth Chiu Wai Wong,,Space Telescope Science Institute,,G4518818167,,
W2961457169,Dr Kenneth Chiu Wai Wong,,National Science Foundation,,G4846657503,Collaborative Research: Investigating the nature of dark matter with gravitational lensing,
W2961457169,Dr Kenneth Chiu Wai Wong,,National Aeronautics and Space Administration,,G5042631527,,
W2961457169,Dr Kenneth Chiu Wai Wong,,National Science Foundation,,G5054500775,,
W2961457169,Dr Kenneth Chiu Wai Wong,,Schweizerischer Nationalfonds zur Förderung der Wissenschaftlichen Forschung,,G5170142308,,
W2961457169,Dr Kenneth Chiu Wai Wong,,Schweizerischer Nationalfonds zur Förderung der Wissenschaftlichen Forschung,,G5433885756,La Tombe du père Divin Neferhotep,
W2961457169,Dr Kenneth Chiu Wai Wong,,National Aeronautics and Space Administration,,G5449677019,,
W2961457169,Dr Kenneth Chiu Wai Wong,,National Science Foundation,,G5641840667,,
W2961457169,Dr Kenneth Chiu Wai Wong,,Space Telescope Science Institute,,G6273510985,,
W2961457169,Dr Kenneth Chiu Wai Wong,,Schweizerischer Nationalfonds zur Förderung der Wissenschaftlichen Forschung,,G685589434,,
W2961457169,Dr Kenneth Chiu Wai Wong,,National Aeronautics and Space Administration,,G7372121496,,
W2961457169,Dr Kenneth Chiu Wai Wong,,H2020 European Research Council,,G7412916694,Cosmic Fireworks Première: Unravelling Enigmas of Type Ia Supernova Progenitor and Cosmology through Strong Lensing,
W2961457169,Dr Kenneth Chiu Wai Wong,,National Science Foundation,,G7474305530,,
W2961457169,Dr Kenneth Chiu Wai Wong,,Deutsche Forschungsgemeinschaft,,G775452760,,
W2961457169,Dr Kenneth Chiu Wai Wong,,European Commission,,G7842005466,,
W2961457169,Dr Kenneth Chiu Wai Wong,,National Science Foundation,,G8210229802,,
W2961457169,Dr Kenneth Chiu Wai Wong,,Nederlandse Organisatie voor Wetenschappelijk Onderzoek,,G8848159653,,
W2961457169,Dr Kenneth Chiu Wai Wong,,Space Telescope Science Institute,,G8976718804,,
W2497600269,Dr Kenneth Chiu Wai Wong,,Schweizerischer Nationalfonds zur Förderung der Wissenschaftlichen Forschung,,G1010303824,,
W2497600269,Dr Kenneth Chiu Wai Wong,,Alexander von Humboldt-Stiftung,,G1396063042,,
W2497600269,Dr Kenneth Chiu Wai Wong,,National Science Foundation,,G1643990988,,
W2497600269,Dr Kenneth Chiu Wai Wong,,Deutsche Forschungsgemeinschaft,,G2311867446,,
W2497600269,Dr Kenneth Chiu Wai Wong,,U.S. Department of Energy,,G2371548206,,
W2497600269,Dr Kenneth Chiu Wai Wong,,Space Telescope Science Institute,,G2469878448,,
W2497600269,Dr Kenneth Chiu Wai Wong,,National Science Foundation,,G3518009076,Collaborative Research: Accurate Cosmology with Strong Gravitational Lens Time Delays,
W2497600269,Dr Kenneth Chiu Wai Wong,,U.S. Department of Energy,,G3748695461,,
W2497600269,Dr Kenneth Chiu Wai Wong,,Schweizerischer Nationalfonds zur Förderung der Wissenschaftlichen Forschung,,G426690495,Phasenübergänge und Instabilitäten,
W2497600269,Dr Kenneth Chiu Wai Wong,,Nederlandse Organisatie voor Wetenschappelijk Onderzoek,,G4479680042,,
W2497600269,Dr Kenneth Chiu Wai Wong,,Space Telescope Science Institute,,G4518818167,,
W2497600269,Dr Kenneth Chiu Wai Wong,,Deutsche Forschungsgemeinschaft,,G4711507462,,
W2497600269,Dr Kenneth Chiu Wai Wong,,National Aeronautics and Space Administration,,G5042631527,,
W2497600269,Dr Kenneth Chiu Wai Wong,,University of Portsmouth,,G5159282255,,
W2497600269,Dr Kenneth Chiu Wai Wong,,Schweizerischer Nationalfonds zur Förderung der Wissenschaftlichen Forschung,,G5170142308,,
W2497600269,Dr Kenneth Chiu Wai Wong,,National Science Foundation,,G5641840667,,
W2497600269,Dr Kenneth Chiu Wai Wong,,National Science Foundation,,G5729343118,Collaborative Research:  Accurate cosmology with strong gravitational lens time delays,
W2497600269,Dr Kenneth Chiu Wai Wong,,Space Telescope Science Institute,,G6273510985,,
W2497600269,Dr Kenneth Chiu Wai Wong,,Science and Technology Facilities Council,,G629046690,,
W2497600269,Dr Kenneth Chiu Wai Wong,,U.S. Department of Energy,,G6558272803,,
W2497600269,Dr Kenneth Chiu Wai Wong,,U.S. Department of Energy,,G6756316859,,
W2497600269,Dr Kenneth Chiu Wai Wong,,Alexander von Humboldt-Stiftung,,G6823224962,,
W2497600269,Dr Kenneth Chiu Wai Wong,,National Aeronautics and Space Administration,,G7372121496,,
W2497600269,Dr Kenneth Chiu Wai Wong,,National Science Foundation,,G7474305530,,
W2497600269,Dr Kenneth Chiu Wai Wong,,U.S. Department of Energy,,G7490537531,,
W2497600269,Dr Kenneth Chiu Wai Wong,,Deutsche Forschungsgemeinschaft,,G775452760,,
W2497600269,Dr Kenneth Chiu Wai Wong,,National Science Foundation,,G8210229802,,
W2497600269,Dr Kenneth Chiu Wai Wong,,U.S. Department of Energy,,G969889393,,
W2889993541,Dr Kenneth Chiu Wai Wong,,National Aeronautics and Space Administration,,G5042631527,,
W2889993541,Dr Kenneth Chiu Wai Wong,,National Science Foundation,,G5641840667,,
W2889993541,Dr Kenneth Chiu Wai Wong,,Science and Technology Facilities Council,,G629046690,,
W2889993541,Dr Kenneth Chiu Wai Wong,,National Aeronautics and Space Administration,,G6887073302,,
W2889993541,Dr Kenneth Chiu Wai Wong,,National Science Foundation,,G7284481576,,
W2471136756,Dr Kenneth Chiu Wai Wong,,Schweizerischer Nationalfonds zur Förderung der Wissenschaftlichen Forschung,,G1010303824,,
W2471136756,Dr Kenneth Chiu Wai Wong,,Argonne National Laboratory,,G1313983767,,
W2471136756,Dr Kenneth Chiu Wai Wong,,Alexander von Humboldt-Stiftung,,G1396063042,,
W2471136756,Dr Kenneth Chiu Wai Wong,,National Science Foundation,,G1643990988,,
W2471136756,Dr Kenneth Chiu Wai Wong,,National Sleep Foundation,,G1969548033,,
W2471136756,Dr Kenneth Chiu Wai Wong,,Deutsche Forschungsgemeinschaft,,G2311867446,,
W2471136756,Dr Kenneth Chiu Wai Wong,,U.S. Department of Energy,,G2371548206,,
W2471136756,Dr Kenneth Chiu Wai Wong,,Space Telescope Science Institute,,G2469878448,,
W2471136756,Dr Kenneth Chiu Wai Wong,,National Science Foundation,,G3518009076,Collaborative Research: Accurate Cosmology with Strong Gravitational Lens Time Delays,
W2471136756,Dr Kenneth Chiu Wai Wong,,U.S. Department of Energy,,G3748695461,,
W2471136756,Dr Kenneth Chiu Wai Wong,,Lawrence Berkeley National Laboratory,,G3884951186,,
W2471136756,Dr Kenneth Chiu Wai Wong,,Schweizerischer Nationalfonds zur Förderung der Wissenschaftlichen Forschung,,G426690495,Phasenübergänge und Instabilitäten,
W2471136756,Dr Kenneth Chiu Wai Wong,,Nederlandse Organisatie voor Wetenschappelijk Onderzoek,,G4479680042,,
W2471136756,Dr Kenneth Chiu Wai Wong,,Space Telescope Science Institute,,G4518818167,,
W2471136756,Dr Kenneth Chiu Wai Wong,,Deutsche Forschungsgemeinschaft,,G4711507462,,
W2471136756,Dr Kenneth Chiu Wai Wong,,National Aeronautics and Space Administration,,G5042631527,,
W2471136756,Dr Kenneth Chiu Wai Wong,,University of Portsmouth,,G5159282255,,
W2471136756,Dr Kenneth Chiu Wai Wong,,Schweizerischer Nationalfonds zur Förderung der Wissenschaftlichen Forschung,,G5170142308,,
W2471136756,Dr Kenneth Chiu Wai Wong,,National Science Foundation,,G5641840667,,
W2471136756,Dr Kenneth Chiu Wai Wong,,National Science Foundation,,G5729343118,Collaborative Research:  Accurate cosmology with strong gravitational lens time delays,
W2471136756,Dr Kenneth Chiu Wai Wong,,Argonne National Laboratory,,G618388848,,
W2471136756,Dr Kenneth Chiu Wai Wong,,Space Telescope Science Institute,,G6273510985,,
W2471136756,Dr Kenneth Chiu Wai Wong,,Science and Technology Facilities Council,,G629046690,,
W2471136756,Dr Kenneth Chiu Wai Wong,,University of Chicago,,G6506395156,,
W2471136756,Dr Kenneth Chiu Wai Wong,,U.S. Department of Energy,,G6558272803,,
W2471136756,Dr Kenneth Chiu Wai Wong,,"Ministry of Science and Technology, Israel",,G6610395981,,
W2471136756,Dr Kenneth Chiu Wai Wong,,U.S. Department of Energy,,G6756316859,,
W2471136756,Dr Kenneth Chiu Wai Wong,,Alexander von Humboldt-Stiftung,,G6823224962,,
W2471136756,Dr Kenneth Chiu Wai Wong,,National Aeronautics and Space Administration,,G7372121496,,
W2471136756,Dr Kenneth Chiu Wai Wong,,National Science Foundation,,G7474305530,,
W2471136756,Dr Kenneth Chiu Wai Wong,,U.S. Department of Energy,,G7490537531,,
W2471136756,Dr Kenneth Chiu Wai Wong,,SLAC National Accelerator Laboratory,,G7702459498,,
W2471136756,Dr Kenneth Chiu Wai Wong,,Deutsche Forschungsgemeinschaft,,G775452760,,
W2471136756,Dr Kenneth Chiu Wai Wong,,National Science Foundation,,G8210229802,,
W2471136756,Dr Kenneth Chiu Wai Wong,,SLAC National Accelerator Laboratory,,G8211782511,,
W2471136756,Dr Kenneth Chiu Wai Wong,,Fermilab,,G8404944017,,
W2471136756,Dr Kenneth Chiu Wai Wong,,Science and Technology Facilities Council,,G8726098666,,
W2471136756,Dr Kenneth Chiu Wai Wong,,U.S. Department of Energy,,G969889393,,
W2955631081,Dr Kenneth Chiu Wai Wong,,National Science Foundation,,G2264806148,,
W2955631081,Dr Kenneth Chiu Wai Wong,,European Research Council,,G230511506,,
W2955631081,Dr Kenneth Chiu Wai Wong,,National Science Foundation,,G4309828792,Collaborative Research: Investigating the nature of dark matter with gravitational lensing,
W2955631081,Dr Kenneth Chiu Wai Wong,,Nederlandse Organisatie voor Wetenschappelijk Onderzoek,,G4479680042,,
W2955631081,Dr Kenneth Chiu Wai Wong,,National Science Foundation,,G4846657503,Collaborative Research: Investigating the nature of dark matter with gravitational lensing,
W2955631081,Dr Kenneth Chiu Wai Wong,,National Science Foundation,,G5054500775,,
W2955631081,Dr Kenneth Chiu Wai Wong,,National Science Foundation of Sri Lanka,,G6223526513,,
W2955631081,Dr Kenneth Chiu Wai Wong,,National Science Foundation of Sri Lanka,,G7498180563,,
W2955631081,Dr Kenneth Chiu Wai Wong,,European Commission,,G7842005466,,
W2980192413,Dr Kenneth Chiu Wai Wong,,National Science Foundation of Sri Lanka,,G1012619510,,
W2980192413,Dr Kenneth Chiu Wai Wong,,European Regional Development Fund,,G1054097061,,
W2980192413,Dr Kenneth Chiu Wai Wong,,Lawrence Berkeley National Laboratory,,G1265542407,,
W2980192413,Dr Kenneth Chiu Wai Wong,,U.S. Department of Energy,,G130463927,,
W2980192413,Dr Kenneth Chiu Wai Wong,,Argonne National Laboratory,,G1313983767,,
W2980192413,Dr Kenneth Chiu Wai Wong,,Science and Technology Facilities Council,,G1317389782,,
W2980192413,Dr Kenneth Chiu Wai Wong,,Schweizerischer Nationalfonds zur Förderung der Wissenschaftlichen Forschung,,G1323383031,,
W2980192413,Dr Kenneth Chiu Wai Wong,,European Regional Development Fund,,G1328166135,,
W2980192413,Dr Kenneth Chiu Wai Wong,,Science and Technology Facilities Council,,G1365077241,,
W2980192413,Dr Kenneth Chiu Wai Wong,,Office of Science,,G1418946953,,
W2980192413,Dr Kenneth Chiu Wai Wong,,European Regional Development Fund,,G1491530973,,
W2980192413,Dr Kenneth Chiu Wai Wong,,Ministerio de Economía y Competitividad,,G1635920164,,
W2980192413,Dr Kenneth Chiu Wai Wong,,National Science Foundation of Sri Lanka,,G170854484,,
W2980192413,Dr Kenneth Chiu Wai Wong,,National Aeronautics and Space Administration,,G1822393526,,
W2980192413,Dr Kenneth Chiu Wai Wong,,Science and Technology Facilities Council,,G1832225667,UK Involvement in LSST: Phase A,
W2980192413,Dr Kenneth Chiu Wai Wong,,Science and Technology Facilities Council,,G1901275625,,
W2980192413,Dr Kenneth Chiu Wai Wong,,Science and Technology Facilities Council,,G1907584174,,
W2980192413,Dr Kenneth Chiu Wai Wong,,European Commission,,G1993551506,Understanding the Origin of Cosmic Structure,
W2980192413,Dr Kenneth Chiu Wai Wong,,Science and Technology Facilities Council,,G2169229413,,
W2980192413,Dr Kenneth Chiu Wai Wong,,National Aeronautics and Space Administration,,G2173517054,,
W2980192413,Dr Kenneth Chiu Wai Wong,,National Science Foundation,,G2264806148,,
W2980192413,Dr Kenneth Chiu Wai Wong,,Science and Technology Facilities Council,,G2288753000,CASU Equipment 2016/17,
W2980192413,Dr Kenneth Chiu Wai Wong,,European Commission,,G2293331814,Capitalizing on Gravitational Shear,
W2980192413,Dr Kenneth Chiu Wai Wong,,H2020 European Research Council,,G2372018196,,
W2980192413,Dr Kenneth Chiu Wai Wong,,National Science Foundation,,G2409381996,,
W2980192413,Dr Kenneth Chiu Wai Wong,,U.S. Department of Energy,,G2413433374,,
W2980192413,Dr Kenneth Chiu Wai Wong,,National Aeronautics and Space Administration,,G2782160116,,
W2980192413,Dr Kenneth Chiu Wai Wong,,Villum Fonden,,G290545188,,
W2980192413,Dr Kenneth Chiu Wai Wong,,Science and Technology Facilities Council,,G3007212846,,
W2980192413,Dr Kenneth Chiu Wai Wong,,National Science Foundation of Sri Lanka,,G3107075755,,
W2980192413,Dr Kenneth Chiu Wai Wong,,National Science Foundation,,G3149521715,,
W2980192413,Dr Kenneth Chiu Wai Wong,,European Commission,,G3299199140,Astronomy Fellowships in Italy 2,
W2980192413,Dr Kenneth Chiu Wai Wong,,Science and Technology Facilities Council,,G3467815775,,
W2980192413,Dr Kenneth Chiu Wai Wong,,Deutsche Forschungsgemeinschaft,,G3523651922,,
W2980192413,Dr Kenneth Chiu Wai Wong,,Science and Technology Facilities Council,,G3639716532,Consolidated Grant Astronomy Observation and Theory 2019-2022,
W2980192413,Dr Kenneth Chiu Wai Wong,,National Science Foundation,,G367708065,,
W2980192413,Dr Kenneth Chiu Wai Wong,,National Science Foundation,,G3709464396,,
W2980192413,Dr Kenneth Chiu Wai Wong,,European Regional Development Fund,,G3715052068,,
W2980192413,Dr Kenneth Chiu Wai Wong,,National Science Foundation,,G3730782400,"XSEDE 2.0:  Integrating, Enabling and Enhancing National Cyberinfrastructure with Expanding Community Involvement",
W2980192413,Dr Kenneth Chiu Wai Wong,,National Science Foundation,,G3776117589,,
W2980192413,Dr Kenneth Chiu Wai Wong,,National Science Foundation,,G380530733,The Dark Energy Survey Data Management Operations,
W2980192413,Dr Kenneth Chiu Wai Wong,,U.S. Department of Energy,,G3812616897,,
W2980192413,Dr Kenneth Chiu Wai Wong,,European Commission,,G3829048491,,
W2980192413,Dr Kenneth Chiu Wai Wong,,European Regional Development Fund,,G3848063861,,
W2980192413,Dr Kenneth Chiu Wai Wong,,National Science Foundation,,G3870743921,,
W2980192413,Dr Kenneth Chiu Wai Wong,,Science and Technology Facilities Council,,G3927356395,,
W2980192413,Dr Kenneth Chiu Wai Wong,,European Commission,,G3983061530,Testing the Dark Energy Paradigm and Measuring Neutrino Mass with the Dark Energy Survey,
W2980192413,Dr Kenneth Chiu Wai Wong,,National Science Foundation,,G4104599821,,
W2980192413,Dr Kenneth Chiu Wai Wong,,Lawrence Berkeley National Laboratory,,G4173286955,,
W2980192413,Dr Kenneth Chiu Wai Wong,,Ministerio de Economía y Competitividad,,G4198294686,,
W2980192413,Dr Kenneth Chiu Wai Wong,,Science and Technology Facilities Council,,G4279081818,,
W2980192413,Dr Kenneth Chiu Wai Wong,,National Science Foundation,,G4309828792,Collaborative Research: Investigating the nature of dark matter with gravitational lensing,
W2980192413,Dr Kenneth Chiu Wai Wong,,Fermilab,,G4325533055,,
W2980192413,Dr Kenneth Chiu Wai Wong,,Conselho Nacional de Desenvolvimento Científico e Tecnológico,,G4334057779,,
W2980192413,Dr Kenneth Chiu Wai Wong,,Office of Science,,G4382344593,,
W2980192413,Dr Kenneth Chiu Wai Wong,,National Science Foundation,,G44379182,Collaborative Research: Toward a 1% measurement of the Hubble Constant with gravitational time delays,
W2980192413,Dr Kenneth Chiu Wai Wong,,Deutsche Forschungsgemeinschaft,,G4478587286,,
W2980192413,Dr Kenneth Chiu Wai Wong,,Horizon 2020,,G4543499922,,
W2980192413,Dr Kenneth Chiu Wai Wong,,National Science Foundation,,G4560782055,,
W2980192413,Dr Kenneth Chiu Wai Wong,,National Science Foundation,,G4846657503,Collaborative Research: Investigating the nature of dark matter with gravitational lensing,
W2980192413,Dr Kenneth Chiu Wai Wong,,Schweizerischer Nationalfonds zur Förderung der Wissenschaftlichen Forschung,,G4865107014,Iron regulation of a heme uptake system in Bradyrhizobium japonicum,
W2980192413,Dr Kenneth Chiu Wai Wong,,Deutsche Forschungsgemeinschaft,,G4869689085,,
W2980192413,Dr Kenneth Chiu Wai Wong,,National Science Foundation,,G4960654128,,
W2980192413,Dr Kenneth Chiu Wai Wong,,Office of Science,,G498139845,,
W2980192413,Dr Kenneth Chiu Wai Wong,,Ministerio de Economía y Competitividad,,G5051949629,,
W2980192413,Dr Kenneth Chiu Wai Wong,,National Science Foundation,,G5054500775,,
W2980192413,Dr Kenneth Chiu Wai Wong,,Schweizerischer Nationalfonds zur Förderung der Wissenschaftlichen Forschung,,G5129534260,,
W2980192413,Dr Kenneth Chiu Wai Wong,,European Regional Development Fund,,G5161020159,,
W2980192413,Dr Kenneth Chiu Wai Wong,,Conselho Nacional de Desenvolvimento Científico e Tecnológico,,G5173744293,,
W2980192413,Dr Kenneth Chiu Wai Wong,,Ministerio de Economía y Competitividad,,G5417015564,,
W2980192413,Dr Kenneth Chiu Wai Wong,,Schweizerischer Nationalfonds zur Förderung der Wissenschaftlichen Forschung,,G5433885756,La Tombe du père Divin Neferhotep,
W2980192413,Dr Kenneth Chiu Wai Wong,,Conselho Nacional de Desenvolvimento Científico e Tecnológico,,G5492504476,,
W2980192413,Dr Kenneth Chiu Wai Wong,,European Commission,,G5593277320,,
W2980192413,Dr Kenneth Chiu Wai Wong,,National Science Foundation,,G5616713406,,
W2980192413,Dr Kenneth Chiu Wai Wong,,Science and Technology Facilities Council,,G5637667853,Astronomy Observation and Theory Consolidated Grant 2016-2019,
W2980192413,Dr Kenneth Chiu Wai Wong,,European Commission,,G5702163051,,
W2980192413,Dr Kenneth Chiu Wai Wong,,U.S. Department of Energy,,G585908603,,
W2980192413,Dr Kenneth Chiu Wai Wong,,National Science Foundation of Sri Lanka,,G5917945159,,
W2980192413,Dr Kenneth Chiu Wai Wong,,Office of Science,,G5962495253,,
W2980192413,Dr Kenneth Chiu Wai Wong,,National Science Foundation of Sri Lanka,,G6223526513,,
W2980192413,Dr Kenneth Chiu Wai Wong,,National Science Foundation,,G6242770028,,
W2980192413,Dr Kenneth Chiu Wai Wong,,Horizon 2020,,G6407172743,,
W2980192413,Dr Kenneth Chiu Wai Wong,,National Science Foundation of Sri Lanka,,G6466408131,,
W2980192413,Dr Kenneth Chiu Wai Wong,,European Regional Development Fund,,G6480793128,,
W2980192413,Dr Kenneth Chiu Wai Wong,,European Regional Development Fund,,G6514847661,,
W2980192413,Dr Kenneth Chiu Wai Wong,,U.S. Department of Energy,,G6558272803,,
W2980192413,Dr Kenneth Chiu Wai Wong,,National Science Foundation,,G6691923362,,
W2980192413,Dr Kenneth Chiu Wai Wong,,U.S. Department of Energy,,G6806689448,,
W2980192413,Dr Kenneth Chiu Wai Wong,,National Science Foundation,,G7038324121,,
W2980192413,Dr Kenneth Chiu Wai Wong,,Schweizerischer Nationalfonds zur Förderung der Wissenschaftlichen Forschung,,G7106072126,Schweizer Mitarbeiterstelle bei den Monumenta Germaniae Historica (München).,
W2980192413,Dr Kenneth Chiu Wai Wong,,National Science Foundation,,G7404166632,Bridges: From Communities and Data to Workflows and Insight,
W2980192413,Dr Kenneth Chiu Wai Wong,,National Science Foundation of Sri Lanka,,G7498180563,,
W2980192413,Dr Kenneth Chiu Wai Wong,,Science and Technology Facilities Council,,G7543250249,,
W2980192413,Dr Kenneth Chiu Wai Wong,,H2020 European Research Council,,G7581296362,,
W2980192413,Dr Kenneth Chiu Wai Wong,,National Science Foundation,,G7751617623,"Programs on Critical Problems in Physics, Astrophysics and Biophysics at the Aspen Center for Physics",
W2980192413,Dr Kenneth Chiu Wai Wong,,Deutsche Forschungsgemeinschaft,,G7788408655,,
W2980192413,Dr Kenneth Chiu Wai Wong,,Science and Technology Facilities Council,,G7810866252,,
W2980192413,Dr Kenneth Chiu Wai Wong,,Deutsche Forschungsgemeinschaft,,G7835623888,,
W2980192413,Dr Kenneth Chiu Wai Wong,,European Commission,,G7842005466,,
W2980192413,Dr Kenneth Chiu Wai Wong,,Science and Technology Facilities Council,,G7957276493,,
W2980192413,Dr Kenneth Chiu Wai Wong,,Conselho Nacional de Desenvolvimento Científico e Tecnológico,,G8024996190,,
W2980192413,Dr Kenneth Chiu Wai Wong,,National Science Foundation of Sri Lanka,,G8281837353,,
W2980192413,Dr Kenneth Chiu Wai Wong,,Schweizerischer Nationalfonds zur Förderung der Wissenschaftlichen Forschung,,G8360319814,,
W2980192413,Dr Kenneth Chiu Wai Wong,,National Science Foundation,,G8410917502,Collaborative Research: The Dark Energy Survey Data Management Operations,
W2980192413,Dr Kenneth Chiu Wai Wong,,Ministerio de Economía y Competitividad,,G8438287335,,
W2980192413,Dr Kenneth Chiu Wai Wong,,Science and Technology Facilities Council,,G8471153389,,
W2980192413,Dr Kenneth Chiu Wai Wong,,National Science Foundation,,G8729765517,,
W2980192413,Dr Kenneth Chiu Wai Wong,,National Science Foundation,,G8823511827,,
W2980192413,Dr Kenneth Chiu Wai Wong,,Schweizerischer Nationalfonds zur Förderung der Wissenschaftlichen Forschung,,G8886806601,,
W2980192413,Dr Kenneth Chiu Wai Wong,,Space Telescope Science Institute,,G8976718804,,
W2980192413,Dr Kenneth Chiu Wai Wong,,Ministerio de Economía y Competitividad,,G8983270634,,
W2980192413,Dr Kenneth Chiu Wai Wong,,H2020 European Research Council,,G910519217,,
W2980192413,Dr Kenneth Chiu Wai Wong,,U.S. Department of Energy,,G969889393,,
W2467891898,Dr Kenneth Chiu Wai Wong,,Schweizerischer Nationalfonds zur Förderung der Wissenschaftlichen Forschung,,G1010303824,,
W2467891898,Dr Kenneth Chiu Wai Wong,,National Science Foundation,,G1643990988,,
W2467891898,Dr Kenneth Chiu Wai Wong,,U.S. Department of Energy,,G2371548206,,
W2467891898,Dr Kenneth Chiu Wai Wong,,Space Telescope Science Institute,,G2469878448,,
W2467891898,Dr Kenneth Chiu Wai Wong,,National Science Foundation,,G3518009076,Collaborative Research: Accurate Cosmology with Strong Gravitational Lens Time Delays,
W2467891898,Dr Kenneth Chiu Wai Wong,,U.S. Department of Energy,,G3748695461,,
W2467891898,Dr Kenneth Chiu Wai Wong,,Schweizerischer Nationalfonds zur Förderung der Wissenschaftlichen Forschung,,G426690495,Phasenübergänge und Instabilitäten,
W2467891898,Dr Kenneth Chiu Wai Wong,,Nederlandse Organisatie voor Wetenschappelijk Onderzoek,,G4479680042,,
W2467891898,Dr Kenneth Chiu Wai Wong,,Space Telescope Science Institute,,G4518818167,,
W2467891898,Dr Kenneth Chiu Wai Wong,,Deutsche Forschungsgemeinschaft,,G4711507462,,
W2467891898,Dr Kenneth Chiu Wai Wong,,National Aeronautics and Space Administration,,G5042631527,,
W2467891898,Dr Kenneth Chiu Wai Wong,,Schweizerischer Nationalfonds zur Förderung der Wissenschaftlichen Forschung,,G5170142308,,
W2467891898,Dr Kenneth Chiu Wai Wong,,National Aeronautics and Space Administration,,G5449677019,,
W2467891898,Dr Kenneth Chiu Wai Wong,,National Science Foundation,,G5641840667,,
W2467891898,Dr Kenneth Chiu Wai Wong,,National Science Foundation,,G5729343118,Collaborative Research:  Accurate cosmology with strong gravitational lens time delays,
W2467891898,Dr Kenneth Chiu Wai Wong,,Space Telescope Science Institute,,G6273510985,,
W2467891898,Dr Kenneth Chiu Wai Wong,,Science and Technology Facilities Council,,G629046690,,
W2467891898,Dr Kenneth Chiu Wai Wong,,U.S. Department of Energy,,G6558272803,,
W2467891898,Dr Kenneth Chiu Wai Wong,,U.S. Department of Energy,,G6756316859,,
W2467891898,Dr Kenneth Chiu Wai Wong,,Alexander von Humboldt-Stiftung,,G6823224962,,
W2467891898,Dr Kenneth Chiu Wai Wong,,National Aeronautics and Space Administration,,G7372121496,,
W2467891898,Dr Kenneth Chiu Wai Wong,,National Science Foundation,,G7474305530,,
W2467891898,Dr Kenneth Chiu Wai Wong,,U.S. Department of Energy,,G7490537531,,
W2467891898,Dr Kenneth Chiu Wai Wong,,Deutsche Forschungsgemeinschaft,,G775452760,,
W2467891898,Dr Kenneth Chiu Wai Wong,,National Science Foundation,,G8210229802,,
W2467891898,Dr Kenneth Chiu Wai Wong,,U.S. Department of Energy,,G969889393,,
W2474708830,Dr Kenneth Chiu Wai Wong,,National Science Foundation,,G1643990988,,
W2474708830,Dr Kenneth Chiu Wai Wong,,National Sleep Foundation,,G1969548033,,
W2474708830,Dr Kenneth Chiu Wai Wong,,National Science Foundation,,G3518009076,Collaborative Research: Accurate Cosmology with Strong Gravitational Lens Time Delays,
W2474708830,Dr Kenneth Chiu Wai Wong,,Nederlandse Organisatie voor Wetenschappelijk Onderzoek,,G4479680042,,
W2474708830,Dr Kenneth Chiu Wai Wong,,National Science Foundation,,G5641840667,,
W2474708830,Dr Kenneth Chiu Wai Wong,,National Science Foundation,,G5729343118,Collaborative Research:  Accurate cosmology with strong gravitational lens time delays,
W2474708830,Dr Kenneth Chiu Wai Wong,,"Ministry of Science and Technology, Israel",,G6610395981,,
W2474708830,Dr Kenneth Chiu Wai Wong,,National Science Foundation,,G7474305530,,
W2945900838,Dr Kenneth Chiu Wai Wong,,Schweizerischer Nationalfonds zur Förderung der Wissenschaftlichen Forschung,,G1010303824,,
W2945900838,Dr Kenneth Chiu Wai Wong,,National Science Foundation,,G1643990988,,
W2945900838,Dr Kenneth Chiu Wai Wong,,H2020 European Research Council,,G2215014210,,
W2945900838,Dr Kenneth Chiu Wai Wong,,National Science Foundation,,G2264806148,,
W2945900838,Dr Kenneth Chiu Wai Wong,,U.S. Department of Energy,,G3748695461,,
W2945900838,Dr Kenneth Chiu Wai Wong,,National Aeronautics and Space Administration,,G5042631527,,
W2945900838,Dr Kenneth Chiu Wai Wong,,Schweizerischer Nationalfonds zur Förderung der Wissenschaftlichen Forschung,,G5170142308,,
W2076211223,Dr Kenneth Chiu Wai Wong,,National Science Foundation,,G1333985129,CAREER: A New Frontier in Dark Matter Substructure Studies,
W2076211223,Dr Kenneth Chiu Wai Wong,,National Science Foundation,,G2181397336,Collaborative Research:  Observations and Theory of the Most Powerful Gravitational Lensing Telescopes,
W2076211223,Dr Kenneth Chiu Wai Wong,,National Science Foundation,,G314720302,Collaborative Research:  Observations and Theory of the Most Powerful Gravitational Lensing Telescopes,
W2076211223,Dr Kenneth Chiu Wai Wong,,National Science Foundation,,G4594261347,,
W2076211223,Dr Kenneth Chiu Wai Wong,,National Aeronautics and Space Administration,,G5387775148,"WE PROPOSE TO CONSTRUCT THE FIRST DETAILED TIMELINE OF EARLY-TYPE GALAXY EVOLUTION ONTO THE RED SEQUENCE VIA GALAXY-GALAXY MERGERS, PINPOINTING WHEN",
W2076211223,Dr Kenneth Chiu Wai Wong,,National Science Foundation,,G7736695398,Uncovering the Nature of Lyman-alpha Nebulae in the Distant Universe,
W4288079647,Dr Kenneth Chiu Wai Wong,,"Ministry of Education, Culture, Sports, Science and Technology",,G1167224890,,
W4288079647,Dr Kenneth Chiu Wai Wong,,Science and Technology Facilities Council,,G2055633834,,
W4288079647,Dr Kenneth Chiu Wai Wong,,Japan Society for the Promotion of Science,,G250528746,,
W4288079647,Dr Kenneth Chiu Wai Wong,,European Commission,,G344960108,Accurate halo masses in the precision cosmology era,
W4288079647,Dr Kenneth Chiu Wai Wong,,Japan Society for the Promotion of Science,,G3510347252,,
W4288079647,Dr Kenneth Chiu Wai Wong,,National Science Foundation,,G3715736766,,
W4288079647,Dr Kenneth Chiu Wai Wong,,"Ministry of Education, Culture, Sports, Science and Technology",,G6302033403,,
W4288079647,Dr Kenneth Chiu Wai Wong,,Science and Technology Facilities Council,,G7594240354,,
W4288079647,Dr Kenneth Chiu Wai Wong,,European Commission,,G7842005466,,
W4288079647,Dr Kenneth Chiu Wai Wong,,Horizon 2020,,G8183122494,,
W2466126080,Dr Kenneth Chiu Wai Wong,,Schweizerischer Nationalfonds zur Förderung der Wissenschaftlichen Forschung,,G1010303824,,
W2466126080,Dr Kenneth Chiu Wai Wong,,National Science Foundation,,G1643990988,,
W2466126080,Dr Kenneth Chiu Wai Wong,,U.S. Department of Energy,,G2371548206,,
W2466126080,Dr Kenneth Chiu Wai Wong,,Space Telescope Science Institute,,G2469878448,,
W2466126080,Dr Kenneth Chiu Wai Wong,,National Science Foundation,,G3518009076,Collaborative Research: Accurate Cosmology with Strong Gravitational Lens Time Delays,
W2466126080,Dr Kenneth Chiu Wai Wong,,U.S. Department of Energy,,G3748695461,,
W2466126080,Dr Kenneth Chiu Wai Wong,,Schweizerischer Nationalfonds zur Förderung der Wissenschaftlichen Forschung,,G426690495,Phasenübergänge und Instabilitäten,
W2466126080,Dr Kenneth Chiu Wai Wong,,Nederlandse Organisatie voor Wetenschappelijk Onderzoek,,G4479680042,,
W2466126080,Dr Kenneth Chiu Wai Wong,,Space Telescope Science Institute,,G4518818167,,
W2466126080,Dr Kenneth Chiu Wai Wong,,National Science Foundation,,G4654690619,,
W2466126080,Dr Kenneth Chiu Wai Wong,,Deutsche Forschungsgemeinschaft,,G4711507462,,
W2466126080,Dr Kenneth Chiu Wai Wong,,National Aeronautics and Space Administration,,G5042631527,,
W2466126080,Dr Kenneth Chiu Wai Wong,,Schweizerischer Nationalfonds zur Förderung der Wissenschaftlichen Forschung,,G5170142308,,
W2466126080,Dr Kenneth Chiu Wai Wong,,National Aeronautics and Space Administration,,G5449677019,,
W2466126080,Dr Kenneth Chiu Wai Wong,,National Science Foundation,,G5641840667,,
W2466126080,Dr Kenneth Chiu Wai Wong,,National Science Foundation,,G5729343118,Collaborative Research:  Accurate cosmology with strong gravitational lens time delays,
W2466126080,Dr Kenneth Chiu Wai Wong,,Space Telescope Science Institute,,G6273510985,,
W2466126080,Dr Kenneth Chiu Wai Wong,,Science and Technology Facilities Council,,G629046690,,
W2466126080,Dr Kenneth Chiu Wai Wong,,U.S. Department of Energy,,G6558272803,,
W2466126080,Dr Kenneth Chiu Wai Wong,,U.S. Department of Energy,,G6756316859,,
W2466126080,Dr Kenneth Chiu Wai Wong,,Alexander von Humboldt-Stiftung,,G6823224962,,
W2466126080,Dr Kenneth Chiu Wai Wong,,National Science Foundation,,G7284481576,,
W2466126080,Dr Kenneth Chiu Wai Wong,,National Aeronautics and Space Administration,,G7372121496,,
W2466126080,Dr Kenneth Chiu Wai Wong,,National Science Foundation,,G7474305530,,
W2466126080,Dr Kenneth Chiu Wai Wong,,U.S. Department of Energy,,G7490537531,,
W2466126080,Dr Kenneth Chiu Wai Wong,,Deutsche Forschungsgemeinschaft,,G775452760,,
W2466126080,Dr Kenneth Chiu Wai Wong,,National Science Foundation,,G8210229802,,
W2466126080,Dr Kenneth Chiu Wai Wong,,U.S. Department of Energy,,G969889393,,
W4415259046,Dr Kenneth Chiu Wai Wong,,Japan Society for the Promotion of Science,,G1130601566,社会科教材としての郷土資料の集成とその活用,
W4415259046,Dr Kenneth Chiu Wai Wong,,Agencia Nacional de Investigación y Desarrollo,,G1255402842,INSTITUTO MILENIO DE ASTROFISICA,
W4415259046,Dr Kenneth Chiu Wai Wong,,National Science Foundation,,G1284498611,,
W4415259046,Dr Kenneth Chiu Wai Wong,,National Aeronautics and Space Administration,,G1338664626,,
W4415259046,Dr Kenneth Chiu Wai Wong,,Space Telescope Science Institute,,G2073399071,,
W4415259046,Dr Kenneth Chiu Wai Wong,,Fonds De La Recherche Scientifique - FNRS,,G2108322191,,
W4415259046,Dr Kenneth Chiu Wai Wong,,Space Telescope Science Institute,,G2118751671,,
W4415259046,Dr Kenneth Chiu Wai Wong,,Villum Fonden,,G2724303462,,
W4415259046,Dr Kenneth Chiu Wai Wong,,National Science Foundation,,G3115720222,Astrophysics enabled by Keck All Sky Precision Adaptive Optics,
W4415259046,Dr Kenneth Chiu Wai Wong,,National Aeronautics and Space Administration,,G324093439,,
W4415259046,Dr Kenneth Chiu Wai Wong,,European Commission,,G3418879279,Cosmology with Strong Gravitational Lensing,
W4415259046,Dr Kenneth Chiu Wai Wong,,Schweizerischer Nationalfonds zur Förderung der Wissenschaftlichen Forschung,,G3477402377,,
W4415259046,Dr Kenneth Chiu Wai Wong,,HORIZON EUROPE European Research Council,,G3494872441,,
W4415259046,Dr Kenneth Chiu Wai Wong,,National Aeronautics and Space Administration,,G3524113997,,
W4415259046,Dr Kenneth Chiu Wai Wong,,National Science Foundation,,G3724288349,Collaborative Research: A Precise and Accurate Determination of the Hubble Constant Through Stellar Kinematics of Lens Galaxies,
W4415259046,Dr Kenneth Chiu Wai Wong,,National Science Foundation,,G3776117589,,
W4415259046,Dr Kenneth Chiu Wai Wong,,National Aeronautics and Space Administration,,G3839029430,,
W4415259046,Dr Kenneth Chiu Wai Wong,,National Aeronautics and Space Administration,,G3858515798,,
W4415259046,Dr Kenneth Chiu Wai Wong,,Agencia Nacional de Investigación y Desarrollo,,G3905700786,GRAVITATIONAL LENSING A TOOL TO PROBE THE LENS AND THE SOURCE STRUCTURES,
W4415259046,Dr Kenneth Chiu Wai Wong,,Schweizerischer Nationalfonds zur Förderung der Wissenschaftlichen Forschung,,G426690495,Phasenübergänge und Instabilitäten,
W4415259046,Dr Kenneth Chiu Wai Wong,,Schweizerischer Nationalfonds zur Förderung der Wissenschaftlichen Forschung,,G4317084388,Size quantization effects of semiconductor nanoparticles on the excited-state dynamics studied by laser spectroscope with femtosecond time resolution.,
W4415259046,Dr Kenneth Chiu Wai Wong,,Deutsche Forschungsgemeinschaft,,G439148742,EXC 2094: ORIGINS: Vom Ursprung des Universums bis zu den ersten Bausteinen des Lebens,
W4415259046,Dr Kenneth Chiu Wai Wong,,National Science Foundation,,G44379182,Collaborative Research: Toward a 1% measurement of the Hubble Constant with gravitational time delays,
W4415259046,Dr Kenneth Chiu Wai Wong,,National Science Foundation,,G4856136244,,
W4415259046,Dr Kenneth Chiu Wai Wong,,Japan Society for the Promotion of Science,,G4903782826,,
W4415259046,Dr Kenneth Chiu Wai Wong,,Deutsche Forschungsgemeinschaft,,G5258970440,,
W4415259046,Dr Kenneth Chiu Wai Wong,,Space Telescope Science Institute,,G5568641063,,
W4415259046,Dr Kenneth Chiu Wai Wong,,Villum Fonden,,G5771713820,,
W4415259046,Dr Kenneth Chiu Wai Wong,,Space Telescope Science Institute,,G6273510985,,
W4415259046,Dr Kenneth Chiu Wai Wong,,Schweizerischer Nationalfonds zur Förderung der Wissenschaftlichen Forschung,,G6478230380,,
W4415259046,Dr Kenneth Chiu Wai Wong,,National Science Foundation,,G6721680378,,
W4415259046,Dr Kenneth Chiu Wai Wong,,Schweizerischer Nationalfonds zur Förderung der Wissenschaftlichen Forschung,,G685589434,,
W4415259046,Dr Kenneth Chiu Wai Wong,,National Aeronautics and Space Administration,,G6881528610,,
W4415259046,Dr Kenneth Chiu Wai Wong,,National Science Foundation,,G7170388800,,
W4415259046,Dr Kenneth Chiu Wai Wong,,Japan Society for the Promotion of Science,,G7282642749,,
W4415259046,Dr Kenneth Chiu Wai Wong,,Fonds De La Recherche Scientifique - FNRS,,G7316740004,,
W4415259046,Dr Kenneth Chiu Wai Wong,,National Science Foundation,,G7505281166,,
W4415259046,Dr Kenneth Chiu Wai Wong,,Schweizerischer Nationalfonds zur Förderung der Wissenschaftlichen Forschung,,G7594009573,,
W4415259046,Dr Kenneth Chiu Wai Wong,,National Aeronautics and Space Administration,,G7772826265,,
W4415259046,Dr Kenneth Chiu Wai Wong,,Deutsche Forschungsgemeinschaft,,G7827456780,,
W4415259046,Dr Kenneth Chiu Wai Wong,,European Commission,,G7842005466,,
W4415259046,Dr Kenneth Chiu Wai Wong,,Space Telescope Science Institute,,G7975899978,,
W4415259046,Dr Kenneth Chiu Wai Wong,,National Aeronautics and Space Administration,,G8187276046,,
W4415259046,Dr Kenneth Chiu Wai Wong,,Japan Society for the Promotion of Science,,G8723351529,,
W4415259046,Dr Kenneth Chiu Wai Wong,,National Aeronautics and Space Administration,,G8914465953,,
W3105831303,Dr Kenneth Chiu Wai Wong,,"Ministry of Education, Culture, Sports, Science and Technology",,G1167224890,,
W3105831303,Dr Kenneth Chiu Wai Wong,,Japan Society for the Promotion of Science,,G250528746,,
W3105831303,Dr Kenneth Chiu Wai Wong,,European Commission,,G344960108,Accurate halo masses in the precision cosmology era,
W3105831303,Dr Kenneth Chiu Wai Wong,,Japan Society for the Promotion of Science,,G3510347252,,
W3105831303,Dr Kenneth Chiu Wai Wong,,National Science Foundation,,G3715736766,,
W3105831303,Dr Kenneth Chiu Wai Wong,,"Ministry of Education, Culture, Sports, Science and Technology",,G4660937207,,
W3105831303,Dr Kenneth Chiu Wai Wong,,"Ministry of Education, Culture, Sports, Science and Technology",,G6302033403,,
W3105831303,Dr Kenneth Chiu Wai Wong,,"Ministry of Education, Culture, Sports, Science and Technology",,G6922209740,,
W3105831303,Dr Kenneth Chiu Wai Wong,,European Commission,,G7842005466,,
W3105831303,Dr Kenneth Chiu Wai Wong,,Horizon 2020,,G8183122494,,
W3105831303,Dr Kenneth Chiu Wai Wong,,Japan Society for the Promotion of Science,,G8784133840,,
W3105831303,Dr Kenneth Chiu Wai Wong,,Japan Society for the Promotion of Science,,G8830584456,,
W2232604002,Dr Kenneth Chiu Wai Wong,,Science and Technology Facilities Council,,G629046690,,
W2768972232,Dr Kenneth Chiu Wai Wong,,Schweizerischer Nationalfonds zur Förderung der Wissenschaftlichen Forschung,,G1010303824,,
W2768972232,Dr Kenneth Chiu Wai Wong,,U.S. Department of Energy,,G2371548206,,
W2768972232,Dr Kenneth Chiu Wai Wong,,National Science Foundation,,G3498625375,,
W2768972232,Dr Kenneth Chiu Wai Wong,,National Science Foundation,,G3518009076,Collaborative Research: Accurate Cosmology with Strong Gravitational Lens Time Delays,
W2768972232,Dr Kenneth Chiu Wai Wong,,U.S. Department of Energy,,G3748695461,,
W2768972232,Dr Kenneth Chiu Wai Wong,,National Science Foundation,,G4654690619,,
W2768972232,Dr Kenneth Chiu Wai Wong,,Deutsche Forschungsgemeinschaft,,G4711507462,,
W2768972232,Dr Kenneth Chiu Wai Wong,,U.S. Department of Energy,,G6558272803,,
W2768972232,Dr Kenneth Chiu Wai Wong,,National Science Foundation,,G7284481576,,
W2768972232,Dr Kenneth Chiu Wai Wong,,U.S. Department of Energy,,G7490537531,,
W2768972232,Dr Kenneth Chiu Wai Wong,,David and Lucile Packard Foundation,,G950254766,,
W2768972232,Dr Kenneth Chiu Wai Wong,,U.S. Department of Energy,,G969889393,,
W3017812431,Dr Kenneth Chiu Wai Wong,,National Aeronautics and Space Administration,,G670812154,A NEO SEARCH PROGRAM USING THE PAN-STARRS PS1 TELESCOPETHE GOAL OF THE PROPOSED RESEARCH IS TO USE T,
W3017812431,Dr Kenneth Chiu Wai Wong,,National Science Foundation,,G6764796438,,
W2953603112,Dr Kenneth Chiu Wai Wong,,National Science Foundation,,G1135833397,,
W2953603112,Dr Kenneth Chiu Wai Wong,,National Science Foundation,,G1643990988,,
W2953603112,Dr Kenneth Chiu Wai Wong,,National Science Foundation,,G2264806148,,
W2953603112,Dr Kenneth Chiu Wai Wong,,U.S. Department of Energy,,G2371548206,,
W2953603112,Dr Kenneth Chiu Wai Wong,,Schweizerischer Nationalfonds zur Förderung der Wissenschaftlichen Forschung,,G2528615848,Towards a better understanding of paleoenvironmental changes during a poorly known time interval: A multiproxy analysis of the Aalenian (Middle Jurassic),
W2953603112,Dr Kenneth Chiu Wai Wong,,National Science Foundation,,G3621385025,,
W2953603112,Dr Kenneth Chiu Wai Wong,,U.S. Department of Energy,,G3748695461,,
W2953603112,Dr Kenneth Chiu Wai Wong,,National Science Foundation,,G3979313058,A Correlation Between Quasar X-Ray Continuum Emission Region Size and Black Hole Mass,
W2953603112,Dr Kenneth Chiu Wai Wong,,European Commission,,G453144764,,
W2953603112,Dr Kenneth Chiu Wai Wong,,National Science Foundation,,G4544113219,A Search for Failed Supernovae and Other Observational Constraints on the Supernova Mechanism,
W2953603112,Dr Kenneth Chiu Wai Wong,,National Science Foundation,,G4846657503,Collaborative Research: Investigating the nature of dark matter with gravitational lensing,
W2953603112,Dr Kenneth Chiu Wai Wong,,National Science Foundation,,G5729343118,Collaborative Research:  Accurate cosmology with strong gravitational lens time delays,
W2953603112,Dr Kenneth Chiu Wai Wong,,National Science Foundation,,G6343383112,All-Sky Automated Survey for Supernovae: Big Science with Small Telescopes,
W2953603112,Dr Kenneth Chiu Wai Wong,,U.S. Department of Energy,,G6558272803,,
W2953603112,Dr Kenneth Chiu Wai Wong,,U.S. Department of Energy,,G7490537531,,
W2953603112,Dr Kenneth Chiu Wai Wong,,European Commission,,G7842005466,,
W2953603112,Dr Kenneth Chiu Wai Wong,,European Commission,,G8945569637,,
W2953603112,Dr Kenneth Chiu Wai Wong,,David and Lucile Packard Foundation,,G950254766,,
W2953603112,Dr Kenneth Chiu Wai Wong,,U.S. Department of Energy,,G969889393,,
W3006545870,Dr Kenneth Chiu Wai Wong,,"Ministry of Education, Culture, Sports, Science and Technology",,G1167224890,,
W3006545870,Dr Kenneth Chiu Wai Wong,,Japan Society for the Promotion of Science,,G250528746,,
W3006545870,Dr Kenneth Chiu Wai Wong,,European Commission,,G344960108,Accurate halo masses in the precision cosmology era,
W3006545870,Dr Kenneth Chiu Wai Wong,,Japan Society for the Promotion of Science,,G3510347252,,
W3006545870,Dr Kenneth Chiu Wai Wong,,National Science Foundation,,G3715736766,,
W3006545870,Dr Kenneth Chiu Wai Wong,,Japan Society for the Promotion of Science,,G4130989800,Probing small scale cosmology with high-resolution radio observation,
W3006545870,Dr Kenneth Chiu Wai Wong,,Science Mission Directorate,,G4474636675,,
W3006545870,Dr Kenneth Chiu Wai Wong,,"Ministry of Education, Culture, Sports, Science and Technology",,G4660937207,,
W3006545870,Dr Kenneth Chiu Wai Wong,,Space Telescope Science Institute,,G618131832,,
W3006545870,Dr Kenneth Chiu Wai Wong,,"Ministry of Education, Culture, Sports, Science and Technology",,G6302033403,,
W3006545870,Dr Kenneth Chiu Wai Wong,,National Aeronautics and Space Administration,,G670812154,A NEO SEARCH PROGRAM USING THE PAN-STARRS PS1 TELESCOPETHE GOAL OF THE PROPOSED RESEARCH IS TO USE T,
W3006545870,Dr Kenneth Chiu Wai Wong,,National Science Foundation,,G6764796438,,
W3006545870,Dr Kenneth Chiu Wai Wong,,"Ministry of Education, Culture, Sports, Science and Technology",,G6922209740,,
W3006545870,Dr Kenneth Chiu Wai Wong,,National Aeronautics and Space Administration,,G7187964967,,
W3006545870,Dr Kenneth Chiu Wai Wong,,National Science Foundation,,G7769865094,Pan-STARRS1:   Operations; Public Data Release; Education and Outreach,
W3006545870,Dr Kenneth Chiu Wai Wong,,European Commission,,G7842005466,,
W3006545870,Dr Kenneth Chiu Wai Wong,,Alfred P. Sloan Foundation,,G7950275392,,
W3006545870,Dr Kenneth Chiu Wai Wong,,Planetary Science Division,,G833430883,,
W3006545870,Dr Kenneth Chiu Wai Wong,,Japan Society for the Promotion of Science,,G8784133840,,
W3006545870,Dr Kenneth Chiu Wai Wong,,Japan Society for the Promotion of Science,,G8830584456,,
W4225508058,Dr Kenneth Chiu Wai Wong,,National Science Foundation,,G1284498611,,
W4225508058,Dr Kenneth Chiu Wai Wong,,U.S. Department of Energy,,G130463927,,
W4225508058,Dr Kenneth Chiu Wai Wong,,Office of Science,,G1418946953,,
W4225508058,Dr Kenneth Chiu Wai Wong,,National Aeronautics and Space Administration,,G1822393526,,
W4225508058,Dr Kenneth Chiu Wai Wong,,Space Telescope Science Institute,,G2073399071,,
W4225508058,Dr Kenneth Chiu Wai Wong,,Space Telescope Science Institute,,G2118751671,,
W4225508058,Dr Kenneth Chiu Wai Wong,,National Aeronautics and Space Administration,,G2173517054,,
W4225508058,Dr Kenneth Chiu Wai Wong,,European Research Council,,G2322309102,,
W4225508058,Dr Kenneth Chiu Wai Wong,,U.S. Department of Energy,,G2413433374,,
W4225508058,Dr Kenneth Chiu Wai Wong,,Schweizerischer Nationalfonds zur Förderung der Wissenschaftlichen Forschung,,G2537118508,Etude ethnoarchéologique de la céramique du Delta intérieur du Niger (Mali).,
W4225508058,Dr Kenneth Chiu Wai Wong,,National Science Foundation,,G3115720222,Astrophysics enabled by Keck All Sky Precision Adaptive Optics,
W4225508058,Dr Kenneth Chiu Wai Wong,,European Commission,,G3418879279,Cosmology with Strong Gravitational Lensing,
W4225508058,Dr Kenneth Chiu Wai Wong,,Deutsche Forschungsgemeinschaft,,G3523651922,,
W4225508058,Dr Kenneth Chiu Wai Wong,,Deutsche Forschungsgemeinschaft,,G3571377251,,
W4225508058,Dr Kenneth Chiu Wai Wong,,National Science Foundation,,G3776117589,,
W4225508058,Dr Kenneth Chiu Wai Wong,,National Aeronautics and Space Administration,,G3839029430,,
W4225508058,Dr Kenneth Chiu Wai Wong,,Schweizerischer Nationalfonds zur Förderung der Wissenschaftlichen Forschung,,G426690495,Phasenübergänge und Instabilitäten,
W4225508058,Dr Kenneth Chiu Wai Wong,,Schweizerischer Nationalfonds zur Förderung der Wissenschaftlichen Forschung,,G4317084388,Size quantization effects of semiconductor nanoparticles on the excited-state dynamics studied by laser spectroscope with femtosecond time resolution.,
W4225508058,Dr Kenneth Chiu Wai Wong,,Deutsche Forschungsgemeinschaft,,G439148742,EXC 2094: ORIGINS: Vom Ursprung des Universums bis zu den ersten Bausteinen des Lebens,
W4225508058,Dr Kenneth Chiu Wai Wong,,National Science Foundation,,G44379182,Collaborative Research: Toward a 1% measurement of the Hubble Constant with gravitational time delays,
W4225508058,Dr Kenneth Chiu Wai Wong,,Office of Science,,G498139845,,
W4225508058,Dr Kenneth Chiu Wai Wong,,Deutsche Forschungsgemeinschaft,,G5258970440,,
W4225508058,Dr Kenneth Chiu Wai Wong,,Schweizerischer Nationalfonds zur Förderung der Wissenschaftlichen Forschung,,G5433885756,La Tombe du père Divin Neferhotep,
W4225508058,Dr Kenneth Chiu Wai Wong,,National Science Foundation,,G5616713406,,
W4225508058,Dr Kenneth Chiu Wai Wong,,U.S. Department of Energy,,G585908603,,
W4225508058,Dr Kenneth Chiu Wai Wong,,Office of Science,,G5962495253,,
W4225508058,Dr Kenneth Chiu Wai Wong,,Space Telescope Science Institute,,G6273510985,,
W4225508058,Dr Kenneth Chiu Wai Wong,,U.S. Department of Energy,,G6558272803,,
W4225508058,Dr Kenneth Chiu Wai Wong,,National Science Foundation,,G6691923362,,
W4225508058,Dr Kenneth Chiu Wai Wong,,National Science Foundation,,G6721680378,,
W4225508058,Dr Kenneth Chiu Wai Wong,,Schweizerischer Nationalfonds zur Förderung der Wissenschaftlichen Forschung,,G685589434,,
W4225508058,Dr Kenneth Chiu Wai Wong,,National Science Foundation,,G7751617623,"Programs on Critical Problems in Physics, Astrophysics and Biophysics at the Aspen Center for Physics",
W4225508058,Dr Kenneth Chiu Wai Wong,,Deutsche Forschungsgemeinschaft,,G7827456780,,
W4225508058,Dr Kenneth Chiu Wai Wong,,European Commission,,G7842005466,,
W4225508058,Dr Kenneth Chiu Wai Wong,,Japan Society for the Promotion of Science,,G8723351529,,
W4225508058,Dr Kenneth Chiu Wai Wong,,National Aeronautics and Space Administration,,G8914465953,,
W4225508058,Dr Kenneth Chiu Wai Wong,,Space Telescope Science Institute,,G8976718804,,
W4225508058,Dr Kenneth Chiu Wai Wong,,U.S. Department of Energy,,G969889393,,
W2593880970,Dr Kenneth Chiu Wai Wong,,Schweizerischer Nationalfonds zur Förderung der Wissenschaftlichen Forschung,,G1010303824,,
W2593880970,Dr Kenneth Chiu Wai Wong,,National Science Foundation,,G1643990988,,
W2593880970,Dr Kenneth Chiu Wai Wong,,National Science Foundation,,G2223066999,Collaborative Research: New Frontiers in Reverberation Mapping,
W2593880970,Dr Kenneth Chiu Wai Wong,,Space Telescope Science Institute,,G2469878448,,
W2593880970,Dr Kenneth Chiu Wai Wong,,National Science Foundation,,G3518009076,Collaborative Research: Accurate Cosmology with Strong Gravitational Lens Time Delays,
W2593880970,Dr Kenneth Chiu Wai Wong,,Schweizerischer Nationalfonds zur Förderung der Wissenschaftlichen Forschung,,G426690495,Phasenübergänge und Instabilitäten,
W2593880970,Dr Kenneth Chiu Wai Wong,,Space Telescope Science Institute,,G4518818167,,
W2593880970,Dr Kenneth Chiu Wai Wong,,National Aeronautics and Space Administration,,G5042631527,,
W2593880970,Dr Kenneth Chiu Wai Wong,,National Science Foundation,,G5626610589,,
W2593880970,Dr Kenneth Chiu Wai Wong,,National Science Foundation,,G5729343118,Collaborative Research:  Accurate cosmology with strong gravitational lens time delays,
W2593880970,Dr Kenneth Chiu Wai Wong,,Space Telescope Science Institute,,G6273510985,,
W2593880970,Dr Kenneth Chiu Wai Wong,,Science and Technology Facilities Council,,G629046690,,
W2593880970,Dr Kenneth Chiu Wai Wong,,National Science Foundation,,G7284481576,,
W2593880970,Dr Kenneth Chiu Wai Wong,,National Aeronautics and Space Administration,,G7372121496,,
W2593880970,Dr Kenneth Chiu Wai Wong,,National Science Foundation,,G7605367349,RUI: The Origin of the Black Hole Mass Scaling Relations,
W2593880970,Dr Kenneth Chiu Wai Wong,,National Sleep Foundation,,G7851213134,,
W2593880970,Dr Kenneth Chiu Wai Wong,,National Sleep Foundation,,G8028384123,,
W2593880970,Dr Kenneth Chiu Wai Wong,,National Science Foundation,,G8210229802,,
W2971431379,Dr Kenneth Chiu Wai Wong,,Schweizerischer Nationalfonds zur Förderung der Wissenschaftlichen Forschung,,G1010303824,,
W2971431379,Dr Kenneth Chiu Wai Wong,,European Regional Development Fund,,G1054097061,,
W2971431379,Dr Kenneth Chiu Wai Wong,,Office of Science,,G1229526393,,
W2971431379,Dr Kenneth Chiu Wai Wong,,Lawrence Berkeley National Laboratory,,G1265542407,,
W2971431379,Dr Kenneth Chiu Wai Wong,,Ministerio de Economía y Competitividad,,G1294705454,,
W2971431379,Dr Kenneth Chiu Wai Wong,,Argonne National Laboratory,,G1313983767,,
W2971431379,Dr Kenneth Chiu Wai Wong,,Schweizerischer Nationalfonds zur Förderung der Wissenschaftlichen Forschung,,G1323383031,,
W2971431379,Dr Kenneth Chiu Wai Wong,,U.S. Department of Energy,,G132386199,,
W2971431379,Dr Kenneth Chiu Wai Wong,,European Regional Development Fund,,G1328166135,,
W2971431379,Dr Kenneth Chiu Wai Wong,,European Regional Development Fund,,G1491530973,,
W2971431379,Dr Kenneth Chiu Wai Wong,,National Science Foundation,,G1643990988,,
W2971431379,Dr Kenneth Chiu Wai Wong,,National Aeronautics and Space Administration,,G1822393526,,
W2971431379,Dr Kenneth Chiu Wai Wong,,Science and Technology Facilities Council,,G1907584174,,
W2971431379,Dr Kenneth Chiu Wai Wong,,European Commission,,G1993551506,Understanding the Origin of Cosmic Structure,
W2971431379,Dr Kenneth Chiu Wai Wong,,Office of Science,,G2129191951,,
W2971431379,Dr Kenneth Chiu Wai Wong,,National Aeronautics and Space Administration,,G2173517054,,
W2971431379,Dr Kenneth Chiu Wai Wong,,European Commission,,G2293331814,Capitalizing on Gravitational Shear,
W2971431379,Dr Kenneth Chiu Wai Wong,,U.S. Department of Energy,,G2371548206,,
W2971431379,Dr Kenneth Chiu Wai Wong,,H2020 European Research Council,,G2372018196,,
W2971431379,Dr Kenneth Chiu Wai Wong,,National Science Foundation,,G2409381996,,
W2971431379,Dr Kenneth Chiu Wai Wong,,U.S. Department of Energy,,G2413433374,,
W2971431379,Dr Kenneth Chiu Wai Wong,,Space Telescope Science Institute,,G2469878448,,
W2971431379,Dr Kenneth Chiu Wai Wong,,Ministerio de Economía y Competitividad,,G2560588496,,
W2971431379,Dr Kenneth Chiu Wai Wong,,European Research Council,,G2671079749,,
W2971431379,Dr Kenneth Chiu Wai Wong,,National Science Foundation,,G3149521715,,
W2971431379,Dr Kenneth Chiu Wai Wong,,Horizon 2020 Framework Programme,,G3240373018,,
W2971431379,Dr Kenneth Chiu Wai Wong,,Seventh Framework Programme,,G3352120225,,
W2971431379,Dr Kenneth Chiu Wai Wong,,European Commission,,G3418879279,Cosmology with Strong Gravitational Lensing,
W2971431379,Dr Kenneth Chiu Wai Wong,,Science and Technology Facilities Council,,G3467815775,,
W2971431379,Dr Kenneth Chiu Wai Wong,,National Science Foundation,,G3518009076,Collaborative Research: Accurate Cosmology with Strong Gravitational Lens Time Delays,
W2971431379,Dr Kenneth Chiu Wai Wong,,Deutsche Forschungsgemeinschaft,,G3523651922,,
W2971431379,Dr Kenneth Chiu Wai Wong,,High Energy Physics,,G3663515235,,
W2971431379,Dr Kenneth Chiu Wai Wong,,European Regional Development Fund,,G3715052068,,
W2971431379,Dr Kenneth Chiu Wai Wong,,U.S. Department of Energy,,G3748695461,,
W2971431379,Dr Kenneth Chiu Wai Wong,,National Science Foundation,,G380530733,The Dark Energy Survey Data Management Operations,
W2971431379,Dr Kenneth Chiu Wai Wong,,European Commission,,G3829048491,,
W2971431379,Dr Kenneth Chiu Wai Wong,,European Regional Development Fund,,G3848063861,,
W2971431379,Dr Kenneth Chiu Wai Wong,,National Science Foundation,,G3870743921,,
W2971431379,Dr Kenneth Chiu Wai Wong,,Lawrence Berkeley National Laboratory,,G3884951186,,
W2971431379,Dr Kenneth Chiu Wai Wong,,European Commission,,G3983061530,Testing the Dark Energy Paradigm and Measuring Neutrino Mass with the Dark Energy Survey,
W2971431379,Dr Kenneth Chiu Wai Wong,,National Science Foundation,,G4104599821,,
W2971431379,Dr Kenneth Chiu Wai Wong,,Fermilab,,G4112406114,,
W2971431379,Dr Kenneth Chiu Wai Wong,,European Southern Observatory,,G4228385630,,
W2971431379,Dr Kenneth Chiu Wai Wong,,Schweizerischer Nationalfonds zur Förderung der Wissenschaftlichen Forschung,,G426690495,Phasenübergänge und Instabilitäten,
W2971431379,Dr Kenneth Chiu Wai Wong,,Fermilab,,G4325533055,,
W2971431379,Dr Kenneth Chiu Wai Wong,,Conselho Nacional de Desenvolvimento Científico e Tecnológico,,G4334057779,,
W2971431379,Dr Kenneth Chiu Wai Wong,,Deutsche Forschungsgemeinschaft,,G4478587286,,
W2971431379,Dr Kenneth Chiu Wai Wong,,Nederlandse Organisatie voor Wetenschappelijk Onderzoek,,G4479680042,,
W2971431379,Dr Kenneth Chiu Wai Wong,,Space Telescope Science Institute,,G4518818167,,
W2971431379,Dr Kenneth Chiu Wai Wong,,National Science Foundation,,G4560782055,,
W2971431379,Dr Kenneth Chiu Wai Wong,,European Southern Observatory,,G4635845884,,
W2971431379,Dr Kenneth Chiu Wai Wong,,National Science Foundation,,G4654690619,,
W2971431379,Dr Kenneth Chiu Wai Wong,,Deutsche Forschungsgemeinschaft,,G4711507462,,
W2971431379,Dr Kenneth Chiu Wai Wong,,Ministerio de Economía y Competitividad,,G4773342489,,
W2971431379,Dr Kenneth Chiu Wai Wong,,Schweizerischer Nationalfonds zur Förderung der Wissenschaftlichen Forschung,,G4865107014,Iron regulation of a heme uptake system in Bradyrhizobium japonicum,
W2971431379,Dr Kenneth Chiu Wai Wong,,Deutsche Forschungsgemeinschaft,,G4869689085,,
W2971431379,Dr Kenneth Chiu Wai Wong,,National Science Foundation,,G4960654128,,
W2971431379,Dr Kenneth Chiu Wai Wong,,Office of Science,,G498139845,,
W2971431379,Dr Kenneth Chiu Wai Wong,,"Ministerio de Ciencia, Tecnología e Innovación Productiva",,G5007790735,,
W2971431379,Dr Kenneth Chiu Wai Wong,,National Aeronautics and Space Administration,,G5042631527,,
W2971431379,Dr Kenneth Chiu Wai Wong,,Schweizerischer Nationalfonds zur Förderung der Wissenschaftlichen Forschung,,G5129534260,,
W2971431379,Dr Kenneth Chiu Wai Wong,,University of Portsmouth,,G5159282255,,
W2971431379,Dr Kenneth Chiu Wai Wong,,European Regional Development Fund,,G5161020159,,
W2971431379,Dr Kenneth Chiu Wai Wong,,Conselho Nacional de Desenvolvimento Científico e Tecnológico,,G5173744293,,
W2971431379,Dr Kenneth Chiu Wai Wong,,Schweizerischer Nationalfonds zur Förderung der Wissenschaftlichen Forschung,,G5433885756,La Tombe du père Divin Neferhotep,
W2971431379,Dr Kenneth Chiu Wai Wong,,Conselho Nacional de Desenvolvimento Científico e Tecnológico,,G5492504476,,
W2971431379,Dr Kenneth Chiu Wai Wong,,European Commission,,G5593277320,,
W2971431379,Dr Kenneth Chiu Wai Wong,,National Science Foundation,,G5616713406,,
W2971431379,Dr Kenneth Chiu Wai Wong,,European Commission,,G5702163051,,
W2971431379,Dr Kenneth Chiu Wai Wong,,National Science Foundation,,G5729343118,Collaborative Research:  Accurate cosmology with strong gravitational lens time delays,
W2971431379,Dr Kenneth Chiu Wai Wong,,H2020 European Research Council,,G5783601166,,
W2971431379,Dr Kenneth Chiu Wai Wong,,Ministerio de Economía y Competitividad,,G5788432769,,
W2971431379,Dr Kenneth Chiu Wai Wong,,U.S. Department of Energy,,G585908603,,
W2971431379,Dr Kenneth Chiu Wai Wong,,European Southern Observatory,,G5877226906,,
W2971431379,Dr Kenneth Chiu Wai Wong,,European Research Council,,G5887699657,,
W2971431379,Dr Kenneth Chiu Wai Wong,,Office of Science,,G5962495253,,
W2971431379,Dr Kenneth Chiu Wai Wong,,H2020 European Research Council,,G6141036005,Cosmology with Strong Gravitational Lensing,
W2971431379,Dr Kenneth Chiu Wai Wong,,Argonne National Laboratory,,G618388848,,
W2971431379,Dr Kenneth Chiu Wai Wong,,National Science Foundation,,G6242770028,,
W2971431379,Dr Kenneth Chiu Wai Wong,,Space Telescope Science Institute,,G6273510985,,
W2971431379,Dr Kenneth Chiu Wai Wong,,European Southern Observatory,,G6334767062,,
W2971431379,Dr Kenneth Chiu Wai Wong,,Ministerio de Economía y Competitividad,,G6341879664,,
W2971431379,Dr Kenneth Chiu Wai Wong,,European Regional Development Fund,,G6480793128,,
W2971431379,Dr Kenneth Chiu Wai Wong,,University of Chicago,,G6506395156,,
W2971431379,Dr Kenneth Chiu Wai Wong,,European Regional Development Fund,,G6514847661,,
W2971431379,Dr Kenneth Chiu Wai Wong,,U.S. Department of Energy,,G6558272803,,
W2971431379,Dr Kenneth Chiu Wai Wong,,U.S. Department of Energy,,G6598239468,,
W2971431379,Dr Kenneth Chiu Wai Wong,,U.S. Department of Energy,,G6756316859,,
W2971431379,Dr Kenneth Chiu Wai Wong,,Science and Technology Facilities Council,,G6782987752,,
W2971431379,Dr Kenneth Chiu Wai Wong,,Schweizerischer Nationalfonds zur Förderung der Wissenschaftlichen Forschung,,G685589434,,
W2971431379,Dr Kenneth Chiu Wai Wong,,National Science Foundation,,G7038324121,,
W2971431379,Dr Kenneth Chiu Wai Wong,,Schweizerischer Nationalfonds zur Förderung der Wissenschaftlichen Forschung,,G7106072126,Schweizer Mitarbeiterstelle bei den Monumenta Germaniae Historica (München).,
W2971431379,Dr Kenneth Chiu Wai Wong,,Ministerio de Economía y Competitividad,,G7267537074,,
W2971431379,Dr Kenneth Chiu Wai Wong,,National Science Foundation,,G7284481576,,
W2971431379,Dr Kenneth Chiu Wai Wong,,"Centro de Investigaciones Energéticas, Medioambientales y Tecnológicas",,G7290792616,,
W2971431379,Dr Kenneth Chiu Wai Wong,,National Aeronautics and Space Administration,,G7372121496,,
W2971431379,Dr Kenneth Chiu Wai Wong,,National Science Foundation,,G7474305530,,
W2971431379,Dr Kenneth Chiu Wai Wong,,U.S. Department of Energy,,G7490537531,,
W2971431379,Dr Kenneth Chiu Wai Wong,,H2020 European Research Council,,G7581296362,,
W2971431379,Dr Kenneth Chiu Wai Wong,,SLAC National Accelerator Laboratory,,G7702459498,,
W2971431379,Dr Kenneth Chiu Wai Wong,,Nederlandse Organisatie voor Wetenschappelijk Onderzoek,,G7724334725,,
W2971431379,Dr Kenneth Chiu Wai Wong,,Deutsche Forschungsgemeinschaft,,G775452760,,
W2971431379,Dr Kenneth Chiu Wai Wong,,Deutsche Forschungsgemeinschaft,,G7788408655,,
W2971431379,Dr Kenneth Chiu Wai Wong,,Deutsche Forschungsgemeinschaft,,G7835623888,,
W2971431379,Dr Kenneth Chiu Wai Wong,,European Commission,,G7842005466,,
W2971431379,Dr Kenneth Chiu Wai Wong,,European Southern Observatory,,G7905026557,,
W2971431379,Dr Kenneth Chiu Wai Wong,,Conselho Nacional de Desenvolvimento Científico e Tecnológico,,G8024996190,,
W2971431379,Dr Kenneth Chiu Wai Wong,,European Research Council,,G8036853961,,
W2971431379,Dr Kenneth Chiu Wai Wong,,H2020 European Research Council,,G819569908,,
W2971431379,Dr Kenneth Chiu Wai Wong,,National Science Foundation,,G8210229802,,
W2971431379,Dr Kenneth Chiu Wai Wong,,SLAC National Accelerator Laboratory,,G8211782511,,
W2971431379,Dr Kenneth Chiu Wai Wong,,Office of Science,,G8382000481,,
W2971431379,Dr Kenneth Chiu Wai Wong,,Fermilab,,G8404944017,,
W2971431379,Dr Kenneth Chiu Wai Wong,,National Science Foundation,,G8410917502,Collaborative Research: The Dark Energy Survey Data Management Operations,
W2971431379,Dr Kenneth Chiu Wai Wong,,Chinese Academy of Sciences,,G8476363046,,
W2971431379,Dr Kenneth Chiu Wai Wong,,Science and Technology Facilities Council,,G8726098666,,
W2971431379,Dr Kenneth Chiu Wai Wong,,National Science Foundation,,G8823511827,,
W2971431379,Dr Kenneth Chiu Wai Wong,,Nederlandse Organisatie voor Wetenschappelijk Onderzoek,,G8848159653,,
W2971431379,Dr Kenneth Chiu Wai Wong,,Schweizerischer Nationalfonds zur Förderung der Wissenschaftlichen Forschung,,G8886806601,,
W2971431379,Dr Kenneth Chiu Wai Wong,,European Commission,,G8945569637,,
W2971431379,Dr Kenneth Chiu Wai Wong,,Space Telescope Science Institute,,G8976718804,,
W2971431379,Dr Kenneth Chiu Wai Wong,,H2020 European Research Council,,G910519217,,
W2971431379,Dr Kenneth Chiu Wai Wong,,David and Lucile Packard Foundation,,G950254766,,
W2971431379,Dr Kenneth Chiu Wai Wong,,U.S. Department of Energy,,G969889393,,
W2971431379,Dr Kenneth Chiu Wai Wong,,High Energy Physics,,G97770923,,
W2799075519,Dr Kenneth Chiu Wai Wong,,National Aeronautics and Space Administration,,G1822393526,,
W2799075519,Dr Kenneth Chiu Wai Wong,,Nederlandse Organisatie voor Wetenschappelijk Onderzoek,,G4479680042,,
W2799075519,Dr Kenneth Chiu Wai Wong,,National Science Foundation of Sri Lanka,,G6223526513,,
W2799075519,Dr Kenneth Chiu Wai Wong,,Horizon 2020,,G6304816314,,
W3125344226,Dr Kenneth Chiu Wai Wong,,National Science Foundation,,G1746873624,"Collaborative Research: PRIMUS, Mapping the Universe at Redshift One",
W3125344226,Dr Kenneth Chiu Wai Wong,,National Science Foundation,,G2076607271,"Collaborative Research:  Tracking Galaxy Growth with 200,000 Spectroscopic Redshifts",
W3125344226,Dr Kenneth Chiu Wai Wong,,National Science Foundation,,G2793615035,CAREER: Galaxy Evolution Over Half of Cosmic History,
W3125344226,Dr Kenneth Chiu Wai Wong,,National Aeronautics and Space Administration,,G4120677995,"OBSCURED AGN ACCRETION ACROSS COSMIC TIME WE PROPOSE TO COMBINE DATA FROM XMM-NEWTON, THE CHANDRA X-RAY OBSERVATORY, AND THE SPITZER SPACE TELESCOPE",
W3125344226,Dr Kenneth Chiu Wai Wong,,National Science Foundation,,G583841160,,
W3125344226,Dr Kenneth Chiu Wai Wong,,National Aeronautics and Space Administration,,G6511302564,,
W3125344226,Dr Kenneth Chiu Wai Wong,,National Science Foundation,,G6671297155,,
W3125344226,Dr Kenneth Chiu Wai Wong,,National Science Foundation,,G6693881462,"Collaborative Research: Tracking Galaxy Growth with 200,000 Spectroscopic Redshifts",
W3125344226,Dr Kenneth Chiu Wai Wong,,National Science Foundation,,G720913198,"Collaborative Research:  Tracking Galaxy Growth with 200,000 Spectroscopic Redshifts",
W2582850757,Dr Kenneth Chiu Wai Wong,,Israel Science Foundation,,G4902608725,,
W2540833316,Dr Kenneth Chiu Wai Wong,,Science and Technology Facilities Council,,G629046690,,
W3038321426,Dr Kenneth Chiu Wai Wong,,Japan Society for the Promotion of Science,,G2480576177,,
W3038321426,Dr Kenneth Chiu Wai Wong,,Japan Society for the Promotion of Science,,G250528746,,
W3038321426,Dr Kenneth Chiu Wai Wong,,National Science Foundation,,G3324639077,,
W3038321426,Dr Kenneth Chiu Wai Wong,,Science Mission Directorate,,G4474636675,,
W3038321426,Dr Kenneth Chiu Wai Wong,,"Ministry of Education, Culture, Sports, Science and Technology",,G4660937207,,
W3038321426,Dr Kenneth Chiu Wai Wong,,Japan Society for the Promotion of Science,,G4679291349,,
W3038321426,Dr Kenneth Chiu Wai Wong,,Japan Society for the Promotion of Science,,G601546607,,
W3038321426,Dr Kenneth Chiu Wai Wong,,Space Telescope Science Institute,,G618131832,,
W3038321426,Dr Kenneth Chiu Wai Wong,,"Ministry of Education, Culture, Sports, Science and Technology",,G6302033403,,
W3038321426,Dr Kenneth Chiu Wai Wong,,National Aeronautics and Space Administration,,G670812154,A NEO SEARCH PROGRAM USING THE PAN-STARRS PS1 TELESCOPETHE GOAL OF THE PROPOSED RESEARCH IS TO USE T,
W3038321426,Dr Kenneth Chiu Wai Wong,,National Science Foundation,,G6764796438,,
W3038321426,Dr Kenneth Chiu Wai Wong,,"Ministry of Education, Culture, Sports, Science and Technology",,G6922209740,,
W3038321426,Dr Kenneth Chiu Wai Wong,,Fondo Nacional de Desarrollo Científico y Tecnológico,,G6994591974,,
W3038321426,Dr Kenneth Chiu Wai Wong,,National Aeronautics and Space Administration,,G7187964967,,
W3038321426,Dr Kenneth Chiu Wai Wong,,National Science Foundation,,G7769865094,Pan-STARRS1:   Operations; Public Data Release; Education and Outreach,
W3038321426,Dr Kenneth Chiu Wai Wong,,Planetary Science Division,,G833430883,,
W3038321426,Dr Kenneth Chiu Wai Wong,,"Ministerio de Economía, Fomento y Turismo, Chile",,G8594841131,,
W3038321426,Dr Kenneth Chiu Wai Wong,,Japan Society for the Promotion of Science,,G8784133840,,
W3038321426,Dr Kenneth Chiu Wai Wong,,Japan Society for the Promotion of Science,,G8830584456,,
W3031984016,Dr Kenneth Chiu Wai Wong,,Space Telescope Science Institute,,G2469878448,,
W3031984016,Dr Kenneth Chiu Wai Wong,,European Commission,,G3418879279,Cosmology with Strong Gravitational Lensing,
W3031984016,Dr Kenneth Chiu Wai Wong,,National Science Foundation,,G3518009076,Collaborative Research: Accurate Cosmology with Strong Gravitational Lens Time Delays,
W3031984016,Dr Kenneth Chiu Wai Wong,,Japan Society for the Promotion of Science,,G4081451300,,
W3031984016,Dr Kenneth Chiu Wai Wong,,Space Telescope Science Institute,,G4518818167,,
W3031984016,Dr Kenneth Chiu Wai Wong,,National Science Foundation,,G4687040026,Collaborative Research: Establishing the foundations of black hole mass measurements of AGN across cosmic time,
W3031984016,Dr Kenneth Chiu Wai Wong,,National Aeronautics and Space Administration,,G5042631527,,
W3031984016,Dr Kenneth Chiu Wai Wong,,H2020 European Research Council,,G6141036005,Cosmology with Strong Gravitational Lensing,
W3031984016,Dr Kenneth Chiu Wai Wong,,Space Telescope Science Institute,,G6273510985,,
W3031984016,Dr Kenneth Chiu Wai Wong,,National Aeronautics and Space Administration,,G7372121496,,
W3031984016,Dr Kenneth Chiu Wai Wong,,National Science Foundation,,G7589800429,Collaborative Research: Toward a 1% measurement of the Hubble Constant with gravitational time delays,
W3031984016,Dr Kenneth Chiu Wai Wong,,European Commission,,G7842005466,,
W3031984016,Dr Kenneth Chiu Wai Wong,,National Science Foundation,,G8104901479,,
W3031984016,Dr Kenneth Chiu Wai Wong,,National Science Foundation,,G8210229802,,
W3031282741,Dr Kenneth Chiu Wai Wong,,Schweizerischer Nationalfonds zur Förderung der Wissenschaftlichen Forschung,,G1010303824,,
W3031282741,Dr Kenneth Chiu Wai Wong,,National Science Foundation,,G2264806148,,
W3031282741,Dr Kenneth Chiu Wai Wong,,Horizon 2020 Framework Programme,,G3240373018,,
W3031282741,Dr Kenneth Chiu Wai Wong,,European Commission,,G3418879279,Cosmology with Strong Gravitational Lensing,
W3031282741,Dr Kenneth Chiu Wai Wong,,National Science Foundation,,G3518009076,Collaborative Research: Accurate Cosmology with Strong Gravitational Lens Time Delays,
W3031282741,Dr Kenneth Chiu Wai Wong,,National Science Foundation,,G4846657503,Collaborative Research: Investigating the nature of dark matter with gravitational lensing,
W3031282741,Dr Kenneth Chiu Wai Wong,,H2020 European Research Council,,G6141036005,Cosmology with Strong Gravitational Lensing,
W3031282741,Dr Kenneth Chiu Wai Wong,,Schweizerischer Nationalfonds zur Förderung der Wissenschaftlichen Forschung,,G685589434,,
W3031282741,Dr Kenneth Chiu Wai Wong,,National Science Foundation,,G7284481576,,
W4403755492,Dr Kenneth Chiu Wai Wong,,European Commission,,G2895721595,Cosmic Fireworks Première: Unravelling Enigmas of Type Ia Supernova Progenitor and Cosmology through Strong Lensing,
W4403755492,Dr Kenneth Chiu Wai Wong,,H2020 European Research Council,,G7412916694,Cosmic Fireworks Première: Unravelling Enigmas of Type Ia Supernova Progenitor and Cosmology through Strong Lensing,
W4403755492,Dr Kenneth Chiu Wai Wong,,Japan Society for the Promotion of Science,,G8723351529,,
W4387113244,Dr Kenneth Chiu Wai Wong,,Japan Society for the Promotion of Science,,G2480576177,,
W4387113244,Dr Kenneth Chiu Wai Wong,,Japan Society for the Promotion of Science,,G3076547670,,
W4387113244,Dr Kenneth Chiu Wai Wong,,Japan Society for the Promotion of Science,,G518082285,,
W4387113244,Dr Kenneth Chiu Wai Wong,,Japan Society for the Promotion of Science,,G5513975304,,
W4387113244,Dr Kenneth Chiu Wai Wong,,Japan Society for the Promotion of Science,,G8723351529,,
W4400348747,Dr Kenneth Chiu Wai Wong,,Space Telescope Science Institute,,G2073399071,,
W4400348747,Dr Kenneth Chiu Wai Wong,,Space Telescope Science Institute,,G2118751671,,
W4400348747,Dr Kenneth Chiu Wai Wong,,National Aeronautics and Space Administration,,G2173517054,,
W4400348747,Dr Kenneth Chiu Wai Wong,,European Commission,,G3418879279,Cosmology with Strong Gravitational Lensing,
W4400348747,Dr Kenneth Chiu Wai Wong,,National Aeronautics and Space Administration,,G3839029430,,
W4400348747,Dr Kenneth Chiu Wai Wong,,Schweizerischer Nationalfonds zur Förderung der Wissenschaftlichen Forschung,,G426690495,Phasenübergänge und Instabilitäten,
W4400348747,Dr Kenneth Chiu Wai Wong,,Schweizerischer Nationalfonds zur Förderung der Wissenschaftlichen Forschung,,G4317084388,Size quantization effects of semiconductor nanoparticles on the excited-state dynamics studied by laser spectroscope with femtosecond time resolution.,
W4400348747,Dr Kenneth Chiu Wai Wong,,Deutsche Forschungsgemeinschaft,,G439148742,EXC 2094: ORIGINS: Vom Ursprung des Universums bis zu den ersten Bausteinen des Lebens,
W4400348747,Dr Kenneth Chiu Wai Wong,,Japan Society for the Promotion of Science,,G4903782826,,
W4400348747,Dr Kenneth Chiu Wai Wong,,Deutsche Forschungsgemeinschaft,,G5258970440,,
W4400348747,Dr Kenneth Chiu Wai Wong,,Schweizerischer Nationalfonds zur Förderung der Wissenschaftlichen Forschung,,G5433885756,La Tombe du père Divin Neferhotep,
W4400348747,Dr Kenneth Chiu Wai Wong,,Space Telescope Science Institute,,G6273510985,,
W4400348747,Dr Kenneth Chiu Wai Wong,,European Commission,,G6454619905,Fully Autonomous Search Tool to Investigate Directly Images and mOdeling of Unexplored Strong-lenses,
W4400348747,Dr Kenneth Chiu Wai Wong,,National Science Foundation,,G6721680378,,
W4400348747,Dr Kenneth Chiu Wai Wong,,Schweizerischer Nationalfonds zur Förderung der Wissenschaftlichen Forschung,,G685589434,,
W4400348747,Dr Kenneth Chiu Wai Wong,,Schweizerischer Nationalfonds zur Förderung der Wissenschaftlichen Forschung,,G7594009573,,
W4400348747,Dr Kenneth Chiu Wai Wong,,Deutsche Forschungsgemeinschaft,,G7827456780,,
W4400348747,Dr Kenneth Chiu Wai Wong,,European Commission,,G7842005466,,
W4400348747,Dr Kenneth Chiu Wai Wong,,Japan Society for the Promotion of Science,,G8723351529,,
W4400348747,Dr Kenneth Chiu Wai Wong,,National Aeronautics and Space Administration,,G8914465953,,
W4393220510,Dr Kenneth Chiu Wai Wong,,Science and Technology Facilities Council,,G1943537523,,
W4393220510,Dr Kenneth Chiu Wai Wong,,Science and Technology Facilities Council,,G2055633834,,
W4393220510,Dr Kenneth Chiu Wai Wong,,Science and Technology Facilities Council,,G2762622281,UK involvement in LSST: Phase C (Oxford component),
W4393220510,Dr Kenneth Chiu Wai Wong,,Science and Technology Facilities Council,,G3073216144,,
W4393220510,Dr Kenneth Chiu Wai Wong,,Japan Society for the Promotion of Science London,,G3194583408,,
W4393220510,Dr Kenneth Chiu Wai Wong,,Science and Technology Facilities Council,,G4992663053,UK Involvement in LSST: Phase B (Oxford component),
W4393220510,Dr Kenneth Chiu Wai Wong,,Science and Technology Facilities Council,,G4994908256,,
W4393220510,Dr Kenneth Chiu Wai Wong,,H2020 European Research Council,,G7412916694,Cosmic Fireworks Première: Unravelling Enigmas of Type Ia Supernova Progenitor and Cosmology through Strong Lensing,
W4393220510,Dr Kenneth Chiu Wai Wong,,Science and Technology Facilities Council,,G8532316341,STFC Oxford 2021 DTP,
W4406752840,Dr Kenneth Chiu Wai Wong,,Deutsche Forschungsgemeinschaft,,G1149181271,,
W4406752840,Dr Kenneth Chiu Wai Wong,,National Aeronautics and Space Administration,,G1338664626,,
W4406752840,Dr Kenneth Chiu Wai Wong,,European Research Council,,G2322309102,,
W4406752840,Dr Kenneth Chiu Wai Wong,,Schweizerischer Nationalfonds zur Förderung der Wissenschaftlichen Forschung,,G2537118508,Etude ethnoarchéologique de la céramique du Delta intérieur du Niger (Mali).,
W4406752840,Dr Kenneth Chiu Wai Wong,,Villum Fonden,,G2724303462,,
W4406752840,Dr Kenneth Chiu Wai Wong,,Villum Fonden,,G3043396493,,
W4406752840,Dr Kenneth Chiu Wai Wong,,National Aeronautics and Space Administration,,G324093439,,
W4406752840,Dr Kenneth Chiu Wai Wong,,European Commission,,G3418879279,Cosmology with Strong Gravitational Lensing,
W4406752840,Dr Kenneth Chiu Wai Wong,,Deutsche Forschungsgemeinschaft,,G439148742,EXC 2094: ORIGINS: Vom Ursprung des Universums bis zu den ersten Bausteinen des Lebens,
W4406752840,Dr Kenneth Chiu Wai Wong,,Japan Society for the Promotion of Science,,G4903782826,,
W4406752840,Dr Kenneth Chiu Wai Wong,,Marie Curie,,G5055544203,,
W4406752840,Dr Kenneth Chiu Wai Wong,,Deutsche Forschungsgemeinschaft,,G5258970440,,
W4406752840,Dr Kenneth Chiu Wai Wong,,Space Telescope Science Institute,,G5568641063,,
W4406752840,Dr Kenneth Chiu Wai Wong,,Villum Fonden,,G5771713820,,
W4406752840,Dr Kenneth Chiu Wai Wong,,European Commission,,G6454619905,Fully Autonomous Search Tool to Investigate Directly Images and mOdeling of Unexplored Strong-lenses,
W4406752840,Dr Kenneth Chiu Wai Wong,,Schweizerischer Nationalfonds zur Förderung der Wissenschaftlichen Forschung,,G685589434,,
W4406752840,Dr Kenneth Chiu Wai Wong,,European Commission,,G7052616740,Establishing Lensed Supernovae as Probes to Address the Hubble Tension,
W4406752840,Dr Kenneth Chiu Wai Wong,,Japan Society for the Promotion of Science,,G7282642749,,
W4406752840,Dr Kenneth Chiu Wai Wong,,Schweizerischer Nationalfonds zur Förderung der Wissenschaftlichen Forschung,,G7594009573,,
W4406752840,Dr Kenneth Chiu Wai Wong,,Marie Curie,,G7631572188,,
W4406752840,Dr Kenneth Chiu Wai Wong,,Deutsche Forschungsgemeinschaft,,G7827456780,,
W4406752840,Dr Kenneth Chiu Wai Wong,,European Commission,,G7842005466,,
W4406752840,Dr Kenneth Chiu Wai Wong,,Space Telescope Science Institute,,G7975899978,,
W3013413638,Dr Kenneth Chiu Wai Wong,,European Regional Development Fund,,G1328166135,,
W3013413638,Dr Kenneth Chiu Wai Wong,,European Regional Development Fund,,G1491530973,,
W3013413638,Dr Kenneth Chiu Wai Wong,,Science and Technology Facilities Council,,G1907584174,,
W3013413638,Dr Kenneth Chiu Wai Wong,,European Commission,,G1993551506,Understanding the Origin of Cosmic Structure,
W3013413638,Dr Kenneth Chiu Wai Wong,,National Aeronautics and Space Administration,,G2173517054,,
W3013413638,Dr Kenneth Chiu Wai Wong,,National Science Foundation,,G2264806148,,
W3013413638,Dr Kenneth Chiu Wai Wong,,European Commission,,G2293331814,Capitalizing on Gravitational Shear,
W3013413638,Dr Kenneth Chiu Wai Wong,,National Science Foundation,,G2409381996,,
W3013413638,Dr Kenneth Chiu Wai Wong,,U.S. Department of Energy,,G2413433374,,
W3013413638,Dr Kenneth Chiu Wai Wong,,U.S. Department of Energy,,G2451649214,Strait Science - Biosensor Task 1.1 of the Coastal and Environmental Effects Program (PNNL scope #46754),
W3013413638,Dr Kenneth Chiu Wai Wong,,National Science Foundation,,G3149521715,,
W3013413638,Dr Kenneth Chiu Wai Wong,,European Commission,,G3418879279,Cosmology with Strong Gravitational Lensing,
W3013413638,Dr Kenneth Chiu Wai Wong,,Science and Technology Facilities Council,,G3467815775,,
W3013413638,Dr Kenneth Chiu Wai Wong,,European Regional Development Fund,,G3715052068,,
W3013413638,Dr Kenneth Chiu Wai Wong,,National Science Foundation,,G380530733,The Dark Energy Survey Data Management Operations,
W3013413638,Dr Kenneth Chiu Wai Wong,,European Commission,,G3829048491,,
W3013413638,Dr Kenneth Chiu Wai Wong,,European Regional Development Fund,,G3848063861,,
W3013413638,Dr Kenneth Chiu Wai Wong,,European Commission,,G3983061530,Testing the Dark Energy Paradigm and Measuring Neutrino Mass with the Dark Energy Survey,
W3013413638,Dr Kenneth Chiu Wai Wong,,National Science Foundation,,G4104599821,,
W3013413638,Dr Kenneth Chiu Wai Wong,,National Science Foundation,,G4560782055,,
W3013413638,Dr Kenneth Chiu Wai Wong,,National Science Foundation,,G4846657503,Collaborative Research: Investigating the nature of dark matter with gravitational lensing,
W3013413638,Dr Kenneth Chiu Wai Wong,,National Science Foundation,,G4960654128,,
W3013413638,Dr Kenneth Chiu Wai Wong,,National Aeronautics and Space Administration,,G4970074970,,
W3013413638,Dr Kenneth Chiu Wai Wong,,Office of Science,,G498139845,,
W3013413638,Dr Kenneth Chiu Wai Wong,,European Regional Development Fund,,G5161020159,,
W3013413638,Dr Kenneth Chiu Wai Wong,,ARC Centre of Excellence for All-Sky Astrophysics,,G5202711728,,
W3013413638,Dr Kenneth Chiu Wai Wong,,National Science Foundation,,G5241463017,Physics Frontier Center at the Kavli Institute for Cosmological Physics:  Pushing Cosmology to the Edge,
W3013413638,Dr Kenneth Chiu Wai Wong,,European Commission,,G5593277320,,
W3013413638,Dr Kenneth Chiu Wai Wong,,National Science Foundation,,G5616713406,,
W3013413638,Dr Kenneth Chiu Wai Wong,,European Commission,,G5702163051,,
W3013413638,Dr Kenneth Chiu Wai Wong,,U.S. Department of Energy,,G585908603,,
W3013413638,Dr Kenneth Chiu Wai Wong,,Office of Science,,G5962495253,,
W3013413638,Dr Kenneth Chiu Wai Wong,,University of Chicago,,G6155511183,,
W3013413638,Dr Kenneth Chiu Wai Wong,,European Regional Development Fund,,G6480793128,,
W3013413638,Dr Kenneth Chiu Wai Wong,,European Regional Development Fund,,G6514847661,,
W3013413638,Dr Kenneth Chiu Wai Wong,,U.S. Department of Energy,,G6558272803,,
W3013413638,Dr Kenneth Chiu Wai Wong,,National Science Foundation,,G7038324121,,
W3013413638,Dr Kenneth Chiu Wai Wong,,National Science Foundation,,G7570414836,,
W3013413638,Dr Kenneth Chiu Wai Wong,,European Commission,,G7842005466,,
W3013413638,Dr Kenneth Chiu Wai Wong,,National Science Foundation,,G8410917502,Collaborative Research: The Dark Energy Survey Data Management Operations,
W3013413638,Dr Kenneth Chiu Wai Wong,,Science and Technology Facilities Council,,G8471153389,,
W3013413638,Dr Kenneth Chiu Wai Wong,,National Science Foundation,,G8823511827,,
W3013413638,Dr Kenneth Chiu Wai Wong,,Space Telescope Science Institute,,G8976718804,,
W3013413638,Dr Kenneth Chiu Wai Wong,,U.S. Department of Energy,,G969889393,,
W2971935179,Dr Kenneth Chiu Wai Wong,,Japan Society for the Promotion of Science,,G250528746,,
W2971935179,Dr Kenneth Chiu Wai Wong,,National Science Foundation,,G3324639077,,
W2971935179,Dr Kenneth Chiu Wai Wong,,Science Mission Directorate,,G4474636675,,
W2971935179,Dr Kenneth Chiu Wai Wong,,"Ministry of Education, Culture, Sports, Science and Technology",,G4660937207,,
W2971935179,Dr Kenneth Chiu Wai Wong,,Japan Society for the Promotion of Science,,G4679291349,,
W2971935179,Dr Kenneth Chiu Wai Wong,,Space Telescope Science Institute,,G618131832,,
W2971935179,Dr Kenneth Chiu Wai Wong,,"Ministry of Education, Culture, Sports, Science and Technology",,G6302033403,,
W2971935179,Dr Kenneth Chiu Wai Wong,,National Aeronautics and Space Administration,,G670812154,A NEO SEARCH PROGRAM USING THE PAN-STARRS PS1 TELESCOPETHE GOAL OF THE PROPOSED RESEARCH IS TO USE T,
W2971935179,Dr Kenneth Chiu Wai Wong,,National Science Foundation,,G6764796438,,
W2971935179,Dr Kenneth Chiu Wai Wong,,"Ministry of Education, Culture, Sports, Science and Technology",,G6922209740,,
W2971935179,Dr Kenneth Chiu Wai Wong,,National Aeronautics and Space Administration,,G7187964967,,
W2971935179,Dr Kenneth Chiu Wai Wong,,National Science Foundation,,G7769865094,Pan-STARRS1:   Operations; Public Data Release; Education and Outreach,
W2971935179,Dr Kenneth Chiu Wai Wong,,Planetary Science Division,,G833430883,,
W2971935179,Dr Kenneth Chiu Wai Wong,,Japan Society for the Promotion of Science,,G8784133840,,
W2971935179,Dr Kenneth Chiu Wai Wong,,Japan Society for the Promotion of Science,,G8830584456,,
W4398230633,Dr Kenneth Chiu Wai Wong,,Deutsche Forschungsgemeinschaft,,G439148742,EXC 2094: ORIGINS: Vom Ursprung des Universums bis zu den ersten Bausteinen des Lebens,
W4398230633,Dr Kenneth Chiu Wai Wong,,Japan Society for the Promotion of Science,,G4903782826,,
W4398230633,Dr Kenneth Chiu Wai Wong,,Deutsche Forschungsgemeinschaft,,G5258970440,,
W4398230633,Dr Kenneth Chiu Wai Wong,,H2020 European Research Council,,G7412916694,Cosmic Fireworks Première: Unravelling Enigmas of Type Ia Supernova Progenitor and Cosmology through Strong Lensing,
W4398230633,Dr Kenneth Chiu Wai Wong,,Deutsche Forschungsgemeinschaft,,G7827456780,,
W4398230633,Dr Kenneth Chiu Wai Wong,,Japan Society for the Promotion of Science,,G8723351529,,
W2918852531,Dr Kenneth Chiu Wai Wong,,Korea Astronomy and Space Science Institute,,G184806309,,
W2918852531,Dr Kenneth Chiu Wai Wong,,Korea Astronomy and Space Science Institute,,G4691913309,,
W2918852531,Dr Kenneth Chiu Wai Wong,,Korea Astronomy and Space Science Institute,,G484160459,,
W2918852531,Dr Kenneth Chiu Wai Wong,,Japan Society for the Promotion of Science,,G8784133840,,
W2918852531,Dr Kenneth Chiu Wai Wong,,Japan Society for the Promotion of Science,,G8787730342,,
W2918852531,Dr Kenneth Chiu Wai Wong,,Japan Society for the Promotion of Science,,G8830584456,,
W2613671949,Dr Kenneth Chiu Wai Wong,,National Science Foundation,,G2181397336,Collaborative Research:  Observations and Theory of the Most Powerful Gravitational Lensing Telescopes,
W2613671949,Dr Kenneth Chiu Wai Wong,,"Ministry of Science and Technology, Taiwan",,G2189691295,,
W2613671949,Dr Kenneth Chiu Wai Wong,,National Science Foundation,,G314720302,Collaborative Research:  Observations and Theory of the Most Powerful Gravitational Lensing Telescopes,
W2613671949,Dr Kenneth Chiu Wai Wong,,"Ministry of Science and Technology, Taiwan",,G5324834393,,
W2613671949,Dr Kenneth Chiu Wai Wong,,"Ministry of Science and Technology, Taiwan",,G5386586737,,
W2613671949,Dr Kenneth Chiu Wai Wong,,Lawrence Livermore National Laboratory,,G5522089832,,
W2613671949,Dr Kenneth Chiu Wai Wong,,"Ministry of Science and Technology, Taiwan",,G6058953748,,
W2613671949,Dr Kenneth Chiu Wai Wong,,"Ministry of Science and Technology, Taiwan",,G6282059440,,
W2613671949,Dr Kenneth Chiu Wai Wong,,National Science Foundation,,G7806955302,,
W2613671949,Dr Kenneth Chiu Wai Wong,,U.S. Department of Energy,,G8374966015,,
W2613671949,Dr Kenneth Chiu Wai Wong,,Lawrence Livermore National Laboratory,,G991281326,,
W4414109835,Dr Kenneth Chiu Wai Wong,,Space Telescope Science Institute,,G2629829676,,
W4414109835,Dr Kenneth Chiu Wai Wong,,Space Telescope Science Institute,,G343462026,,
W4414109835,Dr Kenneth Chiu Wai Wong,,National Aeronautics and Space Administration,,G4524200106,,
W4414109835,Dr Kenneth Chiu Wai Wong,,National Aeronautics and Space Administration,,G8914465953,,
W2984655719,Dr Kenneth Chiu Wai Wong,,Japan Society for the Promotion of Science,,G250528746,,
W2984655719,Dr Kenneth Chiu Wai Wong,,Academia Sinica,,G5088385954,,
W2984655719,Dr Kenneth Chiu Wai Wong,,National Aeronautics and Space Administration,,G670812154,A NEO SEARCH PROGRAM USING THE PAN-STARRS PS1 TELESCOPETHE GOAL OF THE PROPOSED RESEARCH IS TO USE T,
W2984655719,Dr Kenneth Chiu Wai Wong,,National Science Foundation,,G6764796438,,
W2984655719,Dr Kenneth Chiu Wai Wong,,"Ministry of Science and Technology, Taiwan",,G7385029247,,
W2984655719,Dr Kenneth Chiu Wai Wong,,Japan Society for the Promotion of Science,,G7559199651,,
W2984655719,Dr Kenneth Chiu Wai Wong,,Japan Society for the Promotion of Science,,G8784133840,,
W2984655719,Dr Kenneth Chiu Wai Wong,,Japan Society for the Promotion of Science,,G8830584456,,
W4405815743,Dr Kenneth Chiu Wai Wong,,Japan Society for the Promotion of Science,,G4903782826,,
W4405815743,Dr Kenneth Chiu Wai Wong,,Japan Society for the Promotion of Science,,G8723351529,,
W2912079470,Dr Kenneth Chiu Wai Wong,,Science Mission Directorate,,G4474636675,,
W2912079470,Dr Kenneth Chiu Wai Wong,,"Ministry of Education, Culture, Sports, Science and Technology",,G4660937207,,
W2912079470,Dr Kenneth Chiu Wai Wong,,Space Telescope Science Institute,,G618131832,,
W2912079470,Dr Kenneth Chiu Wai Wong,,National Aeronautics and Space Administration,,G670812154,A NEO SEARCH PROGRAM USING THE PAN-STARRS PS1 TELESCOPETHE GOAL OF THE PROPOSED RESEARCH IS TO USE T,
W2912079470,Dr Kenneth Chiu Wai Wong,,National Science Foundation,,G6764796438,,
W2912079470,Dr Kenneth Chiu Wai Wong,,Japan Society for the Promotion of Science,,G677451929,,
W2912079470,Dr Kenneth Chiu Wai Wong,,"Ministry of Education, Culture, Sports, Science and Technology",,G6922209740,,
W2912079470,Dr Kenneth Chiu Wai Wong,,National Aeronautics and Space Administration,,G7187964967,,
W2912079470,Dr Kenneth Chiu Wai Wong,,National Science Foundation,,G7769865094,Pan-STARRS1:   Operations; Public Data Release; Education and Outreach,
W2912079470,Dr Kenneth Chiu Wai Wong,,Planetary Science Division,,G833430883,,
W2912079470,Dr Kenneth Chiu Wai Wong,,Japan Society for the Promotion of Science,,G8784133840,,
W2912079470,Dr Kenneth Chiu Wai Wong,,Japan Society for the Promotion of Science,,G8787730342,,
W2912079470,Dr Kenneth Chiu Wai Wong,,Japan Society for the Promotion of Science,,G8830584456,,
W3105711643,Dr Kenneth Chiu Wai Wong,,National Aeronautics and Space Administration,,G1822393526,,
W3105711643,Dr Kenneth Chiu Wai Wong,,National Aeronautics and Space Administration,,G2087597332,,
W3105711643,Dr Kenneth Chiu Wai Wong,,National Aeronautics and Space Administration,,G2173517054,,
W3105711643,Dr Kenneth Chiu Wai Wong,,National Science Foundation,,G2264806148,,
W3105711643,Dr Kenneth Chiu Wai Wong,,National Aeronautics and Space Administration,,G2304883374,,
W3105711643,Dr Kenneth Chiu Wai Wong,,European Research Council,,G2322309102,,
W3105711643,Dr Kenneth Chiu Wai Wong,,European Commission,,G3418879279,Cosmology with Strong Gravitational Lensing,
W3105711643,Dr Kenneth Chiu Wai Wong,,National Aeronautics and Space Administration,,G359237689,,
W3105711643,Dr Kenneth Chiu Wai Wong,,National Science Foundation,,G3776117589,,
W3105711643,Dr Kenneth Chiu Wai Wong,,National Science Foundation,,G44379182,Collaborative Research: Toward a 1% measurement of the Hubble Constant with gravitational time delays,
W3105711643,Dr Kenneth Chiu Wai Wong,,Nederlandse Organisatie voor Wetenschappelijk Onderzoek,,G4479680042,,
W3105711643,Dr Kenneth Chiu Wai Wong,,National Science Foundation,,G4846657503,Collaborative Research: Investigating the nature of dark matter with gravitational lensing,
W3105711643,Dr Kenneth Chiu Wai Wong,,National Aeronautics and Space Administration,,G4970074970,,
W3105711643,Dr Kenneth Chiu Wai Wong,,Schweizerischer Nationalfonds zur Förderung der Wissenschaftlichen Forschung,,G5170142308,,
W3105711643,Dr Kenneth Chiu Wai Wong,,Schweizerischer Nationalfonds zur Förderung der Wissenschaftlichen Forschung,,G5433885756,La Tombe du père Divin Neferhotep,
W3105711643,Dr Kenneth Chiu Wai Wong,,National Aeronautics and Space Administration,,G5449677019,,
W3105711643,Dr Kenneth Chiu Wai Wong,,National Science Foundation,,G5641840667,,
W3105711643,Dr Kenneth Chiu Wai Wong,,Schweizerischer Nationalfonds zur Förderung der Wissenschaftlichen Forschung,,G685589434,,
W3105711643,Dr Kenneth Chiu Wai Wong,,National Science Foundation,,G7474305530,,
W3105711643,Dr Kenneth Chiu Wai Wong,,National Science Foundation,,G7589800429,Collaborative Research: Toward a 1% measurement of the Hubble Constant with gravitational time delays,
W3105711643,Dr Kenneth Chiu Wai Wong,,European Commission,,G7842005466,,
W3105711643,Dr Kenneth Chiu Wai Wong,,National Science Foundation,,G8063588024,,
W3105711643,Dr Kenneth Chiu Wai Wong,,National Science Foundation,,G8104901479,,
W3105711643,Dr Kenneth Chiu Wai Wong,,Nederlandse Organisatie voor Wetenschappelijk Onderzoek,,G8848159653,,
W3098850869,Dr Kenneth Chiu Wai Wong,,National Aeronautics and Space Administration,,G2087597332,,
W3098850869,Dr Kenneth Chiu Wai Wong,,National Science Foundation,,G2264806148,,
W3098850869,Dr Kenneth Chiu Wai Wong,,Space Telescope Science Institute,,G2469878448,,
W3098850869,Dr Kenneth Chiu Wai Wong,,Villum Fonden,,G290545188,,
W3098850869,Dr Kenneth Chiu Wai Wong,,National Science Foundation,,G3776117589,,
W3098850869,Dr Kenneth Chiu Wai Wong,,Schweizerischer Nationalfonds zur Förderung der Wissenschaftlichen Forschung,,G426690495,Phasenübergänge und Instabilitäten,
W3098850869,Dr Kenneth Chiu Wai Wong,,National Science Foundation,,G4309828792,Collaborative Research: Investigating the nature of dark matter with gravitational lensing,
W3098850869,Dr Kenneth Chiu Wai Wong,,National Science Foundation,,G44379182,Collaborative Research: Toward a 1% measurement of the Hubble Constant with gravitational time delays,
W3098850869,Dr Kenneth Chiu Wai Wong,,Nederlandse Organisatie voor Wetenschappelijk Onderzoek,,G4479680042,,
W3098850869,Dr Kenneth Chiu Wai Wong,,Space Telescope Science Institute,,G4518818167,,
W3098850869,Dr Kenneth Chiu Wai Wong,,National Science Foundation,,G4846657503,Collaborative Research: Investigating the nature of dark matter with gravitational lensing,
W3098850869,Dr Kenneth Chiu Wai Wong,,National Aeronautics and Space Administration,,G5042631527,,
W3098850869,Dr Kenneth Chiu Wai Wong,,National Science Foundation,,G5054500775,,
W3098850869,Dr Kenneth Chiu Wai Wong,,Schweizerischer Nationalfonds zur Förderung der Wissenschaftlichen Forschung,,G5170142308,,
W3098850869,Dr Kenneth Chiu Wai Wong,,National Aeronautics and Space Administration,,G5449677019,,
W3098850869,Dr Kenneth Chiu Wai Wong,,National Science Foundation,,G5641840667,,
W3098850869,Dr Kenneth Chiu Wai Wong,,Space Telescope Science Institute,,G6273510985,,
W3098850869,Dr Kenneth Chiu Wai Wong,,Schweizerischer Nationalfonds zur Förderung der Wissenschaftlichen Forschung,,G685589434,,
W3098850869,Dr Kenneth Chiu Wai Wong,,National Aeronautics and Space Administration,,G7372121496,,
W3098850869,Dr Kenneth Chiu Wai Wong,,National Science Foundation,,G7474305530,,
W3098850869,Dr Kenneth Chiu Wai Wong,,Deutsche Forschungsgemeinschaft,,G775452760,,
W3098850869,Dr Kenneth Chiu Wai Wong,,National Science Foundation,,G8210229802,,
W3098850869,Dr Kenneth Chiu Wai Wong,,Nederlandse Organisatie voor Wetenschappelijk Onderzoek,,G8848159653,,
W4389712629,Dr Kenneth Chiu Wai Wong,,European Commission,,G2895721595,Cosmic Fireworks Première: Unravelling Enigmas of Type Ia Supernova Progenitor and Cosmology through Strong Lensing,
W4389712629,Dr Kenneth Chiu Wai Wong,,European Commission,,G7842005466,,
W4389712629,Dr Kenneth Chiu Wai Wong,,Japan Society for the Promotion of Science,,G8723351529,,
W2942171258,Dr Kenneth Chiu Wai Wong,,"Ministry of Education, Culture, Sports, Science and Technology",,G1167224890,,
W2942171258,Dr Kenneth Chiu Wai Wong,,European Commission,,G344960108,Accurate halo masses in the precision cosmology era,
W2942171258,Dr Kenneth Chiu Wai Wong,,Japan Society for the Promotion of Science,,G3510347252,,
W2942171258,Dr Kenneth Chiu Wai Wong,,National Science Foundation,,G3715736766,,
W2942171258,Dr Kenneth Chiu Wai Wong,,"Ministry of Education, Culture, Sports, Science and Technology",,G4660937207,,
W2942171258,Dr Kenneth Chiu Wai Wong,,"Ministry of Education, Culture, Sports, Science and Technology",,G6922209740,,
W2942171258,Dr Kenneth Chiu Wai Wong,,European Commission,,G7842005466,,
W2942171258,Dr Kenneth Chiu Wai Wong,,Japan Society for the Promotion of Science,,G8784133840,,
W2942171258,Dr Kenneth Chiu Wai Wong,,Japan Society for the Promotion of Science,,G8830584456,,
W4365600449,Dr Kenneth Chiu Wai Wong,,Japan Society for the Promotion of Science,,G2480576177,,
W4365600449,Dr Kenneth Chiu Wai Wong,,Japan Society for the Promotion of Science,,G3076547670,,
W4365600449,Dr Kenneth Chiu Wai Wong,,Science Mission Directorate,,G4474636675,,
W4365600449,Dr Kenneth Chiu Wai Wong,,Japan Society for the Promotion of Science,,G518082285,,
W4365600449,Dr Kenneth Chiu Wai Wong,,National Science and Technology Council,,G551097958,,
W4365600449,Dr Kenneth Chiu Wai Wong,,Japan Society for the Promotion of Science,,G5513975304,,
W4365600449,Dr Kenneth Chiu Wai Wong,,"Ministry of Education, Culture, Sports, Science and Technology",,G5724221488,,
W4365600449,Dr Kenneth Chiu Wai Wong,,Space Telescope Science Institute,,G618131832,,
W4365600449,Dr Kenneth Chiu Wai Wong,,National Aeronautics and Space Administration,,G670812154,A NEO SEARCH PROGRAM USING THE PAN-STARRS PS1 TELESCOPETHE GOAL OF THE PROPOSED RESEARCH IS TO USE T,
W4365600449,Dr Kenneth Chiu Wai Wong,,National Science Foundation,,G6764796438,,
W4365600449,Dr Kenneth Chiu Wai Wong,,National Aeronautics and Space Administration,,G7187964967,,
W4365600449,Dr Kenneth Chiu Wai Wong,,National Science Foundation,,G7769865094,Pan-STARRS1:   Operations; Public Data Release; Education and Outreach,
W4365600449,Dr Kenneth Chiu Wai Wong,,Planetary Science Division,,G833430883,,
W4365600449,Dr Kenneth Chiu Wai Wong,,Japan Society for the Promotion of Science,,G8723351529,,
W3017164300,Dr Kenneth Chiu Wai Wong,,National Science Foundation,,G1333985129,CAREER: A New Frontier in Dark Matter Substructure Studies,
W3017164300,Dr Kenneth Chiu Wai Wong,,National Science Foundation,,G4499945187,"A large, homogeneous open cluster white dwarf sample",
W3017164300,Dr Kenneth Chiu Wai Wong,,National Science Foundation,,G4594261347,,
W4388685679,Dr Kenneth Chiu Wai Wong,,Science and Technology Facilities Council,,G1063718718,,
W4388685679,Dr Kenneth Chiu Wai Wong,,Science and Technology Facilities Council,,G1943537523,,
W4388685679,Dr Kenneth Chiu Wai Wong,,Science and Technology Facilities Council,,G2055633834,,
W4388685679,Dr Kenneth Chiu Wai Wong,,Science and Technology Facilities Council,,G3073216144,,
W4388685679,Dr Kenneth Chiu Wai Wong,,Science and Technology Facilities Council,,G4994908256,,
W4399433839,Dr Kenneth Chiu Wai Wong,,Space Telescope Science Institute,,G2073399071,,
W4399433839,Dr Kenneth Chiu Wai Wong,,Space Telescope Science Institute,,G2118751671,,
W4399433839,Dr Kenneth Chiu Wai Wong,,National Aeronautics and Space Administration,,G2173517054,,
W4399433839,Dr Kenneth Chiu Wai Wong,,European Commission,,G3418879279,Cosmology with Strong Gravitational Lensing,
W4399433839,Dr Kenneth Chiu Wai Wong,,National Aeronautics and Space Administration,,G3839029430,,
W4399433839,Dr Kenneth Chiu Wai Wong,,Schweizerischer Nationalfonds zur Förderung der Wissenschaftlichen Forschung,,G426690495,Phasenübergänge und Instabilitäten,
W4399433839,Dr Kenneth Chiu Wai Wong,,Schweizerischer Nationalfonds zur Förderung der Wissenschaftlichen Forschung,,G4317084388,Size quantization effects of semiconductor nanoparticles on the excited-state dynamics studied by laser spectroscope with femtosecond time resolution.,
W4399433839,Dr Kenneth Chiu Wai Wong,,Deutsche Forschungsgemeinschaft,,G439148742,EXC 2094: ORIGINS: Vom Ursprung des Universums bis zu den ersten Bausteinen des Lebens,
W4399433839,Dr Kenneth Chiu Wai Wong,,Japan Society for the Promotion of Science,,G4903782826,,
W4399433839,Dr Kenneth Chiu Wai Wong,,Deutsche Forschungsgemeinschaft,,G5258970440,,
W4399433839,Dr Kenneth Chiu Wai Wong,,Schweizerischer Nationalfonds zur Förderung der Wissenschaftlichen Forschung,,G5433885756,La Tombe du père Divin Neferhotep,
W4399433839,Dr Kenneth Chiu Wai Wong,,Space Telescope Science Institute,,G6273510985,,
W4399433839,Dr Kenneth Chiu Wai Wong,,European Commission,,G6454619905,Fully Autonomous Search Tool to Investigate Directly Images and mOdeling of Unexplored Strong-lenses,
W4399433839,Dr Kenneth Chiu Wai Wong,,National Science Foundation,,G6721680378,,
W4399433839,Dr Kenneth Chiu Wai Wong,,Schweizerischer Nationalfonds zur Förderung der Wissenschaftlichen Forschung,,G685589434,,
W4399433839,Dr Kenneth Chiu Wai Wong,,Schweizerischer Nationalfonds zur Förderung der Wissenschaftlichen Forschung,,G7594009573,,
W4399433839,Dr Kenneth Chiu Wai Wong,,Deutsche Forschungsgemeinschaft,,G7827456780,,
W4399433839,Dr Kenneth Chiu Wai Wong,,European Commission,,G7842005466,,
W4399433839,Dr Kenneth Chiu Wai Wong,,Japan Society for the Promotion of Science,,G8723351529,,
W4399433839,Dr Kenneth Chiu Wai Wong,,National Aeronautics and Space Administration,,G8914465953,,
W4404392050,Dr Kenneth Chiu Wai Wong,,Japan Society for the Promotion of Science,,G4903782826,,
W4404392050,Dr Kenneth Chiu Wai Wong,,Japan Society for the Promotion of Science,,G8723351529,,
W4404404481,Dr Kenneth Chiu Wai Wong,,National Aeronautics and Space Administration,,G1338664626,,
W4404404481,Dr Kenneth Chiu Wai Wong,,Schweizerischer Nationalfonds zur Förderung der Wissenschaftlichen Forschung,,G2537118508,Etude ethnoarchéologique de la céramique du Delta intérieur du Niger (Mali).,
W4404404481,Dr Kenneth Chiu Wai Wong,,Villum Fonden,,G2724303462,,
W4404404481,Dr Kenneth Chiu Wai Wong,,Villum Fonden,,G3043396493,,
W4404404481,Dr Kenneth Chiu Wai Wong,,National Aeronautics and Space Administration,,G324093439,,
W4404404481,Dr Kenneth Chiu Wai Wong,,European Commission,,G3418879279,Cosmology with Strong Gravitational Lensing,
W4404404481,Dr Kenneth Chiu Wai Wong,,Deutsche Forschungsgemeinschaft,,G439148742,EXC 2094: ORIGINS: Vom Ursprung des Universums bis zu den ersten Bausteinen des Lebens,
W4404404481,Dr Kenneth Chiu Wai Wong,,Japan Society for the Promotion of Science,,G4903782826,,
W4404404481,Dr Kenneth Chiu Wai Wong,,Deutsche Forschungsgemeinschaft,,G5258970440,,
W4404404481,Dr Kenneth Chiu Wai Wong,,Space Telescope Science Institute,,G5568641063,,
W4404404481,Dr Kenneth Chiu Wai Wong,,Villum Fonden,,G5771713820,,
W4404404481,Dr Kenneth Chiu Wai Wong,,European Commission,,G6454619905,Fully Autonomous Search Tool to Investigate Directly Images and mOdeling of Unexplored Strong-lenses,
W4404404481,Dr Kenneth Chiu Wai Wong,,Schweizerischer Nationalfonds zur Förderung der Wissenschaftlichen Forschung,,G685589434,,
W4404404481,Dr Kenneth Chiu Wai Wong,,European Commission,,G7052616740,Establishing Lensed Supernovae as Probes to Address the Hubble Tension,
W4404404481,Dr Kenneth Chiu Wai Wong,,Japan Society for the Promotion of Science,,G7282642749,,
W4404404481,Dr Kenneth Chiu Wai Wong,,Schweizerischer Nationalfonds zur Förderung der Wissenschaftlichen Forschung,,G7594009573,,
W4404404481,Dr Kenneth Chiu Wai Wong,,Deutsche Forschungsgemeinschaft,,G7827456780,,
W4404404481,Dr Kenneth Chiu Wai Wong,,European Commission,,G7842005466,,
W4404404481,Dr Kenneth Chiu Wai Wong,,Space Telescope Science Institute,,G7975899978,,
W4416528041,Dr Kenneth Chiu Wai Wong,,National Science Foundation,,G105763679,Collaborative Proposal: Measuring the Physical Properties of Dark Matter with Strong Gravitational Lensing,
W4416528041,Dr Kenneth Chiu Wai Wong,,National Science Foundation,,G1284498611,,
W4416528041,Dr Kenneth Chiu Wai Wong,,National Science Foundation,,G1635636368,Theoretical Particle Physics and Cosmology at UC Irvine,
W4416528041,Dr Kenneth Chiu Wai Wong,,National Aeronautics and Space Administration,,G1822393526,,
W4416528041,Dr Kenneth Chiu Wai Wong,,Japan Society for the Promotion of Science,,G1918867266,,
W4416528041,Dr Kenneth Chiu Wai Wong,,Fonds De La Recherche Scientifique - FNRS,,G2108322191,,
W4416528041,Dr Kenneth Chiu Wai Wong,,National Aeronautics and Space Administration,,G2173517054,,
W4416528041,Dr Kenneth Chiu Wai Wong,,National Aeronautics and Space Administration,,G2304883374,,
W4416528041,Dr Kenneth Chiu Wai Wong,,National Aeronautics and Space Administration,,G2428672771,,
W4416528041,Dr Kenneth Chiu Wai Wong,,National Aeronautics and Space Administration,,G2588298750,,
W4416528041,Dr Kenneth Chiu Wai Wong,,National Science Foundation,,G2895212815,CC* Regional Computing: CENVAL-ARC: Central Valley Accessible Research and Computational Hub,
W4416528041,Dr Kenneth Chiu Wai Wong,,European Space Agency,,G3002601627,,
W4416528041,Dr Kenneth Chiu Wai Wong,,National Science Foundation,,G3115720222,Astrophysics enabled by Keck All Sky Precision Adaptive Optics,
W4416528041,Dr Kenneth Chiu Wai Wong,,National Science Foundation,,G3776117589,,
W4416528041,Dr Kenneth Chiu Wai Wong,,Agencia Nacional de Investigación y Desarrollo,,G3905700786,GRAVITATIONAL LENSING A TOOL TO PROBE THE LENS AND THE SOURCE STRUCTURES,
W4416528041,Dr Kenneth Chiu Wai Wong,,National Science Foundation,,G4011084035,,
W4416528041,Dr Kenneth Chiu Wai Wong,,National Science Foundation,,G4361165433,MRI: Acquisition of Pinnacles -- Raising Research Computing to New Heights in California's Central Valley,
W4416528041,Dr Kenneth Chiu Wai Wong,,National Science Foundation,,G44379182,Collaborative Research: Toward a 1% measurement of the Hubble Constant with gravitational time delays,
W4416528041,Dr Kenneth Chiu Wai Wong,,"Ministry of Education, Culture, Sports, Science and Technology",,G4469471764,,
W4416528041,Dr Kenneth Chiu Wai Wong,,Science and Technology Facilities Council,,G4616504044,Towards dynamical black hole masses at cosmic noon,
W4416528041,Dr Kenneth Chiu Wai Wong,,National Science Foundation,,G4856136244,,
W4416528041,Dr Kenneth Chiu Wai Wong,,Japan Society for the Promotion of Science,,G4903782826,,
W4416528041,Dr Kenneth Chiu Wai Wong,,U.S. Department of Energy,,G4906709195,,
W4416528041,Dr Kenneth Chiu Wai Wong,,National Science Foundation,,G5124563383,,
W4416528041,Dr Kenneth Chiu Wai Wong,,National Science Foundation,,G5159500963,CAREER: An order of magnitude improvement in measurements of the physical properties of dark matter,
W4416528041,Dr Kenneth Chiu Wai Wong,,National Science Foundation,,G5561642479,,
W4416528041,Dr Kenneth Chiu Wai Wong,,Agencia Nacional de Investigación y Desarrollo,,G5771633374,LENSED AGN FROM EUCLID AND LSST OPTIMIZING SAMPLES FOR COSMOGRAPHY AND THE PHYSICAL STRUCTURE OF HIGH-Z AGN.,
W4416528041,Dr Kenneth Chiu Wai Wong,,National Science Foundation,,G5834573078,,
W4416528041,Dr Kenneth Chiu Wai Wong,,National Science Foundation,,G6218171034,,
W4416528041,Dr Kenneth Chiu Wai Wong,,National Science Foundation,,G6474073825,Collaborative Research:  Measuring the physical properties of darkmatter with strong gravitational lensing,
W4416528041,Dr Kenneth Chiu Wai Wong,,National Science Foundation,,G6671297155,,
W4416528041,Dr Kenneth Chiu Wai Wong,,Japan Society for the Promotion of Science,,G7282642749,,
W4416528041,Dr Kenneth Chiu Wai Wong,,Fonds De La Recherche Scientifique - FNRS,,G7316740004,,
W4416528041,Dr Kenneth Chiu Wai Wong,,National Science Foundation,,G7505281166,,
W4416528041,Dr Kenneth Chiu Wai Wong,,Agencia Nacional de Investigación y Desarrollo,,G8763546897,CENTRO DE ASTROFISICA Y TECNOLOGIAS AFINES (CATA),
W4416528041,Dr Kenneth Chiu Wai Wong,,National Science Foundation,,G8894918580,,
W4416528041,Dr Kenneth Chiu Wai Wong,,Space Telescope Science Institute,,G8976718804,,
W4416549846,Dr Kenneth Chiu Wai Wong,,National Science Foundation,,G105763679,Collaborative Proposal: Measuring the Physical Properties of Dark Matter with Strong Gravitational Lensing,
W4416549846,Dr Kenneth Chiu Wai Wong,,National Science Foundation,,G1284498611,,
W4416549846,Dr Kenneth Chiu Wai Wong,,Government of the United Kingdom,,G1531022822,,
W4416549846,Dr Kenneth Chiu Wai Wong,,National Science Foundation,,G1635636368,Theoretical Particle Physics and Cosmology at UC Irvine,
W4416549846,Dr Kenneth Chiu Wai Wong,,Space Telescope Science Institute,,G1771858488,,
W4416549846,Dr Kenneth Chiu Wai Wong,,National Aeronautics and Space Administration,,G1822393526,,
W4416549846,Dr Kenneth Chiu Wai Wong,,Japan Society for the Promotion of Science,,G1918867266,,
W4416549846,Dr Kenneth Chiu Wai Wong,,"Ministry of Education, Culture, Sports, Science and Technology",,G2009107314,,
W4416549846,Dr Kenneth Chiu Wai Wong,,National Science Foundation,,G2048821276,,
W4416549846,Dr Kenneth Chiu Wai Wong,,Fonds De La Recherche Scientifique - FNRS,,G2108322191,,
W4416549846,Dr Kenneth Chiu Wai Wong,,National Aeronautics and Space Administration,,G2173517054,,
W4416549846,Dr Kenneth Chiu Wai Wong,,National Aeronautics and Space Administration,,G2304883374,,
W4416549846,Dr Kenneth Chiu Wai Wong,,National Aeronautics and Space Administration,,G2428672771,,
W4416549846,Dr Kenneth Chiu Wai Wong,,National Aeronautics and Space Administration,,G2588298750,,
W4416549846,Dr Kenneth Chiu Wai Wong,,Jet Propulsion Laboratory,,G2676722403,,
W4416549846,Dr Kenneth Chiu Wai Wong,,Space Telescope Science Institute,,G2742172260,,
W4416549846,Dr Kenneth Chiu Wai Wong,,National Science Foundation,,G2946416154,Collaborative Research: A Precise and Accurate Determination of the Hubble Constant Through Stellar Kinematics of Lens Galaxies,
W4416549846,Dr Kenneth Chiu Wai Wong,,European Space Agency,,G3002601627,,
W4416549846,Dr Kenneth Chiu Wai Wong,,National Science Foundation,,G3115720222,Astrophysics enabled by Keck All Sky Precision Adaptive Optics,
W4416549846,Dr Kenneth Chiu Wai Wong,,European Space Agency,,G3398851854,,
W4416549846,Dr Kenneth Chiu Wai Wong,,National Aeronautics and Space Administration,,G3648211085,,
W4416549846,Dr Kenneth Chiu Wai Wong,,National Science Foundation,,G3776117589,,
W4416549846,Dr Kenneth Chiu Wai Wong,,National Aeronautics and Space Administration,,G3858515798,,
W4416549846,Dr Kenneth Chiu Wai Wong,,Agencia Nacional de Investigación y Desarrollo,,G3905700786,GRAVITATIONAL LENSING A TOOL TO PROBE THE LENS AND THE SOURCE STRUCTURES,
W4416549846,Dr Kenneth Chiu Wai Wong,,National Science Foundation,,G4011084035,,
W4416549846,Dr Kenneth Chiu Wai Wong,,Space Telescope Science Institute,,G4164684568,,
W4416549846,Dr Kenneth Chiu Wai Wong,,National Science Foundation,,G4361165433,MRI: Acquisition of Pinnacles -- Raising Research Computing to New Heights in California's Central Valley,
W4416549846,Dr Kenneth Chiu Wai Wong,,National Science Foundation,,G44379182,Collaborative Research: Toward a 1% measurement of the Hubble Constant with gravitational time delays,
W4416549846,Dr Kenneth Chiu Wai Wong,,"Ministry of Education, Culture, Sports, Science and Technology",,G4469471764,,
W4416549846,Dr Kenneth Chiu Wai Wong,,Science and Technology Facilities Council,,G4616504044,Towards dynamical black hole masses at cosmic noon,
W4416549846,Dr Kenneth Chiu Wai Wong,,National Science Foundation,,G4856136244,,
W4416549846,Dr Kenneth Chiu Wai Wong,,Japan Society for the Promotion of Science,,G4903782826,,
W4416549846,Dr Kenneth Chiu Wai Wong,,U.S. Department of Energy,,G4906709195,,
W4416549846,Dr Kenneth Chiu Wai Wong,,National Science Foundation,,G5124563383,,
W4416549846,Dr Kenneth Chiu Wai Wong,,National Science Foundation,,G5159500963,CAREER: An order of magnitude improvement in measurements of the physical properties of dark matter,
W4416549846,Dr Kenneth Chiu Wai Wong,,National Science Foundation,,G5561642479,,
W4416549846,Dr Kenneth Chiu Wai Wong,,Agencia Nacional de Investigación y Desarrollo,,G5771633374,LENSED AGN FROM EUCLID AND LSST OPTIMIZING SAMPLES FOR COSMOGRAPHY AND THE PHYSICAL STRUCTURE OF HIGH-Z AGN.,
W4416549846,Dr Kenneth Chiu Wai Wong,,National Science Foundation,,G5834573078,,
W4416549846,Dr Kenneth Chiu Wai Wong,,Space Telescope Science Institute,,G6178756583,,
W4416549846,Dr Kenneth Chiu Wai Wong,,National Science Foundation,,G6218171034,,
W4416549846,Dr Kenneth Chiu Wai Wong,,National Science Foundation,,G6474073825,Collaborative Research:  Measuring the physical properties of darkmatter with strong gravitational lensing,
W4416549846,Dr Kenneth Chiu Wai Wong,,National Science Foundation,,G6671297155,,
W4416549846,Dr Kenneth Chiu Wai Wong,,Japan Society for the Promotion of Science,,G7282642749,,
W4416549846,Dr Kenneth Chiu Wai Wong,,Fonds De La Recherche Scientifique - FNRS,,G7316740004,,
W4416549846,Dr Kenneth Chiu Wai Wong,,California Institute of Technology,,G7336105542,,
W4416549846,Dr Kenneth Chiu Wai Wong,,National Science Foundation,,G7505281166,,
W4416549846,Dr Kenneth Chiu Wai Wong,,National Science Foundation,,G79923817,,
W4416549846,Dr Kenneth Chiu Wai Wong,,Agencia Nacional de Investigación y Desarrollo,,G8763546897,CENTRO DE ASTROFISICA Y TECNOLOGIAS AFINES (CATA),
W4416549846,Dr Kenneth Chiu Wai Wong,,National Science Foundation,,G8894918580,,
W4416549846,Dr Kenneth Chiu Wai Wong,,Space Telescope Science Institute,,G8976718804,,
W1977128047,Dr Kurosh  Parsi,,"National Heart, Lung, and Blood Institute",,G3494772653,,
W1977128047,Dr Kurosh  Parsi,,"National Heart, Lung, and Blood Institute",,G943031741,,
W3021509389,Dr Lei  Tong,,National Natural Science Foundation of China,,G1552185503,,
W3021509389,Dr Lei  Tong,,National Science Foundation,,G1886420562,Large Scale Nanomanufacturing of Novel Inhomogeneous Strained Two-Dimensional Materials with Tunable Electronic and Optical Properties,
W3021509389,Dr Lei  Tong,,National Natural Science Foundation of China,,G2010921243,,
W3021509389,Dr Lei  Tong,,"Division of Civil, Mechanical and Manufacturing Innovation",,G3597744137,,
W3021509389,Dr Lei  Tong,,National Science Foundation,,G4083921259,Scalable Nanomanufacturing of Large-area Two-dimensional Tellurene for High-performance Wearable Piezoelectric Devices,
W3021509389,Dr Lei  Tong,,"Division of Civil, Mechanical and Manufacturing Innovation",,G4275022030,,
W3021509389,Dr Lei  Tong,,National Science Foundation,,G4404264802,,
W3021509389,Dr Lei  Tong,,National Science Foundation,,G4718409721,EAGER: Laser Condensation of Graphene/Silicon Nanocomposites for Enhanced Electrochemical Properties,
W3021509389,Dr Lei  Tong,,"Division of Civil, Mechanical and Manufacturing Innovation",,G4732716118,,
W3021509389,Dr Lei  Tong,,National Natural Science Foundation of China,,G5796666909,基于局域场调控的二维材料红外光电探测新机理及应用研究,
W3021509389,Dr Lei  Tong,,Program of Shanghai Subject Chief Scientist,,G5945459484,,
W3021509389,Dr Lei  Tong,,National Science Foundation,,G5972583061,High Throughput Magnetic Optical Nano-Milling of Thin Layer Materials with Designed Nano-Chisels,
W3021509389,Dr Lei  Tong,,National Natural Science Foundation of China,,G6363468030,,
W2610185699,Dr Lei  Tong,,National Natural Science Foundation of China,,G4086483760,可控III-V族纳米线结构生长机理和特异光电性质研究,
W2610185699,Dr Lei  Tong,,National Natural Science Foundation of China,,G7594538839,,
W2610185699,Dr Lei  Tong,,National Natural Science Foundation of China,,G7897450872,,
W2904174392,Dr Lei  Tong,,U.S. Department of Energy,,G1645119126,,
W2904174392,Dr Lei  Tong,,U.S. Department of Energy,,G1719536385,,
W2904174392,Dr Lei  Tong,,National Natural Science Foundation of China,,G2075189144,,
W2904174392,Dr Lei  Tong,,U.S. Department of Energy,,G2594856973,,
W2904174392,Dr Lei  Tong,,China Scholarship Council,,G3178611384,,
W2904174392,Dr Lei  Tong,,U.S. Department of Energy,,G358067155,,
W2904174392,Dr Lei  Tong,,Office of Electricity,,G5261452142,,
W2904174392,Dr Lei  Tong,,China Scholarship Council,,G6649302247,,
W2904174392,Dr Lei  Tong,,China Scholarship Council,,G6793182080,,
W2904174392,Dr Lei  Tong,,National Natural Science Foundation of China,,G7199862699,,
W2904174392,Dr Lei  Tong,,National Natural Science Foundation of China,,G7301747374,,
W2904174392,Dr Lei  Tong,,U.S. Department of Energy,,G7995982022,,
W2904174392,Dr Lei  Tong,,U.S. Department of Energy,,G8906985441,,
W4205538048,Dr Lei  Tong,,National Natural Science Foundation of China,,G1552185503,,
W4205538048,Dr Lei  Tong,,National Natural Science Foundation of China,,G2484056298,,
W4205538048,Dr Lei  Tong,,Natural Science Foundation of Shanghai,,G3702486086,,
W4205538048,Dr Lei  Tong,,National Natural Science Foundation of China,,G4406515303,,
W4205538048,Dr Lei  Tong,,National Natural Science Foundation of China,,G4840284919,,
W4205538048,Dr Lei  Tong,,National Natural Science Foundation of China,,G4984061427,,
W4205538048,Dr Lei  Tong,,National Natural Science Foundation of China,,G5796666909,基于局域场调控的二维材料红外光电探测新机理及应用研究,
W4205538048,Dr Lei  Tong,,National Natural Science Foundation of China,,G6363468030,,
W4205538048,Dr Lei  Tong,,National Natural Science Foundation of China,,G8384399680,,
W4205538048,Dr Lei  Tong,,Natural Science Foundation of Shanghai,,G8709365228,,
W4390295968,Dr Lei  Tong,,Basic and Applied Basic Research Foundation of Guangdong Province,,G1475534872,,
W4390295968,Dr Lei  Tong,,China Postdoctoral Science Foundation,,G1685901968,,
W4390295968,Dr Lei  Tong,,Postdoctoral Science Foundation of Jiangsu Province,,G1693908200,,
W4390295968,Dr Lei  Tong,,Graduate Research and Innovation Projects of Jiangsu Province,,G1976599926,,
W4390295968,Dr Lei  Tong,,National Natural Science Foundation of China,,G2555935772,,
W4390295968,Dr Lei  Tong,,Graduate Research and Innovation Projects of Jiangsu Province,,G3168564874,,
W4396851501,Dr Lei  Tong,,Chinese University of Hong Kong,,G3828272871,,
W4396851501,Dr Lei  Tong,,Basic and Applied Basic Research Foundation of Guangdong Province,,G6919588700,,
W3195277655,Dr Lei  Tong,,National Natural Science Foundation of China,,G110437815,基于重构时间-波长序列的快速高分辨光谱分析技术及核心器件研究,
W3195277655,Dr Lei  Tong,,National Natural Science Foundation of China,,G1552185503,,
W3195277655,Dr Lei  Tong,,National Natural Science Foundation of China,,G2010921243,,
W3195277655,Dr Lei  Tong,,National Key Research and Development Program of China,,G3068290119,,
W3195277655,Dr Lei  Tong,,National Natural Science Foundation of China,,G3890064033,,
W3195277655,Dr Lei  Tong,,National Key Research and Development Program of China,,G4274190123,,
W3195277655,Dr Lei  Tong,,Ministry of Science and Technology of the People's Republic of China,,G7607624,,
W4366163198,Dr Lei  Tong,,National Natural Science Foundation of China,,G1552185503,,
W4366163198,Dr Lei  Tong,,National Natural Science Foundation of China,,G4550228474,,
W4366163198,Dr Lei  Tong,,National Natural Science Foundation of China,,G6004694371,,
W4366163198,Dr Lei  Tong,,National Natural Science Foundation of China,,G6978976240,,
W2913584642,Dr Lei  Tong,,National Natural Science Foundation of China,,G2010921243,,
W2913584642,Dr Lei  Tong,,National Natural Science Foundation of China,,G4009526287,,
W2913584642,Dr Lei  Tong,,National Natural Science Foundation of China,,G4091995386,高压下碲化物基热电功能材料设计及输运性质研究,
W2913584642,Dr Lei  Tong,,National Science Foundation,,G4952564575,,
W2913584642,Dr Lei  Tong,,National Natural Science Foundation of China,,G5796666909,基于局域场调控的二维材料红外光电探测新机理及应用研究,
W2913584642,Dr Lei  Tong,,National Natural Science Foundation of China,,G6363468030,,
W2913584642,Dr Lei  Tong,,National Science Foundation,,G7380227276,,
W2913584642,Dr Lei  Tong,,National Science Foundation,,G7597454353,,
W2913584642,Dr Lei  Tong,,National Natural Science Foundation of China,,G8883155671,,
W4384561933,Dr Lei  Tong,,National Natural Science Foundation of China,,G2513652582,,
W4384561933,Dr Lei  Tong,,National Natural Science Foundation of China,,G283027569,,
W4384561933,Dr Lei  Tong,,Chinese University of Hong Kong,,G3828272871,,
W4384561933,Dr Lei  Tong,,Natural Science Foundation of Jiangsu Province,,G3975333361,,
W4384561933,Dr Lei  Tong,,National Natural Science Foundation of China,,G7435025578,,
W4400110038,Dr Lei  Tong,,Graduate Research and Innovation Projects of Jiangsu Province,,G1976599926,,
W4400110038,Dr Lei  Tong,,National Natural Science Foundation of China,,G2555935772,,
W4400110038,Dr Lei  Tong,,Graduate Research and Innovation Projects of Jiangsu Province,,G3168564874,,
W4400110038,Dr Lei  Tong,,Jilin Province Development and Reform Commission,,G6394860684,,
W4285092133,Dr Lei  Tong,,Natural Science Foundation of Hunan Province,,G2137681818,,
W4285092133,Dr Lei  Tong,,Central South University,,G4154592291,,
W4285092133,Dr Lei  Tong,,National Natural Science Foundation of China,,G5265003118,,
W4403146408,Dr Lei  Tong,,National Natural Science Foundation of China,,G2900474150,,
W4403146408,Dr Lei  Tong,,National Natural Science Foundation of China,,G5469999454,,
W4403146408,Dr Lei  Tong,,National Natural Science Foundation of China,,G6978976240,,
W4403146408,Dr Lei  Tong,,National Natural Science Foundation of China,,G7162448790,,
W4403146408,Dr Lei  Tong,,National Natural Science Foundation of China,,G7907159034,,
W4399238108,Dr Lei  Tong,,National Natural Science Foundation of China,,G2900474150,,
W4399238108,Dr Lei  Tong,,National Natural Science Foundation of China,,G6978976240,,
W4399238108,Dr Lei  Tong,,National Natural Science Foundation of China,,G7907159034,,
W4399238108,Dr Lei  Tong,,Key Technologies Research and Development Program,,G8313497083,,
W4410780128,Dr Lei  Tong,,National Natural Science Foundation of China,,G3430684969,,
W4385840735,Dr Lei  Tong,,Tianjin Research Program of Application Foundation and Advanced Technology of China,,G1461880560,,
W4385840735,Dr Lei  Tong,,Fundamental Research Funds for the Central Universities,,G2633730061,,
W4385840735,Dr Lei  Tong,,National Natural Science Foundation of China,,G3430684969,,
W4399730954,Dr Lei  Tong,,Tianjin Research Program of Application Foundation and Advanced Technology of China,,G1461880560,,
W4399730954,Dr Lei  Tong,,Fundamental Research Funds for the Central Universities,,G2633730061,,
W4399730954,Dr Lei  Tong,,National Natural Science Foundation of China,,G3430684969,,
W4404757688,Dr Lei  Tong,,National Natural Science Foundation of China,,G1552185503,,
W4404757688,Dr Lei  Tong,,China Postdoctoral Science Foundation,,G168509493,,
W4404757688,Dr Lei  Tong,,Division of Materials Research,,G3463254859,,
W4404757688,Dr Lei  Tong,,National Natural Science Foundation of China,,G3890064033,,
W4404757688,Dr Lei  Tong,,National Science Foundation,,G4164776952,CAREER: Towards room-temperature quantum simulators enabled by halide perovskites,
W4404757688,Dr Lei  Tong,,National Natural Science Foundation of China,,G5298247238,,
W4404757688,Dr Lei  Tong,,China Postdoctoral Science Foundation,,G5320606362,,
W4404757688,Dr Lei  Tong,,National Natural Science Foundation of China,,G5371576449,高速宽带光通信系统全光时频域信号处理基础理论与方法研究,
W4404757688,Dr Lei  Tong,,National Science Foundation,,G5613582559,,
W4404757688,Dr Lei  Tong,,National Natural Science Foundation of China,,G6978976240,,
W4404757688,Dr Lei  Tong,,National Science Foundation,,G8798499890,,
W4389118924,Dr Lei  Tong,,Tianjin Research Program of Application Foundation and Advanced Technology of China,,G1461880560,,
W4389118924,Dr Lei  Tong,,National Natural Science Foundation of China,,G3430684969,,
W4390929618,Dr Lei  Tong,,National Natural Science Foundation of China,,G1552185503,,
W4390929618,Dr Lei  Tong,,National Key Research and Development Program of China,,G1967500033,,
W4390929618,Dr Lei  Tong,,National Natural Science Foundation of China,,G3890064033,,
W4390929618,Dr Lei  Tong,,National Key Research and Development Program of China,,G6245636685,,
W4390929618,Dr Lei  Tong,,National Natural Science Foundation of China,,G6978976240,,
W4390929618,Dr Lei  Tong,,Chongqing Postdoctoral Science Foundation,,G7005600987,,
W4390929618,Dr Lei  Tong,,Chongqing Postdoctoral Science Foundation,,G8679391344,,
W4406002708,Dr Lei  Tong,,National Natural Science Foundation of China,,G2900474150,,
W4406002708,Dr Lei  Tong,,National Natural Science Foundation of China,,G5353660346,,
W4406002708,Dr Lei  Tong,,National Natural Science Foundation of China,,G6978976240,,
W4406002708,Dr Lei  Tong,,National Natural Science Foundation of China,,G7067728106,,
W4406002708,Dr Lei  Tong,,National Natural Science Foundation of China,,G7907159034,,
W4406002708,Dr Lei  Tong,,National Natural Science Foundation of China,,G983963905,,
W4402566255,Dr Lei  Tong,,Tianjin Research Program of Application Foundation and Advanced Technology of China,,G1461880560,,
W4402566255,Dr Lei  Tong,,Fundamental Research Funds for the Central Universities,,G2633730061,,
W4402566255,Dr Lei  Tong,,National Natural Science Foundation of China,,G3430684969,,
W4406091987,Dr Lei  Tong,,State Key Laboratory of Pulp and Paper Engineering,,G2635183257,,
W4406091987,Dr Lei  Tong,,National Natural Science Foundation of China,,G3500520343,,
W4406091987,Dr Lei  Tong,,National Natural Science Foundation of China,,G3759328400,,
W2995950836,Dr Lei  Tong,,National Natural Science Foundation of China,,G3958556634,,
W2995950836,Dr Lei  Tong,,National Natural Science Foundation of China,,G6087377288,基于金属化合物半导体纳米材料的原位生长/控制释放光电化学传感策略的设计与应用研究,
W2995950836,Dr Lei  Tong,,National Natural Science Foundation of China,,G7775712691,基于多元金属纳米材料构建的多通道真菌毒素免疫传感器研究,
W1798889733,Dr Lei  Tong,,National Natural Science Foundation of China,,G3068043909,具有多层次导电网络的尖晶石钛酸锂/碳纳米复合结构的构筑及其高倍率储放锂性能研究,
W1798889733,Dr Lei  Tong,,National Natural Science Foundation of China,,G3184389583,,
W1798889733,Dr Lei  Tong,,National Natural Science Foundation of China,,G3348472702,具有三维导电网络和多尺度孔道的石墨烯/介孔碳复合材料的制备及其超级电容性能研究,
W1982774276,Dr Lei  Tong,,National Natural Science Foundation of China,,G5919649927,,
W2904115674,Dr Lei  Tong,,Science and Engineering Research Board,,G4238039457,,
W2932746226,Dr Lei  Tong,,National Natural Science Foundation of China,,G2010921243,,
W2932746226,Dr Lei  Tong,,Science and Engineering Research Board,,G4238039457,,
W2932746226,Dr Lei  Tong,,National Science Foundation,,G4952564575,,
W2932746226,Dr Lei  Tong,,Science and Engineering Research Board,,G641545616,,
W2932746226,Dr Lei  Tong,,National Science Foundation,,G8522520046,,
W3045464014,Dr Lei  Tong,,National Natural Science Foundation of China,,G1552185503,,
W3045464014,Dr Lei  Tong,,National Natural Science Foundation of China,,G2010921243,,
W3045464014,Dr Lei  Tong,,National Natural Science Foundation of China,,G3269971818,,
W3045464014,Dr Lei  Tong,,National Natural Science Foundation of China,,G3599112450,,
W3045464014,Dr Lei  Tong,,National Natural Science Foundation of China,,G4135419165,,
W3045464014,Dr Lei  Tong,,National Natural Science Foundation of China,,G6345230615,基于狭缝超强局域模式的片上超声微流控系统特性及其应用研究,
W3045464014,Dr Lei  Tong,,National Natural Science Foundation of China,,G7656221237,可调制超声场诱发细胞生物效应的基础研究,
W3045464014,Dr Lei  Tong,,National Natural Science Foundation of China,,G8512745668,,
W3045464014,Dr Lei  Tong,,National Natural Science Foundation of China,,G991951191,,
W2990016296,Dr Lei  Tong,,National Natural Science Foundation of China,,G3958556634,,
W2990016296,Dr Lei  Tong,,National Key Scientific Instrument and Equipment Development Projects of China,,G4004296313,,
W2990016296,Dr Lei  Tong,,National Natural Science Foundation of China,,G6087377288,基于金属化合物半导体纳米材料的原位生长/控制释放光电化学传感策略的设计与应用研究,
W2990016296,Dr Lei  Tong,,National Natural Science Foundation of China,,G7775712691,基于多元金属纳米材料构建的多通道真菌毒素免疫传感器研究,
W3046740215,Dr Lei  Tong,,National Natural Science Foundation of China,,G1552185503,,
W3046740215,Dr Lei  Tong,,National Natural Science Foundation of China,,G2010921243,,
W3046740215,Dr Lei  Tong,,National Natural Science Foundation of China,,G3599112450,,
W3046740215,Dr Lei  Tong,,National Natural Science Foundation of China,,G4406515303,,
W3046740215,Dr Lei  Tong,,National Natural Science Foundation of China,,G8384399680,,
W3046740215,Dr Lei  Tong,,National Natural Science Foundation of China,,G8512745668,,
W3046740215,Dr Lei  Tong,,National Natural Science Foundation of China,,G991951191,,
W4213454839,Dr Lei  Tong,,National Natural Science Foundation of China,,G1046893676,,
W4213454839,Dr Lei  Tong,,Ministry of Science and Technology of the People's Republic of China,,G4008309099,,
W4213454839,Dr Lei  Tong,,National Natural Science Foundation of China,,G4484934333,新型钾离子电池正极氧代氟化磷酸钒钾多电子反应调控及储钾机理研究,
W4213454839,Dr Lei  Tong,,Ministry of Education of the People's Republic of China,,G7942444570,,
W2936230424,Dr Lei  Tong,,Division of Engineering Education and Centers,,G1515352956,,
W2936230424,Dr Lei  Tong,,National Science Foundation,,G4952564575,,
W2936230424,Dr Lei  Tong,,National Science Foundation,,G8522520046,,
W4365455704,Dr Lei  Tong,,National Natural Science Foundation of China,,G1552185503,,
W4365455704,Dr Lei  Tong,,National Natural Science Foundation of China,,G6978976240,,
W4321459092,Dr Lei  Tong,,National Natural Science Foundation of China,,G283027569,,
W4321459092,Dr Lei  Tong,,Chinese University of Hong Kong,,G3828272871,,
W4386726433,Dr Lei  Tong,,"Research Grants Council, University Grants Committee",,G1676763655,,
W4386726433,Dr Lei  Tong,,"Research Grants Council, University Grants Committee",,G5190960885,,
W4386726433,Dr Lei  Tong,,"Research Grants Council, University Grants Committee",,G5879843585,,
W4386726433,Dr Lei  Tong,,"Research Grants Council, University Grants Committee",,G7207697001,Novel 2D Ferroelectric Memristors as Artificial Synapse for Neuromorphic Array,
W4283028868,Dr Lei  Tong,,Natural Science Foundation of Hunan Province,,G2137681818,,
W4283028868,Dr Lei  Tong,,National Natural Science Foundation of China,,G3946536581,,
W4283028868,Dr Lei  Tong,,Central South University,,G4154592291,,
W4283028868,Dr Lei  Tong,,National Natural Science Foundation of China,,G5265003118,,
W4283028868,Dr Lei  Tong,,Natural Science Foundation of Hunan Province,,G830688324,,
W2969581799,Dr Lei  Tong,,"Division of Civil, Mechanical and Manufacturing Innovation",,G1834939849,,
W2969581799,Dr Lei  Tong,,National Natural Science Foundation of China,,G2010921243,,
W2969581799,Dr Lei  Tong,,"Division of Civil, Mechanical and Manufacturing Innovation",,G8196818004,,
W3010746875,Dr Lei  Tong,,National Key Research and Development Program of China,,G1880569206,,
W3010746875,Dr Lei  Tong,,Fundamental Research Funds for the Central Universities,,G3293753188,,
W4387296617,Dr Lei  Tong,,Graduate Research and Innovation Projects of Jiangsu Province,,G1976599926,,
W4387296617,Dr Lei  Tong,,National Natural Science Foundation of China,,G2555935772,,
W4387296617,Dr Lei  Tong,,Graduate Research and Innovation Projects of Jiangsu Province,,G3168564874,,
W4387296617,Dr Lei  Tong,,China Postdoctoral Science Foundation,,G511101963,,
W4389144111,Dr Lei  Tong,,Nemzeti Kutatási Fejlesztési és Innovációs Hivatal,,G1319518832,,
W4389144111,Dr Lei  Tong,,Tianjin Research Program of Application Foundation and Advanced Technology of China,,G1461880560,,
W4389144111,Dr Lei  Tong,,Fundamental Research Funds for the Central Universities,,G2633730061,,
W4389144111,Dr Lei  Tong,,National Natural Science Foundation of China,,G3430684969,,
W4389144111,Dr Lei  Tong,,Innovációs és Technológiai Minisztérium,,G3484294308,,
W4386838250,Dr Lei  Tong,,Natural Science Foundation of Heilongjiang Province,,G1446828364,,
W4386838250,Dr Lei  Tong,,Natural Science Foundation of Heilongjiang Province,,G6322902843,,
W4386838250,Dr Lei  Tong,,Natural Science Foundation of Heilongjiang Province,,G8334096174,,
W4387996527,Dr Lei  Tong,,National Natural Science Foundation of China,,G1552185503,,
W4387996527,Dr Lei  Tong,,"Research Grants Council, University Grants Committee",,G1645555859,,
W4387996527,Dr Lei  Tong,,National Key Research and Development Program of China,,G1967500033,,
W4387996527,Dr Lei  Tong,,National Key Research and Development Program of China,,G6245636685,,
W4387996527,Dr Lei  Tong,,National Natural Science Foundation of China,,G6978976240,,
W4392877108,Dr Lei  Tong,,National Key Research and Development Program of China,,G2898697751,,
W4392877108,Dr Lei  Tong,,National Natural Science Foundation of China,,G3414038421,,
W4392877108,Dr Lei  Tong,,National Natural Science Foundation of China,,G6867965134,,
W4392877108,Dr Lei  Tong,,National Key Research and Development Program of China,,G8508452015,,
W4376503928,Dr Lei  Tong,,National Natural Science Foundation of China,,G1552185503,,
W4376503928,Dr Lei  Tong,,National Natural Science Foundation of China,,G6978976240,,
W4412822462,Dr Lei  Tong,,National Natural Science Foundation of China,,G2478689856,,
W4412822462,Dr Lei  Tong,,National Natural Science Foundation of China,,G3500520343,,
W4412822462,Dr Lei  Tong,,National Natural Science Foundation of China,,G3759328400,,
W4412822462,Dr Lei  Tong,,Nanjing Forestry University,,G7559006238,,
W4412552695,Dr Lei  Tong,,"Research Grants Council, University Grants Committee",,G1645555859,,
W4412552695,Dr Lei  Tong,,National Key Research and Development Program of China,,G1967500033,,
W4412552695,Dr Lei  Tong,,National Natural Science Foundation of China,,G2900474150,,
W4412552695,Dr Lei  Tong,,National Natural Science Foundation of China,,G6978976240,,
W4412552695,Dr Lei  Tong,,National Natural Science Foundation of China,,G7907159034,,
W4412552695,Dr Lei  Tong,,National Natural Science Foundation of China,,G983963905,,
W1987383628,Dr Lei  Tong,,National Natural Science Foundation of China,,G1095029088,,
W1987383628,Dr Lei  Tong,,China Postdoctoral Science Foundation,,G3715792503,,
W1087672164,Dr Lei  Tong,,National Natural Science Foundation of China,,G2050224124,新型纳米氮化钛的制备及其微波吸收性能研究,
W1087672164,Dr Lei  Tong,,National Natural Science Foundation of China,,G3068043909,具有多层次导电网络的尖晶石钛酸锂/碳纳米复合结构的构筑及其高倍率储放锂性能研究,
W1087672164,Dr Lei  Tong,,National Natural Science Foundation of China,,G3184389583,,
W1087672164,Dr Lei  Tong,,National Natural Science Foundation of China,,G3348472702,具有三维导电网络和多尺度孔道的石墨烯/介孔碳复合材料的制备及其超级电容性能研究,
W1087672164,Dr Lei  Tong,,Australian Research Council,,G6977061710,Shape sorting of nanoparticles at oil-water interfaces in microchannels,
W3083857848,Dr Lei  Tong,,National Natural Science Foundation of China,,G1552185503,,
W3083857848,Dr Lei  Tong,,National Natural Science Foundation of China,,G2010921243,,
W3083857848,Dr Lei  Tong,,Science Fund for Creative Research Groups,,G2782826820,,
W3083857848,Dr Lei  Tong,,National Key Research and Development Program of China,,G7168543135,,
W3083857848,Dr Lei  Tong,,National Natural Science Foundation of China,,G8161120247,,
W3037511490,Dr Lei  Tong,,National Natural Science Foundation of China,,G1426202416,分子基铁电材料的压卡路里效应研究,
W3037511490,Dr Lei  Tong,,National Natural Science Foundation of China,,G7897683358,,
W2961645451,Dr Lei  Tong,,National Key Research and Development Program of China,,G1880569206,,
W2961645451,Dr Lei  Tong,,Fundamental Research Funds for the Central Universities,,G3293753188,,
W4226213641,Dr Lei  Tong,,Beijing Municipal Natural Science Foundation,,G2804479603,,
W4226213641,Dr Lei  Tong,,Fundamental Research Funds for the Central Universities,,G5589491744,,
W4226213641,Dr Lei  Tong,,National Natural Science Foundation of China,,G6076022483,嵌有硼氮单元的新型有机稠环的合成与光电特性研究,
W4226213641,Dr Lei  Tong,,Department of Education of Hebei Province,,G8502795187,,
W4226213641,Dr Lei  Tong,,National Natural Science Foundation of China,,G8638374232,卟啉酞菁基二维共轭材料的设计、制备及性能研究,
W4402022789,Dr Lei  Tong,,Natural Science Foundation of Heilongjiang Province,,G1446828364,,
W4402022789,Dr Lei  Tong,,Traditional Chinese Medicine Bureau of Guangdong Province,,G3541924650,,
W4402022789,Dr Lei  Tong,,Postdoctoral Research Foundation of China,,G5025000851,,
W4402022789,Dr Lei  Tong,,China Postdoctoral Science Foundation,,G8019263997,,
W4409151702,Dr Lei  Tong,,Basic and Applied Basic Research Foundation of Guangdong Province,,G6919588700,,
W4405120399,Dr Lei  Tong,,Natural Science Foundation of Heilongjiang Province,,G1446828364,,
W2990936526,Dr Lei  Tong,,Beijing Municipal Administration of Hospitals Clinical Medicine Development of Special Funding Support,,G1819581170,,
W3207553033,Dr Lei  Tong,,Fundamental Research Funds for the Central Universities,,G1511614327,,
W3207553033,Dr Lei  Tong,,China Postdoctoral Science Foundation,,G187965440,,
W3207553033,Dr Lei  Tong,,Fundamental Research Funds for the Central Universities,,G4303209335,,
W3207553033,Dr Lei  Tong,,National Natural Science Foundation of China,,G4855912387,,
W3207553033,Dr Lei  Tong,,National Natural Science Foundation of China,,G5950438931,,
W3207553033,Dr Lei  Tong,,Hunan Provincial Science and Technology Department,,G6234166238,,
W3207553033,Dr Lei  Tong,,National Natural Science Foundation of China,,G7268098805,,
W3013333095,Dr Lei  Tong,,National Key Research and Development Program of China,,G1880569206,,
W3013333095,Dr Lei  Tong,,Fundamental Research Funds for the Central Universities,,G3293753188,,
W4298008895,Dr Lei  Tong,,National Natural Science Foundation of China,,G1355946336,,
W4298008895,Dr Lei  Tong,,Science and Technology Program of Hunan Province,,G1479715904,,
W4298008895,Dr Lei  Tong,,China Postdoctoral Science Foundation,,G1766660842,,
W4298008895,Dr Lei  Tong,,National Natural Science Foundation of China,,G3348472702,具有三维导电网络和多尺度孔道的石墨烯/介孔碳复合材料的制备及其超级电容性能研究,
W4298008895,Dr Lei  Tong,,Key Scientific Research Project of Colleges and Universities in Henan Province,,G589717458,,
W4403084362,Dr Lei  Tong,,Natural Science Foundation of Ningbo,,G2267892733,,
W4403084362,Dr Lei  Tong,,Natural Science Foundation of Ningbo,,G2699572686,,
W4403084362,Dr Lei  Tong,,Natural Science Foundation of Ningbo,,G6832061940,,
W4392793505,Dr Lei  Tong,,National Natural Science Foundation of China,,G1596710921,,
W4392793505,Dr Lei  Tong,,National Natural Science Foundation of China,,G4855912387,,
W4392793505,Dr Lei  Tong,,National Natural Science Foundation of China,,G5950438931,,
W4392793505,Dr Lei  Tong,,Fundamental Research Funds for the Central Universities,,G902720836,,
W2972112192,Dr Lei  Tong,,National Key Research and Development Program of China,,G1880569206,,
W2972112192,Dr Lei  Tong,,Fundamental Research Funds for the Central Universities,,G3293753188,,
W3193805507,Dr Lei  Tong,,National Natural Science Foundation of China,,G7268098805,,
W3193805507,Dr Lei  Tong,,National Natural Science Foundation of China,,G7820915899,SCR脱硝催化剂修饰改性协同催化分解N2O的转化机理及调控机制研究,
W3193805507,Dr Lei  Tong,,Fundamental Research Funds for the Central Universities,,G8195817210,,
W3193805507,Dr Lei  Tong,,Chongqing Postdoctoral Science Foundation,,G8921195959,,
W3197832372,Dr Lei  Tong,,Ministry of Education of the People's Republic of China,,G1497180050,,
W3197832372,Dr Lei  Tong,,China Postdoctoral Science Foundation,,G187965440,,
W3197832372,Dr Lei  Tong,,Ministry of Education of the People's Republic of China,,G4302595757,,
W3197832372,Dr Lei  Tong,,National Natural Science Foundation of China,,G6059226632,,
W3197832372,Dr Lei  Tong,,National Natural Science Foundation of China,,G7268098805,,
W3197832372,Dr Lei  Tong,,National Natural Science Foundation of China,,G7820915899,SCR脱硝催化剂修饰改性协同催化分解N2O的转化机理及调控机制研究,
W4297884292,Dr Lei  Tong,,National Natural Science Foundation of China,,G1552185503,,
W4297884292,Dr Lei  Tong,,Chinese University of Hong Kong,,G3828272871,,
W4297884292,Dr Lei  Tong,,National Natural Science Foundation of China,,G4550228474,,
W4297884292,Dr Lei  Tong,,National Natural Science Foundation of China,,G6004694371,,
W4297884292,Dr Lei  Tong,,National Natural Science Foundation of China,,G6978976240,,
W4410286806,Dr Lei  Tong,,"Research Grants Council, University Grants Committee",,G1645555859,,
W4410286806,Dr Lei  Tong,,National Key Research and Development Program of China,,G1967500033,,
W4410286806,Dr Lei  Tong,,National Natural Science Foundation of China,,G2900474150,,
W4410286806,Dr Lei  Tong,,National Natural Science Foundation of China,,G6978976240,,
W4410286806,Dr Lei  Tong,,National Natural Science Foundation of China,,G7907159034,,
W4410286806,Dr Lei  Tong,,National Natural Science Foundation of China,,G983963905,,
W4411386508,Dr Lei  Tong,,National Natural Science Foundation of China,,G3830192650,,
W4413380927,Dr Lei  Tong,,Foundation for Innovative Research Groups of the National Natural Science Foundation of China,,G2761824041,,
W4414922386,Dr Lei  Tong,,Chinese University of Hong Kong,,G3828272871,,
W7151887710,Dr Lei  Tong,,Chinese University of Hong Kong,,G3828272871,,
W7151887710,Dr Lei  Tong,,Basic and Applied Basic Research Foundation of Guangdong Province,,G8589101948,,
W2943229739,Dr Lena Alexandra Beatrix Von Schuckmann,,National Health and Medical Research Council,,G3538564480,,
W2943229739,Dr Lena Alexandra Beatrix Von Schuckmann,,National Health and Medical Research Council,,G3578095825,,
W2943229739,Dr Lena Alexandra Beatrix Von Schuckmann,,National Health and Medical Research Council,,G6759775471,Generating the evidence to control cancer and optimise outcomes,
W2749408736,Dr Lena Alexandra Beatrix Von Schuckmann,,National Health and Medical Research Council,,G3538564480,,
W2749408736,Dr Lena Alexandra Beatrix Von Schuckmann,,National Health and Medical Research Council,,G5567217187,Determining the natural history of localized high-risk melanoma and risk factors for melanoma metastasis,
W2749408736,Dr Lena Alexandra Beatrix Von Schuckmann,,National Health and Medical Research Council,,G6759775471,Generating the evidence to control cancer and optimise outcomes,
W3009154995,Dr Lena Alexandra Beatrix Von Schuckmann,,National Health and Medical Research Council,,G3578095825,,
W2508611383,Dr Lena Alexandra Beatrix Von Schuckmann,,World Cancer Research Fund,,G7591276308,,
W2902530306,Dr Lena Alexandra Beatrix Von Schuckmann,,National Health and Medical Research Council,,G3538564480,,
W2902530306,Dr Lena Alexandra Beatrix Von Schuckmann,,National Health and Medical Research Council,,G5567217187,Determining the natural history of localized high-risk melanoma and risk factors for melanoma metastasis,
W2902530306,Dr Lena Alexandra Beatrix Von Schuckmann,,National Health and Medical Research Council,,G6759775471,Generating the evidence to control cancer and optimise outcomes,
W4366819869,Dr Lena Alexandra Beatrix Von Schuckmann,,National Health and Medical Research Council,,G101359200,,
W4366819869,Dr Lena Alexandra Beatrix Von Schuckmann,,National Health and Medical Research Council,,G1635239264,QSKIN: the genetics of skin cancer,
W4366819869,Dr Lena Alexandra Beatrix Von Schuckmann,,National Health and Medical Research Council,,G2784264530,Cancer Prevention and Control,
W4366819869,Dr Lena Alexandra Beatrix Von Schuckmann,,National Health and Medical Research Council,,G6759775471,Generating the evidence to control cancer and optimise outcomes,
W4366819869,Dr Lena Alexandra Beatrix Von Schuckmann,,National Health and Medical Research Council,,G8491541491,QSKIN: the burden of skin cancer,
W4366819869,Dr Lynda Jane Spelman,,National Health and Medical Research Council,,G101359200,,
W4366819869,Dr Lynda Jane Spelman,,National Health and Medical Research Council,,G1635239264,QSKIN: the genetics of skin cancer,
W4366819869,Dr Lynda Jane Spelman,,National Health and Medical Research Council,,G2784264530,Cancer Prevention and Control,
W4366819869,Dr Lynda Jane Spelman,,National Health and Medical Research Council,,G6759775471,Generating the evidence to control cancer and optimise outcomes,
W4366819869,Dr Lynda Jane Spelman,,National Health and Medical Research Council,,G8491541491,QSKIN: the burden of skin cancer,
W2921652299,Dr Lena Alexandra Beatrix Von Schuckmann,,National Health and Medical Research Council,,G3538564480,,
W2921652299,Dr Lena Alexandra Beatrix Von Schuckmann,,National Health and Medical Research Council,,G5567217187,Determining the natural history of localized high-risk melanoma and risk factors for melanoma metastasis,
W2921652299,Dr Lena Alexandra Beatrix Von Schuckmann,,National Health and Medical Research Council,,G6759775471,Generating the evidence to control cancer and optimise outcomes,
W3026761098,Dr Lena Alexandra Beatrix Von Schuckmann,,National Health and Medical Research Council,,G3538564480,,
W3026761098,Dr Lena Alexandra Beatrix Von Schuckmann,,National Health and Medical Research Council,,G6759775471,Generating the evidence to control cancer and optimise outcomes,
W3093363641,Dr Lena Alexandra Beatrix Von Schuckmann,,Kreftforeningen,,G1599290371,,
W3093363641,Dr Lena Alexandra Beatrix Von Schuckmann,,National Health and Medical Research Council,,G3538564480,,
W3093363641,Dr Lena Alexandra Beatrix Von Schuckmann,,National Health and Medical Research Council,,G5567217187,Determining the natural history of localized high-risk melanoma and risk factors for melanoma metastasis,
W3093363641,Dr Lena Alexandra Beatrix Von Schuckmann,,National Health and Medical Research Council,,G6759775471,Generating the evidence to control cancer and optimise outcomes,
W3005381950,Dr Lena Alexandra Beatrix Von Schuckmann,,National Health and Medical Research Council,,G3538564480,,
W3005381950,Dr Lena Alexandra Beatrix Von Schuckmann,,National Health and Medical Research Council,,G5567217187,Determining the natural history of localized high-risk melanoma and risk factors for melanoma metastasis,
W3005381950,Dr Lena Alexandra Beatrix Von Schuckmann,,National Health and Medical Research Council,,G6759775471,Generating the evidence to control cancer and optimise outcomes,
W4412565124,Dr Lena Alexandra Beatrix Von Schuckmann,,National Health and Medical Research Council,,G3538564480,,
W4412565124,Dr Lena Alexandra Beatrix Von Schuckmann,,National Health and Medical Research Council,,G6759775471,Generating the evidence to control cancer and optimise outcomes,
W2765518276,Dr Lena Alexandra Beatrix Von Schuckmann,,National Health and Medical Research Council,,G3538564480,,
W2765518276,Dr Lena Alexandra Beatrix Von Schuckmann,,National Health and Medical Research Council,,G6759775471,Generating the evidence to control cancer and optimise outcomes,
W4406338763,Dr Lena Alexandra Beatrix Von Schuckmann,,National Health and Medical Research Council,,G2711193317,Roadmap Options for Melanoma Screening in Australia (Melanoma-ROSA),
W4406338763,Dr Lena Alexandra Beatrix Von Schuckmann,,Australian Skin and Skin Cancer Research Centre,,G6287816988,,
W1973771191,Dr Linda  Chan,,National Institutes of Health,,G4705346009,,
W1584812869,Dr Linda  Chan,,National Health and Medical Research Council,,G4097970996,,
W1584812869,Dr Linda  Chan,,National Health and Medical Research Council,,G5037511409,,
W1584812869,Dr Linda  Chan,,National Health and Medical Research Council,,G5258381498,,
W1584812869,Dr Linda  Chan,,National Health and Medical Research Council,,G7354350176,,
W1584812869,Dr Linda  Chan,,National Health and Medical Research Council,,G7981004249,,
W1584812869,Dr Linda  Chan,,National Health and Medical Research Council,,G8869758027,,
W2122715855,Dr Linda Katherine Martin,,National Institute of Arthritis and Musculoskeletal and Skin Diseases,,G3485409111,,
W2122715855,Dr Linda Katherine Martin,,National Institute of Arthritis and Musculoskeletal and Skin Diseases,,G5574103261,,
W2122715855,Dr Linda Katherine Martin,,National Institute of Arthritis and Musculoskeletal and Skin Diseases,,G8630416345,,
W2022345441,Dr Linda Katherine Martin,,National Institute of Arthritis and Musculoskeletal and Skin Diseases,,G5574103261,,
W4401577856,Dr Linda Katherine Martin,,National Cancer Institute,,G1213396376,,
W4401577856,Dr Linda Katherine Martin,,U.S. Department of Health and Human Services,,G2190333330,,
W4401577856,Dr Linda Katherine Martin,,National Cancer Institute,,G3242422677,,
W4401577856,Dr Linda Katherine Martin,,National Cancer Institute,,G4102770861,,
W4401577856,Dr Linda Katherine Martin,,U.S. Department of Health and Human Services,,G4596099297,,
W4401577856,Dr Linda Katherine Martin,,National Cancer Institute,,G4902158216,,
W4401577856,Dr Linda Katherine Martin,,U.S. Department of Health and Human Services,,G4997765875,,
W4401577856,Dr Linda Katherine Martin,,National Cancer Institute,,G5110314844,,
W4401577856,Dr Linda Katherine Martin,,National Institutes of Health,,G5952067233,,
W4401577856,Dr Linda Katherine Martin,,European Commission,,G6743167992,Intelligent Total Body Scanner for Early Detection of Melanoma,
W4401577856,Dr Linda Katherine Martin,,National Cancer Institute,,G8502342743,,
W4401577856,Dr Linda Katherine Martin,,National Cancer Institute,,G899651450,,
W4210377439,Dr Linda Katherine Martin,,National Cancer Institute,,G5110314844,,
W4402319149,Dr Linda Katherine Martin,,National Health and Medical Research Council,,G1886029725,Tailored approaches to improve prevention and early detection of melanoma and other skin cancers ,
W4402319149,Dr Linda Katherine Martin,,National Health and Medical Research Council,,G2711193317,Roadmap Options for Melanoma Screening in Australia (Melanoma-ROSA),
W4402319149,Dr Linda Katherine Martin,,National Health and Medical Research Council,,G2843959858,,
W4402319149,Dr Linda Katherine Martin,,National Health and Medical Research Council,,G399839926,,
W4402319149,Dr Linda Katherine Martin,,National Health and Medical Research Council,,G4117141594,Skin Imaging and Precision Diagnosis,
W4405481596,Dr Linda Katherine Martin,,National Health and Medical Research Council,,G1091597828,,
W4401813850,Dr Linda Katherine Martin,,National Health and Medical Research Council,,G1886029725,Tailored approaches to improve prevention and early detection of melanoma and other skin cancers ,
W4401813850,Dr Linda Katherine Martin,,National Health and Medical Research Council,,G2711193317,Roadmap Options for Melanoma Screening in Australia (Melanoma-ROSA),
W4401813850,Dr Linda Katherine Martin,,Melanoma Centre of Research Excellence,,G5127132595,,
W4401813850,Dr Linda Katherine Martin,,National Health and Medical Research Council,,G7742388951,"Centre of Research Excellence in Melanoma: Person, tumour and system-focussed knowledge to drive better outcomes in melanoma",
W4401813850,Dr Pascale Rovel Guitera,,National Health and Medical Research Council,,G1886029725,Tailored approaches to improve prevention and early detection of melanoma and other skin cancers ,
W4401813850,Dr Pascale Rovel Guitera,,National Health and Medical Research Council,,G2711193317,Roadmap Options for Melanoma Screening in Australia (Melanoma-ROSA),
W4401813850,Dr Pascale Rovel Guitera,,Melanoma Centre of Research Excellence,,G5127132595,,
W4401813850,Dr Pascale Rovel Guitera,,National Health and Medical Research Council,,G7742388951,"Centre of Research Excellence in Melanoma: Person, tumour and system-focussed knowledge to drive better outcomes in melanoma",
W4221073856,Dr Linda Katherine Martin,,National Health and Medical Research Council,,G887443217,,
W4413285587,Dr Linda Katherine Martin,,Cancer Council NSW,,G5697489575,,
W4416466474,Dr Linda Katherine Martin,,National Cancer Institute,,G1213396376,,
W4416466474,Dr Linda Katherine Martin,,National Cancer Institute,,G3242422677,,
W4416466474,Dr Linda Katherine Martin,,National Cancer Institute,,G4102770861,,
W4416466474,Dr Linda Katherine Martin,,National Cancer Institute,,G5110314844,,
W4416466474,Dr Linda Katherine Martin,,National Institutes of Health,,G5952067233,,
W4416466474,Dr Linda Katherine Martin,,U.S. Department of Defense,,G6252921522,,
W4416466474,Dr Linda Katherine Martin,,U.S. Department of Defense,,G6264777778,,
W4416466474,Dr Linda Katherine Martin,,National Cancer Institute,,G8502342743,,
W4416466474,Dr Linda Katherine Martin,,National Cancer Institute,,G899651450,,
W7131630006,Dr Linda Katherine Martin,,National Health and Medical Research Council,,G4008569272,,
W4214903447,Dr Linda Katherine Martin,,National Health and Medical Research Council,,G7742388951,"Centre of Research Excellence in Melanoma: Person, tumour and system-focussed knowledge to drive better outcomes in melanoma",
W4214903447,Dr Pascale Rovel Guitera,,National Health and Medical Research Council,,G7742388951,"Centre of Research Excellence in Melanoma: Person, tumour and system-focussed knowledge to drive better outcomes in melanoma",
W4391545748,Dr Linda Katherine Martin,,National Health and Medical Research Council,,G1886029725,Tailored approaches to improve prevention and early detection of melanoma and other skin cancers ,
W4391545748,Dr Linda Katherine Martin,,National Health and Medical Research Council,,G2711193317,Roadmap Options for Melanoma Screening in Australia (Melanoma-ROSA),
W4391545748,Dr Linda Katherine Martin,,National Health and Medical Research Council,,G7742388951,"Centre of Research Excellence in Melanoma: Person, tumour and system-focussed knowledge to drive better outcomes in melanoma",
W4407799916,Dr Linda Katherine Martin,,National Health and Medical Research Council,,G8252514733,Improving Outcomes in Paracetamol Poisoning ,
W4407799916,Dr Mahdieh  Gorji,,National Health and Medical Research Council,,G8252514733,Improving Outcomes in Paracetamol Poisoning ,
W3138139240,Dr Linda Katherine Martin,,National Health and Medical Research Council,,G7742388951,"Centre of Research Excellence in Melanoma: Person, tumour and system-focussed knowledge to drive better outcomes in melanoma",
W4299955636,Dr Linda Katherine Martin,,National Institutes of Health,,G1821945043,,
W4299955636,Dr Linda Katherine Martin,,National Institutes of Health,,G3430881348,,
W4299955636,Dr Linda Katherine Martin,,National Institutes of Health,,G4436215188,,
W4399441723,Dr Linda Katherine Martin,,National Health and Medical Research Council,,G1886029725,Tailored approaches to improve prevention and early detection of melanoma and other skin cancers ,
W4399441723,Dr Linda Katherine Martin,,National Health and Medical Research Council,,G2711193317,Roadmap Options for Melanoma Screening in Australia (Melanoma-ROSA),
W4399441723,Dr Linda Katherine Martin,,National Health and Medical Research Council,,G7742388951,"Centre of Research Excellence in Melanoma: Person, tumour and system-focussed knowledge to drive better outcomes in melanoma",
W4408452786,Dr Linda Katherine Martin,,National Cancer Institute,,G1294889345,,
W4412465356,Dr Linda Katherine Martin,,National Health and Medical Research Council,,G2277177611,,
W4412465356,Dr Pascale Rovel Guitera,,National Health and Medical Research Council,,G2277177611,,
W4412521680,Dr Linda Katherine Martin,,Association Vaincre le Mélanome,,G3161817842,,
W7119582004,Dr Linda Katherine Martin,,National Health and Medical Research Council,,G1509054824,,
W7119582004,Dr Linda Katherine Martin,,National Health and Medical Research Council,,G6825714148,,
W7119582004,Dr Linda Katherine Martin,,Melanoma Institute Australia,,G7465024709,,
W2107190277,Dr Lisa Michelle Byrom,,National Health and Medical Research Council,,G3538564480,,
W4414438294,Dr Ludi  Ge,,Sichuan Province Science and Technology Support Program,,G1783220813,,
W3003334583,Dr Lynda Jane Spelman,,Lundbeckfonden,,G2566492463,,
W4390919561,Dr Lynda Jane Spelman,,National Institute for Health and Care Research,,G7222005475,,
W4390919561,Dr Lynda Jane Spelman,,Manchester Biomedical Research Centre,,G8622835774,,
W2050055082,Dr Lynda Jane Spelman,,National Institute of Arthritis and Musculoskeletal and Skin Diseases,,G4680128217,,
W2050055082,Dr Lynda Jane Spelman,,National Human Genome Research Institute,,G7345799063,,
W4400930743,Dr Lynda Jane Spelman,,National Institute for Health and Care Research,,G7222005475,,
W4400930743,Dr Lynda Jane Spelman,,Manchester Biomedical Research Centre,,G8622835774,,
W4404455103,Dr Lynda Jane Spelman,,National Institute for Health and Care Research,,G7222005475,,
W4404455103,Dr Lynda Jane Spelman,,Manchester Biomedical Research Centre,,G8622835774,,
W4388625669,Dr Lynda Jane Spelman,,National Institute for Health and Care Research,,G7222005475,,
W4388625669,Dr Lynda Jane Spelman,,Manchester Biomedical Research Centre,,G8622835774,,
W4392926895,Dr Lynda Jane Spelman,,National Institute for Health and Care Research,,G7222005475,,
W4392926895,Dr Lynda Jane Spelman,,Manchester Biomedical Research Centre,,G8622835774,,
W4404455104,Dr Lynda Jane Spelman,,National Institute for Health and Care Research,,G7222005475,,
W4404455104,Dr Lynda Jane Spelman,,Manchester Biomedical Research Centre,,G8622835774,,
W4417048633,Dr Lynda Jane Spelman,,Bristol-Myers Squibb,,G1999714355,,
W4417048633,Dr Lynda Jane Spelman,,National Institute for Health and Care Research,,G7222005475,,
W4417048633,Dr Lynda Jane Spelman,,Manchester Biomedical Research Centre,,G8622835774,,
W2051209414,Dr Margot Julie Whitfeld,,National Institute of Allergy and Infectious Diseases,,G1251882966,,
W2051209414,Dr Margot Julie Whitfeld,,Fogarty International Center,,G8979216628,,
W2948825612,Dr Margot Julie Whitfeld,,National Institute for Health and Care Research,,G3402782115,,
W2948825612,Dr Margot Julie Whitfeld,,National Institute for Health and Care Research,,G6361791545,,
W2948825612,Dr Margot Julie Whitfeld,,National Institutes of Health,,G7543494365,,
W2928276993,Dr Margot Julie Whitfeld,,National Institute for Health and Care Research,,G3402782115,,
W2928276993,Dr Margot Julie Whitfeld,,Wellcome Trust,,G3444151441,Tools for the elimination of blinding trachoma.,
W2928276993,Dr Margot Julie Whitfeld,,Wellcome Trust,,G5476364245,"Yaws in the Solomon Islands: impact of a national trachoma control programme on yaws clinical disease, sero-prevalence and drug resistance",
W2928276993,Dr Margot Julie Whitfeld,,National Institute for Health and Care Research,,G6361791545,,
W3175637726,Dr Margot Julie Whitfeld,,National Health and Medical Research Council,,G3043869809,,
W3175637726,Dr Margot Julie Whitfeld,,National Institute for Health and Care Research,,G3402782115,,
W2953998387,Dr Margot Julie Whitfeld,,National Health and Medical Research Council,,G792367365,,
W2972844678,Dr Margot Julie Whitfeld,,National Institute for Health and Care Research,,G3402782115,,
W2972844678,Dr Margot Julie Whitfeld,,National Institute for Health and Care Research,,G6361791545,,
W2972844678,Dr Millicent Heather Osti,,National Institute for Health and Care Research,,G3402782115,,
W2972844678,Dr Millicent Heather Osti,,National Institute for Health and Care Research,,G6361791545,,
W2946857541,Dr Margot Julie Whitfeld,,National Institute for Health and Care Research,,G3402782115,,
W2946857541,Dr Margot Julie Whitfeld,,Wellcome Trust,,G3444151441,Tools for the elimination of blinding trachoma.,
W2946857541,Dr Margot Julie Whitfeld,,Wellcome Trust,,G5476364245,"Yaws in the Solomon Islands: impact of a national trachoma control programme on yaws clinical disease, sero-prevalence and drug resistance",
W2946857541,Dr Margot Julie Whitfeld,,National Institute for Health and Care Research,,G6361791545,,
W2906840643,Dr Margot Julie Whitfeld,,National Institute for Health and Care Research,,G3402782115,,
W2891534801,Dr Margot Julie Whitfeld,,National Institute for Health and Care Research,,G3402782115,,
W2891534801,Dr Margot Julie Whitfeld,,Wellcome Trust,,G3444151441,Tools for the elimination of blinding trachoma.,
W2891534801,Dr Margot Julie Whitfeld,,Wellcome Trust,,G5476364245,"Yaws in the Solomon Islands: impact of a national trachoma control programme on yaws clinical disease, sero-prevalence and drug resistance",
W3132129586,Dr Margot Julie Whitfeld,,National Health and Medical Research Council,,G3043869809,,
W3132129586,Dr Margot Julie Whitfeld,,National Institute for Health and Care Research,,G3402782115,,
W3132129586,Dr Millicent Heather Osti,,National Health and Medical Research Council,,G3043869809,,
W3132129586,Dr Millicent Heather Osti,,National Institute for Health and Care Research,,G3402782115,,
W4220982949,Dr Margot Julie Whitfeld,,National Health and Medical Research Council,,G2894714399,,
W3010883656,Dr Margot Julie Whitfeld,,Bill and Melinda Gates Foundation,,G7981931218,,
W3212006827,Dr Margot Julie Whitfeld,,National Institute for Health and Care Research,,G3402782115,,
W3081934785,Dr Margot Julie Whitfeld,,National Institute for Health and Care Research,,G3402782115,,
W3081934785,Dr Margot Julie Whitfeld,,National Health and Medical Research Council,,G5691562459,,
W3081934785,Dr Millicent Heather Osti,,National Institute for Health and Care Research,,G3402782115,,
W3081934785,Dr Millicent Heather Osti,,National Health and Medical Research Council,,G5691562459,,
W3137865555,Dr Margot Julie Whitfeld,,Bill and Melinda Gates Foundation,,G7981931218,,
W3214035567,Dr Margot Julie Whitfeld,,Bill and Melinda Gates Foundation,,G6845161,,
W3214035567,Dr Margot Julie Whitfeld,,United States Agency for International Development,,G7240929090,,
W3214035567,Dr Margot Julie Whitfeld,,Bill and Melinda Gates Foundation,,G7981931218,,
W3111093735,Dr Margot Julie Whitfeld,,National Health and Medical Research Council,,G6935520549,,
W4210300866,Dr Margot Julie Whitfeld,,National Health and Medical Research Council,,G6935520549,,
W3165581557,Dr Margot Julie Whitfeld,,National Health and Medical Research Council,,G6935520549,,
W3162276318,Dr Margot Julie Whitfeld,,National Health and Medical Research Council,,G2894714399,,
W2155236268,Dr Margot Julie Whitfeld,,National Institute of Allergy and Infectious Diseases,,G1251882966,,
W4327676109,Dr Margot Julie Whitfeld,,National Health and Medical Research Council,,G3043869809,,
W4327676109,Dr Millicent Heather Osti,,National Health and Medical Research Council,,G3043869809,,
W2006585150,Dr Maria  Jones-Caballero,,National Institute of Arthritis and Musculoskeletal and Skin Diseases,,G4348542249,,
W2034034827,Dr Maria  Jones-Caballero,,National Institute of Arthritis and Musculoskeletal and Skin Diseases,,G1928101089,,
W2105931491,Dr Mark Ian Darling,,Canadian Institutes of Health Research,,G1272421848,,
W2105931491,Dr Mark Ian Darling,,Canadian Institutes of Health Research,,G24021845,,
W2105931491,Dr Mark Ian Darling,,Canadian Institutes of Health Research,,G6208999318,,
W2105931491,Dr Mark Ian Darling,,Canadian Institutes of Health Research,,G7822975329,,
W2060642773,Dr Mark Ian Darling,,Canadian Institutes of Health Research,,G8661381789,,
W4220775315,Dr Mark Ian Darling,,Canadian Association of Oral and Maxillofacial Surgeons,,G7503092681,,
W4409827472,Dr Mark Ian Darling,,Canadian Association of Oral and Maxillofacial Surgeons,,G4037788540,,
W2148889761,Dr Melissa Nicole Manahan,,National Cancer Institute,,G821864436,,
W4411509433,Dr Michael David Black,,National Institutes of Health,,G4258590923,,
W4411509433,Dr Michael David Black,,National Institutes of Health,,G5864180078,,
W2029883703,Dr Mitchell Allan Trevor Robinson,,National Institute of Neurological Disorders and Stroke,,G3624313331,,
W2029883703,Dr Mitchell Allan Trevor Robinson,,National Cancer Institute,,G4357000529,,
W2029883703,Dr Mitchell Allan Trevor Robinson,,National Institute of General Medical Sciences,,G6632483293,,
W1496224999,Dr Mitchell Allan Trevor Robinson,,"National Heart, Lung, and Blood Institute",,G1392550253,,
W2010386145,Dr Mitchell Allan Trevor Robinson,,National Cancer Institute,,G1937953557,,
W2010386145,Dr Mitchell Allan Trevor Robinson,,National Institute of Diabetes and Digestive and Kidney Diseases,,G8764897573,,
W2029966942,Dr Mitchell Allan Trevor Robinson,,"National Heart, Lung, and Blood Institute",,G7814087276,,
W2026632012,Dr Mitchell Allan Trevor Robinson,,"National Heart, Lung, and Blood Institute",,G7814087276,,
W2083177016,Dr Mitchell Allan Trevor Robinson,,National Institute of Diabetes and Digestive and Kidney Diseases,,G8764897573,,
W2026410229,Dr Mitchell Allan Trevor Robinson,,National Cancer Institute,,G1937953557,,
W2026410229,Dr Mitchell Allan Trevor Robinson,,National Institute of Diabetes and Digestive and Kidney Diseases,,G8764897573,,
W1973795577,Dr Mitchell Allan Trevor Robinson,,National Institute of Diabetes and Digestive and Kidney Diseases,,G8764897573,,
W2058882336,Dr Mitchell Allan Trevor Robinson,,National Institute of Neurological Disorders and Stroke,,G2638512464,,
W2060270186,Dr Mitchell Allan Trevor Robinson,,"National Heart, Lung, and Blood Institute",,G1392550253,,
W2004846852,Dr Mitchell Allan Trevor Robinson,,"National Heart, Lung, and Blood Institute",,G7814087276,,
W1542733793,Dr Mitchell Allan Trevor Robinson,,National Institute of Diabetes and Digestive and Kidney Diseases,,G2236535593,,
W322844845,Dr Mitchell Allan Trevor Robinson,,"National Heart, Lung, and Blood Institute",,G1553129953,,
W322844845,Dr Mitchell Allan Trevor Robinson,,"National Heart, Lung, and Blood Institute",,G7814087276,,
W2027011228,Dr Mitchell Allan Trevor Robinson,,National Institute of Diabetes and Digestive and Kidney Diseases,,G2236535593,,
W2473812863,Dr Nghi Tu Huynh,,Natural Sciences and Engineering Research Council of Canada,,G1507280515,,
W2473812863,Dr Nghi Tu Huynh,,Natural Sciences and Engineering Research Council of Canada,,G8219708865,,
W2808646259,Dr Orli  Wargon,,National Institute of Allergy and Infectious Diseases,,G1468374896,,
W2808646259,Dr Orli  Wargon,,Agence Nationale de la Recherche,,G1993551444,Human anti-tuberculous IFN-gamma dependant immunity is mediated by the phagocytic NADPH oxidase,
W2808646259,Dr Orli  Wargon,,Agence Nationale de la Recherche,,G2646823065,,
W2808646259,Dr Orli  Wargon,,Agence Nationale de la Recherche,,G2874326128,,
W2808646259,Dr Orli  Wargon,,Agence Nationale de la Recherche,,G3225284597,,
W2808646259,Dr Orli  Wargon,,Foundation for the National Institutes of Health,,G4355987721,,
W2808646259,Dr Orli  Wargon,,Fondation pour la Recherche Médicale,,G4509496503,,
W2808646259,Dr Orli  Wargon,,Agence Nationale de la Recherche,,G4972125436,Institut Hospitalo-Universitaire Imagine,
W2808646259,Dr Orli  Wargon,,Agence Nationale de Recherches sur le Sida et les Hépatites Virales,,G5526542710,,
W2808646259,Dr Orli  Wargon,,Agence Nationale de la Recherche,,G5557268071,INSTITUTE OF INFLAMMATORY DISEASES,
W2808646259,Dr Orli  Wargon,,Foundation for the National Institutes of Health,,G6356265335,,
W2808646259,Dr Orli  Wargon,,Agence Nationale de la Recherche,,G656583883,,
W2808646259,Dr Orli  Wargon,,National Institute of Allergy and Infectious Diseases,,G6618998569,,
W2808646259,Dr Orli  Wargon,,National Institute of Allergy and Infectious Diseases,,G7038328155,,
W2808646259,Dr Orli  Wargon,,Agence Nationale de la Recherche,,G7124250406,,
W2808646259,Dr Orli  Wargon,,Agence Nationale de la Recherche,,G7197177248,Human genetic determinism of invasive fungal diseases,
W2808646259,Dr Orli  Wargon,,Agence Nationale de la Recherche,,G7248185060,Role of activating KIRs in inflammatory rheumatisms linked to HLA-I,
W2808646259,Dr Orli  Wargon,,Agence Nationale de la Recherche,,G7447993420,Integrative Biology of Emerging Infectious Diseases,
W2808646259,Dr Orli  Wargon,,Agence Nationale de la Recherche,,G8017726324,Novel treatment strategies for autosomal dominant chronic mucocutaneous candidiasis,
W2808646259,Dr Orli  Wargon,,Agence Nationale de la Recherche,,G933951124,,
W2808646259,Dr Orli  Wargon,,Agence Nationale de la Recherche,,G93567769,Genetic dissection of chronic muco-cutaneous candidiasis in humans,
W2051968119,Dr Orli  Wargon,,National Center for Advancing Translational Sciences,,G2675175233,,
W2051968119,Dr Orli  Wargon,,"National Heart, Lung, and Blood Institute",,G374881012,,
W2051968119,Dr Orli  Wargon,,"National Heart, Lung, and Blood Institute",,G6395450045,,
W2051968119,Dr Orli  Wargon,,National Center for Advancing Translational Sciences,,G8033621087,,
W2751449867,Dr Orli  Wargon,,National Institute of Arthritis and Musculoskeletal and Skin Diseases,,G3380129659,,
W2751449867,Dr Orli  Wargon,,National Institute of Arthritis and Musculoskeletal and Skin Diseases,,G5357048787,,
W1536948781,Dr Parastoo  Banan,,National Health and Medical Research Council,,G1401079768,,
W3178662265,Dr Pascale Rovel Guitera,,National Cancer Institute,,G5110314844,,
W3178662265,Dr Pascale Rovel Guitera,,National Cancer Institute,,G6035140142,,
W3178662265,Dr Pascale Rovel Guitera,,Memorial Sloan-Kettering Cancer Center,,G6070489562,,
W3178662265,Dr Pascale Rovel Guitera,,Memorial Sloan-Kettering Cancer Center,,G7194429559,,
W3178662265,Dr Pascale Rovel Guitera,,National Cancer Institute,,G7951626896,,
W3178662265,Dr Pascale Rovel Guitera,,National Cancer Institute,,G8223418293,,
W4295136833,Dr Pascale Rovel Guitera,,U.S. Department of Health and Human Services,,G1114302886,,
W4295136833,Dr Pascale Rovel Guitera,,National Institute of Biomedical Imaging and Bioengineering,,G173655854,,
W4295136833,Dr Pascale Rovel Guitera,,Memorial Sloan-Kettering Cancer Center,,G2051006376,,
W4295136833,Dr Pascale Rovel Guitera,,Swim Across America,,G2226435482,,
W4295136833,Dr Pascale Rovel Guitera,,National Institutes of Health,,G2275677781,,
W4295136833,Dr Pascale Rovel Guitera,,National Institutes of Health,,G3373890572,,
W4295136833,Dr Pascale Rovel Guitera,,National Institutes of Health,,G4010861894,,
W4295136833,Dr Pascale Rovel Guitera,,National Cancer Institute,,G4102770861,,
W4295136833,Dr Pascale Rovel Guitera,,National Cancer Institute,,G4457046442,,
W4295136833,Dr Pascale Rovel Guitera,,National Science Foundation,,G4583515593,,
W4295136833,Dr Pascale Rovel Guitera,,National Institute of Biomedical Imaging and Bioengineering,,G4617593924,,
W4295136833,Dr Pascale Rovel Guitera,,National Institute of Biomedical Imaging and Bioengineering,,G467140881,,
W4295136833,Dr Pascale Rovel Guitera,,National Cancer Institute,,G5004013791,,
W4295136833,Dr Pascale Rovel Guitera,,Cycle for Survival,,G5109122429,,
W4295136833,Dr Pascale Rovel Guitera,,National Cancer Institute,,G5110314844,,
W4295136833,Dr Pascale Rovel Guitera,,National Institutes of Health,,G5147982357,,
W4295136833,Dr Pascale Rovel Guitera,,National Cancer Institute,,G5390211282,,
W4295136833,Dr Pascale Rovel Guitera,,National Cancer Institute,,G546047228,,
W4295136833,Dr Pascale Rovel Guitera,,National Institutes of Health,,G5952067233,,
W4295136833,Dr Pascale Rovel Guitera,,Memorial Sloan-Kettering Cancer Center,,G6070489562,,
W4295136833,Dr Pascale Rovel Guitera,,National Cancer Institute,,G6403603385,,
W4295136833,Dr Pascale Rovel Guitera,,U.S. Department of Health and Human Services,,G6554338644,,
W4295136833,Dr Pascale Rovel Guitera,,National Institutes of Health,,G7048212986,,
W4295136833,Dr Pascale Rovel Guitera,,Memorial Sloan-Kettering Cancer Center,,G7399721719,,
W4295136833,Dr Pascale Rovel Guitera,,National Science Foundation,,G7556015768,,
W4295136833,Dr Pascale Rovel Guitera,,Marie-Josée and Henry R. Kravis Center for Molecular Oncology,,G7738338658,,
W4295136833,Dr Pascale Rovel Guitera,,Memorial Sloan-Kettering Cancer Center,,G7836677980,,
W4295136833,Dr Pascale Rovel Guitera,,National Cancer Institute,,G8223418293,,
W4295136833,Dr Pascale Rovel Guitera,,Memorial Sloan-Kettering Cancer Center,,G8322667947,,
W4295136833,Dr Pascale Rovel Guitera,,National Cancer Institute,,G8936549427,,
W4295136833,Dr Pascale Rovel Guitera,,National Cancer Institute,,G938414194,,
W4295136833,Dr Pascale Rovel Guitera,,Schweizerischer Nationalfonds zur Förderung der Wissenschaftlichen Forschung,,G966018412,MHV-96: Preparation of Biocompatible Surfaces and Probes for Studying Molecular Adhesion with Chemical Force Microscopic Techniques,
W3139431222,Dr Pascale Rovel Guitera,,National Health and Medical Research Council,,G6849786991,"Practice- and policy-relevant research in skin cancer epidemiology, prevention and screening",
W3139431222,Dr Pascale Rovel Guitera,,National Health and Medical Research Council,,G7742388951,"Centre of Research Excellence in Melanoma: Person, tumour and system-focussed knowledge to drive better outcomes in melanoma",
W3047668915,Dr Pascale Rovel Guitera,,National Cancer Institute,,G5110314844,,
W3137142123,Dr Pascale Rovel Guitera,,National Health and Medical Research Council,,G101359200,,
W3137142123,Dr Pascale Rovel Guitera,,National Health and Medical Research Council,,G1640809846,Can patient-led surveillance detect recurrent or new primary melanoma & reduce need for routinely scheduled follow-up? A Randomised Controlled Trial.,
W3137142123,Dr Pascale Rovel Guitera,,National Health and Medical Research Council,,G3822618223,"Molecular determinants of risk, progression and treatment response in melanoma",
W3137142123,Dr Pascale Rovel Guitera,,National Health and Medical Research Council,,G4062198385,USING EARLY DETECTION TESTS TO BENEFIT HEALTH WITHOUT CAUSING HARM,
W3137142123,Dr Pascale Rovel Guitera,,National Health and Medical Research Council,,G5426935928,Supporting informed choice for management of screen detected Ductal Carcinoma in Situ (DCIS) among older women (70 years and over),
W3137142123,Dr Pascale Rovel Guitera,,National Health and Medical Research Council,,G5938848720,"Embedding economics for cost-effective melanoma prevention, diagnosis and treatment",
W3137142123,Dr Pascale Rovel Guitera,,National Health and Medical Research Council,,G6849786991,"Practice- and policy-relevant research in skin cancer epidemiology, prevention and screening",
W3137142123,Dr Pascale Rovel Guitera,,National Health and Medical Research Council,,G8978743142,,
W4307630819,Dr Pascale Rovel Guitera,,National Center for Advancing Translational Sciences,,G1156674154,,
W4307630819,Dr Pascale Rovel Guitera,,Memorial Sloan-Kettering Cancer Center,,G2051006376,,
W4307630819,Dr Pascale Rovel Guitera,,National Center for Advancing Translational Sciences,,G399401801,,
W4307630819,Dr Pascale Rovel Guitera,,National Cancer Institute,,G4102770861,,
W4307630819,Dr Pascale Rovel Guitera,,National Cancer Institute,,G4457046442,,
W4307630819,Dr Pascale Rovel Guitera,,National Institute of Biomedical Imaging and Bioengineering,,G4617593924,,
W4307630819,Dr Pascale Rovel Guitera,,National Institute of Biomedical Imaging and Bioengineering,,G467140881,,
W4307630819,Dr Pascale Rovel Guitera,,National Cancer Institute,,G5110314844,,
W4307630819,Dr Pascale Rovel Guitera,,National Institutes of Health,,G5147982357,,
W4307630819,Dr Pascale Rovel Guitera,,National Center for Advancing Translational Sciences,,G5307976534,,
W4307630819,Dr Pascale Rovel Guitera,,National Cancer Institute,,G5390211282,,
W4307630819,Dr Pascale Rovel Guitera,,National Institutes of Health,,G5952067233,,
W4307630819,Dr Pascale Rovel Guitera,,Memorial Sloan-Kettering Cancer Center,,G6070489562,,
W4307630819,Dr Pascale Rovel Guitera,,National Cancer Institute,,G6403603385,,
W4307630819,Dr Pascale Rovel Guitera,,National Institutes of Health,,G7048212986,,
W4307630819,Dr Pascale Rovel Guitera,,Memorial Sloan-Kettering Cancer Center,,G7836677980,,
W4307630819,Dr Pascale Rovel Guitera,,Memorial Sloan-Kettering Cancer Center,,G8322667947,,
W4307630819,Dr Pascale Rovel Guitera,,National Cancer Institute,,G938414194,,
W4405199899,Dr Pascale Rovel Guitera,,National Cancer Institute,,G1213396376,,
W4405199899,Dr Pascale Rovel Guitera,,National Institutes of Health,,G1480226581,,
W4405199899,Dr Pascale Rovel Guitera,,Memorial Sloan-Kettering Cancer Center,,G2051006376,,
W4405199899,Dr Pascale Rovel Guitera,,National Health and Medical Research Council,,G2437083349,,
W4405199899,Dr Pascale Rovel Guitera,,Melanoma Centre of Research Excellence,,G2480732149,,
W4405199899,Dr Pascale Rovel Guitera,,National Health and Medical Research Council,,G2711193317,Roadmap Options for Melanoma Screening in Australia (Melanoma-ROSA),
W4405199899,Dr Pascale Rovel Guitera,,Melanoma Centre of Research Excellence,,G3025879395,,
W4405199899,Dr Pascale Rovel Guitera,,National Cancer Institute,,G3242422677,,
W4405199899,Dr Pascale Rovel Guitera,,National Cancer Institute,,G4102770861,,
W4405199899,Dr Pascale Rovel Guitera,,National Health and Medical Research Council,,G4117141594,Skin Imaging and Precision Diagnosis,
W4405199899,Dr Pascale Rovel Guitera,,National Cancer Institute,,G5110314844,,
W4405199899,Dr Pascale Rovel Guitera,,National Institutes of Health,,G5952067233,,
W4405199899,Dr Pascale Rovel Guitera,,Memorial Sloan-Kettering Cancer Center,,G6070489562,,
W4405199899,Dr Pascale Rovel Guitera,,National Institutes of Health,,G6815185190,,
W4405199899,Dr Pascale Rovel Guitera,,National Institutes of Health,,G7221699071,,
W4405199899,Dr Pascale Rovel Guitera,,National Institutes of Health,,G7236972525,,
W4405199899,Dr Pascale Rovel Guitera,,National Cancer Institute,,G8502342743,,
W4405199899,Dr Pascale Rovel Guitera,,National Cancer Institute,,G899651450,,
W4410292412,Dr Pascale Rovel Guitera,,Memorial Sloan-Kettering Cancer Center,,G2051006376,,
W4410292412,Dr Pascale Rovel Guitera,,Israel Science Foundation,,G2577353541,,
W4410292412,Dr Pascale Rovel Guitera,,Memorial Sloan-Kettering Cancer Center,,G3061681436,,
W4410292412,Dr Pascale Rovel Guitera,,National Cancer Institute,,G4102770861,,
W4410292412,Dr Pascale Rovel Guitera,,National Cancer Institute,,G5110314844,,
W4410292412,Dr Pascale Rovel Guitera,,Agencia Nacional de Investigación y Desarrollo,,G5936009186,MILLENNIUM INSTITUTE FOR INTELLIGENT HEALTHCARE ENGINEERING,
W4410292412,Dr Pascale Rovel Guitera,,National Cancer Institute,,G8308153509,,
W4410292412,Dr Pascale Rovel Guitera,,National Institutes of Health,,G8679342489,,
W4411846080,Dr Pascale Rovel Guitera,,National Health and Medical Research Council,,G1886029725,Tailored approaches to improve prevention and early detection of melanoma and other skin cancers ,
W4411846080,Dr Pascale Rovel Guitera,,National Health and Medical Research Council,,G2258871108,"A national risk-stratified melanoma screening program in Australia: a modelling study of the benefits, harms, cost-effectiveness and resource implications",
W4411846080,Dr Pascale Rovel Guitera,,National Health and Medical Research Council,,G2711193317,Roadmap Options for Melanoma Screening in Australia (Melanoma-ROSA),
W4381839455,Dr Pascale Rovel Guitera,,National Health and Medical Research Council,,G1091597828,,
W4381839455,Dr Pascale Rovel Guitera,,National Health and Medical Research Council,,G6188784108,,
W4381839455,Dr Stephanie Clare Blake,,National Health and Medical Research Council,,G1091597828,,
W4381839455,Dr Stephanie Clare Blake,,National Health and Medical Research Council,,G6188784108,,
W4282972328,Dr Pascale Rovel Guitera,,National Health and Medical Research Council,,G2843959858,,
W4282972328,Dr Pascale Rovel Guitera,,National Health and Medical Research Council,,G887443217,,
W4248957441,Dr Pascale Rovel Guitera,,National Health and Medical Research Council,,G1640809846,Can patient-led surveillance detect recurrent or new primary melanoma & reduce need for routinely scheduled follow-up? A Randomised Controlled Trial.,
W4396498140,Dr Pascale Rovel Guitera,,National Cancer Institute,,G5110314844,,
W3137068775,Dr Patricia  Le,,National Institutes of Health,,G13480374,,
W3137068775,Dr Patricia  Le,,National Cancer Institute,,G2302413387,,
W3137068775,Dr Patricia  Le,,Georgia Clinical and Translational Science Alliance,,G3015141988,,
W3137068775,Dr Patricia  Le,,National Institutes of Health,,G3941484636,,
W3137068775,Dr Patricia  Le,,National Center for Advancing Translational Sciences,,G3999804545,,
W3137068775,Dr Patricia  Le,,National Center for Advancing Translational Sciences,,G5812495832,,
W3137068775,Dr Patricia  Le,,National Institutes of Health,,G5842294920,,
W3137068775,Dr Patricia  Le,,National Institutes of Health,,G5933791382,,
W3137068775,Dr Patricia  Le,,National Center for Advancing Translational Sciences,,G6851027870,,
W3137068775,Dr Patricia  Le,,National Center for Advancing Translational Sciences,,G7668764164,,
W3137068775,Dr Patricia  Le,,National Institutes of Health,,G852066862,,
W4376274714,Dr Patricia  Le,,National Cancer Institute,,G1395890183,,
W4376274714,Dr Patricia  Le,,American Lung Association,,G2112384748,,
W4376274714,Dr Patricia  Le,,National Institute of General Medical Sciences,,G3036512092,,
W4376274714,Dr Patricia  Le,,National Institutes of Health,,G3941484636,,
W4376274714,Dr Patricia  Le,,American Lung Association,,G4368034126,,
W4376274714,Dr Patricia  Le,,National Institutes of Health,,G5791879120,,
W4376274714,Dr Patricia  Le,,National Center for Advancing Translational Sciences,,G5812495832,,
W4376274714,Dr Patricia  Le,,National Institutes of Health,,G5933791382,,
W4376274714,Dr Patricia  Le,,National Cancer Institute,,G5980572269,,
W4376274714,Dr Patricia  Le,,American Lung Association,,G6564090212,,
W4376274714,Dr Patricia  Le,,National Center for Advancing Translational Sciences,,G6851027870,,
W4376274714,Dr Patricia  Le,,American Lung Association,,G8720614337,,
W3212594694,Dr Patricia  Le,,National Institutes of Health,,G13480374,,
W3212594694,Dr Patricia  Le,,National Cancer Institute,,G364803648,,
W3212594694,Dr Patricia  Le,,National Institutes of Health,,G3941484636,,
W3212594694,Dr Patricia  Le,,National Center for Advancing Translational Sciences,,G4832562237,,
W3212594694,Dr Patricia  Le,,National Cancer Institute,,G5532511206,,
W3212594694,Dr Patricia  Le,,National Center for Advancing Translational Sciences,,G5812495832,,
W3212594694,Dr Patricia  Le,,National Institutes of Health,,G5842294920,,
W3212594694,Dr Patricia  Le,,National Institutes of Health,,G5933791382,,
W3212594694,Dr Patricia  Le,,National Center for Advancing Translational Sciences,,G6851027870,,
W3040743806,Dr Patricia  Le,,National Cancer Institute,,G5532511206,,
W3040743806,Dr Patricia  Le,,National Center for Advancing Translational Sciences,,G5812495832,,
W3040743806,Dr Patricia  Le,,National Center for Advancing Translational Sciences,,G7668764164,,
W3040743806,Dr Patricia  Le,,National Center for Advancing Translational Sciences,,G7816401740,,
W4362458957,Dr Patricia  Le,,National Cancer Institute,,G1395890183,,
W4362458957,Dr Patricia  Le,,National Cancer Institute,,G2524726931,,
W4362458957,Dr Patricia  Le,,Foundation for the National Institutes of Health,,G3853104498,,
W4362458957,Dr Patricia  Le,,National Institutes of Health,,G3941484636,,
W4362458957,Dr Patricia  Le,,Foundation for the National Institutes of Health,,G4953246417,,
W4362458957,Dr Patricia  Le,,National Institutes of Health,,G5418672160,,
W4362458957,Dr Patricia  Le,,National Center for Advancing Translational Sciences,,G5812495832,,
W4362458957,Dr Patricia  Le,,National Institutes of Health,,G5933791382,,
W4362458957,Dr Patricia  Le,,National Cancer Institute,,G5980572269,,
W4362458957,Dr Patricia  Le,,National Institutes of Health,,G6120697284,,
W4362458957,Dr Patricia  Le,,National Center for Advancing Translational Sciences,,G6851027870,,
W4362458957,Dr Patricia  Le,,American Lung Association,,G8720614337,,
W3081352387,Dr Patricia  Le,,National Institutes of Health,,G13480374,,
W3081352387,Dr Patricia  Le,,National Cancer Institute,,G317833453,,
W3081352387,Dr Patricia  Le,,National Cancer Institute,,G5532511206,,
W3081352387,Dr Patricia  Le,,National Center for Advancing Translational Sciences,,G5812495832,,
W3081352387,Dr Patricia  Le,,National Institutes of Health,,G5842294920,,
W3081352387,Dr Patricia  Le,,National Cancer Institute,,G5949686398,,
W4286500079,Dr Patricia  Le,,National Institutes of Health,,G13480374,,
W4286500079,Dr Patricia  Le,,National Cancer Institute,,G1395890183,,
W4286500079,Dr Patricia  Le,,National Institute of General Medical Sciences,,G3036512092,,
W4286500079,Dr Patricia  Le,,National Cancer Institute,,G5532511206,,
W4286500079,Dr Patricia  Le,,National Center for Advancing Translational Sciences,,G5812495832,,
W4286500079,Dr Patricia  Le,,National Institutes of Health,,G5933791382,,
W4286500079,Dr Patricia  Le,,National Cancer Institute,,G5980572269,,
W4309740600,Dr Patricia  Le,,American Lung Association,,G2112384748,,
W4309740600,Dr Patricia  Le,,National Cancer Institute,,G5532511206,,
W4309740600,Dr Patricia  Le,,National Center for Advancing Translational Sciences,,G5812495832,,
W4309740600,Dr Patricia  Le,,National Institute for Health and Care Research,,G7400052577,NIHR Senior Investigator Award,
W4387366282,Dr Patricia  Le,,National Institutes of Health,,G13480374,,
W4387366282,Dr Patricia  Le,,National Cancer Institute,,G1395890183,,
W4387366282,Dr Patricia  Le,,National Institutes of Health,,G3941484636,,
W4387366282,Dr Patricia  Le,,National Cancer Institute,,G5532511206,,
W4387366282,Dr Patricia  Le,,National Center for Advancing Translational Sciences,,G5812495832,,
W4387366282,Dr Patricia  Le,,National Institutes of Health,,G5842294920,,
W4387366282,Dr Patricia  Le,,National Institutes of Health,,G5933791382,,
W4387366282,Dr Patricia  Le,,National Center for Advancing Translational Sciences,,G6851027870,,
W4226087418,Dr Patricia  Le,,National Institutes of Health,,G13480374,,
W4226087418,Dr Patricia  Le,,National Cancer Institute,,G1395890183,,
W4226087418,Dr Patricia  Le,,National Institutes of Health,,G3941484636,,
W4226087418,Dr Patricia  Le,,National Institutes of Health,,G5842294920,,
W4226087418,Dr Patricia  Le,,National Institutes of Health,,G5933791382,,
W4226087418,Dr Patricia  Le,,National Cancer Institute,,G5980572269,,
W4226087418,Dr Patricia  Le,,National Center for Advancing Translational Sciences,,G6851027870,,
W4404262350,Dr Patricia  Le,,American Lung Association,,G2112384748,,
W4404262350,Dr Patricia  Le,,National Institutes of Health,,G6625727237,,
W4404262350,Dr Patricia  Le,,National Cancer Institute,,G6936493732,,
W4206837937,Dr Patricia  Le,,National Institutes of Health,,G13480374,,
W4206837937,Dr Patricia  Le,,National Institutes of Health,,G3941484636,,
W4206837937,Dr Patricia  Le,,National Institutes of Health,,G5842294920,,
W4206837937,Dr Patricia  Le,,National Institutes of Health,,G5933791382,,
W4206837937,Dr Patricia  Le,,National Center for Advancing Translational Sciences,,G6851027870,,
W4294798019,Dr Patricia  Le,,National Institutes of Health,,G3941484636,,
W4294798019,Dr Patricia  Le,,National Institutes of Health,,G5933791382,,
W4294798019,Dr Patricia  Le,,National Center for Advancing Translational Sciences,,G6851027870,,
W3087865364,Dr Patrick David Mahar,,National Center for Advancing Translational Sciences,,G1705418431,,
W3087865364,Dr Patrick David Mahar,,National Institutes of Health,,G445765122,,
W3087865364,Dr Patrick David Mahar,,National Institutes of Health,,G4939480664,,
W3087865364,Dr Patrick David Mahar,,National Center for Advancing Translational Sciences,,G6129762463,,
W3087865364,Dr Patrick David Mahar,,Maternal and Child Health Bureau,,G6197115869,,
W2171657190,Dr Paul  Cherian,,National Institute of Diabetes and Digestive and Kidney Diseases,,G1406362207,,
W2171657190,Dr Paul  Cherian,,National Institute of Diabetes and Digestive and Kidney Diseases,,G7478267187,,
W2148149011,Dr Paul  Cherian,,National Institute of Diabetes and Digestive and Kidney Diseases,,G6497141099,,
W2014519996,Dr Paul  Cherian,,National Institute of Diabetes and Digestive and Kidney Diseases,,G2138407834,,
W2032876010,Dr Paul  Cherian,,National Institute of Diabetes and Digestive and Kidney Diseases,,G5249927175,,
W2070961429,Dr Paul  Cherian,,National Institute of Diabetes and Digestive and Kidney Diseases,,G1406362207,,
W2410401222,Dr Paul  Cherian,,National Institute of Diabetes and Digestive and Kidney Diseases,,G5452355292,,
W2077058354,Dr Paul  Cherian,,National Institute of Diabetes and Digestive and Kidney Diseases,,G1406362207,,
W1999457796,Dr Paul  Cherian,,National Institute of Diabetes and Digestive and Kidney Diseases,,G3844790257,,
W2964007210,Dr Paul Anthony Weller,,Arts and Humanities Research Council,,G4734187570,"Religion and Belief, Discrimination and Equality in England and Wales: Theory, Policy and Practice (2000-2010)",
W2964007210,Dr Paul Anthony Weller,,Economic and Social Research Council,,G6148572456,,
W188455301,Dr Paul Anthony Weller,,Arts and Humanities Research Council,,G2290516015,,
W188455301,Dr Paul Anthony Weller,,Economic and Social Research Council,,G8379357218,,
W2804261123,Dr Paul Anthony Weller,,Arts and Humanities Research Council,,G2290516015,,
W2598599917,Dr Paul Anthony Weller,,Arts and Humanities Research Council,,G2290516015,,
W2598599917,Dr Paul Anthony Weller,,Arts and Humanities Research Council,,G4734187570,"Religion and Belief, Discrimination and Equality in England and Wales: Theory, Policy and Practice (2000-2010)",
W2598599917,Dr Paul Anthony Weller,,Economic and Social Research Council,,G6148572456,,
W2338941948,Dr Paul Anthony Weller,,Arts and Humanities Research Council,,G2290516015,,
W4415784404,Dr Perry Rowland Wilson,,Yale University,,G2016339066,,
W4415784404,Dr Perry Rowland Wilson,,National Institutes of Health,,G2339094097,,
W4415784404,Dr Perry Rowland Wilson,,National Institutes of Health,,G5715622120,,
W4415784404,Dr Perry Rowland Wilson,,U.S. Department of Defense,,G6968458478,,
W4415784404,Dr Perry Rowland Wilson,,Georgia Clinical and Translational Science Alliance,,G8629455533,,
W4415784404,Dr Perry Rowland Wilson,,National Institutes of Health,,G8860970200,,
W3109313492,Dr Peter Charles Frederiksen,,"National Heart, Lung, and Blood Institute",,G230501012,,
W2950953358,Dr Peter Charles Frederiksen,,Hjerteforeningen,,G2650878814,,
W2950953358,Dr Peter Charles Frederiksen,,Region Hovedstaden,,G3742353978,,
W2950953358,Dr Peter Charles Frederiksen,,Hjerteforeningen,,G6746957189,,
W2950953358,Dr Peter Charles Frederiksen,,Fonden til Lægevidenskabens Fremme,,G7341393543,,
W3160340415,Dr Peter Charles Frederiksen,,Lundbeckfonden,,G6221860048,,
W4398251165,Dr Peter Charles Frederiksen,,Novo Nordisk Fonden,,G606333668,,
W3048722529,Dr Peter Charles Frederiksen,,Hjerteforeningen,,G464727179,,
W3048722529,Dr Peter Charles Frederiksen,,Lundbeckfonden,,G6221860048,,
W3197511580,Dr Peter Charles Frederiksen,,"National Heart, Lung, and Blood Institute",,G230501012,,
W3197511580,Dr Peter Charles Frederiksen,,Hjerteforeningen,,G2650878814,,
W3197511580,Dr Peter Charles Frederiksen,,Fonden til Lægevidenskabens Fremme,,G7354036181,,
W3197511580,Dr Peter Charles Frederiksen,,National Institutes of Health,,G8553896787,,
W4395008944,Dr Peter Charles Frederiksen,,Novo Nordisk Fonden,,G606333668,,
W4225291074,Dr Peter Charles Frederiksen,,Hjerteforeningen,,G2650878814,,
W4225291074,Dr Peter Charles Frederiksen,,Region Hovedstaden,,G3742353978,,
W4225291074,Dr Peter Charles Frederiksen,,Hjerteforeningen,,G6746957189,,
W4319061780,Dr Peter Charles Frederiksen,,Novo Nordisk Fonden,,G606333668,,
W3213728725,Dr Peter Charles Frederiksen,,A.P. Møller og Hustru Chastine Mc-Kinney Møllers Fond til almene Formaal,,G2056761629,,
W3213728725,Dr Peter Charles Frederiksen,,Hjerteforeningen,,G2650878814,,
W3213728725,Dr Peter Charles Frederiksen,,Hjerteforeningen,,G6746957189,,
W4411021557,Dr Peter Charles Frederiksen,,A.P. Møller og Hustru Chastine Mc-Kinney Møllers Fond til almene Formaal,,G2056761629,,
W4411021557,Dr Peter Charles Frederiksen,,Hjerteforeningen,,G2650878814,,
W4411021557,Dr Peter Charles Frederiksen,,Hjerteforeningen,,G6746957189,,
W7118726636,Dr Peter Charles Frederiksen,,A.P. Møller og Hustru Chastine Mc-Kinney Møllers Fond til almene Formaal,,G2056761629,,
W7118726636,Dr Peter Charles Frederiksen,,Hjerteforeningen,,G2650878814,,
W7118726636,Dr Peter Charles Frederiksen,,Region Hovedstaden,,G3742353978,,
W7118726636,Dr Peter Charles Frederiksen,,Fonden til Lægevidenskabens Fremme,,G5363824071,,
W7118726636,Dr Peter Charles Frederiksen,,Hjerteforeningen,,G6746957189,,
W7118726636,Dr Peter Charles Frederiksen,,Fonden til Lægevidenskabens Fremme,,G7354036181,,
W4205416724,Dr Pooja  Sharma,,"Ministry of Science, ICT and Future Planning",,G2996891045,,
W4205416724,Dr Pooja  Sharma,,Ministry of Science ICT and Future Planning,,G6463920369,,
W3087429530,Dr Pooja  Sharma,,"Department of Biotechnology, Ministry of Science and Technology, India",,G7911974228,,
W3045499974,Dr Pooja  Sharma,,"Department of Biotechnology, Ministry of Science and Technology, India",,G7911974228,,
W4388024222,Dr Pooja  Sharma,,Dr B R Ambedkar National Institute of Technology Jalandhar,,G8224930937,,
W3215603531,Dr Pooja  Sharma,,"Department of Biotechnology, Ministry of Science and Technology, India",,G7911974228,,
W3120526652,Dr Pooja  Sharma,,"Department of Biotechnology, Government of West Bengal",,G8705678334,,
W4200001571,Dr Pooja  Sharma,,Ministry of Science ICT and Future Planning,,G2713611197,,
W3200669315,Dr Pooja  Sharma,,"Ministry of Science, ICT and Future Planning",,G4501852022,,
W4226117836,Dr Pooja  Sharma,,"Department of Science and Technology, Ministry of Science and Technology, India",,G4508279052,,
W4210581270,Dr Pooja  Sharma,,"Department of Biotechnology, Ministry of Science and Technology, India",,G7911974228,,
W2800411782,Dr Pooja  Sharma,,"Department of Science and Technology, Ministry of Science and Technology, India",,G8193059031,,
W3161602701,Dr Pooja  Sharma,,"Department of Biotechnology, Ministry of Science and Technology, India",,G7911974228,,
W4200340661,Dr Pooja  Sharma,,"Ministry of Trade, Industry and Energy",,G5162505180,,
W4200340661,Dr Pooja  Sharma,,Korea Institute of Energy Technology Evaluation and Planning,,G6103091650,,
W4389504773,Dr Pooja  Sharma,,National Research Foundation Singapore,,G5107330304,,
W4286383451,Dr Pooja  Sharma,,"Ministry of Science, ICT and Future Planning",,G8056443221,,
W2567574320,Dr Pooja  Sharma,,"Council of Scientific and Industrial Research, India",,G3432068590,,
W2567574320,Dr Pooja  Sharma,,"Council of Scientific and Industrial Research, India",,G3586141058,,
W3182808211,Dr Pooja  Sharma,,"Department of Biotechnology, Ministry of Science and Technology, India",,G7472773538,,
W3175779497,Dr Pooja  Sharma,,"Ministry of Trade, Industry and Energy",,G5162505180,,
W3175779497,Dr Pooja  Sharma,,"Ministry of Trade, Industry and Energy",,G6309839564,,
W4200426794,Dr Pooja  Sharma,,"Department of Science and Technology, Ministry of Science and Technology, India",,G6293703386,,
W3107502658,Dr Pooja  Sharma,,Science and Engineering Research Board,,G5516042651,,
W4205547778,Dr Pooja  Sharma,,"Department of Biotechnology, Ministry of Science and Technology, India",,G7472773538,,
W4387081108,Dr Pooja  Sharma,,National Research Foundation Singapore,,G2967773801,,
W4387081108,Dr Pooja  Sharma,,National Research Foundation Singapore,,G6930520378,,
W4387081108,Dr Pooja  Sharma,,China Scholarship Council,,G8844932468,,
W4223926765,Dr Pooja  Sharma,,King Saud University,,G2332246,,
W4223926765,Dr Pooja  Sharma,,Science and Engineering Research Board,,G5516042651,,
W4321189944,Dr Pooja  Sharma,,Science and Engineering Research Board,,G2593815520,,
W4404287621,Dr Pooja  Sharma,,"Department of Science and Technology, Ministry of Science and Technology, India",,G4370783671,,
W4404287621,Dr Pooja  Sharma,,"Department of Science and Technology, Ministry of Science and Technology, India",,G4508279052,,
W4405115564,Dr Pooja  Sharma,,"Department of Science and Technology, Ministry of Science and Technology, India",,G3223504300,,
W4404771663,Dr Pooja  Sharma,,Science and Engineering Research Board,,G1033129159,,
W4404771663,Dr Pooja  Sharma,,"Council of Scientific and Industrial Research, India",,G1586187799,,
W4404771663,Dr Pooja  Sharma,,"Department of Science and Technology, Ministry of Science and Technology, India",,G4047759978,,
W4404771663,Dr Pooja  Sharma,,Science and Engineering Research Board,,G5842958952,,
W4394946206,Dr Pooja  Sharma,,National Research Foundation Singapore,,G2967773801,,
W4394946206,Dr Pooja  Sharma,,National Research Foundation Singapore,,G6930520378,,
W4394946206,Dr Pooja  Sharma,,China Scholarship Council,,G8844932468,,
W4404522687,Dr Pooja  Sharma,,National Environment Agency - Singapore,,G1335459913,,
W4224293720,Dr Pooja  Sharma,,"Ministry of Higher Education, Malaysia",,G2016704850,,
W4224293720,Dr Pooja  Sharma,,"Ministry of Higher Education, Malaysia",,G28192253,,
W4224293720,Dr Pooja  Sharma,,"Ministry of Higher Education, Malaysia",,G4637023548,,
W4224293720,Dr Pooja  Sharma,,Universiti Malaysia Terengganu,,G4803792780,,
W4224293720,Dr Pooja  Sharma,,Universiti Malaysia Terengganu,,G5083243731,,
W4224293720,Dr Pooja  Sharma,,Universiti Malaysia Terengganu,,G6995449324,,
W4224293720,Dr Pooja  Sharma,,"Ministry of Higher Education, Malaysia",,G7754126666,,
W4392809740,Dr Pooja  Sharma,,National Environment Agency - Singapore,,G1335459913,,
W3038784269,Dr Pooja  Sharma,,"Department of Biotechnology, Ministry of Science and Technology, India",,G7911974228,,
W4291221203,Dr Pooja  Sharma,,Ministry of Science ICT and Future Planning,,G4104733037,,
W4415880522,Dr Pooja  Sharma,,National Research Foundation of Korea,,G1115424315,,
W4415880522,Dr Pooja  Sharma,,National Research Foundation of Korea,,G132521835,,
W3190242862,Dr Pooja  Sharma,,"Council of Scientific and Industrial Research, India",,G4068020684,,
W4386348905,Dr Pooja  Sharma,,University Grants Commission,,G7455513638,,
W4391566985,Dr Pooja  Sharma,,University Grants Commission,,G7455513638,,
W4414438722,Dr Pooja  Sharma,,"Ministry of Education, Science and Technology",,G827182818,,
W1975735482,Dr Prateek  Sharma,,National Institute of Diabetes and Digestive and Kidney Diseases,,G1052184312,,
W1975735482,Dr Prateek  Sharma,,National Cancer Institute,,G5188901758,,
W1975735482,Dr Prateek  Sharma,,National Cancer Institute,,G5191198421,,
W1975735482,Dr Prateek  Sharma,,National Cancer Institute,,G6610356226,,
W1975735482,Dr Prateek  Sharma,,National Institute for Health and Care Research,,G7171223247,NIHR Senior Investigator Award,
W4399125735,Dr Prateek  Sharma,,National Institute of Biomedical Imaging and Bioengineering,,G8317013009,,
W2089787496,Dr Prateek  Sharma,,National Cancer Institute,,G5220991421,,
W3132123811,Dr Prateek  Sharma,,U.S. Department of Defense,,G2862472477,,
W3132123811,Dr Prateek  Sharma,,U.S. Department of Defense,,G4119408142,,
W3132123811,Dr Prateek  Sharma,,U.S. Department of Defense,,G4119534169,,
W3132123811,Dr Prateek  Sharma,,U.S. Department of Defense,,G5583312474,,
W3132123811,Dr Prateek  Sharma,,National Institutes of Health,,G5850682332,,
W3132123811,Dr Prateek  Sharma,,National Institute of Diabetes and Digestive and Kidney Diseases,,G5954179954,,
W3132123811,Dr Prateek  Sharma,,National Institutes of Health,,G6549200668,,
W3132123811,Dr Prateek  Sharma,,National Institutes of Health,,G7652208994,,
W2032355530,Dr Prateek  Sharma,,National Cancer Institute,,G3074718454,,
W2621353671,Dr Prateek  Sharma,,National Institute of Diabetes and Digestive and Kidney Diseases,,G5229929513,,
W2621353671,Dr Prateek  Sharma,,National Institute of Diabetes and Digestive and Kidney Diseases,,G654411858,,
W2621353671,Dr Prateek  Sharma,,National Institute of Diabetes and Digestive and Kidney Diseases,,G810391068,,
W1435109665,Dr Prateek  Sharma,,National Institutes of Health,,G1122828720,,
W1435109665,Dr Prateek  Sharma,,National Cancer Institute,,G3328208106,,
W1435109665,Dr Prateek  Sharma,,National Cancer Institute,,G400951311,,
W1435109665,Dr Prateek  Sharma,,U.S. Department of Veterans Affairs,,G4017245715,,
W1435109665,Dr Prateek  Sharma,,National Institute of Diabetes and Digestive and Kidney Diseases,,G4596822602,,
W1435109665,Dr Prateek  Sharma,,National Institute of Diabetes and Digestive and Kidney Diseases,,G654411858,,
W1435109665,Dr Prateek  Sharma,,National Institute of Diabetes and Digestive and Kidney Diseases,,G6872188734,,
W1435109665,Dr Prateek  Sharma,,National Cancer Institute,,G7207762914,,
W2059338543,Dr Prateek  Sharma,,National Cancer Institute,,G3074718454,,
W2883767766,Dr Prateek  Sharma,,National Cancer Institute,,G5188901758,,
W4389312093,Dr Prateek  Sharma,,Associazione Italiana per la Ricerca sul Cancro,,G1935274225,,
W4389312093,Dr Prateek  Sharma,,European Commission,,G5838789930,OPTIMISING COLORECTAL CANCER PREVENTION TROUGH PERSONALISED TREATMENT WITH ARTIFICIAL INTELLIGENCE,
W4282833377,Dr Prateek  Sharma,,U.S. Department of Health and Human Services,,G1979916807,,
W4282833377,Dr Prateek  Sharma,,National Center for Advancing Translational Sciences,,G2266444343,,
W4282833377,Dr Prateek  Sharma,,National Cancer Institute,,G2323640214,,
W4282833377,Dr Prateek  Sharma,,National Cancer Institute,,G2649471998,,
W4282833377,Dr Prateek  Sharma,,National Cancer Institute,,G427533880,,
W4282833377,Dr Prateek  Sharma,,National Cancer Institute,,G4625491390,,
W4282833377,Dr Prateek  Sharma,,National Cancer Institute,,G5110314844,,
W4282833377,Dr Prateek  Sharma,,U.S. Department of Health and Human Services,,G5516424343,,
W4282833377,Dr Prateek  Sharma,,American College of Surgeons Foundation,,G609979186,,
W4282833377,Dr Prateek  Sharma,,Association for Academic Surgery Foundation,,G6253867979,,
W4282833377,Dr Prateek  Sharma,,U.S. Department of Health and Human Services,,G6775127234,,
W4282833377,Dr Prateek  Sharma,,National Center for Advancing Translational Sciences,,G8935008616,,
W4398131119,Dr Prateek  Sharma,,HORIZON EUROPE Framework Programme,,G1374571984,,
W4398131119,Dr Prateek  Sharma,,European Commission,,G5838789930,OPTIMISING COLORECTAL CANCER PREVENTION TROUGH PERSONALISED TREATMENT WITH ARTIFICIAL INTELLIGENCE,
W4398131119,Dr Prateek  Sharma,,Associazione Italiana per la Ricerca sul Cancro,,G7163281074,,
W4295901435,Dr Prateek  Sharma,,National Center for Advancing Translational Sciences,,G2266444343,,
W4295901435,Dr Prateek  Sharma,,National Cancer Institute,,G2323640214,,
W4295901435,Dr Prateek  Sharma,,National Cancer Institute,,G2649471998,,
W4295901435,Dr Prateek  Sharma,,National Cancer Institute,,G427533880,,
W4295901435,Dr Prateek  Sharma,,National Cancer Institute,,G4625491390,,
W4295901435,Dr Prateek  Sharma,,National Institutes of Health,,G8424885610,,
W4402563291,Dr Prateek  Sharma,,HORIZON EUROPE Framework Programme,,G1374571984,,
W4402563291,Dr Prateek  Sharma,,Associazione Italiana per la Ricerca sul Cancro,,G1935274225,,
W4402563291,Dr Prateek  Sharma,,Associazione Italiana per la Ricerca sul Cancro,,G5051191477,,
W4402563291,Dr Prateek  Sharma,,European Commission,,G5838789930,OPTIMISING COLORECTAL CANCER PREVENTION TROUGH PERSONALISED TREATMENT WITH ARTIFICIAL INTELLIGENCE,
W4402563291,Dr Prateek  Sharma,,Associazione Italiana per la Ricerca sul Cancro,,G7163281074,,
W4383872621,Dr Prateek  Sharma,,National Center for Advancing Translational Sciences,,G7816401740,,
W4229335438,Dr Prateek  Sharma,,U.S. Department of Defense,,G4119408142,,
W4229335438,Dr Prateek  Sharma,,U.S. Department of Defense,,G5583312474,,
W4229335438,Dr Prateek  Sharma,,National Institutes of Health,,G6549200668,,
W4412192291,Dr Prateek  Sharma,,Fonds De La Recherche Scientifique - FNRS,,G2579315783,,
W4412192291,Dr Prateek  Sharma,,National Institute of Food and Agriculture,,G6770826516,,
W4410382902,Dr Prateek  Sharma,,European Commission,,G856800150,,
W2757044241,Dr Prateek  Sharma,,National Institute for Health and Care Research,,G4555592351,A feasibility study with a crossover design to assess the diagnostic accuracy of acetic acid targetted biopsies versus non targeted biopsies (current practice) for detection of dysplasia during Barrett's surveillance: The ABBA study,
W1965316457,Dr Prateek  Sharma,,National Cancer Institute,,G1866525876,,
W1965316457,Dr Prateek  Sharma,,National Cancer Institute,,G5838191427,,
W1965316457,Dr Prateek  Sharma,,National Cancer Institute,,G5964287257,,
W1965316457,Dr Prateek  Sharma,,National Center for Research Resources,,G6924903372,,
W1965316457,Dr Prateek  Sharma,,National Center for Research Resources,,G7541102119,,
W1965316457,Dr Prateek  Sharma,,National Cancer Institute,,G8173448006,,
W2131543948,Dr Prateek  Sharma,,National Institutes of Health,,G7573691394,,
W3217556469,Dr Prateek  Sharma,,U.S. Department of Defense,,G2862472477,,
W3217556469,Dr Prateek  Sharma,,U.S. Department of Defense,,G4119408142,,
W3217556469,Dr Prateek  Sharma,,U.S. Department of Defense,,G4119534169,,
W3217556469,Dr Prateek  Sharma,,U.S. Department of Defense,,G5583312474,,
W3217556469,Dr Prateek  Sharma,,National Institutes of Health,,G5850682332,,
W3217556469,Dr Prateek  Sharma,,National Institute of Diabetes and Digestive and Kidney Diseases,,G5954179954,,
W3217556469,Dr Prateek  Sharma,,National Institutes of Health,,G6549200668,,
W3217556469,Dr Prateek  Sharma,,NIH Office of the Director,,G7594982583,,
W3217556469,Dr Prateek  Sharma,,National Institutes of Health,,G7652208994,,
W3126312442,Dr Prateek  Sharma,,National Cancer Institute,,G2374906053,,
W1520950534,Dr Prateek  Sharma,,National Institutes of Health,,G5324710885,,
W4321369046,Dr Prateek  Sharma,,National Health and Medical Research Council,,G7412974358,,
W4281391683,Dr Prateek  Sharma,,U.S. Department of Defense,,G4119408142,,
W4281391683,Dr Prateek  Sharma,,U.S. Department of Defense,,G5583312474,,
W4281391683,Dr Prateek  Sharma,,National Institute of Diabetes and Digestive and Kidney Diseases,,G5954179954,,
W4281391683,Dr Prateek  Sharma,,National Institutes of Health,,G6549200668,,
W4407357826,Dr Prateek  Sharma,,U.S. Department of Defense,,G1959910291,,
W4407357826,Dr Prateek  Sharma,,National Institutes of Health,,G305562905,,
W4407357826,Dr Prateek  Sharma,,National Institutes of Health,,G34558881,,
W4407357826,Dr Prateek  Sharma,,National Cancer Institute,,G3842134325,,
W4407357826,Dr Prateek  Sharma,,U.S. Department of Defense,,G4119534169,,
W4407357826,Dr Prateek  Sharma,,National Institutes of Health,,G4284097154,,
W4407357826,Dr Prateek  Sharma,,Cancer Prevention and Research Institute of Texas,,G4484944555,Proteomics and Metabolomics Core Facility,
W4407357826,Dr Prateek  Sharma,,National Cancer Institute,,G4545988867,,
W4407357826,Dr Prateek  Sharma,,Cancer Prevention and Research Institute of Texas,,G4673732110,,
W4407357826,Dr Prateek  Sharma,,U.S. Department of Veterans Affairs,,G4896616460,,
W4407357826,Dr Prateek  Sharma,,National Cancer Institute,,G5035945891,,
W4407357826,Dr Prateek  Sharma,,National Institutes of Health,,G5850682332,,
W4407357826,Dr Prateek  Sharma,,National Cancer Institute,,G6249212979,,
W4407357826,Dr Prateek  Sharma,,National Institutes of Health,,G6549200668,,
W4407357826,Dr Prateek  Sharma,,National Institutes of Health,,G8076636989,,
W4407357826,Dr Prateek  Sharma,,U.S. Department of Defense,,G8322323299,,
W4407357826,Dr Prateek  Sharma,,National Institutes of Health,,G8359624776,,
W4407357826,Dr Prateek  Sharma,,"Dan L. Duncan Cancer Center, Baylor College of Medicine",,G8449249302,,
W4407357826,Dr Prateek  Sharma,,National Cancer Institute,,G8481070465,,
W4407357826,Dr Prateek  Sharma,,Cancer Prevention and Research Institute of Texas,,G8655678547,,
W4407357826,Dr Prateek  Sharma,,National Institutes of Health,,G8839242221,,
W2312474116,Dr Prateek  Sharma,,National Institute of Diabetes and Digestive and Kidney Diseases,,G6982494225,,
W2156701212,Dr Prateek  Sharma,,National Center for Research Resources,,G5158188941,,
W2100043927,Dr Prateek  Sharma,,National Cancer Institute,,G2398636682,,
W2100043927,Dr Prateek  Sharma,,National Cancer Institute,,G2987153843,,
W2100043927,Dr Prateek  Sharma,,National Cancer Institute,,G3953811246,,
W2100043927,Dr Prateek  Sharma,,National Cancer Institute,,G4476761403,,
W2100043927,Dr Prateek  Sharma,,National Cancer Institute,,G4700787984,,
W2100043927,Dr Prateek  Sharma,,National Cancer Institute,,G5535855473,,
W2100043927,Dr Prateek  Sharma,,National Cancer Institute,,G8582673968,,
W3201617218,Dr Prateek  Sharma,,National Cancer Institute,,G3314531714,,
W3201617218,Dr Prateek  Sharma,,U.S. Department of Defense,,G4119408142,,
W3201617218,Dr Prateek  Sharma,,National Cancer Institute,,G427533880,,
W3201617218,Dr Prateek  Sharma,,U.S. Department of Defense,,G5583312474,,
W3201617218,Dr Prateek  Sharma,,National Institute of Diabetes and Digestive and Kidney Diseases,,G5954179954,,
W3201617218,Dr Prateek  Sharma,,National Institutes of Health,,G6549200668,,
W3034833926,Dr Prateek  Sharma,,National Institutes of Health,,G1761236440,,
W3034833926,Dr Prateek  Sharma,,National Institute of Diabetes and Digestive and Kidney Diseases,,G2059204002,,
W3034833926,Dr Prateek  Sharma,,National Cancer Institute,,G2941788942,,
W3034833926,Dr Prateek  Sharma,,National Cancer Institute,,G3314531714,,
W3034833926,Dr Prateek  Sharma,,National Cancer Institute,,G427533880,,
W3034833926,Dr Prateek  Sharma,,National Institute on Drug Abuse,,G5320631710,,
W3034833926,Dr Prateek  Sharma,,National Institute of Diabetes and Digestive and Kidney Diseases,,G5954179954,,
W3034833926,Dr Prateek  Sharma,,National Institutes of Health,,G6549200668,,
W3034833926,Dr Prateek  Sharma,,DOD Peer Reviewed Cancer Research Program,,G8023222449,,
W2065785590,Dr Prateek  Sharma,,National Institute of Biomedical Imaging and Bioengineering,,G1020589504,,
W2065785590,Dr Prateek  Sharma,,National Institute of Biomedical Imaging and Bioengineering,,G1147996055,,
W2065785590,Dr Prateek  Sharma,,National Institute of Biomedical Imaging and Bioengineering,,G2066052409,,
W2065785590,Dr Prateek  Sharma,,National Institute of Biomedical Imaging and Bioengineering,,G925466761,,
W2753920783,Dr Prateek  Sharma,,U.S. Department of Veterans Affairs,,G2419752345,,
W2096895604,Dr Prateek  Sharma,,National Institute of Biomedical Imaging and Bioengineering,,G1020589504,,
W2096895604,Dr Prateek  Sharma,,National Institute of Biomedical Imaging and Bioengineering,,G925466761,,
W2536620500,Dr Prateek  Sharma,,National Institute of Biomedical Imaging and Bioengineering,,G1020589504,,
W2536620500,Dr Prateek  Sharma,,National Institute of Biomedical Imaging and Bioengineering,,G925466761,,
W2018729324,Dr Prateek  Sharma,,National Institute of Biomedical Imaging and Bioengineering,,G1020589504,,
W2018729324,Dr Prateek  Sharma,,National Institute of Biomedical Imaging and Bioengineering,,G925466761,,
W4225290451,Dr Prateek  Sharma,,National Institutes of Health,,G1275639208,,
W4225290451,Dr Prateek  Sharma,,National Cancer Institute,,G2323640214,,
W4225290451,Dr Prateek  Sharma,,National Cancer Institute,,G4625491390,,
W4225290451,Dr Prateek  Sharma,,National Institutes of Health,,G5267750750,,
W4225290451,Dr Prateek  Sharma,,National Institutes of Health,,G8288036582,,
W4225290451,Dr Prateek  Sharma,,National Institutes of Health,,G8424885610,,
W4225290451,Dr Prateek  Sharma,,"Miami Clinical and Translational Science Institute, University of Miami",,G8454307854,,
W4229005231,Dr Prateek  Sharma,,National Institutes of Health,,G1275639208,,
W4229005231,Dr Prateek  Sharma,,National Cancer Institute,,G2323640214,,
W4229005231,Dr Prateek  Sharma,,National Cancer Institute,,G4625491390,,
W4229005231,Dr Prateek  Sharma,,National Institutes of Health,,G5267750750,,
W4229005231,Dr Prateek  Sharma,,National Institutes of Health,,G8288036582,,
W4229005231,Dr Prateek  Sharma,,National Institutes of Health,,G8424885610,,
W4229005231,Dr Prateek  Sharma,,"Miami Clinical and Translational Science Institute, University of Miami",,G8454307854,,
W4299867353,Dr Prateek  Sharma,,National Institute of Diabetes and Digestive and Kidney Diseases,,G2148026138,,
W4299867353,Dr Prateek  Sharma,,National Institutes of Health,,G2198631496,,
W4299867353,Dr Prateek  Sharma,,National Institutes of Health,,G3124211447,,
W4299867353,Dr Prateek  Sharma,,National Institute of Diabetes and Digestive and Kidney Diseases,,G3733580219,,
W4299867353,Dr Prateek  Sharma,,National Institute of Diabetes and Digestive and Kidney Diseases,,G5215680298,,
W4299867353,Dr Prateek  Sharma,,National Institutes of Health,,G963607115,,
W4300798776,Dr Prateek  Sharma,,National Institutes of Health,,G6375628588,,
W4300798776,Dr Prateek  Sharma,,National Institutes of Health,,G8850752464,,
W4220677558,Dr Priyamvada  Sobarun,,National Health and Medical Research Council,,G101359200,,
W4220677558,Dr Priyamvada  Sobarun,,National Health and Medical Research Council,,G1759056826,,
W4220677558,Dr Priyamvada  Sobarun,,National Health and Medical Research Council,,G2463191884,,
W4220677558,Dr Priyamvada  Sobarun,,National Health and Medical Research Council,,G5131979099,,
W4220677558,Dr Priyamvada  Sobarun,,National Health and Medical Research Council,,G8657876045,,
W2140035322,Dr Quynh Van Le,,National Institutes of Health,,G1123719598,,
W2140035322,Dr Quynh Van Le,,National Institute of Dental and Craniofacial Research,,G1529675201,,
W2140035322,Dr Quynh Van Le,,National Institute of Allergy and Infectious Diseases,,G1600730175,,
W2140035322,Dr Quynh Van Le,,National Cancer Institute,,G2473643572,,
W2140035322,Dr Quynh Van Le,,National Institute of Allergy and Infectious Diseases,,G3060857232,,
W2140035322,Dr Quynh Van Le,,National Institute of Allergy and Infectious Diseases,,G3823738642,,
W2140035322,Dr Quynh Van Le,,National Institute of Allergy and Infectious Diseases,,G4447705477,,
W2140035322,Dr Quynh Van Le,,U.S. Public Health Service,,G5123538328,,
W2140035322,Dr Quynh Van Le,,National Cancer Institute,,G5127565043,,
W2140035322,Dr Quynh Van Le,,National Cancer Institute,,G5202301410,,
W2140035322,Dr Quynh Van Le,,National Cancer Institute,,G5949940829,,
W2140035322,Dr Quynh Van Le,,National Institute of Allergy and Infectious Diseases,,G7465465579,,
W2140035322,Dr Quynh Van Le,,National Institutes of Health,,G7794737526,,
W2140035322,Dr Quynh Van Le,,National Institutes of Health,,G7890383525,,
W2140035322,Dr Quynh Van Le,,National Institute of Dental and Craniofacial Research,,G8403289072,,
W2140035322,Dr Quynh Van Le,,National Institute of Allergy and Infectious Diseases,,G851366152,,
W2033363278,Dr Quynh Van Le,,National Cancer Institute,,G833117138,,
W2901263658,Dr Quynh Van Le,,National Cancer Institute,,G1575601887,,
W2901263658,Dr Quynh Van Le,,National Cancer Institute,,G2304223924,,
W2901263658,Dr Quynh Van Le,,National Cancer Institute,,G2908393891,,
W2901263658,Dr Quynh Van Le,,National Cancer Institute,,G3117298063,,
W2901263658,Dr Quynh Van Le,,National Cancer Institute,,G5077987289,,
W2901263658,Dr Quynh Van Le,,National Cancer Institute,,G5453611181,,
W2901263658,Dr Quynh Van Le,,National Cancer Institute,,G6105514657,,
W2901263658,Dr Quynh Van Le,,National Cancer Institute,,G6318623404,,
W2901263658,Dr Quynh Van Le,,National Cancer Institute,,G7058195172,,
W2159744630,Dr Quynh Van Le,,National Cancer Institute,,G8004033571,,
W2159744630,Dr Quynh Van Le,,National Cancer Institute,,G833117138,,
W2123526038,Dr Quynh Van Le,,National Cancer Institute,,G5202301410,,
W2958648554,Dr Quynh Van Le,,National Institute for Health and Care Research,,G1870944776,NIHR Senior Investigator Award,
W2958648554,Dr Quynh Van Le,,National Institute for Health and Care Research,,G2403274848,NIHR Senior Investigator Award,
W2958648554,Dr Quynh Van Le,,National Center for Advancing Translational Sciences,,G7816401740,,
W2958648554,Dr Quynh Van Le,,Cancer Research UK,,G8602626843,,
W2011925011,Dr Quynh Van Le,,National Cancer Institute,,G3054409038,,
W2011925011,Dr Quynh Van Le,,National Cancer Institute,,G5202301410,,
W2011925011,Dr Quynh Van Le,,National Institutes of Health,,G7049061447,,
W2011925011,Dr Quynh Van Le,,National Cancer Institute,,G7894080719,,
W2011925011,Dr Quynh Van Le,,National Institutes of Health,,G7962632223,,
W2011925011,Dr Quynh Van Le,,National Cancer Institute,,G8004033571,,
W2011925011,Dr Quynh Van Le,,National Institutes of Health,,G8186803552,,
W2011925011,Dr Quynh Van Le,,National Cancer Institute,,G8442493462,,
W2106958893,Dr Quynh Van Le,,National Cancer Institute,,G1084003004,,
W2106958893,Dr Quynh Van Le,,National Cancer Institute,,G1649876947,,
W2106958893,Dr Quynh Van Le,,National Institute of Allergy and Infectious Diseases,,G5541980757,,
W2133539678,Dr Quynh Van Le,,National Cancer Institute,,G2106191292,,
W2133539678,Dr Quynh Van Le,,National Cancer Institute,,G2908393891,,
W2133539678,Dr Quynh Van Le,,National Cancer Institute,,G2932694041,,
W2133539678,Dr Quynh Van Le,,National Cancer Institute,,G4635459854,,
W2133539678,Dr Quynh Van Le,,National Cancer Institute,,G6318623404,,
W2133539678,Dr Quynh Van Le,,National Cancer Institute,,G7631277958,,
W2133539678,Dr Quynh Van Le,,National Cancer Institute,,G8384381211,,
W2020727031,Dr Quynh Van Le,,National Cancer Institute,,G2106191292,,
W2020727031,Dr Quynh Van Le,,National Cancer Institute,,G2908393891,,
W2020727031,Dr Quynh Van Le,,National Cancer Institute,,G2932694041,,
W2020727031,Dr Quynh Van Le,,National Cancer Institute,,G4635459854,,
W2020727031,Dr Quynh Van Le,,National Cancer Institute,,G6318623404,,
W2020727031,Dr Quynh Van Le,,National Cancer Institute,,G8384381211,,
W2009084109,Dr Quynh Van Le,,National Cancer Institute,,G1084003004,,
W2770305924,Dr Quynh Van Le,,National Institute for Health and Care Research,,G1870944776,NIHR Senior Investigator Award,
W2770305924,Dr Quynh Van Le,,Cancer Research UK,,G7768537329,,
W2770305924,Dr Quynh Van Le,,Cancer Research UK,,G8602626843,,
W3122285725,Dr Quynh Van Le,,National Cancer Institute,,G1903169257,,
W3122285725,Dr Quynh Van Le,,National Cancer Institute,,G2908393891,,
W3122285725,Dr Quynh Van Le,,National Cancer Institute,,G4701663385,,
W3122285725,Dr Quynh Van Le,,National Cancer Institute,,G4972434293,,
W3122285725,Dr Quynh Van Le,,National Cancer Institute,,G6318623404,,
W3122285725,Dr Quynh Van Le,,National Cancer Institute,,G6771305037,,
W3122285725,Dr Quynh Van Le,,National Cancer Institute,,G7450540709,,
W3122285725,Dr Quynh Van Le,,National Center for Advancing Translational Sciences,,G7816401740,,
W1996456132,Dr Quynh Van Le,,National Cancer Institute,,G2106191292,,
W1996456132,Dr Quynh Van Le,,National Cancer Institute,,G2908393891,,
W1996456132,Dr Quynh Van Le,,National Cancer Institute,,G2932694041,,
W1996456132,Dr Quynh Van Le,,National Cancer Institute,,G4635459854,,
W1996456132,Dr Quynh Van Le,,National Cancer Institute,,G6318623404,,
W1996456132,Dr Quynh Van Le,,National Cancer Institute,,G8384381211,,
W2089467855,Dr Quynh Van Le,,National Cancer Institute,,G2602959943,,
W2089467855,Dr Quynh Van Le,,National Cancer Institute,,G5202301410,,
W2089467855,Dr Quynh Van Le,,National Cancer Institute,,G664610665,,
W2089467855,Dr Quynh Van Le,,National Cancer Institute,,G7894080719,,
W2089467855,Dr Quynh Van Le,,National Cancer Institute,,G8004033571,,
W3122345229,Dr Quynh Van Le,,National Cancer Institute,,G2215807464,,
W3122345229,Dr Quynh Van Le,,National Cancer Institute,,G2908393891,,
W3122345229,Dr Quynh Van Le,,National Cancer Institute,,G3117298063,,
W3122345229,Dr Quynh Van Le,,National Cancer Institute,,G5077987289,,
W3122345229,Dr Quynh Van Le,,National Cancer Institute,,G6105514657,,
W3122345229,Dr Quynh Van Le,,National Cancer Institute,,G6318623404,,
W3122345229,Dr Quynh Van Le,,National Cancer Institute,,G7058195172,,
W2174306046,Dr Quynh Van Le,,National Cancer Institute,,G5110314844,,
W2120100820,Dr Quynh Van Le,,National Cancer Institute,,G246252917,,
W2120100820,Dr Quynh Van Le,,National Cancer Institute,,G2932694041,,
W2120100820,Dr Quynh Van Le,,National Cancer Institute,,G4635459854,,
W2120100820,Dr Quynh Van Le,,National Cancer Institute,,G6609739305,,
W2120100820,Dr Quynh Van Le,,National Cancer Institute,,G7983230635,,
W2740402187,Dr Quynh Van Le,,National Cancer Institute,,G2908393891,,
W2740402187,Dr Quynh Van Le,,National Cancer Institute,,G6318623404,,
W2899537750,Dr Quynh Van Le,,National Natural Science Foundation of China,,G3297122968,,
W2899537750,Dr Quynh Van Le,,National Natural Science Foundation of China,,G6371427945,,
W2899537750,Dr Quynh Van Le,,Overseas Expertise Introduction Project for Discipline Innovation,,G7561586658,,
W2133164395,Dr Quynh Van Le,,National Cancer Institute,,G8279509240,,
W2007625022,Dr Quynh Van Le,,National Cancer Institute,,G4432701693,,
W1979673666,Dr Quynh Van Le,,National Cancer Institute,,G5202301410,,
W1979673666,Dr Quynh Van Le,,National Cancer Institute,,G8004033571,,
W2154083484,Dr Quynh Van Le,,National Cancer Institute,,G2106191292,,
W2154083484,Dr Quynh Van Le,,National Cancer Institute,,G2215807464,,
W2154083484,Dr Quynh Van Le,,National Cancer Institute,,G2313724629,,
W2154083484,Dr Quynh Van Le,,National Cancer Institute,,G2453551107,,
W2154083484,Dr Quynh Van Le,,National Cancer Institute,,G2908393891,,
W2154083484,Dr Quynh Van Le,,National Cancer Institute,,G4635459854,,
W2154083484,Dr Quynh Van Le,,National Cancer Institute,,G5964287257,,
W2154083484,Dr Quynh Van Le,,National Cancer Institute,,G6318623404,,
W2044574682,Dr Quynh Van Le,,National Human Genome Research Institute,,G132990208,,
W2044574682,Dr Quynh Van Le,,National Human Genome Research Institute,,G3075648001,,
W2044574682,Dr Quynh Van Le,,National Cancer Institute,,G3318684225,,
W2044574682,Dr Quynh Van Le,,National Cancer Institute,,G4006615129,,
W2044574682,Dr Quynh Van Le,,National Cancer Institute,,G5202301410,,
W2044574682,Dr Quynh Van Le,,National Human Genome Research Institute,,G5255175588,,
W2044574682,Dr Quynh Van Le,,National Cancer Institute,,G8004033571,,
W2766668723,Dr Quynh Van Le,,National Cancer Institute,,G5110314844,,
W2766668723,Dr Quynh Van Le,,National Cancer Institute,,G8582673968,,
W2766668723,Dr Quynh Van Le,,National Cancer Institute,,G909697459,,
W3015667787,Dr Quynh Van Le,,National Institute for Health and Care Research,,G1870944776,NIHR Senior Investigator Award,
W3015667787,Dr Quynh Van Le,,Cancer Research UK,,G2630917288,,
W3015667787,Dr Quynh Van Le,,Medical Research Council,,G6859569152,,
W3015667787,Dr Quynh Van Le,,Cancer Research UK,,G8602626843,,
W2114117605,Dr Quynh Van Le,,National Cancer Institute,,G1084003004,,
W2114117605,Dr Quynh Van Le,,National Institutes of Health,,G3668073700,,
W2114117605,Dr Quynh Van Le,,National Institutes of Health,,G3783074295,,
W2114117605,Dr Quynh Van Le,,National Cancer Institute,,G6458493195,,
W2114117605,Dr Quynh Van Le,,"National Heart, Lung, and Blood Institute",,G6958687062,,
W2159705543,Dr Quynh Van Le,,National Cancer Institute,,G3318684225,,
W2159705543,Dr Quynh Van Le,,National Cancer Institute,,G5202301410,,
W2159705543,Dr Quynh Van Le,,National Cancer Institute,,G7300189362,,
W2159705543,Dr Quynh Van Le,,National Cancer Institute,,G8004033571,,
W2002967048,Dr Quynh Van Le,,National Cancer Institute,,G1084003004,,
W2002967048,Dr Quynh Van Le,,National Institute of Arthritis and Musculoskeletal and Skin Diseases,,G2282791416,,
W2002967048,Dr Quynh Van Le,,National Cancer Institute,,G2843270952,,
W2002967048,Dr Quynh Van Le,,National Cancer Institute,,G4202041298,,
W2002967048,Dr Quynh Van Le,,National Cancer Institute,,G664610665,,
W2002967048,Dr Quynh Van Le,,National Institute of Arthritis and Musculoskeletal and Skin Diseases,,G7393306552,,
W2002967048,Dr Quynh Van Le,,National Cancer Institute,,G8004033571,,
W2501667437,Dr Quynh Van Le,,National Cancer Institute,,G5110314844,,
W2954237769,Dr Quynh Van Le,,National Institute for Health and Care Research,,G1870944776,NIHR Senior Investigator Award,
W2954237769,Dr Quynh Van Le,,Cancer Research UK,,G2630917288,,
W2954237769,Dr Quynh Van Le,,Cancer Research UK,,G8602626843,,
W1556413243,Dr Quynh Van Le,,National Center for Research Resources,,G4541546421,,
W1556413243,Dr Quynh Van Le,,National Center for Advancing Translational Sciences,,G5470736849,,
W1556413243,Dr Quynh Van Le,,National Institutes of Health,,G8332199477,,
W2138066012,Dr Quynh Van Le,,National Cancer Institute,,G4635459854,,
W2138066012,Dr Quynh Van Le,,National Cancer Institute,,G8384381211,,
W2983070298,Dr Quynh Van Le,,National Cancer Institute,,G108552419,,
W2983070298,Dr Quynh Van Le,,National Cancer Institute,,G4273374460,,
W2983070298,Dr Quynh Van Le,,National Cancer Institute,,G5311560395,,
W2983070298,Dr Quynh Van Le,,Cancer Research UK,,G5522554483,,
W2983070298,Dr Quynh Van Le,,NIH Office of the Director,,G7114128963,,
W2983070298,Dr Quynh Van Le,,NIH Office of the Director,,G7778147467,,
W2983070298,Dr Quynh Van Le,,National Cancer Institute,,G8004033571,,
W2983070298,Dr Quynh Van Le,,NIH Office of the Director,,G8378473133,,
W2889928022,Dr Quynh Van Le,,National Cancer Institute,,G108552419,,
W2889928022,Dr Quynh Van Le,,National Cancer Institute,,G5573027316,,
W2889928022,Dr Quynh Van Le,,National Cancer Institute,,G6323339112,,
W2889928022,Dr Quynh Van Le,,National Institutes of Health,,G7696738345,,
W2889928022,Dr Quynh Van Le,,National Cancer Institute,,G8004033571,,
W2889928022,Dr Quynh Van Le,,National Cancer Institute,,G8350055885,,
W2742417192,Dr Quynh Van Le,,National Cancer Institute,,G2509465741,,
W2742417192,Dr Quynh Van Le,,National Cancer Institute,,G2908393891,,
W2742417192,Dr Quynh Van Le,,National Cancer Institute,,G2932694041,,
W2742417192,Dr Quynh Van Le,,National Cancer Institute,,G4768276527,,
W2742417192,Dr Quynh Van Le,,National Cancer Institute,,G6318623404,,
W2742417192,Dr Quynh Van Le,,National Cancer Institute,,G7058195172,,
W2226272315,Dr Quynh Van Le,,National Center for Advancing Translational Sciences,,G5184084544,,
W2226272315,Dr Quynh Van Le,,National Center for Advancing Translational Sciences,,G5470736849,,
W2150499465,Dr Quynh Van Le,,National Cancer Institute,,G3259442028,,
W2150499465,Dr Quynh Van Le,,National Cancer Institute,,G3657929139,,
W2150499465,Dr Quynh Van Le,,National Cancer Institute,,G8004033571,,
W2141167367,Dr Quynh Van Le,,National Cancer Institute,,G5202301410,,
W2141167367,Dr Quynh Van Le,,National Cancer Institute,,G7894080719,,
W2141167367,Dr Quynh Van Le,,National Institute of Dental and Craniofacial Research,,G7961808011,,
W2141167367,Dr Quynh Van Le,,National Cancer Institute,,G8004033571,,
W2086354412,Dr Quynh Van Le,,National Cancer Institute,,G4442041370,,
W2086354412,Dr Quynh Van Le,,National Cancer Institute,,G5202301410,,
W3016754256,Dr Quynh Van Le,,Cancer Research UK,,G5522554483,,
W3016754256,Dr Quynh Van Le,,National Cancer Institute,,G5958970043,,
W3016754256,Dr Quynh Van Le,,Medical Research Council,,G6869263340,,
W4281733104,Dr Quynh Van Le,,Tobacco-Related Disease Research Program,,G4081888224,,
W4281733104,Dr Quynh Van Le,,U.S. National Library of Medicine,,G4968224489,,
W4281733104,Dr Quynh Van Le,,U.S. Department of Health and Human Services,,G572602103,,
W4281733104,Dr Quynh Van Le,,National Institute of Dental and Craniofacial Research,,G6597854303,,
W4281733104,Dr Quynh Van Le,,National Cancer Institute,,G8932076423,,
W1965136308,Dr Quynh Van Le,,National Cancer Institute,,G4006615129,,
W1965136308,Dr Quynh Van Le,,National Cancer Institute,,G8279509240,,
W1965136308,Dr Quynh Van Le,,National Cancer Institute,,G833117138,,
W2036907617,Dr Quynh Van Le,,National Institutes of Health,,G8157658186,,
W2109318742,Dr Quynh Van Le,,National Cancer Institute,,G1412986823,,
W2109318742,Dr Quynh Van Le,,National Cancer Institute,,G238157917,,
W2109318742,Dr Quynh Van Le,,National Cancer Institute,,G5202301410,,
W2109318742,Dr Quynh Van Le,,National Cancer Institute,,G5800395236,,
W2109318742,Dr Quynh Van Le,,National Cancer Institute,,G7661139418,,
W2109318742,Dr Quynh Van Le,,National Cancer Institute,,G83289629,,
W2035947698,Dr Quynh Van Le,,National Cancer Institute,,G533094449,,
W1990331450,Dr Quynh Van Le,,National Institute of Dental and Craniofacial Research,,G1046261166,,
W1990331450,Dr Quynh Van Le,,National Institute of Dental and Craniofacial Research,,G2521869997,,
W1990331450,Dr Quynh Van Le,,National Cancer Institute,,G3518675042,,
W1990331450,Dr Quynh Van Le,,National Institute of Dental and Craniofacial Research,,G7961808011,,
W1990331450,Dr Quynh Van Le,,National Cancer Institute,,G8004033571,,
W2594328795,Dr Quynh Van Le,,National Institute of Allergy and Infectious Diseases,,G1374400683,,
W2594328795,Dr Quynh Van Le,,National Cancer Institute,,G3657929139,,
W2594328795,Dr Quynh Van Le,,National Cancer Institute,,G5311560395,,
W2594328795,Dr Quynh Van Le,,National Cancer Institute,,G8004033571,,
W3155753566,Dr Quynh Van Le,,National Cancer Institute,,G1903169257,,
W2471998714,Dr Quynh Van Le,,National Cancer Institute,,G1347238333,,
W2471998714,Dr Quynh Van Le,,National Cancer Institute,,G2908393891,,
W2471998714,Dr Quynh Van Le,,National Cancer Institute,,G2932694041,,
W2471998714,Dr Quynh Van Le,,National Cancer Institute,,G3064683840,,
W2471998714,Dr Quynh Van Le,,National Cancer Institute,,G3454386861,,
W2471998714,Dr Quynh Van Le,,National Cancer Institute,,G434901823,,
W2471998714,Dr Quynh Van Le,,National Cancer Institute,,G4629009899,,
W2471998714,Dr Quynh Van Le,,National Cancer Institute,,G4635459854,,
W2471998714,Dr Quynh Van Le,,National Cancer Institute,,G468084115,,
W2471998714,Dr Quynh Van Le,,National Cancer Institute,,G4768276527,,
W2471998714,Dr Quynh Van Le,,National Cancer Institute,,G5453611181,,
W2471998714,Dr Quynh Van Le,,National Cancer Institute,,G5509426373,,
W2471998714,Dr Quynh Van Le,,National Cancer Institute,,G6318623404,,
W2471998714,Dr Quynh Van Le,,National Cancer Institute,,G7058195172,,
W2471998714,Dr Quynh Van Le,,National Cancer Institute,,G7484487955,,
W2471998714,Dr Quynh Van Le,,National Cancer Institute,,G8898045420,,
W2607424519,Dr Quynh Van Le,,National Cancer Institute,,G2908393891,,
W3127262506,Dr Quynh Van Le,,National Institute for Health and Care Research,,G1870944776,NIHR Senior Investigator Award,
W3127262506,Dr Quynh Van Le,,Cancer Research UK,,G2630917288,,
W3127262506,Dr Quynh Van Le,,Medical Research Council,,G6859569152,,
W3127262506,Dr Quynh Van Le,,National Institute for Health and Care Research,,G808870719,NIHR Senior Investigator Award,
W3127262506,Dr Quynh Van Le,,Cancer Research UK,,G8602626843,,
W2160066794,Dr Quynh Van Le,,National Cancer Institute,,G3056921593,,
W2160066794,Dr Quynh Van Le,,National Cancer Institute,,G5202301410,,
W2160066794,Dr Quynh Van Le,,National Cancer Institute,,G5399451348,,
W2160066794,Dr Quynh Van Le,,National Cancer Institute,,G8004033571,,
W2180157788,Dr Quynh Van Le,,National Institute of Dental and Craniofacial Research,,G1046261166,,
W2596704275,Dr Quynh Van Le,,National Cancer Institute,,G2908393891,,
W3033769547,Dr Quynh Van Le,,Cancer Research UK,,G2227854380,,
W3033769547,Dr Quynh Van Le,,National Institute for Health and Care Research,,G2403274848,NIHR Senior Investigator Award,
W3033769547,Dr Quynh Van Le,,National Cancer Institute,,G2908393891,,
W3033769547,Dr Quynh Van Le,,Cancer Research UK,,G5620729239,,
W3033769547,Dr Quynh Van Le,,Cancer Research UK,,G6090764565,,
W3033769547,Dr Quynh Van Le,,Cancer Research UK,,G7049733842,,
W2924642225,Dr Quynh Van Le,,National Cancer Institute,,G1852267879,,
W2924642225,Dr Quynh Van Le,,National Cancer Institute,,G2509465741,,
W2924642225,Dr Quynh Van Le,,National Cancer Institute,,G2908393891,,
W2924642225,Dr Quynh Van Le,,National Cancer Institute,,G3064683840,,
W2924642225,Dr Quynh Van Le,,National Institute of Dental and Craniofacial Research,,G342903518,,
W2924642225,Dr Quynh Van Le,,National Cancer Institute,,G3454386861,,
W2924642225,Dr Quynh Van Le,,National Cancer Institute,,G434901823,,
W2924642225,Dr Quynh Van Le,,National Cancer Institute,,G4635459854,,
W2924642225,Dr Quynh Van Le,,National Cancer Institute,,G5453611181,,
W2924642225,Dr Quynh Van Le,,National Cancer Institute,,G6318623404,,
W2924642225,Dr Quynh Van Le,,NRG Oncology,,G6703173951,,
W2924642225,Dr Quynh Van Le,,National Cancer Institute,,G7058195172,,
W2924642225,Dr Quynh Van Le,,NRG Oncology,,G7286866123,,
W2924642225,Dr Quynh Van Le,,National Cancer Institute,,G7366497392,,
W2924642225,Dr Quynh Van Le,,NRG Oncology,,G815495650,,
W2924642225,Dr Quynh Van Le,,National Cancer Institute,,G937589277,,
W2118922417,Dr Quynh Van Le,,National Cancer Institute,,G1864393829,,
W2118922417,Dr Quynh Van Le,,National Cancer Institute,,G3318684225,,
W2118922417,Dr Quynh Van Le,,National Cancer Institute,,G5202301410,,
W2118922417,Dr Quynh Van Le,,National Cancer Institute,,G8004033571,,
W2614544466,Dr Quynh Van Le,,National Institute of Dental and Craniofacial Research,,G1529675201,,
W2614544466,Dr Quynh Van Le,,National Institutes of Health,,G2540774552,,
W2614544466,Dr Quynh Van Le,,National Institutes of Health,,G4785247774,,
W2614544466,Dr Quynh Van Le,,National Institute of Dental and Craniofacial Research,,G4822803319,,
W2614544466,Dr Quynh Van Le,,National Institutes of Health,,G5474328701,,
W2614544466,Dr Quynh Van Le,,National Cancer Institute,,G6325397735,,
W2614544466,Dr Quynh Van Le,,National Institute of Dental and Craniofacial Research,,G6650234182,,
W2614544466,Dr Quynh Van Le,,National Cancer Institute,,G74471496,,
W2134019513,Dr Quynh Van Le,,National Center for Research Resources,,G5504257016,,
W2134019513,Dr Quynh Van Le,,National Center for Research Resources,,G5891255930,,
W2156644257,Dr Quynh Van Le,,National Cancer Institute,,G4748323735,,
W2156644257,Dr Quynh Van Le,,National Institutes of Health,,G5492388504,,
W2156644257,Dr Quynh Van Le,,National Cancer Institute,,G642399435,,
W2968769168,Dr Quynh Van Le,,National Cancer Institute,,G4387318155,,
W2968769168,Dr Quynh Van Le,,National Cancer Institute,,G6485584887,,
W2968769168,Dr Quynh Van Le,,National Cancer Institute,,G7150601995,,
W2968769168,Dr Quynh Van Le,,National Cancer Institute,,G8243240795,,
W2021978238,Dr Quynh Van Le,,National Cancer Institute,,G5202301410,,
W2021978238,Dr Quynh Van Le,,National Cancer Institute,,G5399451348,,
W3093756659,Dr Quynh Van Le,,National Institute of Dental and Craniofacial Research,,G1046261166,,
W3093756659,Dr Quynh Van Le,,Cancer Research UK,,G1611098238,,
W3093756659,Dr Quynh Van Le,,Cancer Research UK,,G2263384610,,
W3093756659,Dr Quynh Van Le,,National Medical Research Council,,G2264385548,,
W3093756659,Dr Quynh Van Le,,Rosetrees Trust,,G2380316894,,
W3093756659,Dr Quynh Van Le,,Cancer Research UK,,G2740820849,,
W3093756659,Dr Quynh Van Le,,Cancer Research UK,,G4680697907,,
W3093756659,Dr Quynh Van Le,,Austrian Science Fund,,G4824979804,,
W3093756659,Dr Quynh Van Le,,National Medical Research Council,,G5492398683,,
W3093756659,Dr Quynh Van Le,,Cancer Research UK,,G5738340243,,
W3093756659,Dr Quynh Van Le,,Versus Arthritis,,G5962357021,,
W3093756659,Dr Quynh Van Le,,Wellcome Trust,,G6558973121,,
W3093756659,Dr Quynh Van Le,,National Institute for Health and Care Research,,G6825241776,,
W3093756659,Dr Quynh Van Le,,National Medical Research Council,,G686345251,,
W3093756659,Dr Quynh Van Le,,National Research Foundation,,G7629719424,,
W3093756659,Dr Quynh Van Le,,Medical Research Council,,G7644177009,,
W3093756659,Dr Quynh Van Le,,Cancer Research UK,,G8200864203,,
W3093756659,Dr Quynh Van Le,,Cancer Research UK,,G8227088803,,
W4317254389,Dr Quynh Van Le,,National Institute of Dental and Craniofacial Research,,G1315287416,,
W4317254389,Dr Quynh Van Le,,National Institute of Dental and Craniofacial Research,,G1892677220,,
W4317254389,Dr Quynh Van Le,,National Cancer Institute,,G2283406183,,
W4317254389,Dr Quynh Van Le,,National Cancer Institute,,G2286132617,,
W4317254389,Dr Quynh Van Le,,National Cancer Institute,,G2870083389,,
W4317254389,Dr Quynh Van Le,,National Cancer Institute,,G2908393891,,
W4317254389,Dr Quynh Van Le,,National Cancer Institute,,G3208991802,,
W4317254389,Dr Quynh Van Le,,National Cancer Institute,,G3393056633,,
W4317254389,Dr Quynh Van Le,,National Cancer Institute,,G3425694315,,
W4317254389,Dr Quynh Van Le,,National Cancer Institute,,G4212334350,,
W4317254389,Dr Quynh Van Le,,National Cancer Institute,,G4230719963,,
W4317254389,Dr Quynh Van Le,,National Cancer Institute,,G4344150437,,
W4317254389,Dr Quynh Van Le,,National Institute of Dental and Craniofacial Research,,G4695343607,,
W4317254389,Dr Quynh Van Le,,National Cancer Institute,,G4794917755,,
W4317254389,Dr Quynh Van Le,,U.S. National Library of Medicine,,G4968224489,,
W4317254389,Dr Quynh Van Le,,National Institute of Dental and Craniofacial Research,,G515441090,,
W4317254389,Dr Quynh Van Le,,National Cancer Institute,,G5311560395,,
W4317254389,Dr Quynh Van Le,,National Institute of Dental and Craniofacial Research,,G6597854303,,
W4317254389,Dr Quynh Van Le,,National Institute of Dental and Craniofacial Research,,G7913809676,,
W4317254389,Dr Quynh Van Le,,National Cancer Institute,,G8004033571,,
W4382119330,Dr Quynh Van Le,,National Cancer Institute,,G2558449792,,
W4382119330,Dr Quynh Van Le,,National Cancer Institute,,G3247387754,,
W4382119330,Dr Quynh Van Le,,National Cancer Institute,,G5691883761,,
W4382119330,Dr Quynh Van Le,,National Cancer Institute,,G6421649606,,
W4382119330,Dr Quynh Van Le,,National Cancer Institute,,G7155911223,,
W4382119330,Dr Quynh Van Le,,National Cancer Institute,,G7591290859,,
W4382119330,Dr Quynh Van Le,,National Cancer Institute,,G7724625820,,
W3120307397,Dr Quynh Van Le,,National Natural Science Foundation of China,,G1997773634,,
W3120307397,Dr Quynh Van Le,,National Key Research and Development Program of China,,G411589444,,
W3120307397,Dr Quynh Van Le,,National Natural Science Foundation of China,,G7914012518,,
W3120307397,Dr Quynh Van Le,,National Key Research and Development Program of China,,G8542588007,,
W3120307397,Dr Quynh Van Le,,National Key Research and Development Program of China,,G8551247003,,
W3120307397,Dr Quynh Van Le,,National Natural Science Foundation of China,,G923848909,,
W4206584231,Dr Quynh Van Le,,Cancer Research UK,,G1611098238,,
W4206584231,Dr Quynh Van Le,,Brain Tumour Charity,,G2581612258,,
W4206584231,Dr Quynh Van Le,,National Institutes of Health,,G6374948078,,
W4206584231,Dr Quynh Van Le,,National Institute on Deafness and Other Communication Disorders,,G6901156634,,
W4206584231,Dr Quynh Van Le,,Cancer Research UK,,G8200864203,,
W4404354036,Dr Quynh Van Le,,NRG Oncology,,G2121131989,,
W4404354036,Dr Quynh Van Le,,NRG Oncology,,G2345264100,,
W4404354036,Dr Quynh Van Le,,National Cancer Institute,,G2554729840,,
W4404354036,Dr Quynh Van Le,,National Cancer Institute,,G2908393891,,
W4404354036,Dr Quynh Van Le,,National Cancer Institute,,G3064683840,,
W4404354036,Dr Quynh Van Le,,National Cancer Institute,,G3117298063,,
W4404354036,Dr Quynh Van Le,,National Cancer Institute,,G3454386861,,
W4404354036,Dr Quynh Van Le,,National Cancer Institute,,G434901823,,
W4404354036,Dr Quynh Van Le,,National Cancer Institute,,G467764903,,
W4404354036,Dr Quynh Van Le,,National Cancer Institute,,G5077987289,,
W4404354036,Dr Quynh Van Le,,U.S. Department of Veterans Affairs,,G5411901319,,
W4404354036,Dr Quynh Van Le,,National Cancer Institute,,G6318623404,,
W4404354036,Dr Quynh Van Le,,NRG Oncology,,G6703173951,,
W4404354036,Dr Quynh Van Le,,National Cancer Institute,,G7058195172,,
W4404354036,Dr Quynh Van Le,,NRG Oncology,,G7286866123,,
W4404354036,Dr Quynh Van Le,,National Center for Advancing Translational Sciences,,G7816401740,,
W4404354036,Dr Quynh Van Le,,NRG Oncology,,G815495650,,
W4404354036,Dr Quynh Van Le,,National Cancer Institute,,G848463896,,
W3138017955,Dr Quynh Van Le,,National Cancer Institute,,G20068862,,
W3138017955,Dr Quynh Van Le,,National Cancer Institute,,G5311560395,,
W2560700960,Dr Quynh Van Le,,National Cancer Institute,,G4972434293,,
W2560700960,Dr Quynh Van Le,,National Cancer Institute,,G6545356061,,
W2560700960,Dr Quynh Van Le,,National Center for Advancing Translational Sciences,,G7816401740,,
W2900949351,Dr Quynh Van Le,,National Institutes of Health,,G123177215,,
W2900949351,Dr Quynh Van Le,,National Institutes of Health,,G2164164758,,
W2900949351,Dr Quynh Van Le,,National Cancer Institute,,G3542229753,,
W2900949351,Dr Quynh Van Le,,Schweizerischer Nationalfonds zur Förderung der Wissenschaftlichen Forschung,,G4430097687,,
W2900949351,Dr Quynh Van Le,,National Institutes of Health,,G5427719596,,
W2900949351,Dr Quynh Van Le,,Schweizerischer Nationalfonds zur Förderung der Wissenschaftlichen Forschung,,G6083459728,,
W2900949351,Dr Quynh Van Le,,National Cancer Institute,,G6801076311,,
W2900949351,Dr Quynh Van Le,,National Cancer Institute,,G687254260,,
W2900949351,Dr Quynh Van Le,,Schweizerischer Nationalfonds zur Förderung der Wissenschaftlichen Forschung,,G8125256111,Highly Adaptive Computational Models of Biomedical Tissue in Radiological Images: Digital Tissue Atlases and Correlation with Genomics (MAGE),
W2900949351,Dr Quynh Van Le,,National Cancer Institute,,G8225195793,,
W2900949351,Dr Quynh Van Le,,National Cancer Institute,,G8310641393,,
W2900949351,Dr Quynh Van Le,,National Cancer Institute,,G8369618851,,
W2900949351,Dr Quynh Van Le,,National Cancer Institute,,G8991085363,,
W4232342497,Dr Quynh Van Le,,National Institute for Health and Care Research,,G1870944776,NIHR Senior Investigator Award,
W4232342497,Dr Quynh Van Le,,Cancer Research UK,,G2630917288,,
W4232342497,Dr Quynh Van Le,,Cancer Research UK,,G2986246373,,
W4232342497,Dr Quynh Van Le,,Cancer Research UK,,G332674419,,
W4232342497,Dr Quynh Van Le,,Medical Research Council,,G6859569152,,
W4232342497,Dr Quynh Van Le,,National Cancer Institute,,G8359833223,,
W4232342497,Dr Quynh Van Le,,Cancer Research UK,,G8602626843,,
W4383302326,Dr Quynh Van Le,,National Institute of Dental and Craniofacial Research,,G1315287416,,
W4383302326,Dr Quynh Van Le,,National Institute of Dental and Craniofacial Research,,G1892677220,,
W4383302326,Dr Quynh Van Le,,National Cancer Institute,,G2283406183,,
W4383302326,Dr Quynh Van Le,,National Cancer Institute,,G2870083389,,
W4383302326,Dr Quynh Van Le,,National Cancer Institute,,G2908393891,,
W4383302326,Dr Quynh Van Le,,National Cancer Institute,,G3425694315,,
W4383302326,Dr Quynh Van Le,,National Institute of Dental and Craniofacial Research,,G4695343607,,
W4383302326,Dr Quynh Van Le,,National Cancer Institute,,G480215968,,
W4383302326,Dr Quynh Van Le,,National Institutes of Health,,G5088566063,,
W4383302326,Dr Quynh Van Le,,National Institute of Dental and Craniofacial Research,,G515441090,,
W4383302326,Dr Quynh Van Le,,National Cancer Institute,,G5311560395,,
W4383302326,Dr Quynh Van Le,,Medical Research Council,,G6578449045,,
W4383302326,Dr Quynh Van Le,,National Institute of Dental and Craniofacial Research,,G6597854303,,
W4383302326,Dr Quynh Van Le,,National Institutes of Health,,G7707088817,,
W4383302326,Dr Quynh Van Le,,National Institute of Dental and Craniofacial Research,,G7913809676,,
W4383302326,Dr Quynh Van Le,,National Institutes of Health,,G8815146961,,
W2895837181,Dr Quynh Van Le,,National Institute on Aging,,G1380129531,,
W2895837181,Dr Quynh Van Le,,National Cancer Institute,,G2858926205,,
W2895837181,Dr Quynh Van Le,,National Institutes of Health,,G7183380345,,
W2895837181,Dr Quynh Van Le,,National Cancer Institute,,G7499439575,,
W2895837181,Dr Quynh Van Le,,National Institutes of Health,,G8219907895,,
W4317708730,Dr Quynh Van Le,,NRG Oncology,,G2121131989,,
W4317708730,Dr Quynh Van Le,,National Cancer Institute,,G2554729840,,
W4317708730,Dr Quynh Van Le,,National Cancer Institute,,G2908393891,,
W4317708730,Dr Quynh Van Le,,National Cancer Institute,,G3064683840,,
W4317708730,Dr Quynh Van Le,,National Cancer Institute,,G3454386861,,
W4317708730,Dr Quynh Van Le,,National Cancer Institute,,G434901823,,
W4317708730,Dr Quynh Van Le,,National Cancer Institute,,G5077987289,,
W4317708730,Dr Quynh Van Le,,National Cancer Institute,,G5110314844,,
W4317708730,Dr Quynh Van Le,,National Cancer Institute,,G6318623404,,
W4317708730,Dr Quynh Van Le,,NRG Oncology,,G6703173951,,
W4317708730,Dr Quynh Van Le,,National Cancer Institute,,G7058195172,,
W4317708730,Dr Quynh Van Le,,NRG Oncology,,G7286866123,,
W4317708730,Dr Quynh Van Le,,NRG Oncology,,G815495650,,
W4317708730,Dr Quynh Van Le,,National Cancer Institute,,G8722719348,,
W4387579870,Dr Quynh Van Le,,National Cancer Institute,,G108552419,,
W4387579870,Dr Quynh Van Le,,National Institutes of Health,,G1227254532,,
W4387579870,Dr Quynh Van Le,,Cancer Research UK,,G1271970818,,
W4387579870,Dr Quynh Van Le,,Cancer Research UK,,G1325498775,,
W4387579870,Dr Quynh Van Le,,Cancer Research UK,,G1627274550,,
W4387579870,Dr Quynh Van Le,,National Institutes of Health,,G1685126968,,
W4387579870,Dr Quynh Van Le,,National Cancer Institute,,G2283406183,,
W4387579870,Dr Quynh Van Le,,Medical Research Council,,G2491400274,Targeting the complement system to improve radiation response,
W4387579870,Dr Quynh Van Le,,Wellcome Trust,,G2518804213,,
W4387579870,Dr Quynh Van Le,,Cancer Research UK,,G2809905454,,
W4387579870,Dr Quynh Van Le,,Cancer Research UK,,G3994082246,,
W4387579870,Dr Quynh Van Le,,Cancer Research UK,,G430075018,,
W4387579870,Dr Quynh Van Le,,Schweizerischer Nationalfonds zur Förderung der Wissenschaftlichen Forschung,,G4442317588,,
W4387579870,Dr Quynh Van Le,,Medical Research Council,,G4741391056,,
W4387579870,Dr Quynh Van Le,,Medical Research Council,,G4854057447,Cancer - Using complex state-of-art mouse models of cancer to improve the understanding and treatment of human cancer,
W4387579870,Dr Quynh Van Le,,Medical Research Council,,G5118354679,,
W4387579870,Dr Quynh Van Le,,Cancer Research UK,,G5718954505,,
W4387579870,Dr Quynh Van Le,,Cancer Research UK,,G5942402103,,
W4387579870,Dr Quynh Van Le,,Medical Research Council,,G6578449045,,
W4387579870,Dr Quynh Van Le,,National Institute of Dental and Craniofacial Research,,G6597854303,,
W4387579870,Dr Quynh Van Le,,Cancer Research UK,,G6987710327,,
W4387579870,Dr Quynh Van Le,,Medical Research Council,,G7579018739,,
W4387579870,Dr Quynh Van Le,,Cancer Research UK,,G7930586222,,
W4387579870,Dr Quynh Van Le,,National Cancer Institute,,G8004033571,,
W4387579870,Dr Quynh Van Le,,Academy of Medical Sciences,,G8142185510,,
W4387579870,Dr Quynh Van Le,,Associazione Italiana per la Ricerca sul Cancro,,G8449251771,,
W4387579870,Dr Quynh Van Le,,National Cancer Institute,,G879654760,,
W4387579870,Dr Quynh Van Le,,National Health and Medical Research Council,,G8935986701,Developing new therapies targeting innate immune mediated inflammation in neurodegenerative disease,
W4403734634,Dr Quynh Van Le,,National Institute of Dental and Craniofacial Research,,G1892677220,,
W4403734634,Dr Quynh Van Le,,National Cancer Institute,,G2283406183,,
W4403734634,Dr Quynh Van Le,,National Cancer Institute,,G2870083389,,
W4403734634,Dr Quynh Van Le,,U.S. Department of Health and Human Services,,G3914996692,,
W4403734634,Dr Quynh Van Le,,National Institutes of Health,,G4569548218,,
W4403734634,Dr Quynh Van Le,,National Cancer Institute,,G480215968,,
W4403734634,Dr Quynh Van Le,,U.S. Department of Health and Human Services,,G5977088510,,
W4403734634,Dr Quynh Van Le,,U.S. Department of Veterans Affairs,,G5988757229,,
W4403734634,Dr Quynh Van Le,,National Institute of Dental and Craniofacial Research,,G6597854303,,
W4403734634,Dr Quynh Van Le,,National Cancer Institute,,G7064640711,,
W4403734634,Dr Quynh Van Le,,National Institutes of Health,,G7707088817,,
W4406069703,Dr Quynh Van Le,,National Natural Science Foundation of China,,G1627248265,,
W4406069703,Dr Quynh Van Le,,China Postdoctoral Science Foundation,,G3750226638,,
W4406069703,Dr Quynh Van Le,,National Natural Science Foundation of China,,G5147086059,,
W4406069703,Dr Quynh Van Le,,Science and Technology Innovation Talents in Universities of Henan Province,,G5939413028,,
W4406069703,Dr Quynh Van Le,,Key Research and Development Program of Jiangxi Province,,G6124846939,,
W4406069703,Dr Quynh Van Le,,Natural Science Foundation of Henan Province,,G6131341542,,
W4406069703,Dr Quynh Van Le,,National Natural Science Foundation of China,,G6625044334,,
W3130849618,Dr Quynh Van Le,,National Cancer Institute,,G2908393891,,
W3130849618,Dr Quynh Van Le,,National Cancer Institute,,G5077987289,,
W3130849618,Dr Quynh Van Le,,National Cancer Institute,,G5964287257,,
W3130849618,Dr Quynh Van Le,,National Cancer Institute,,G6086094323,,
W3130849618,Dr Quynh Van Le,,National Cancer Institute,,G6318623404,,
W4410707452,Dr Quynh Van Le,,Sanming Project of Medicine in Shenzhen,,G3427901029,,
W4406693418,Dr Quynh Van Le,,National Cancer Institute,,G3247387754,,
W4406693418,Dr Quynh Van Le,,National Cancer Institute,,G4147250296,,
W4406693418,Dr Quynh Van Le,,DOD Prostate Cancer Research Program,,G6785093838,,
W4406693418,Dr Quynh Van Le,,National Institutes of Health,,G7366869025,,
W4406693418,Dr Quynh Van Le,,National Institutes of Health,,G8109197904,,
W4406693418,Dr Quynh Van Le,,National Cancer Institute,,G8150040006,,
W4406693418,Dr Quynh Van Le,,National Institutes of Health,,G8911813225,,
W4324135227,Dr Quynh Van Le,,National Cancer Institute,,G2908393891,,
W4324135227,Dr Quynh Van Le,,National Cancer Institute,,G5077987289,,
W4324135227,Dr Quynh Van Le,,National Cancer Institute,,G6318623404,,
W4415985604,Dr Quynh Van Le,,National Natural Science Foundation of China,,G1627248265,,
W4415985604,Dr Quynh Van Le,,National Natural Science Foundation of China,,G2722519041,,
W4415985604,Dr Quynh Van Le,,National Natural Science Foundation of China,,G4024853766,,
W4415985604,Dr Quynh Van Le,,China Postdoctoral Science Foundation,,G4380302091,,
W4415985604,Dr Quynh Van Le,,National Natural Science Foundation of China,,G5147086059,,
W4415985604,Dr Quynh Van Le,,Fundamental Research Funds for the Central Universities,,G6037087216,,
W4415985604,Dr Quynh Van Le,,Fundamental Research Funds for the Central Universities,,G6606286291,,
W4415985604,Dr Quynh Van Le,,National Natural Science Foundation of China,,G6625044334,,
W4415985604,Dr Quynh Van Le,,National Natural Science Foundation of China,,G7253788329,,
W4415985604,Dr Quynh Van Le,,National Natural Science Foundation of China,,G7360254981,,
W4412522764,Dr Quynh Van Le,,National Institutes of Health,,G1245039726,,
W4412522764,Dr Quynh Van Le,,National Cancer Institute,,G1318263859,,
W4412522764,Dr Quynh Van Le,,National Cancer Institute,,G2908393891,,
W4412522764,Dr Quynh Van Le,,National Cancer Institute,,G3064683840,,
W4412522764,Dr Quynh Van Le,,National Cancer Institute,,G3454386861,,
W4412522764,Dr Quynh Van Le,,National Institutes of Health,,G5070231166,,
W4412522764,Dr Quynh Van Le,,National Cancer Institute,,G6318623404,,
W4412522764,Dr Quynh Van Le,,National Cancer Institute,,G8800858206,,
W4414035571,Dr Quynh Van Le,,Guangzhou Municipal Health and Family Planning Commission,,G13839472,,
W4414035571,Dr Quynh Van Le,,National Natural Science Foundation of China,,G2501191043,,
W4414035571,Dr Quynh Van Le,,Sun Yat-sen University Cancer Center,,G351399439,,
W4414035571,Dr Quynh Van Le,,National Medical Research Council,,G4425467510,,
W4414035571,Dr Quynh Van Le,,Sun Yat-sen University Cancer Center,,G4661941547,,
W4414035571,Dr Quynh Van Le,,National Natural Science Foundation of China,,G538832203,,
W4414035571,Dr Quynh Van Le,,Higher Education Discipline Innovation Project,,G7131110763,,
W4414035571,Dr Quynh Van Le,,Sun Yat-sen University Cancer Center,,G71559532,,
W2055955846,Dr Quynh Van Le,,National Cancer Institute,,G4869113573,,
W2062379060,Dr Quynh Van Le,,National Cancer Institute,,G6309906380,,
W2171173011,Dr Quynh Van Le,,National Cancer Institute,,G6543452357,,
W2131958995,Dr Quynh Van Le,,National Cancer Institute,,G3935143048,,
W2131958995,Dr Quynh Van Le,,National Cancer Institute,,G6058233564,,
W2131958995,Dr Quynh Van Le,,National Center for Research Resources,,G828232794,,
W1965062994,Dr Quynh Van Le,,National Institute of Dental and Craniofacial Research,,G4044827275,,
W2053520707,Dr Quynh Van Le,,National Cancer Institute,,G1878955852,,
W2053520707,Dr Quynh Van Le,,National Cancer Institute,,G5202301410,,
W2053520707,Dr Quynh Van Le,,National Cancer Institute,,G6615738792,,
W2053520707,Dr Quynh Van Le,,National Cancer Institute,,G7366497392,,
W2053520707,Dr Quynh Van Le,,National Cancer Institute,,G7476768260,,
W2053520707,Dr Quynh Van Le,,National Cancer Institute,,G937589277,,
W2008055344,Dr Quynh Van Le,,National Cancer Institute,,G3657929139,,
W2008055344,Dr Quynh Van Le,,National Cancer Institute,,G8004033571,,
W2124282127,Dr Quynh Van Le,,National Center for Advancing Translational Sciences,,G3144457050,,
W2124282127,Dr Quynh Van Le,,National Center for Advancing Translational Sciences,,G5587610884,,
W2146583638,Dr Quynh Van Le,,National Cancer Institute,,G1412986823,,
W2146583638,Dr Quynh Van Le,,National Cancer Institute,,G238157917,,
W2146583638,Dr Quynh Van Le,,National Cancer Institute,,G3657929139,,
W2146583638,Dr Quynh Van Le,,National Cancer Institute,,G4193590116,,
W2146583638,Dr Quynh Van Le,,National Cancer Institute,,G4436386630,,
W2146583638,Dr Quynh Van Le,,National Cancer Institute,,G5202301410,,
W2146583638,Dr Quynh Van Le,,National Institutes of Health,,G5815316031,,
W2146583638,Dr Quynh Van Le,,National Cancer Institute,,G7661139418,,
W2146583638,Dr Quynh Van Le,,National Cancer Institute,,G8004033571,,
W2146583638,Dr Quynh Van Le,,National Cancer Institute,,G8187652796,,
W2146583638,Dr Quynh Van Le,,National Cancer Institute,,G83289629,,
W2146583638,Dr Quynh Van Le,,National Institutes of Health,,G92131997,,
W2001129477,Dr Quynh Van Le,,National Cancer Institute,,G5311560395,,
W1976368131,Dr Quynh Van Le,,National Cancer Institute,,G8232116105,,
W1976368131,Dr Quynh Van Le,,National Cancer Institute,,G8998170883,,
W2160066300,Dr Quynh Van Le,,National Cancer Institute,,G8004033571,,
W1871043685,Dr Quynh Van Le,,National Cancer Institute,,G8004033571,,
W2152777246,Dr Quynh Van Le,,National Cancer Institute,,G1084003004,,
W2152777246,Dr Quynh Van Le,,National Cancer Institute,,G3318684225,,
W2152777246,Dr Quynh Van Le,,National Cancer Institute,,G4006615129,,
W2152777246,Dr Quynh Van Le,,National Cancer Institute,,G4635459854,,
W2152777246,Dr Quynh Van Le,,National Cancer Institute,,G5202301410,,
W2152777246,Dr Quynh Van Le,,National Cancer Institute,,G5520364560,,
W2152777246,Dr Quynh Van Le,,National Cancer Institute,,G711178760,,
W2152777246,Dr Quynh Van Le,,National Cancer Institute,,G8004033571,,
W2152777246,Dr Quynh Van Le,,National Cancer Institute,,G8384381211,,
W2152777246,Dr Quynh Van Le,,National Cancer Institute,,G8442493462,,
W2003933915,Dr Quynh Van Le,,National Cancer Institute,,G4179678176,,
W2003933915,Dr Quynh Van Le,,National Cancer Institute,,G852603532,,
W2003933915,Dr Quynh Van Le,,National Cancer Institute,,G8857609467,,
W2074802590,Dr Quynh Van Le,,National Cancer Institute,,G8004033571,,
W2060426390,Dr Quynh Van Le,,National Cancer Institute,,G3492800745,,
W2060426390,Dr Quynh Van Le,,National Cancer Institute,,G4006615129,,
W2060426390,Dr Quynh Van Le,,National Cancer Institute,,G5202301410,,
W2060426390,Dr Quynh Van Le,,National Cancer Institute,,G8187652796,,
W1997640423,Dr Quynh Van Le,,National Cancer Institute,,G2616503151,,
W1997640423,Dr Quynh Van Le,,National Cancer Institute,,G4273374460,,
W1997640423,Dr Quynh Van Le,,National Cancer Institute,,G8004033571,,
W2040452424,Dr Quynh Van Le,,National Cancer Institute,,G533094449,,
W2152845044,Dr Quynh Van Le,,National Cancer Institute,,G2701235145,,
W2152845044,Dr Quynh Van Le,,National Cancer Institute,,G3350348941,,
W1985273065,Dr Quynh Van Le,,National Cancer Institute,,G2106191292,,
W1985273065,Dr Quynh Van Le,,National Cancer Institute,,G2313724629,,
W1985273065,Dr Quynh Van Le,,National Cancer Institute,,G2453551107,,
W1985273065,Dr Quynh Van Le,,National Cancer Institute,,G2908393891,,
W1985273065,Dr Quynh Van Le,,National Cancer Institute,,G2932694041,,
W1985273065,Dr Quynh Van Le,,National Cancer Institute,,G4635459854,,
W1985273065,Dr Quynh Van Le,,National Cancer Institute,,G8384381211,,
W2068535775,Dr Quynh Van Le,,National Cancer Institute,,G5202301410,,
W2068535775,Dr Quynh Van Le,,National Cancer Institute,,G7507271246,,
W2068535775,Dr Quynh Van Le,,National Cancer Institute,,G8004033571,,
W2068535775,Dr Quynh Van Le,,National Cancer Institute,,G87246893,,
W2152610868,Dr Quynh Van Le,,National Cancer Institute,,G5202301410,,
W2152610868,Dr Quynh Van Le,,National Cancer Institute,,G8004033571,,
W2152610868,Dr Quynh Van Le,,National Cancer Institute,,G8279509240,,
W2496650515,Dr Quynh Van Le,,National Institute of Dental and Craniofacial Research,,G1046261166,,
W2496650515,Dr Quynh Van Le,,National Institutes of Health,,G1507709579,,
W2496650515,Dr Quynh Van Le,,Susan G. Komen for the Cure,,G3726114473,,
W2496650515,Dr Quynh Van Le,,National Cancer Institute,,G4273374460,,
W2496650515,Dr Quynh Van Le,,National Institutes of Health,,G6462987131,,
W2496650515,Dr Quynh Van Le,,National Institutes of Health,,G7626167167,,
W2496650515,Dr Quynh Van Le,,National Institute of General Medical Sciences,,G8109967552,,
W2496650515,Dr Quynh Van Le,,National Cancer Institute,,G8502359167,,
W2098070555,Dr Quynh Van Le,,National Cancer Institute,,G3657929139,,
W2098070555,Dr Quynh Van Le,,National Institutes of Health,,G3668073700,,
W2123371637,Dr Quynh Van Le,,National Institute of Dental and Craniofacial Research,,G1046261166,,
W2123371637,Dr Quynh Van Le,,National Institute on Alcohol Abuse and Alcoholism,,G1296416823,,
W2123371637,Dr Quynh Van Le,,National Institute of Dental and Craniofacial Research,,G2521869997,,
W2123371637,Dr Quynh Van Le,,National Institute on Alcohol Abuse and Alcoholism,,G3846759050,,
W2123371637,Dr Quynh Van Le,,National Institute on Alcohol Abuse and Alcoholism,,G6674189921,,
W2123371637,Dr Quynh Van Le,,National Institute of Dental and Craniofacial Research,,G7961808011,,
W2123371637,Dr Quynh Van Le,,National Cancer Institute,,G8004033571,,
W2171839328,Dr Quynh Van Le,,National Cancer Institute,,G188814414,,
W2516006542,Dr Quynh Van Le,,National Cancer Institute,,G5573027316,,
W2516006542,Dr Quynh Van Le,,National Cancer Institute,,G6323339112,,
W2516006542,Dr Quynh Van Le,,National Cancer Institute,,G8004033571,,
W2161458209,Dr Quynh Van Le,,National Cancer Institute,,G5145461237,,
W2161458209,Dr Quynh Van Le,,National Cancer Institute,,G8853916448,,
W1513532957,Dr Quynh Van Le,,Cancer Research UK,,G3969076162,,
W1513532957,Dr Quynh Van Le,,National Cancer Institute,,G5311560395,,
W2032782941,Dr Quynh Van Le,,National Cancer Institute,,G1084003004,,
W2032782941,Dr Quynh Van Le,,National Cancer Institute,,G3318684225,,
W2032782941,Dr Quynh Van Le,,National Cancer Institute,,G3323888521,,
W2032782941,Dr Quynh Van Le,,National Cancer Institute,,G8004033571,,
W2032782941,Dr Quynh Van Le,,National Cancer Institute,,G8187652796,,
W2118916950,Dr Quynh Van Le,,National Cancer Institute,,G1864393829,,
W2118916950,Dr Quynh Van Le,,National Cancer Institute,,G3318684225,,
W2118916950,Dr Quynh Van Le,,National Cancer Institute,,G5202301410,,
W2118916950,Dr Quynh Van Le,,National Cancer Institute,,G8004033571,,
W2049882046,Dr Quynh Van Le,,National Cancer Institute,,G8004033571,,
W4253269521,Dr Quynh Van Le,,National Cancer Institute,,G4516003695,,
W2161828857,Dr Quynh Van Le,,National Cancer Institute,,G3056921593,,
W2161828857,Dr Quynh Van Le,,National Cancer Institute,,G4238494906,,
W2161828857,Dr Quynh Van Le,,National Cancer Institute,,G5202301410,,
W2161828857,Dr Quynh Van Le,,National Cancer Institute,,G8004033571,,
W2161828857,Dr Quynh Van Le,,National Cancer Institute,,G8187652796,,
W2046318811,Dr Quynh Van Le,,National Institute on Aging,,G4211338284,,
W2046318811,Dr Quynh Van Le,,National Center for Research Resources,,G4541546421,,
W2046318811,Dr Quynh Van Le,,National Institute on Aging,,G487729148,,
W2153988344,Dr Quynh Van Le,,National Institute of Dental and Craniofacial Research,,G1529675201,,
W2153988344,Dr Quynh Van Le,,National Cancer Institute,,G2932694041,,
W2153988344,Dr Quynh Van Le,,National Cancer Institute,,G4635459854,,
W2028587037,Dr Quynh Van Le,,National Cancer Institute,,G5202301410,,
W2028587037,Dr Quynh Van Le,,National Cancer Institute,,G8004033571,,
W2124175402,Dr Quynh Van Le,,National Cancer Institute,,G1575601887,,
W2124175402,Dr Quynh Van Le,,National Institute of Dental and Craniofacial Research,,G1687007869,,
W2124175402,Dr Quynh Van Le,,National Cancer Institute,,G2083106465,,
W2124175402,Dr Quynh Van Le,,National Cancer Institute,,G2328094427,,
W2124175402,Dr Quynh Van Le,,National Cancer Institute,,G3368367501,,
W2124175402,Dr Quynh Van Le,,National Cancer Institute,,G5659154728,,
W3096146045,Dr Quynh Van Le,,National Cancer Institute,,G108552419,,
W3096146045,Dr Quynh Van Le,,Cancer Research UK,,G5522554483,,
W3096146045,Dr Quynh Van Le,,National Cancer Institute,,G8004033571,,
W1574471143,Dr Quynh Van Le,,National Cancer Institute,,G1575601887,,
W1574471143,Dr Quynh Van Le,,National Cancer Institute,,G2106191292,,
W1574471143,Dr Quynh Van Le,,National Cancer Institute,,G2908393891,,
W1574471143,Dr Quynh Van Le,,National Cancer Institute,,G2932694041,,
W1574471143,Dr Quynh Van Le,,National Cancer Institute,,G4635459854,,
W1574471143,Dr Quynh Van Le,,National Cancer Institute,,G6318623404,,
W1574471143,Dr Quynh Van Le,,National Cancer Institute,,G635159256,,
W1574471143,Dr Quynh Van Le,,National Cancer Institute,,G6369444890,,
W1574471143,Dr Quynh Van Le,,National Cancer Institute,,G8384381211,,
W1864059051,Dr Quynh Van Le,,National Institute of Dental and Craniofacial Research,,G1046261166,,
W1864059051,Dr Quynh Van Le,,National Cancer Institute,,G2616503151,,
W1864059051,Dr Quynh Van Le,,National Cancer Institute,,G4273374460,,
W1864059051,Dr Quynh Van Le,,National Cancer Institute,,G767425150,,
W1864059051,Dr Quynh Van Le,,National Cancer Institute,,G8004033571,,
W2129459102,Dr Quynh Van Le,,National Cancer Institute,,G1268312386,,
W2129459102,Dr Quynh Van Le,,National Cancer Institute,,G1794831901,,
W2129459102,Dr Quynh Van Le,,National Cancer Institute,,G1911575068,,
W2129459102,Dr Quynh Van Le,,National Cancer Institute,,G2397742718,,
W2129459102,Dr Quynh Van Le,,National Cancer Institute,,G2745671310,,
W2129459102,Dr Quynh Van Le,,National Cancer Institute,,G3334379738,,
W2129459102,Dr Quynh Van Le,,National Cancer Institute,,G3350348941,,
W2129459102,Dr Quynh Van Le,,National Cancer Institute,,G4094841028,,
W2129459102,Dr Quynh Van Le,,National Cancer Institute,,G4254612137,,
W2129459102,Dr Quynh Van Le,,National Cancer Institute,,G4658829227,,
W2129459102,Dr Quynh Van Le,,National Cancer Institute,,G5159533721,,
W2129459102,Dr Quynh Van Le,,National Cancer Institute,,G5384565185,,
W2129459102,Dr Quynh Van Le,,National Cancer Institute,,G5885414418,,
W2129459102,Dr Quynh Van Le,,National Cancer Institute,,G6109875642,,
W2129459102,Dr Quynh Van Le,,National Cancer Institute,,G6332110603,,
W2129459102,Dr Quynh Van Le,,National Cancer Institute,,G6851275924,,
W2129459102,Dr Quynh Van Le,,National Cancer Institute,,G7476768260,,
W2129459102,Dr Quynh Van Le,,National Cancer Institute,,G7537244616,,
W2129459102,Dr Quynh Van Le,,National Cancer Institute,,G7636958644,,
W3016070924,Dr Quynh Van Le,,National Institute for Health and Care Research,,G2403274848,NIHR Senior Investigator Award,
W2530250038,Dr Quynh Van Le,,National Cancer Institute,,G2908393891,,
W2530250038,Dr Quynh Van Le,,National Cancer Institute,,G4635459854,,
W2530250038,Dr Quynh Van Le,,National Cancer Institute,,G6318623404,,
W2530250038,Dr Quynh Van Le,,National Cancer Institute,,G7058195172,,
W2502272474,Dr Quynh Van Le,,National Cancer Institute,,G2908393891,,
W2502272474,Dr Quynh Van Le,,National Cancer Institute,,G4635459854,,
W2502272474,Dr Quynh Van Le,,National Cancer Institute,,G4768276527,,
W2502272474,Dr Quynh Van Le,,National Cancer Institute,,G6318623404,,
W2502272474,Dr Quynh Van Le,,National Cancer Institute,,G7058195172,,
W2019313870,Dr Quynh Van Le,,National Cancer Institute,,G2757740858,,
W2019313870,Dr Quynh Van Le,,National Cancer Institute,,G4629009899,,
W2173246615,Dr Quynh Van Le,,National Cancer Institute,,G3657929139,,
W2173246615,Dr Quynh Van Le,,National Cancer Institute,,G5202301410,,
W2173246615,Dr Quynh Van Le,,National Cancer Institute,,G8004033571,,
W3164084757,Dr Quynh Van Le,,National Cancer Institute,,G108552419,,
W3164084757,Dr Quynh Van Le,,National Institutes of Health,,G1227254532,,
W3164084757,Dr Quynh Van Le,,National Institutes of Health,,G1685126968,,
W3164084757,Dr Quynh Van Le,,National Center for Research Resources,,G2937495075,,
W3164084757,Dr Quynh Van Le,,NIH Clinical Center,,G4421723821,,
W3164084757,Dr Quynh Van Le,,National Cancer Institute,,G4941942650,,
W3164084757,Dr Quynh Van Le,,NIH Clinical Center,,G4975877677,,
W3164084757,Dr Quynh Van Le,,National Institutes of Health,,G5098841859,,
W3164084757,Dr Quynh Van Le,,National Cancer Institute,,G5311560395,,
W3164084757,Dr Quynh Van Le,,Cancer Research UK,,G5522554483,,
W3164084757,Dr Quynh Van Le,,National Institutes of Health,,G6043230769,,
W3164084757,Dr Quynh Van Le,,NIH Clinical Center,,G6218531252,,
W3164084757,Dr Quynh Van Le,,NIH Clinical Center,,G6468026934,,
W3164084757,Dr Quynh Van Le,,Medical Research Council,,G6578449045,,
W3164084757,Dr Quynh Van Le,,NIH Clinical Center,,G7738154140,,
W3164084757,Dr Quynh Van Le,,National Cancer Institute,,G8004033571,,
W3164084757,Dr Quynh Van Le,,National Cancer Institute,,G8187652796,,
W3164084757,Dr Quynh Van Le,,National Institute of Environmental Health Sciences,,G969169651,,
W2305656490,Dr Quynh Van Le,,National Cancer Institute,,G2908393891,,
W2305656490,Dr Quynh Van Le,,National Cancer Institute,,G2932694041,,
W2305656490,Dr Quynh Van Le,,National Cancer Institute,,G4635459854,,
W2305656490,Dr Quynh Van Le,,National Cancer Institute,,G4768276527,,
W2305656490,Dr Quynh Van Le,,National Cancer Institute,,G6318623404,,
W2305656490,Dr Quynh Van Le,,National Cancer Institute,,G7058195172,,
W2438049444,Dr Quynh Van Le,,National Institutes of Health,,G1036122502,,
W2438049444,Dr Quynh Van Le,,National Cancer Institute,,G5311560395,,
W2438049444,Dr Quynh Van Le,,National Institute of General Medical Sciences,,G6105203555,,
W2438049444,Dr Quynh Van Le,,National Cancer Institute,,G8004033571,,
W2519854961,Dr Quynh Van Le,,National Institutes of Health,,G1036122502,,
W2519854961,Dr Quynh Van Le,,National Cancer Institute,,G4273374460,,
W2519854961,Dr Quynh Van Le,,National Cancer Institute,,G5573027316,,
W2519854961,Dr Quynh Van Le,,National Institute of General Medical Sciences,,G6105203555,,
W2519854961,Dr Quynh Van Le,,National Cancer Institute,,G8004033571,,
W1982223550,Dr Quynh Van Le,,National Cancer Institute,,G394758208,,
W1982223550,Dr Quynh Van Le,,National Cancer Institute,,G4909837356,,
W1982223550,Dr Quynh Van Le,,National Institute of Biomedical Imaging and Bioengineering,,G6034747782,,
W1982223550,Dr Quynh Van Le,,National Cancer Institute,,G6264019320,,
W1982223550,Dr Quynh Van Le,,National Cancer Institute,,G8175513589,,
W2803510012,Dr Quynh Van Le,,National Institutes of Health,,G1036122502,,
W2803510012,Dr Quynh Van Le,,National Institute of Dental and Craniofacial Research,,G1046261166,,
W2803510012,Dr Quynh Van Le,,National Institute on Alcohol Abuse and Alcoholism,,G1296416823,,
W2803510012,Dr Quynh Van Le,,National Institute of General Medical Sciences,,G2274913027,,
W2803510012,Dr Quynh Van Le,,National Cancer Institute,,G2286132617,,
W2803510012,Dr Quynh Van Le,,National Institute of General Medical Sciences,,G2358960263,,
W2803510012,Dr Quynh Van Le,,National Institutes of Health,,G3557322218,,
W2803510012,Dr Quynh Van Le,,National Institute of Dental and Craniofacial Research,,G4158996673,,
W2803510012,Dr Quynh Van Le,,National Institute of General Medical Sciences,,G5015667019,,
W2803510012,Dr Quynh Van Le,,National Institutes of Health,,G5114777907,,
W2803510012,Dr Quynh Van Le,,National Institutes of Health,,G6466102132,,
W2803510012,Dr Quynh Van Le,,National Institutes of Health,,G6830395160,,
W2803510012,Dr Quynh Van Le,,National Institute of Diabetes and Digestive and Kidney Diseases,,G7945786099,,
W2803510012,Dr Quynh Van Le,,National Cancer Institute,,G8004033571,,
W2950789834,Dr Quynh Van Le,,National Cancer Institute,,G2908393891,,
W2950789834,Dr Quynh Van Le,,National Cancer Institute,,G6318623404,,
W2126842446,Dr Quynh Van Le,,National Cancer Institute,,G3778042201,,
W2126842446,Dr Quynh Van Le,,National Cancer Institute,,G4273374460,,
W2935059896,Dr Quynh Van Le,,National Cancer Institute,,G4387318155,,
W2935059896,Dr Quynh Van Le,,National Institutes of Health,,G5019317907,,
W2935059896,Dr Quynh Van Le,,National Cancer Institute,,G6485584887,,
W2935059896,Dr Quynh Van Le,,National Institutes of Health,,G7147058684,,
W2935059896,Dr Quynh Van Le,,National Cancer Institute,,G7150601995,,
W2935059896,Dr Quynh Van Le,,National Institutes of Health,,G7439942982,,
W2935059896,Dr Quynh Van Le,,National Cancer Institute,,G8243240795,,
W3095397570,Dr Quynh Van Le,,National Cancer Institute,,G108552419,,
W3095397570,Dr Quynh Van Le,,Cancer Research UK,,G5522554483,,
W3095397570,Dr Quynh Van Le,,National Cancer Institute,,G8004033571,,
W2967929450,Dr Quynh Van Le,,National Cancer Institute,,G2908393891,,
W2967929450,Dr Quynh Van Le,,National Cancer Institute,,G6318623404,,
W2802492698,Dr Quynh Van Le,,National Institutes of Health,,G2380418135,,
W2802492698,Dr Quynh Van Le,,National Institutes of Health,,G6374948078,,
W4283829377,Dr Quynh Van Le,,National Cancer Institute,,G108552419,,
W4283829377,Dr Quynh Van Le,,National Institutes of Health,,G1227254532,,
W4283829377,Dr Quynh Van Le,,National Cancer Institute,,G2283406183,,
W4283829377,Dr Quynh Van Le,,Medical Research Council,,G4741391056,,
W4283829377,Dr Quynh Van Le,,National Cancer Institute,,G4941942650,,
W4283829377,Dr Quynh Van Le,,Cancer Research UK,,G5522554483,,
W4283829377,Dr Quynh Van Le,,Medical Research Council,,G6578449045,,
W4283829377,Dr Quynh Van Le,,National Cancer Institute,,G8004033571,,
W4386725777,Dr Quynh Van Le,,National Cancer Institute,,G2283406183,,
W4386725777,Dr Quynh Van Le,,National Cancer Institute,,G4212334350,,
W4223439320,Dr Quynh Van Le,,National Cancer Institute,,G5311560395,,
W4223439320,Dr Quynh Van Le,,National Institute of Dental and Craniofacial Research,,G5442352595,,
W2905193937,Dr Quynh Van Le,,National Cancer Institute,,G1823531124,,
W2905193937,Dr Quynh Van Le,,National Cancer Institute,,G2476431924,,
W2905193937,Dr Quynh Van Le,,National Cancer Institute,,G2908393891,,
W2905193937,Dr Quynh Van Le,,National Cancer Institute,,G6318623404,,
W2624942935,Dr Quynh Van Le,,National Cancer Institute,,G2168889071,,
W2624942935,Dr Quynh Van Le,,National Cancer Institute,,G2554729840,,
W2624942935,Dr Quynh Van Le,,National Cancer Institute,,G2908393891,,
W2624942935,Dr Quynh Van Le,,National Cancer Institute,,G3064683840,,
W2624942935,Dr Quynh Van Le,,National Cancer Institute,,G3454386861,,
W2624942935,Dr Quynh Van Le,,National Cancer Institute,,G5077987289,,
W2624942935,Dr Quynh Van Le,,National Cancer Institute,,G6318623404,,
W3165809157,Dr Quynh Van Le,,National Natural Science Foundation of China,,G1351429327,,
W3165809157,Dr Quynh Van Le,,Natural Science Foundation of Guangdong Province,,G2411932810,,
W3165809157,Dr Quynh Van Le,,Basic and Applied Basic Research Foundation of Guangdong Province,,G3407585513,,
W3165809157,Dr Quynh Van Le,,Natural Science Foundation of Guangdong Province,,G3472666652,,
W3165809157,Dr Quynh Van Le,,National Natural Science Foundation of China,,G5938807922,,
W3165809157,Dr Quynh Van Le,,Basic and Applied Basic Research Foundation of Guangdong Province,,G8187713,,
W4312055525,Dr Quynh Van Le,,NRG Oncology,,G2121131989,,
W4312055525,Dr Quynh Van Le,,National Cancer Institute,,G2304223924,,
W4312055525,Dr Quynh Van Le,,NRG Oncology,,G2345264100,,
W4312055525,Dr Quynh Van Le,,National Cancer Institute,,G2554729840,,
W4312055525,Dr Quynh Van Le,,National Cancer Institute,,G2908393891,,
W4312055525,Dr Quynh Van Le,,National Cancer Institute,,G3064683840,,
W4312055525,Dr Quynh Van Le,,National Cancer Institute,,G309749827,,
W4312055525,Dr Quynh Van Le,,National Cancer Institute,,G3117298063,,
W4312055525,Dr Quynh Van Le,,National Cancer Institute,,G3454386861,,
W4312055525,Dr Quynh Van Le,,National Cancer Institute,,G434901823,,
W4312055525,Dr Quynh Van Le,,National Cancer Institute,,G467764903,,
W4312055525,Dr Quynh Van Le,,National Cancer Institute,,G5077987289,,
W4312055525,Dr Quynh Van Le,,National Cancer Institute,,G5110314844,,
W4312055525,Dr Quynh Van Le,,National Cancer Institute,,G6318623404,,
W4312055525,Dr Quynh Van Le,,NRG Oncology,,G6703173951,,
W4312055525,Dr Quynh Van Le,,National Cancer Institute,,G7058195172,,
W4312055525,Dr Quynh Van Le,,NRG Oncology,,G7286866123,,
W4312055525,Dr Quynh Van Le,,National Cancer Institute,,G7683844296,,
W4312055525,Dr Quynh Van Le,,NRG Oncology,,G815495650,,
W2788462611,Dr Quynh Van Le,,National Center for Research Resources,,G2937495075,,
W2788462611,Dr Quynh Van Le,,National Cancer Institute,,G4273374460,,
W2788462611,Dr Quynh Van Le,,U.S. National Library of Medicine,,G4968224489,,
W2788462611,Dr Quynh Van Le,,National Cancer Institute,,G5311560395,,
W2788462611,Dr Quynh Van Le,,National Cancer Institute,,G5573027316,,
W2788462611,Dr Quynh Van Le,,National Institutes of Health,,G6103280207,,
W2788462611,Dr Quynh Van Le,,National Institutes of Health,,G7049061447,,
W2788462611,Dr Quynh Van Le,,National Cancer Institute,,G8004033571,,
W4223593907,Dr Quynh Van Le,,National Cancer Institute,,G5311560395,,
W4223593907,Dr Quynh Van Le,,National Cancer Institute,,G6318623404,,
W2967714351,Dr Quynh Van Le,,Cancer Research UK,,G5522554483,,
W4386781111,Dr Quynh Van Le,,National Cancer Institute,,G1611108089,,
W4386781111,Dr Quynh Van Le,,National Center for Advancing Translational Sciences,,G1661677298,,
W4386781111,Dr Quynh Van Le,,Institute of Clinical and Translational Sciences,,G2195970601,,
W4386781111,Dr Quynh Van Le,,National Cancer Institute,,G2283406183,,
W4386781111,Dr Quynh Van Le,,National Cancer Institute,,G2335965259,,
W4386781111,Dr Quynh Van Le,,National Institutes of Health,,G2810319040,,
W4386781111,Dr Quynh Van Le,,National Institutes of Health,,G2851989493,,
W4386781111,Dr Quynh Van Le,,National Institute of Diabetes and Digestive and Kidney Diseases,,G3056836925,,
W4386781111,Dr Quynh Van Le,,Institute of Clinical and Translational Sciences,,G3455473179,,
W4386781111,Dr Quynh Van Le,,National Institutes of Health,,G3579804463,,
W4386781111,Dr Quynh Van Le,,National Institutes of Health,,G3915185028,,
W4386781111,Dr Quynh Van Le,,National Institutes of Health,,G4193342994,,
W4386781111,Dr Quynh Van Le,,National Cancer Institute,,G4230719963,,
W4386781111,Dr Quynh Van Le,,National Cancer Institute,,G4429321274,,
W4386781111,Dr Quynh Van Le,,National Institute of Dental and Craniofacial Research,,G4982883010,,
W4386781111,Dr Quynh Van Le,,National Cancer Institute,,G5125891826,,
W4386781111,Dr Quynh Van Le,,Georgia Clinical and Translational Science Alliance,,G5209284035,,
W4386781111,Dr Quynh Van Le,,National Institute of Diabetes and Digestive and Kidney Diseases,,G5378322212,,
W4386781111,Dr Quynh Van Le,,National Institutes of Health,,G5805333513,,
W4386781111,Dr Quynh Van Le,,National Cancer Institute,,G6120206497,,
W4386781111,Dr Quynh Van Le,,National Cancer Institute,,G6165549181,,
W4386781111,Dr Quynh Van Le,,Washington University in St. Louis,,G6212861303,,
W4386781111,Dr Quynh Van Le,,National Cancer Institute,,G6920478984,,
W4386781111,Dr Quynh Van Le,,National Center for Advancing Translational Sciences,,G7940877877,,
W4386781111,Dr Quynh Van Le,,Alvin J. Siteman Cancer Center,,G8131256261,,
W4386781111,Dr Quynh Van Le,,National Center for Advancing Translational Sciences,,G8337570942,,
W4386781111,Dr Quynh Van Le,,National Institutes of Health,,G8380200288,,
W4386781111,Dr Quynh Van Le,,National Cancer Institute,,G8636049776,,
W4386781111,Dr Quynh Van Le,,National Institutes of Health,,G8920217235,,
W3007070599,Dr Quynh Van Le,,National Cancer Institute,,G108552419,,
W3007070599,Dr Quynh Van Le,,Cancer Prevention and Research Institute of Texas,,G111694823,"Recruitment of First-Time, Tenure-Track Faculty Members",
W3007070599,Dr Quynh Van Le,,National Cancer Institute,,G1166435800,,
W3007070599,Dr Quynh Van Le,,National Institutes of Health,,G1227254532,,
W3007070599,Dr Quynh Van Le,,National Institutes of Health,,G1685126968,,
W3007070599,Dr Quynh Van Le,,National Cancer Institute,,G20068862,,
W3007070599,Dr Quynh Van Le,,National Cancer Institute,,G2058073940,,
W3007070599,Dr Quynh Van Le,,American Society for Radiation Oncology,,G3490416127,,
W3007070599,Dr Quynh Van Le,,Cancer Research UK,,G5522554483,,
W3007070599,Dr Quynh Van Le,,National Institutes of Health,,G5934084469,,
W3007070599,Dr Quynh Van Le,,National Institute of Dental and Craniofacial Research,,G6285155884,,
W3007070599,Dr Quynh Van Le,,Medical Research Council,,G6578449045,,
W3007070599,Dr Quynh Van Le,,National Cancer Institute,,G6877488371,,
W3007070599,Dr Quynh Van Le,,National Cancer Institute,,G8004033571,,
W3007070599,Dr Quynh Van Le,,National Institutes of Health,,G8206648999,,
W3007070599,Dr Quynh Van Le,,National Cancer Institute,,G8797827361,,
W3007070599,Dr Quynh Van Le,,National Cancer Institute,,G8935371428,,
W2561999579,Dr Quynh Van Le,,National Institutes of Health,,G2498658712,,
W2561999579,Dr Quynh Van Le,,National Natural Science Foundation of China,,G3611544855,,
W2561999579,Dr Quynh Van Le,,National Cancer Institute,,G4387318155,,
W2561999579,Dr Quynh Van Le,,China Scholarship Council,,G6356216276,,
W2561999579,Dr Quynh Van Le,,National Cancer Institute,,G8150040006,,
W4365814966,Dr Quynh Van Le,,American Society for Radiation Oncology,,G5932161173,,
W4406690958,Dr Quynh Van Le,,NRG Oncology,,G2121131989,,
W4406690958,Dr Quynh Van Le,,NRG Oncology,,G2345264100,,
W4406690958,Dr Quynh Van Le,,National Cancer Institute,,G2554729840,,
W4406690958,Dr Quynh Van Le,,National Cancer Institute,,G2908393891,,
W4406690958,Dr Quynh Van Le,,National Cancer Institute,,G3064683840,,
W4406690958,Dr Quynh Van Le,,National Cancer Institute,,G3117298063,,
W4406690958,Dr Quynh Van Le,,National Cancer Institute,,G3454386861,,
W4406690958,Dr Quynh Van Le,,National Cancer Institute,,G434901823,,
W4406690958,Dr Quynh Van Le,,National Cancer Institute,,G467764903,,
W4406690958,Dr Quynh Van Le,,National Cancer Institute,,G5077987289,,
W4406690958,Dr Quynh Van Le,,National Cancer Institute,,G5110314844,,
W4406690958,Dr Quynh Van Le,,National Cancer Institute,,G6318623404,,
W4406690958,Dr Quynh Van Le,,NRG Oncology,,G6703173951,,
W4406690958,Dr Quynh Van Le,,National Cancer Institute,,G7058195172,,
W4406690958,Dr Quynh Van Le,,NRG Oncology,,G7286866123,,
W4406690958,Dr Quynh Van Le,,NRG Oncology,,G815495650,,
W3042154842,Dr Quynh Van Le,,Korea National Institute of Health,,G192819312,,
W3042154842,Dr Quynh Van Le,,National Institutes of Health,,G5056033674,,
W4281740856,Dr Quynh Van Le,,National Cancer Institute,,G2283406183,,
W4281740856,Dr Quynh Van Le,,National Cancer Institute,,G2908393891,,
W4281740856,Dr Quynh Van Le,,National Institute of Dental and Craniofacial Research,,G3955570638,,
W4281740856,Dr Quynh Van Le,,National Institutes of Health,,G523118074,,
W4281740856,Dr Quynh Van Le,,National Cancer Institute,,G5311560395,,
W4281740856,Dr Quynh Van Le,,National Center for Advancing Translational Sciences,,G6466552352,,
W4281740856,Dr Quynh Van Le,,National Institutes of Health,,G8815146961,,
W4387116241,Dr Quynh Van Le,,National Cancer Institute,,G5573027316,,
W4387116241,Dr Quynh Van Le,,National Cancer Institute,,G6105514657,,
W4387116241,Dr Quynh Van Le,,National Center for Advancing Translational Sciences,,G7816401740,,
W4392180709,Dr Quynh Van Le,,National Cancer Institute,,G2249914035,,
W4392180709,Dr Quynh Van Le,,National Cancer Institute,,G2908393891,,
W4392180709,Dr Quynh Van Le,,National Cancer Institute,,G3064683840,,
W4392180709,Dr Quynh Van Le,,National Institutes of Health,,G3386490105,,
W4392180709,Dr Quynh Van Le,,National Cancer Institute,,G3392575991,,
W4392180709,Dr Quynh Van Le,,National Cancer Institute,,G3454386861,,
W4392180709,Dr Quynh Van Le,,National Institutes of Health,,G4765284682,,
W4392180709,Dr Quynh Van Le,,National Cancer Institute,,G6318623404,,
W4392180709,Dr Quynh Van Le,,NRG Oncology,,G6703173951,,
W4392180709,Dr Quynh Van Le,,National Cancer Institute,,G7728018941,,
W4392180709,Dr Quynh Van Le,,National Institutes of Health,,G8005341878,,
W4392180709,Dr Quynh Van Le,,NRG Oncology,,G815495650,,
W4396579500,Dr Quynh Van Le,,National Natural Science Foundation of China,,G292312193,,
W4396579500,Dr Quynh Van Le,,National Natural Science Foundation of China,,G3268945599,,
W4396579500,Dr Quynh Van Le,,National Key Research and Development Program of China,,G5387608585,,
W4413939355,Dr Quynh Van Le,,Guangzhou Municipal Health and Family Planning Commission,,G13839472,,
W4413939355,Dr Quynh Van Le,,National Natural Science Foundation of China,,G2501191043,,
W4413939355,Dr Quynh Van Le,,Sun Yat-sen University Cancer Center,,G351399439,,
W4413939355,Dr Quynh Van Le,,National Medical Research Council,,G4425467510,,
W4413939355,Dr Quynh Van Le,,Sun Yat-sen University Cancer Center,,G4661941547,,
W4413939355,Dr Quynh Van Le,,National Natural Science Foundation of China,,G538832203,,
W4413939355,Dr Quynh Van Le,,Higher Education Discipline Innovation Project,,G7131110763,,
W4413939355,Dr Quynh Van Le,,Sun Yat-sen University Cancer Center,,G71559532,,
W4294339105,Dr Quynh Van Le,,National Cancer Institute,,G1575601887,,
W4294339105,Dr Quynh Van Le,,National Cancer Institute,,G4972434293,,
W4294339105,Dr Quynh Van Le,,National Center for Advancing Translational Sciences,,G7816401740,,
W4406795687,Dr Quynh Van Le,,National Cancer Institute,,G2283406183,,
W4406795687,Dr Quynh Van Le,,National Institutes of Health,,G4757641474,,
W4406795687,Dr Quynh Van Le,,National Cancer Institute,,G480215968,,
W4406795687,Dr Quynh Van Le,,National Institute of Dental and Craniofacial Research,,G515441090,,
W4406795687,Dr Quynh Van Le,,National Institutes of Health,,G528949152,,
W4406795687,Dr Quynh Van Le,,National Cancer Institute,,G5311560395,,
W4406795687,Dr Quynh Van Le,,National Institute of Dental and Craniofacial Research,,G6597854303,,
W4406795687,Dr Quynh Van Le,,National Institutes of Health,,G6736439533,,
W4406795687,Dr Quynh Van Le,,National Institutes of Health,,G6995313334,,
W4406795687,Dr Quynh Van Le,,National Institutes of Health,,G7520822441,,
W4406795687,Dr Quynh Van Le,,National Institutes of Health,,G7707088817,,
W4406795687,Dr Quynh Van Le,,National Institute of Dental and Craniofacial Research,,G7913809676,,
W4406795687,Dr Quynh Van Le,,National Institutes of Health,,G850952297,,
W4411401782,Dr Quynh Van Le,,National Cancer Institute,,G2283406183,,
W4411401782,Dr Quynh Van Le,,National Cancer Institute,,G7513956623,,
W4400595151,Dr Quynh Van Le,,National Cancer Institute,,G2283406183,,
W4400595151,Dr Quynh Van Le,,National Institute of Dental and Craniofacial Research,,G6597854303,,
W4402567281,Dr Quynh Van Le,,National Cancer Institute,,G2908393891,,
W4402567281,Dr Quynh Van Le,,National Cancer Institute,,G309749827,,
W1973695352,Dr Quynh Van Le,,National Cancer Institute,,G4869113573,,
W2161463151,Dr Quynh Van Le,,National Cancer Institute,,G1084003004,,
W2067311693,Dr Quynh Van Le,,National Institute of Dental and Craniofacial Research,,G8099785809,,
W2157903728,Dr Quynh Van Le,,National Cancer Institute,,G1268312386,,
W2157903728,Dr Quynh Van Le,,National Cancer Institute,,G1469275664,,
W2157903728,Dr Quynh Van Le,,National Cancer Institute,,G1606542285,,
W2157903728,Dr Quynh Van Le,,National Cancer Institute,,G1911575068,,
W2157903728,Dr Quynh Van Le,,National Cancer Institute,,G1991092495,,
W2157903728,Dr Quynh Van Le,,National Cancer Institute,,G2043432835,,
W2157903728,Dr Quynh Van Le,,National Cancer Institute,,G2345882982,,
W2157903728,Dr Quynh Van Le,,National Cancer Institute,,G2435896781,,
W2157903728,Dr Quynh Van Le,,National Cancer Institute,,G2485941414,,
W2157903728,Dr Quynh Van Le,,National Cancer Institute,,G2526269872,,
W2157903728,Dr Quynh Van Le,,National Cancer Institute,,G2750730928,,
W2157903728,Dr Quynh Van Le,,National Cancer Institute,,G2963704822,,
W2157903728,Dr Quynh Van Le,,National Cancer Institute,,G3242537740,,
W2157903728,Dr Quynh Van Le,,National Cancer Institute,,G3334379738,,
W2157903728,Dr Quynh Van Le,,National Cancer Institute,,G3338193023,,
W2157903728,Dr Quynh Van Le,,National Cancer Institute,,G3389796497,,
W2157903728,Dr Quynh Van Le,,National Cancer Institute,,G3484997517,,
W2157903728,Dr Quynh Van Le,,National Cancer Institute,,G36541222,,
W2157903728,Dr Quynh Van Le,,National Cancer Institute,,G3663434907,,
W2157903728,Dr Quynh Van Le,,National Cancer Institute,,G3710026009,,
W2157903728,Dr Quynh Van Le,,National Cancer Institute,,G3737421695,,
W2157903728,Dr Quynh Van Le,,National Cancer Institute,,G3939550896,,
W2157903728,Dr Quynh Van Le,,National Cancer Institute,,G4016786294,,
W2157903728,Dr Quynh Van Le,,National Cancer Institute,,G444114835,,
W2157903728,Dr Quynh Van Le,,National Cancer Institute,,G4499432180,,
W2157903728,Dr Quynh Van Le,,National Cancer Institute,,G4524361302,,
W2157903728,Dr Quynh Van Le,,National Cancer Institute,,G5159533721,,
W2157903728,Dr Quynh Van Le,,National Cancer Institute,,G5202301410,,
W2157903728,Dr Quynh Van Le,,National Cancer Institute,,G5384565185,,
W2157903728,Dr Quynh Van Le,,National Cancer Institute,,G5424405006,,
W2157903728,Dr Quynh Van Le,,National Cancer Institute,,G5566132837,,
W2157903728,Dr Quynh Van Le,,National Cancer Institute,,G5878411378,,
W2157903728,Dr Quynh Van Le,,National Cancer Institute,,G5885414418,,
W2157903728,Dr Quynh Van Le,,National Cancer Institute,,G6332110603,,
W2157903728,Dr Quynh Van Le,,National Cancer Institute,,G6351688182,,
W2157903728,Dr Quynh Van Le,,National Cancer Institute,,G6546991656,,
W2157903728,Dr Quynh Van Le,,National Cancer Institute,,G7017541455,,
W2157903728,Dr Quynh Van Le,,National Cancer Institute,,G7098462715,,
W2157903728,Dr Quynh Van Le,,National Cancer Institute,,G7222907299,,
W2157903728,Dr Quynh Van Le,,National Cancer Institute,,G7366497392,,
W2157903728,Dr Quynh Van Le,,National Cancer Institute,,G7537244616,,
W2157903728,Dr Quynh Van Le,,National Cancer Institute,,G7926913928,,
W2157903728,Dr Quynh Van Le,,National Cancer Institute,,G8006406963,,
W2157903728,Dr Quynh Van Le,,National Cancer Institute,,G8056809683,,
W2157903728,Dr Quynh Van Le,,National Cancer Institute,,G8163698042,,
W2157903728,Dr Quynh Van Le,,National Cancer Institute,,G8413228103,,
W2157903728,Dr Quynh Van Le,,National Cancer Institute,,G8777682367,,
W2157903728,Dr Quynh Van Le,,National Cancer Institute,,G8887259144,,
W2157903728,Dr Quynh Van Le,,National Cancer Institute,,G937589277,,
W2076787033,Dr Quynh Van Le,,National Cancer Institute,,G1084003004,,
W1979393053,Dr Quynh Van Le,,National Cancer Institute,,G533094449,,
W2107838455,Dr Quynh Van Le,,National Cancer Institute,,G4006615129,,
W2107838455,Dr Quynh Van Le,,National Cancer Institute,,G5202301410,,
W2107838455,Dr Quynh Van Le,,National Cancer Institute,,G8004033571,,
W1982447105,Dr Quynh Van Le,,National Cancer Institute,,G394758208,,
W1982447105,Dr Quynh Van Le,,National Cancer Institute,,G4909837356,,
W1982447105,Dr Quynh Van Le,,National Cancer Institute,,G5145461237,,
W1982447105,Dr Quynh Van Le,,National Science Foundation,,G6956407194,Dose Reduction and Scatter Correction for Cone Beam Computed Tomography,
W1982447105,Dr Quynh Van Le,,National Cancer Institute,,G8853916448,,
W2401601001,Dr Quynh Van Le,,National Cancer Institute,,G2908393891,,
W2401601001,Dr Quynh Van Le,,National Cancer Institute,,G3117298063,,
W2401601001,Dr Quynh Van Le,,National Cancer Institute,,G3556578238,,
W2401601001,Dr Quynh Van Le,,National Cancer Institute,,G4635459854,,
W2401601001,Dr Quynh Van Le,,National Cancer Institute,,G6318623404,,
W2401601001,Dr Quynh Van Le,,National Cancer Institute,,G7031966244,,
W2140121406,Dr Quynh Van Le,,National Institute of Dental and Craniofacial Research,,G2521869997,,
W2140121406,Dr Quynh Van Le,,National Cancer Institute,,G3518675042,,
W2140121406,Dr Quynh Van Le,,National Institute of Dental and Craniofacial Research,,G7961808011,,
W2140121406,Dr Quynh Van Le,,National Cancer Institute,,G8004033571,,
W2140121406,Dr Quynh Van Le,,National Cancer Institute,,G8187652796,,
W2022062703,Dr Quynh Van Le,,National Cancer Institute,,G4006615129,,
W2022062703,Dr Quynh Van Le,,National Cancer Institute,,G5202301410,,
W2022062703,Dr Quynh Van Le,,National Cancer Institute,,G8004033571,,
W2022062703,Dr Quynh Van Le,,National Cancer Institute,,G8279509240,,
W2062035796,Dr Quynh Van Le,,National Cancer Institute,,G2106191292,,
W2062035796,Dr Quynh Van Le,,National Cancer Institute,,G2908393891,,
W2062035796,Dr Quynh Van Le,,National Cancer Institute,,G2932694041,,
W2062035796,Dr Quynh Van Le,,National Cancer Institute,,G4635459854,,
W2062035796,Dr Quynh Van Le,,National Cancer Institute,,G6318623404,,
W2062035796,Dr Quynh Van Le,,National Cancer Institute,,G7058195172,,
W2062035796,Dr Quynh Van Le,,National Cancer Institute,,G8384381211,,
W2063408588,Dr Quynh Van Le,,National Institute of Dental and Craniofacial Research,,G1046261166,,
W2063408588,Dr Quynh Van Le,,National Cancer Institute,,G8004033571,,
W2163216399,Dr Quynh Van Le,,National Cancer Institute,,G533094449,,
W1538326806,Dr Quynh Van Le,,National Cancer Institute,,G5202301410,,
W1538326806,Dr Quynh Van Le,,National Cancer Institute,,G8004033571,,
W1538326806,Dr Quynh Van Le,,National Cancer Institute,,G8279509240,,
W3089850789,Dr Quynh Van Le,,National Cancer Institute,,G7683844296,,
W2036051120,Dr Quynh Van Le,,National Institutes of Health,,G2089381950,,
W2036051120,Dr Quynh Van Le,,National Center for Research Resources,,G4541546421,,
W2036051120,Dr Quynh Van Le,,National Institutes of Health,,G8332199477,,
W2738794631,Dr Quynh Van Le,,National Institute of Allergy and Infectious Diseases,,G1374400683,,
W2738794631,Dr Quynh Van Le,,National Institute of Allergy and Infectious Diseases,,G1619336652,,
W2738794631,Dr Quynh Van Le,,National Cancer Institute,,G4273374460,,
W2738794631,Dr Quynh Van Le,,National Cancer Institute,,G8004033571,,
W2738794631,Dr Quynh Van Le,,National Institute of Allergy and Infectious Diseases,,G8442734423,,
W3032249046,Dr Quynh Van Le,,National Cancer Institute,,G2908393891,,
W3032249046,Dr Quynh Van Le,,National Cancer Institute,,G5077987289,,
W3032249046,Dr Quynh Van Le,,National Cancer Institute,,G6318623404,,
W3032249046,Dr Quynh Van Le,,NRG Oncology,,G6703173951,,
W3032249046,Dr Quynh Van Le,,National Cancer Institute,,G7058195172,,
W3032249046,Dr Quynh Van Le,,NRG Oncology,,G815495650,,
W4310121368,Dr Quynh Van Le,,National Cancer Institute,,G5110314844,,
W2530420500,Dr Quynh Van Le,,National Cancer Institute,,G2908393891,,
W2530420500,Dr Quynh Van Le,,National Cancer Institute,,G3425324769,,
W2530420500,Dr Quynh Van Le,,National Cancer Institute,,G4635459854,,
W2530420500,Dr Quynh Van Le,,National Cancer Institute,,G4773971872,,
W2530420500,Dr Quynh Van Le,,National Cancer Institute,,G6318623404,,
W4304128547,Dr Quynh Van Le,,National Cancer Institute,,G2146165888,,
W4304128547,Dr Quynh Van Le,,National Cancer Institute,,G2208054141,,
W4304128547,Dr Quynh Van Le,,National Cancer Institute,,G2244700454,,
W4304128547,Dr Quynh Van Le,,National Cancer Institute,,G2668780599,,
W4304128547,Dr Quynh Van Le,,National Cancer Institute,,G3060653710,,
W4304128547,Dr Quynh Van Le,,National Cancer Institute,,G3790545798,,
W4304128547,Dr Quynh Van Le,,National Cancer Institute,,G4354213545,,
W4304128547,Dr Quynh Van Le,,National Cancer Institute,,G5008971454,,
W4304128547,Dr Quynh Van Le,,National Cancer Institute,,G5077004032,,
W4304128547,Dr Quynh Van Le,,National Institute of Neurological Disorders and Stroke,,G5451681709,,
W4304128547,Dr Quynh Van Le,,National Cancer Institute,,G6105514657,,
W4304128547,Dr Quynh Van Le,,National Cancer Institute,,G6364927952,,
W4304128547,Dr Quynh Van Le,,National Cancer Institute,,G6781666549,,
W4304128547,Dr Quynh Van Le,,National Institute of Dental and Craniofacial Research,,G6954810161,,
W4304128547,Dr Quynh Van Le,,National Cancer Institute,,G7050107820,,
W4304128547,Dr Quynh Van Le,,National Cancer Institute,,G7761796408,,
W4304128547,Dr Quynh Van Le,,National Cancer Institute,,G8006131617,,
W4304128547,Dr Quynh Van Le,,National Cancer Institute,,G8283168306,,
W4304128547,Dr Quynh Van Le,,National Cancer Institute,,G8996725063,,
W3144862461,Dr Quynh Van Le,,National Cancer Institute,,G2908393891,,
W3144862461,Dr Quynh Van Le,,National Cancer Institute,,G3064683840,,
W3144862461,Dr Quynh Van Le,,National Cancer Institute,,G3454386861,,
W3144862461,Dr Quynh Van Le,,Eli Lilly and Company,,G4155314115,,
W3144862461,Dr Quynh Van Le,,National Cancer Institute,,G434901823,,
W3144862461,Dr Quynh Van Le,,National Cancer Institute,,G6318623404,,
W3144862461,Dr Quynh Van Le,,National Cancer Institute,,G7058195172,,
W4200288067,Dr Quynh Van Le,,National Cancer Institute,,G5110314844,,
W4289595490,Dr Quynh Van Le,,National Cancer Institute,,G5311560395,,
W3170913318,Dr Quynh Van Le,,National Cancer Institute,,G2304223924,,
W3170913318,Dr Quynh Van Le,,National Cancer Institute,,G2554729840,,
W3170913318,Dr Quynh Van Le,,National Cancer Institute,,G2908393891,,
W3170913318,Dr Quynh Van Le,,National Cancer Institute,,G3064683840,,
W3170913318,Dr Quynh Van Le,,National Cancer Institute,,G3454386861,,
W3170913318,Dr Quynh Van Le,,National Cancer Institute,,G434901823,,
W3170913318,Dr Quynh Van Le,,National Cancer Institute,,G4546973723,,
W3170913318,Dr Quynh Van Le,,National Cancer Institute,,G5077987289,,
W3170913318,Dr Quynh Van Le,,National Cancer Institute,,G6105514657,,
W3170913318,Dr Quynh Van Le,,National Cancer Institute,,G6318623404,,
W3170913318,Dr Quynh Van Le,,National Cancer Institute,,G7058195172,,
W3170913318,Dr Quynh Van Le,,Merck,,G7110314648,,
W4405234144,Dr Quynh Van Le,,National Institute of Dental and Craniofacial Research,,G1315287416,,
W4405234144,Dr Quynh Van Le,,National Cancer Institute,,G2283406183,,
W4405234144,Dr Quynh Van Le,,National Cancer Institute,,G2908393891,,
W4405234144,Dr Quynh Van Le,,National Cancer Institute,,G3064683840,,
W4405234144,Dr Quynh Van Le,,National Cancer Institute,,G3117298063,,
W4405234144,Dr Quynh Van Le,,National Cancer Institute,,G3208991802,,
W4405234144,Dr Quynh Van Le,,National Cancer Institute,,G3393056633,,
W4405234144,Dr Quynh Van Le,,National Cancer Institute,,G3425694315,,
W4405234144,Dr Quynh Van Le,,National Cancer Institute,,G4344150437,,
W4405234144,Dr Quynh Van Le,,National Cancer Institute,,G434901823,,
W4405234144,Dr Quynh Van Le,,National Cancer Institute,,G467764903,,
W4405234144,Dr Quynh Van Le,,National Institute of Dental and Craniofacial Research,,G4695343607,,
W4405234144,Dr Quynh Van Le,,National Cancer Institute,,G4794917755,,
W4405234144,Dr Quynh Van Le,,National Institute of Dental and Craniofacial Research,,G515441090,,
W4405234144,Dr Quynh Van Le,,National Cancer Institute,,G5311560395,,
W4405234144,Dr Quynh Van Le,,National Cancer Institute,,G6318623404,,
W4405234144,Dr Quynh Van Le,,National Institute of Dental and Craniofacial Research,,G6597854303,,
W4405234144,Dr Quynh Van Le,,National Cancer Institute,,G7058195172,,
W4405234144,Dr Quynh Van Le,,National Cancer Institute,,G7838946147,,
W4405234144,Dr Quynh Van Le,,National Institute of Dental and Craniofacial Research,,G7913809676,,
W4399054772,Dr Quynh Van Le,,National Cancer Institute,,G5110314844,,
W4399054772,Dr Quynh Van Le,,National Cancer Institute,,G7683844296,,
W4406650605,Dr Quynh Van Le,,National Cancer Institute,,G1399701270,,
W4406650605,Dr Quynh Van Le,,American Association of Physicists in Medicine,,G1829906156,,
W4406650605,Dr Quynh Van Le,,National Cancer Institute,,G201737659,,
W4406650605,Dr Quynh Van Le,,National Cancer Institute,,G2908393891,,
W4406650605,Dr Quynh Van Le,,National Cancer Institute,,G3080143649,,
W4406650605,Dr Quynh Van Le,,National Cancer Institute,,G3556578238,,
W4406650605,Dr Quynh Van Le,,"National Heart, Lung, and Blood Institute",,G3642456841,,
W4406650605,Dr Quynh Van Le,,National Institutes of Health,,G3756226094,,
W4406650605,Dr Quynh Van Le,,National Cancer Institute,,G3756419963,,
W4406650605,Dr Quynh Van Le,,Massachusetts General Hospital,,G4476285258,,
W4406650605,Dr Quynh Van Le,,National Cancer Institute,,G5077987289,,
W4406650605,Dr Quynh Van Le,,National Cancer Institute,,G5308256580,,
W4406650605,Dr Quynh Van Le,,Massachusetts General Hospital,,G5607025778,,
W4406650605,Dr Quynh Van Le,,National Cancer Institute,,G6355124313,,
W4406650605,Dr Quynh Van Le,,National Cancer Institute,,G8027395122,,
W4406650605,Dr Quynh Van Le,,National Institute of Biomedical Imaging and Bioengineering,,G8173962070,,
W4406650605,Dr Quynh Van Le,,National Cancer Institute,,G937589277,,
W4411126545,Dr Quynh Van Le,,National Cancer Institute,,G2283406183,,
W4411126545,Dr Quynh Van Le,,National Institutes of Health,,G426698037,,
W4411126545,Dr Quynh Van Le,,American Cancer Society,,G4939341771,FTO in kidney cancer: Molecular mechanisms and targeted therapy,
W4411126545,Dr Quynh Van Le,,National Cancer Institute,,G7513956623,,
W4411126545,Dr Quynh Van Le,,National Institutes of Health,,G7707088817,,
W4401566905,Dr Quynh Van Le,,Medical Research Council,,G4741391056,,
W4401566905,Dr Quynh Van Le,,Medical Research Council,,G7579018739,,
W4391718584,Dr Quynh Van Le,,Japan Society for the Promotion of Science,,G299247053,,
W4391718584,Dr Quynh Van Le,,Japan Society for the Promotion of Science,,G4660744957,,
W4391718584,Dr Quynh Van Le,,Japan Society for the Promotion of Science,,G5155409261,Research and development about helium and proton hybrid system with proton CT and Immuno-radiotherapy,
W4391718584,Dr Quynh Van Le,,Japan Society for the Promotion of Science,,G7594894068,The development of methods to control enzyme activity using protein-protein splicing and virus-like particles,
W4391718584,Dr Quynh Van Le,,Japan Society for the Promotion of Science,,G7989156527,Optimization of cancer treatment based on intra-tumor metabolic geometry,
W1970923496,Dr Quynh Van Le,,National Cancer Institute,,G4869113573,,
W2154570205,Dr Quynh Van Le,,National Cancer Institute,,G1084003004,,
W2074018533,Dr Quynh Van Le,,National Cancer Institute,,G3318684225,,
W2074018533,Dr Quynh Van Le,,National Cancer Institute,,G4006615129,,
W2074018533,Dr Quynh Van Le,,National Cancer Institute,,G5202301410,,
W2074018533,Dr Quynh Van Le,,National Cancer Institute,,G8004033571,,
W2148591855,Dr Quynh Van Le,,National Cancer Institute,,G7894080719,,
W2148591855,Dr Quynh Van Le,,National Cancer Institute,,G8004033571,,
W3148747298,Dr Quynh Van Le,,National Cancer Institute,,G2908393891,,
W3148747298,Dr Quynh Van Le,,National Cancer Institute,,G6318623404,,
W3047925725,Dr Quynh Van Le,,Cancer Research UK,,G5522554483,,
W3047925725,Dr Quynh Van Le,,"Ministry of Education, Culture, Sports, Science and Technology",,G7522173772,,
W3047925725,Dr Quynh Van Le,,"Ministry of Education, Culture, Sports, Science and Technology",,G8753360238,,
W3008721762,Dr Quynh Van Le,,National Institute of Dental and Craniofacial Research,,G1046261166,,
W4379094539,Dr Quynh Van Le,,NRG Oncology,,G2121131989,,
W4379094539,Dr Quynh Van Le,,National Cancer Institute,,G2554729840,,
W4379094539,Dr Quynh Van Le,,National Cancer Institute,,G2908393891,,
W4379094539,Dr Quynh Van Le,,National Cancer Institute,,G3064683840,,
W4379094539,Dr Quynh Van Le,,National Cancer Institute,,G3454386861,,
W4379094539,Dr Quynh Van Le,,National Cancer Institute,,G434901823,,
W4379094539,Dr Quynh Van Le,,National Cancer Institute,,G5077987289,,
W4379094539,Dr Quynh Van Le,,National Cancer Institute,,G5110314844,,
W4379094539,Dr Quynh Van Le,,National Cancer Institute,,G6318623404,,
W4379094539,Dr Quynh Van Le,,NRG Oncology,,G6703173951,,
W4379094539,Dr Quynh Van Le,,National Cancer Institute,,G7058195172,,
W4379094539,Dr Quynh Van Le,,NRG Oncology,,G7286866123,,
W4379094539,Dr Quynh Van Le,,National Cancer Institute,,G7683844296,,
W4379094539,Dr Quynh Van Le,,NRG Oncology,,G815495650,,
W4379094539,Dr Quynh Van Le,,National Cancer Institute,,G8722719348,,
W4411724484,Dr Quynh Van Le,,National Institute of Dental and Craniofacial Research,,G1315287416,,
W4411724484,Dr Quynh Van Le,,National Institute of Dental and Craniofacial Research,,G1892677220,,
W4411724484,Dr Quynh Van Le,,U.S. Department of Veterans Affairs,,G208761106,,
W4411724484,Dr Quynh Van Le,,National Cancer Institute,,G2283406183,,
W4411724484,Dr Quynh Van Le,,National Cancer Institute,,G2870083389,,
W4411724484,Dr Quynh Van Le,,National Cancer Institute,,G2908393891,,
W4411724484,Dr Quynh Van Le,,National Cancer Institute,,G3425694315,,
W4411724484,Dr Quynh Van Le,,National Cancer Institute,,G4533328248,,
W4411724484,Dr Quynh Van Le,,National Institutes of Health,,G4687026333,,
W4411724484,Dr Quynh Van Le,,National Institute of Dental and Craniofacial Research,,G4695343607,,
W4411724484,Dr Quynh Van Le,,National Institute of Dental and Craniofacial Research,,G515441090,,
W4411724484,Dr Quynh Van Le,,National Institutes of Health,,G5220741728,,
W4411724484,Dr Quynh Van Le,,National Institutes of Health,,G5285450312,,
W4411724484,Dr Quynh Van Le,,National Cancer Institute,,G5311560395,,
W4411724484,Dr Quynh Van Le,,U.S. Department of Veterans Affairs,,G5573910450,,
W4411724484,Dr Quynh Van Le,,U.S. Department of Veterans Affairs,,G5714347835,,
W4411724484,Dr Quynh Van Le,,U.S. Department of Veterans Affairs,,G5988757229,,
W4411724484,Dr Quynh Van Le,,National Institute of Dental and Craniofacial Research,,G6466281246,,
W4411724484,Dr Quynh Van Le,,National Institutes of Health,,G6536990004,,
W4411724484,Dr Quynh Van Le,,National Institute of Dental and Craniofacial Research,,G6597854303,,
W4411724484,Dr Quynh Van Le,,National Institute of Dental and Craniofacial Research,,G6786136371,,
W4411724484,Dr Quynh Van Le,,U.S. Department of Veterans Affairs,,G6991630758,,
W4411724484,Dr Quynh Van Le,,National Cancer Institute,,G7064640711,,
W4411724484,Dr Quynh Van Le,,U.S. Department of Veterans Affairs,,G7188679532,,
W4411724484,Dr Quynh Van Le,,National Institutes of Health,,G7707088817,,
W4411724484,Dr Quynh Van Le,,National Institute of Dental and Craniofacial Research,,G7913809676,,
W4411724484,Dr Quynh Van Le,,National Institutes of Health,,G8130962560,,
W4411724484,Dr Quynh Van Le,,National Institutes of Health,,G8815146961,,
W4411004966,Dr Quynh Van Le,,National Cancer Institute,,G2908393891,,
W4411004966,Dr Quynh Van Le,,National Cancer Institute,,G3064683840,,
W4411004966,Dr Quynh Van Le,,National Cancer Institute,,G3454386861,,
W4411004966,Dr Quynh Van Le,,National Cancer Institute,,G434901823,,
W4411004966,Dr Quynh Van Le,,National Cancer Institute,,G4629009899,,
W4411004966,Dr Quynh Van Le,,National Cancer Institute,,G4635459854,,
W4411004966,Dr Quynh Van Le,,EMD Serono,,G6047002288,,
W4411004966,Dr Quynh Van Le,,National Cancer Institute,,G6318623404,,
W4411004966,Dr Quynh Van Le,,NRG Oncology,,G6703173951,,
W4411004966,Dr Quynh Van Le,,EMD Serono,,G6875260017,,
W4411004966,Dr Quynh Van Le,,EMD Serono,,G699184124,,
W4411004966,Dr Quynh Van Le,,National Cancer Institute,,G7058195172,,
W4411004966,Dr Quynh Van Le,,NRG Oncology,,G7286866123,,
W4411004966,Dr Quynh Van Le,,NRG Oncology,,G815495650,,
W4412776056,Dr Quynh Van Le,,National Cancer Institute,,G3064683840,,
W4412776056,Dr Quynh Van Le,,National Cancer Institute,,G3454386861,,
W4412776056,Dr Quynh Van Le,,National Cancer Institute,,G434901823,,
W4412776056,Dr Quynh Van Le,,EMD Serono,,G6047002288,,
W4412776056,Dr Quynh Van Le,,NRG Oncology,,G6703173951,,
W4412776056,Dr Quynh Van Le,,EMD Serono,,G6875260017,,
W4412776056,Dr Quynh Van Le,,EMD Serono,,G699184124,,
W4412776056,Dr Quynh Van Le,,NRG Oncology,,G7286866123,,
W4412776056,Dr Quynh Van Le,,NRG Oncology,,G815495650,,
W1999086587,Dr Quynh Van Le,,National Cancer Institute,,G6408983997,,
W1999086587,Dr Quynh Van Le,,National Cancer Institute,,G8004033571,,
W2100268360,Dr Quynh Van Le,,National Cancer Institute,,G4006615129,,
W2100268360,Dr Quynh Van Le,,National Cancer Institute,,G5202301410,,
W2036541158,Dr Quynh Van Le,,National Institute of Dental and Craniofacial Research,,G1529675201,,
W2036541158,Dr Quynh Van Le,,National Cancer Institute,,G1808023464,,
W2036541158,Dr Quynh Van Le,,National Cancer Institute,,G1893718311,,
W2036541158,Dr Quynh Van Le,,National Cancer Institute,,G2368087976,,
W2036541158,Dr Quynh Van Le,,National Cancer Institute,,G2932694041,,
W2036541158,Dr Quynh Van Le,,National Cancer Institute,,G3056245562,,
W2036541158,Dr Quynh Van Le,,National Cancer Institute,,G4006615129,,
W2036541158,Dr Quynh Van Le,,National Cancer Institute,,G433190984,,
W2036541158,Dr Quynh Van Le,,National Cancer Institute,,G4559479200,,
W2036541158,Dr Quynh Van Le,,National Cancer Institute,,G4635459854,,
W2036541158,Dr Quynh Van Le,,National Cancer Institute,,G5202301410,,
W2036541158,Dr Quynh Van Le,,National Cancer Institute,,G5520364560,,
W2036541158,Dr Quynh Van Le,,National Cancer Institute,,G6345474057,,
W2036541158,Dr Quynh Van Le,,National Cancer Institute,,G6951967217,,
W2036541158,Dr Quynh Van Le,,National Cancer Institute,,G898094265,,
W1975643709,Dr Quynh Van Le,,National Human Genome Research Institute,,G132990208,,
W1975643709,Dr Quynh Van Le,,National Human Genome Research Institute,,G3075648001,,
W1975643709,Dr Quynh Van Le,,National Cancer Institute,,G3318684225,,
W1975643709,Dr Quynh Van Le,,National Cancer Institute,,G4458329181,,
W1975643709,Dr Quynh Van Le,,National Cancer Institute,,G5202301410,,
W1975643709,Dr Quynh Van Le,,National Human Genome Research Institute,,G5255175588,,
W1975643709,Dr Quynh Van Le,,National Cancer Institute,,G8004033571,,
W1995282868,Dr Quynh Van Le,,National Cancer Institute,,G533094449,,
W2097642780,Dr Quynh Van Le,,National Cancer Institute,,G1084003004,,
W2097642780,Dr Quynh Van Le,,National Cancer Institute,,G1528230960,,
W2097642780,Dr Quynh Van Le,,National Cancer Institute,,G2245801794,,
W2097642780,Dr Quynh Van Le,,National Cancer Institute,,G5311560395,,
W2097642780,Dr Quynh Van Le,,National Cancer Institute,,G8004033571,,
W2097642780,Dr Quynh Van Le,,National Cancer Institute,,G8575751165,,
W4280494667,Dr Quynh Van Le,,National Institute of Allergy and Infectious Diseases,,G1863964350,,
W4280494667,Dr Quynh Van Le,,National Cancer Institute,,G2178698503,,
W4280494667,Dr Quynh Van Le,,NRG Oncology,,G2345264100,,
W4280494667,Dr Quynh Van Le,,National Cancer Institute,,G2908393891,,
W4280494667,Dr Quynh Van Le,,National Cancer Institute,,G3117298063,,
W4280494667,Dr Quynh Van Le,,National Cancer Institute,,G339399606,,
W4280494667,Dr Quynh Van Le,,National Cancer Institute,,G4319453063,,
W4280494667,Dr Quynh Van Le,,National Cancer Institute,,G6318623404,,
W4280494667,Dr Quynh Van Le,,NRG Oncology,,G6703173951,,
W4280494667,Dr Quynh Van Le,,National Institute of Dental and Craniofacial Research,,G6997160877,,
W4280494667,Dr Quynh Van Le,,National Cancer Institute,,G7058195172,,
W4280494667,Dr Quynh Van Le,,National Institute of Dental and Craniofacial Research,,G7094316423,,
W4280494667,Dr Quynh Van Le,,NRG Oncology,,G7286866123,,
W4280494667,Dr Quynh Van Le,,NRG Oncology,,G815495650,,
W4280494667,Dr Quynh Van Le,,Japan Society for the Promotion of Science,,G8381443765,Investigation of extracapsular spread specific gene mutation of the cervical lymph node metastasis in oral cancer,
W3210655451,Dr Quynh Van Le,,National Cancer Institute,,G1974211183,,
W3210655451,Dr Quynh Van Le,,National Cancer Institute,,G2908393891,,
W3210655451,Dr Quynh Van Le,,National Cancer Institute,,G3064683840,,
W3210655451,Dr Quynh Van Le,,National Cancer Institute,,G3454386861,,
W3210655451,Dr Quynh Van Le,,National Cancer Institute,,G434901823,,
W3210655451,Dr Quynh Van Le,,National Cancer Institute,,G6318623404,,
W3210655451,Dr Quynh Van Le,,National Cancer Institute,,G7058195172,,
W4294276818,Dr Quynh Van Le,,NRG Oncology,,G2121131989,,
W4294276818,Dr Quynh Van Le,,Pennsylvania Department of Health,,G2141699258,,
W4294276818,Dr Quynh Van Le,,National Cancer Institute,,G2554729840,,
W4294276818,Dr Quynh Van Le,,Pennsylvania Department of Health,,G2727472030,,
W4294276818,Dr Quynh Van Le,,National Cancer Institute,,G2908393891,,
W4294276818,Dr Quynh Van Le,,National Cancer Institute,,G3053988604,,
W4294276818,Dr Quynh Van Le,,National Cancer Institute,,G3064683840,,
W4294276818,Dr Quynh Van Le,,National Cancer Institute,,G3454386861,,
W4294276818,Dr Quynh Van Le,,National Cancer Institute,,G434901823,,
W4294276818,Dr Quynh Van Le,,National Cancer Institute,,G5077987289,,
W4294276818,Dr Quynh Van Le,,National Cancer Institute,,G6105514657,,
W4294276818,Dr Quynh Van Le,,National Cancer Institute,,G6318623404,,
W4294276818,Dr Quynh Van Le,,NRG Oncology,,G6703173951,,
W4294276818,Dr Quynh Van Le,,National Cancer Institute,,G7058195172,,
W4294276818,Dr Quynh Van Le,,NRG Oncology,,G7286866123,,
W4294276818,Dr Quynh Van Le,,NRG Oncology,,G815495650,,
W4388595249,Dr Quynh Van Le,,Institut National Du Cancer,,G1263219437,,
W4388595249,Dr Quynh Van Le,,National Cancer Institute,,G2908393891,,
W4388595249,Dr Quynh Van Le,,Institut National Du Cancer,,G3062382421,,
W4388595249,Dr Quynh Van Le,,National Cancer Institute,,G3064683840,,
W4388595249,Dr Quynh Van Le,,National Cancer Institute,,G3454386861,,
W4388595249,Dr Quynh Van Le,,National Cancer Institute,,G6318623404,,
W4388595249,Dr Quynh Van Le,,NRG Oncology,,G6703173951,,
W4388595249,Dr Quynh Van Le,,Institut National Du Cancer,,G7904462190,,
W4388595249,Dr Quynh Van Le,,NRG Oncology,,G815495650,,
W2142538110,Dr Quynh Van Le,,U.S. Public Health Service,,G121795637,,
W2142538110,Dr Quynh Van Le,,National Cancer Institute,,G1744983823,,
W2142538110,Dr Quynh Van Le,,National Cancer Institute,,G7507271246,,
W2142538110,Dr Quynh Van Le,,National Cancer Institute,,G8001917553,,
W2142538110,Dr Quynh Van Le,,National Cancer Institute,,G87246893,,
W3081696000,Dr Quynh Van Le,,National Cancer Institute,,G2908393891,,
W3081696000,Dr Quynh Van Le,,National Cancer Institute,,G3064683840,,
W3081696000,Dr Quynh Van Le,,National Cancer Institute,,G434901823,,
W3081696000,Dr Quynh Van Le,,National Cancer Institute,,G6318623404,,
W3081696000,Dr Quynh Van Le,,NRG Oncology,,G6703173951,,
W3081696000,Dr Quynh Van Le,,National Cancer Institute,,G7058195172,,
W3081696000,Dr Quynh Van Le,,NRG Oncology,,G7286866123,,
W4318914838,Dr Quynh Van Le,,"School of Medicine, Stanford University",,G7938625557,,
W4311771935,Dr Quynh Van Le,,U.S. Department of Veterans Affairs,,G5411901319,,
W4389369785,Dr Quynh Van Le,,Cancer Research UK,,G5522554483,,
W4410266133,Dr Quynh Van Le,,National Natural Science Foundation of China,,G1627248265,,
W4410266133,Dr Quynh Van Le,,China Postdoctoral Science Foundation,,G4380302091,,
W4410266133,Dr Quynh Van Le,,China Postdoctoral Science Foundation,,G4949358075,,
W4410266133,Dr Quynh Van Le,,National Natural Science Foundation of China,,G5147086059,,
W4410266133,Dr Quynh Van Le,,Science and Technology Innovation Talents in Universities of Henan Province,,G5939413028,,
W4410266133,Dr Quynh Van Le,,Natural Science Foundation of Henan Province,,G6131341542,,
W2021501813,Dr Quynh Van Le,,National Cancer Institute,,G533094449,,
W2066474732,Dr Quynh Van Le,,National Cancer Institute,,G3472705810,,
W2066474732,Dr Quynh Van Le,,National Cancer Institute,,G8088282500,,
W2027980716,Dr Quynh Van Le,,National Cancer Institute,,G2908393891,,
W2027980716,Dr Quynh Van Le,,National Cancer Institute,,G2932694041,,
W2027980716,Dr Quynh Van Le,,National Cancer Institute,,G3111734756,,
W2027980716,Dr Quynh Van Le,,National Cancer Institute,,G4635459854,,
W2027980716,Dr Quynh Van Le,,National Cancer Institute,,G6318623404,,
W2027980716,Dr Quynh Van Le,,National Cancer Institute,,G670921293,,
W2890043538,Dr Quynh Van Le,,National Cancer Institute,,G2908393891,,
W2890043538,Dr Quynh Van Le,,National Cancer Institute,,G2932694041,,
W2890043538,Dr Quynh Van Le,,National Cancer Institute,,G6318623404,,
W2905951019,Dr Quynh Van Le,,National Institutes of Health,,G3000536184,,
W2905951019,Dr Quynh Van Le,,National Center for Research Resources,,G8192965839,,
W4400577785,Dr Quynh Van Le,,National Institute of Dental and Craniofacial Research,,G1315287416,,
W4400577785,Dr Quynh Van Le,,National Institute of Dental and Craniofacial Research,,G1892677220,,
W4400577785,Dr Quynh Van Le,,National Cancer Institute,,G2283406183,,
W4400577785,Dr Quynh Van Le,,National Cancer Institute,,G3425694315,,
W4400577785,Dr Quynh Van Le,,National Institute of Dental and Craniofacial Research,,G4695343607,,
W4400577785,Dr Quynh Van Le,,National Cancer Institute,,G5110314844,,
W4400577785,Dr Quynh Van Le,,National Institute of Dental and Craniofacial Research,,G515441090,,
W4400577785,Dr Quynh Van Le,,National Cancer Institute,,G521034534,,
W4400577785,Dr Quynh Van Le,,National Cancer Institute,,G5311560395,,
W4400577785,Dr Quynh Van Le,,National Institute of Dental and Craniofacial Research,,G6597854303,,
W4400577785,Dr Quynh Van Le,,National Institute of Dental and Craniofacial Research,,G7913809676,,
W4315465091,Dr Quynh Van Le,,National Institutes of Health,,G1227254532,,
W4315465091,Dr Quynh Van Le,,Cancer Research UK,,G1271970818,,
W4315465091,Dr Quynh Van Le,,Cancer Research UK,,G1325498775,,
W4315465091,Dr Quynh Van Le,,National Institutes of Health,,G1685126968,,
W4315465091,Dr Quynh Van Le,,Medical Research Council,,G2491400274,Targeting the complement system to improve radiation response,
W4315465091,Dr Quynh Van Le,,Cancer Research UK,,G2555714370,,
W4315465091,Dr Quynh Van Le,,Cancer Research UK,,G3994082246,,
W4315465091,Dr Quynh Van Le,,Medical Research Council,,G4643374311,,
W4315465091,Dr Quynh Van Le,,Medical Research Council,,G4741391056,,
W4315465091,Dr Quynh Van Le,,Medical Research Council,,G5118354679,,
W4315465091,Dr Quynh Van Le,,Cancer Research UK,,G5718954505,,
W4315465091,Dr Quynh Van Le,,Cancer Research UK,,G6987710327,,
W4315465091,Dr Quynh Van Le,,National Health and Medical Research Council,,G8935986701,Developing new therapies targeting innate immune mediated inflammation in neurodegenerative disease,
W4410122988,Dr Quynh Van Le,,National Institutes of Health,,G1301437160,,
W4410122988,Dr Quynh Van Le,,National Institutes of Health,,G1383167992,,
W4410122988,Dr Quynh Van Le,,National Cancer Institute,,G1520492482,,
W4410122988,Dr Quynh Van Le,,National Institutes of Health,,G1617285374,,
W4410122988,Dr Quynh Van Le,,National Institutes of Health,,G2366139699,,
W4410122988,Dr Quynh Van Le,,National Institutes of Health,,G2514296692,,
W4410122988,Dr Quynh Van Le,,National Cancer Institute,,G2870083389,,
W4410122988,Dr Quynh Van Le,,National Cancer Institute,,G2969561379,,
W4410122988,Dr Quynh Van Le,,National Institutes of Health,,G3059815358,,
W4410122988,Dr Quynh Van Le,,National Institutes of Health,,G3751992937,,
W4410122988,Dr Quynh Van Le,,National Institutes of Health,,G3769211217,,
W4410122988,Dr Quynh Van Le,,National Cancer Institute,,G3804934697,,
W4410122988,Dr Quynh Van Le,,National Institutes of Health,,G4569548218,,
W4410122988,Dr Quynh Van Le,,National Institutes of Health,,G499844473,,
W4410122988,Dr Quynh Van Le,,National Cancer Institute,,G5186258817,,
W4410122988,Dr Quynh Van Le,,National Institutes of Health,,G5451442144,,
W4410122988,Dr Quynh Van Le,,National Institutes of Health,,G5482960467,,
W4410122988,Dr Quynh Van Le,,National Cancer Institute,,G6123554445,,
W4410122988,Dr Quynh Van Le,,National Institutes of Health,,G6396191683,,
W4410122988,Dr Quynh Van Le,,National Cancer Institute,,G7450119003,,
W4410122988,Dr Quynh Van Le,,National Institutes of Health,,G7707088817,,
W4410122988,Dr Quynh Van Le,,National Institutes of Health,,G7789711606,,
W4410122988,Dr Quynh Van Le,,National Cancer Institute,,G8028046657,,
W4410122988,Dr Quynh Van Le,,National Institutes of Health,,G8206560656,,
W4410122988,Dr Quynh Van Le,,National Institutes of Health,,G8801385293,,
W4410122988,Dr Quynh Van Le,,National Institutes of Health,,G8893513715,,
W4410122988,Dr Quynh Van Le,,National Institutes of Health,,G981958850,,
W2141457877,Dr Quynh Van Le,,National Cancer Institute,,G2106191292,,
W2141457877,Dr Quynh Van Le,,National Cancer Institute,,G7278063516,,
W2141457877,Dr Quynh Van Le,,National Cancer Institute,,G7748508769,,
W2141457877,Dr Quynh Van Le,,National Cancer Institute,,G8384381211,,
W4234188306,Dr Quynh Van Le,,National Center for Advancing Translational Sciences,,G4525995888,,
W4234188306,Dr Quynh Van Le,,National Center for Research Resources,,G4896855234,,
W4234188306,Dr Quynh Van Le,,National Institutes of Health,,G5114777907,,
W4234188306,Dr Quynh Van Le,,National Institutes of Health,,G523118074,,
W4400600705,Dr Quynh Van Le,,U.S. Department of Defense,,G4119534169,,
W4400600705,Dr Quynh Van Le,,National Institutes of Health,,G5850682332,,
W4400600705,Dr Quynh Van Le,,National Institutes of Health,,G7366869025,,
W4400600705,Dr Quynh Van Le,,National Institutes of Health,,G8109197904,,
W4400600705,Dr Quynh Van Le,,National Institutes of Health,,G8911813225,,
W4414011485,Dr Quynh Van Le,,International Atomic Energy Agency,,G7123626124,,
W4415596677,Dr Quynh Van Le,,NIH Office of the Director,,G3978835131,,
W4415596677,Dr Quynh Van Le,,NIH Office of the Director,,G4576320238,,
W4416221274,Dr Quynh Van Le,,National Institutes of Health,,G1227254532,,
W4416221274,Dr Quynh Van Le,,Cancer Research UK,,G1271970818,,
W4416221274,Dr Quynh Van Le,,Cancer Research UK,,G1325498775,,
W4416221274,Dr Quynh Van Le,,National Institutes of Health,,G1685126968,,
W4416221274,Dr Quynh Van Le,,Medical Research Council,,G2491400274,Targeting the complement system to improve radiation response,
W4416221274,Dr Quynh Van Le,,Medical Research Council,,G5118354679,,
W4416221274,Dr Quynh Van Le,,Cancer Research UK,,G6987710327,,
W7124136944,Dr Quynh Van Le,,American Association of Physicists in Medicine,,G1829906156,,
W7124136944,Dr Quynh Van Le,,Massachusetts General Hospital,,G4476285258,,
W7124136944,Dr Quynh Van Le,,Massachusetts General Hospital,,G5607025778,,
W7167217697,Dr Quynh Van Le,,National Institutes of Health,,G426698037,,
W7167217697,Dr Quynh Van Le,,American Cancer Society,,G4939341771,FTO in kidney cancer: Molecular mechanisms and targeted therapy,
W7167217697,Dr Quynh Van Le,,National Institutes of Health,,G7707088817,,
W4404254520,Dr Rachael Stewart Foster,,National Health and Medical Research Council,,G3544552357,The microbial ecology of the upper airways in children,
W2340938285,Dr Rebecca  Dunn,,National Institute for Health and Care Research,,G6749135745,,
W1587546753,Dr Rebecca  Dunn,,National Institute for Health and Care Research,,G2284767473,,
W2020966907,Dr Rebecca  Dunn,,U.S. Public Health Service,,G5012044711,,
W2020966907,Dr Rebecca  Dunn,,U.S. Public Health Service,,G5806402681,,
W2743358303,Dr Rebecca Bronwyn Saunderson,,Medical Research Council,,G158910512,,
W2743358303,Dr Rebecca Bronwyn Saunderson,,Academy of Medical Sciences,,G1991282833,,
W2111469370,Dr Rebecca Bronwyn Saunderson,,Academy of Medical Sciences,,G1991282833,,
W2168671586,Dr Rebecca Bronwyn Saunderson,,Academy of Medical Sciences,,G1991282833,,
W2168671586,Dr Rebecca Bronwyn Saunderson,,Medical Research Council,,G5371099781,,
W2168671586,Dr Rebecca Bronwyn Saunderson,,United Kingdom Clinical Research Collaboration,,G6569692151,,
W4409290237,Dr Rebecca Bronwyn Saunderson,,Royal Brisbane and Women's Hospital Foundation,,G3046913199,,
W1987536295,Dr Robert MacDonald Miller,,Eunice Kennedy Shriver National Institute of Child Health and Human Development,,G1559378805,,
W1987536295,Dr Robert MacDonald Miller,,Eunice Kennedy Shriver National Institute of Child Health and Human Development,,G6819271425,,
W2032853538,Dr Robert MacDonald Miller,,National Institute of Neurological Disorders and Stroke,,G8517934304,,
W2011277845,Dr Robert MacDonald Miller,,National Institute on Deafness and Other Communication Disorders,,G3520818055,,
W2011277845,Dr Robert MacDonald Miller,,National Institute on Deafness and Other Communication Disorders,,G7822284285,,
W2073523589,Dr Robert MacDonald Miller,,Eunice Kennedy Shriver National Institute of Child Health and Human Development,,G1559378805,,
W2073523589,Dr Robert MacDonald Miller,,Eunice Kennedy Shriver National Institute of Child Health and Human Development,,G3411673065,,
W2073523589,Dr Robert MacDonald Miller,,National Institute of Arthritis and Musculoskeletal and Skin Diseases,,G4551229593,,
W2073523589,Dr Robert MacDonald Miller,,Eunice Kennedy Shriver National Institute of Child Health and Human Development,,G6819271425,,
W1998911610,Dr Robert MacDonald Miller,,Eunice Kennedy Shriver National Institute of Child Health and Human Development,,G1559378805,,
W2124481713,Dr Robert MacDonald Miller,,Eunice Kennedy Shriver National Institute of Child Health and Human Development,,G1559378805,,
W2081195447,Dr Robert MacDonald Miller,,National Institute on Deafness and Other Communication Disorders,,G4397013741,,
W2004125529,Dr Robert MacDonald Miller,,National Institute of Dental and Craniofacial Research,,G2358232665,,
W3046117460,Dr Robert MacDonald Miller,,National Institutes of Health,,G4068523655,,
W3046117460,Dr Robert MacDonald Miller,,National Center for Advancing Translational Sciences,,G4831597207,,
W3128147520,Dr Robert MacDonald Miller,,National Center for Advancing Translational Sciences,,G4831597207,,
W2089449544,Dr Roland  Brand,,National Institute of Diabetes and Digestive and Kidney Diseases,,G132749651,,
W2089449544,Dr Roland  Brand,,National Institute of Diabetes and Digestive and Kidney Diseases,,G4943769824,,
W2089449544,Dr Roland  Brand,,National Institute of Diabetes and Digestive and Kidney Diseases,,G8352337796,,
W3196275328,Dr Samantha  Eisman,,Pfizer,,G3424834818,,
W2152185999,Dr Sarah Kym Morton,,Natural Environment Research Council,,G2186628181,,
W2152185999,Dr Sarah Kym Morton,,Economic and Social Research Council,,G3807021818,,
W2152185999,Dr Sarah Kym Morton,,Sight Research UK,,G6462425095,,
W2152185999,Dr Sarah Kym Morton,,Economic and Social Research Council,,G692989446,,
W2044082104,Dr Sarah Kym Morton,,Economic and Social Research Council,,G6272606413,,
W2607183653,Dr Sarah Kym Morton,,National Science Foundation,,G3201247408,"The Two-Body Problem: An Evaluation of University Partner Accommodation Policies with Implications for Recruitment, Retention, and Promotion of STEM Women",
W2607183653,Dr Sarah Kym Morton,,Division of Social and Economic Sciences,,G6254357473,,
W2568638414,Dr Sarah Kym Morton,,Economic and Social Research Council,,G1814584890,,
W2568638414,Dr Sarah Kym Morton,,Economic and Social Research Council,,G6730570292,Evidence Request Bank development,
W2568638414,Dr Sarah Kym Morton,,Economic and Social Research Council,,G8167274077,,
W2797490914,Dr Sarah Kym Morton,,National Science Foundation,,G3201247408,"The Two-Body Problem: An Evaluation of University Partner Accommodation Policies with Implications for Recruitment, Retention, and Promotion of STEM Women",
W3093292403,Dr Sarah Louise Smithson,,Nederlandse Organisatie voor Wetenschappelijk Onderzoek,,G2016771265,,
W3093292403,Dr Sarah Louise Smithson,,European Commission,,G4121282423,,
W3093292403,Dr Sarah Louise Smithson,,National Institute for Health and Care Research,,G4288252111,NIHR Senior Investigator Award,
W3093292403,Dr Sarah Louise Smithson,,National Institute for Health and Care Research,,G4720378651,NIHR Senior Investigator Award,
W3093292403,Dr Sarah Louise Smithson,,National Institute for Health and Care Research,,G5654121726,Deciphering Developmental Disorders,
W3093292403,Dr Sarah Louise Smithson,,Medical Research Council,,G680513197,,
W3093292403,Dr Sarah Louise Smithson,,Cancer Research UK,,G6838766548,,
W3093292403,Dr Sarah Louise Smithson,,European Commission,,G7759977657,Solving the unsolved Rare Diseases,
W3093292403,Dr Sarah Louise Smithson,,European Commission,,G7842005466,,
W3093292403,Dr Sarah Louise Smithson,,Bowel Cancer UK,,G8986495343,,
W2111661868,Dr Sarah Louise Smithson,,British Heart Foundation,,G1167193394,Genetic analysis of phenotypically well defined patients with primary lymphoedema using next generation sequencing,
W2111661868,Dr Sarah Louise Smithson,,British Heart Foundation,,G3725341826,,
W2111661868,Dr Sarah Louise Smithson,,British Heart Foundation,,G4966026646,The molecular genetics basis of pulmonary arterial hypertension,
W2111661868,Dr Sarah Louise Smithson,,National Institute for Health and Care Research,,G5769205366,NIHR Senior Investigator Award,
W1977221972,Dr Sarah Louise Smithson,,Biotechnology and Biological Sciences Research Council,,G5693107050,TGAC NCG: National Genomics Facility,
W1977221972,Dr Sarah Louise Smithson,,Biotechnology and Biological Sciences Research Council,,G6123500221,,
W1977221972,Dr Sarah Louise Smithson,,Wellcome Trust,,G8666890344,Wellcome Trust Sanger Institute - generic account for deposition of all core- funded research papers,
W2040675004,Dr Sarah Louise Smithson,,National Institute for Health and Care Research,,G5769205366,NIHR Senior Investigator Award,
W2069351794,Dr Sarah Louise Smithson,,Eunice Kennedy Shriver National Institute of Child Health and Human Development,,G2303966458,,
W2069351794,Dr Sarah Louise Smithson,,Eunice Kennedy Shriver National Institute of Child Health and Human Development,,G5287277931,,
W2163888890,Dr Sarah Louise Smithson,,National Institute of Allergy and Infectious Diseases,,G1554648584,,
W2163888890,Dr Sarah Louise Smithson,,National Institutes of Health,,G1906582379,,
W2163888890,Dr Sarah Louise Smithson,,Medical Research Council,,G2845140800,Identifying factors required for genomic DNA methylation using the imprinting control protein ZFP57,
W2163888890,Dr Sarah Louise Smithson,,National Institutes of Health,,G3289347636,,
W2163888890,Dr Sarah Louise Smithson,,National Institute of Allergy and Infectious Diseases,,G4505255144,,
W2163888890,Dr Sarah Louise Smithson,,National Institute of Allergy and Infectious Diseases,,G4760490583,,
W2163888890,Dr Sarah Louise Smithson,,National Institute for Health and Care Research,,G6532767902,,
W2163888890,Dr Sarah Louise Smithson,,National Institutes of Health,,G7237512698,,
W2163888890,Dr Sarah Louise Smithson,,National Institutes of Health,,G7305352537,,
W2163888890,Dr Sarah Louise Smithson,,"National Heart, Lung, and Blood Institute",,G841110416,,
W2163888890,Dr Sarah Louise Smithson,,Medical Research Council,,G8514995630,,
W2167740461,Dr Sarah Louise Smithson,,Wellcome Trust,,G7911028001,,
W2167740461,Dr Sarah Louise Smithson,,Wellcome Trust,,G8519312704,"Genetic, neurological and cognitive determinants of success and failure in learning a first language.",
W2619566212,Dr Sarah Louise Smithson,,Nederlandse Organisatie voor Wetenschappelijk Onderzoek,,G2057410764,,
W2619566212,Dr Sarah Louise Smithson,,Rosetrees Trust,,G334486217,,
W2619566212,Dr Sarah Louise Smithson,,Rosetrees Trust,,G4432758752,,
W2619566212,Dr Sarah Louise Smithson,,Wellcome Trust,,G448356136,Genetic and epigenetic investigations of childhood cancer and overgrowth syndromes.,
W2619566212,Dr Sarah Louise Smithson,,Biotechnology and Biological Sciences Research Council,,G4640468394,,
W2619566212,Dr Sarah Louise Smithson,,Wellcome Trust,,G5049982739,,
W2166573934,Dr Sarah Louise Smithson,,Nierstichting,,G4000253321,,
W2166573934,Dr Sarah Louise Smithson,,Wellcome Trust,,G4321129689,,
W2166573934,Dr Sarah Louise Smithson,,National Institute for Health and Care Research,,G5108612300,NIHR Senior Investigator Award,
W2166573934,Dr Sarah Louise Smithson,,Wellcome Trust,,G7004411822,Understanding the genetic basis of common human diseases: core funding for the Wellcome Trust Centre for Human Genetics.,
W2166573934,Dr Sarah Louise Smithson,,Medical Research Council,,G78058795,,
W2166573934,Dr Sarah Louise Smithson,,Nierstichting,,G8098039552,,
W2166573934,Dr Sarah Louise Smithson,,Wellcome Trust,,G8491121283,,
W2765715217,Dr Sarah Louise Smithson,,National Institute for Health and Care Research,,G1981701,Translational genomics- maximising potential for NHS patient care.,
W2765715217,Dr Sarah Louise Smithson,,National Medical Research Council,,G2408444514,,
W2765715217,Dr Sarah Louise Smithson,,Medical Research Council,,G2495217882,,
W2765715217,Dr Sarah Louise Smithson,,Medical Research Council,,G5306625668,,
W2765715217,Dr Sarah Louise Smithson,,Engineering and Physical Sciences Research Council,,G5466898673,,
W2765715217,Dr Sarah Louise Smithson,,National Institute for Health and Care Research,,G5654121726,Deciphering Developmental Disorders,
W2765715217,Dr Sarah Louise Smithson,,Wellcome Trust,,G7291792222,,
W3206822721,Dr Sarah Louise Smithson,,Medical Research Council,,G1031160829,,
W3206822721,Dr Sarah Louise Smithson,,Medical Research Council,,G1150926281,,
W3206822721,Dr Sarah Louise Smithson,,Medical Research Council,,G1574110217,,
W3206822721,Dr Sarah Louise Smithson,,Wellcome Trust,,G2171695392,,
W3206822721,Dr Sarah Louise Smithson,,Medical Research Council,,G2580110809,,
W3206822721,Dr Sarah Louise Smithson,,Medical Research Council,,G3006725869,,
W3206822721,Dr Sarah Louise Smithson,,Medical Research Council,,G3572136757,,
W3206822721,Dr Sarah Louise Smithson,,National Institute for Health and Care Research,,G3896652466,,
W3206822721,Dr Sarah Louise Smithson,,Wellcome Trust,,G4367292120,,
W3206822721,Dr Sarah Louise Smithson,,Medical Research Council,,G4786407782,,
W3206822721,Dr Sarah Louise Smithson,,Medical Research Council,,G4913382734,,
W3206822721,Dr Sarah Louise Smithson,,Medical Research Council,,G508510482,,
W3206822721,Dr Sarah Louise Smithson,,National Institute for Health and Care Research,,G510273753,NIHR Senior Investigator Award,
W3206822721,Dr Sarah Louise Smithson,,Wellcome Trust,,G5551741726,,
W3206822721,Dr Sarah Louise Smithson,,Wellcome Trust,,G585178537,,
W3206822721,Dr Sarah Louise Smithson,,Medical Research Council,,G6146974483,,
W3206822721,Dr Sarah Louise Smithson,,Wellcome Trust,,G6485286384,,
W3206822721,Dr Sarah Louise Smithson,,National Institute for Health and Care Research,,G6646212428,NIHR Senior Investigator Award,
W3206822721,Dr Sarah Louise Smithson,,National Institute for Health and Care Research,,G718336771,The UK arm of a multi-centre study of the efficacy and safety of nicotinamide in patients with Friedreich’s ataxia (NICOFA),
W3206822721,Dr Sarah Louise Smithson,,Medical Research Council,,G959880536,,
W2808057155,Dr Sarah Louise Smithson,,Eunice Kennedy Shriver National Institute of Child Health and Human Development,,G2081485232,,
W2808057155,Dr Sarah Louise Smithson,,Medical Research Council,,G3923856125,,
W2808057155,Dr Sarah Louise Smithson,,National Institute of Neurological Disorders and Stroke,,G4582622097,,
W2808057155,Dr Sarah Louise Smithson,,National Institute for Health and Care Research,,G5419935415,NIHR Senior Investigator Award,
W2808057155,Dr Sarah Louise Smithson,,National Institute of Neurological Disorders and Stroke,,G6185193727,,
W2808057155,Dr Sarah Louise Smithson,,National Institute for Health and Care Research,,G7318068615,,
W2766819678,Dr Sarah Louise Smithson,,National Institute for Health and Care Research,,G7367366899,,
W2996239000,Dr Sarah Louise Smithson,,"National Heart, Lung, and Blood Institute",,G1188856539,,
W2996239000,Dr Sarah Louise Smithson,,Children's Discovery Institute,,G2023181532,,
W2996239000,Dr Sarah Louise Smithson,,Children's Discovery Institute,,G6920356883,,
W2996239000,Dr Sarah Louise Smithson,,American Heart Association,,G7254496894,KATP Channel Dysfunction in Cantu Syndrome and Cardiovascular Disease,
W2996239000,Dr Sarah Louise Smithson,,National Institutes of Health,,G8527089620,,
W3122084917,Dr Sarah Louise Smithson,,National Institute for Health and Care Research,,G4288252111,NIHR Senior Investigator Award,
W3122084917,Dr Sarah Louise Smithson,,Medical Research Council,,G5823484770,,
W3122084917,Dr Sarah Louise Smithson,,Medical Research Council,,G680513197,,
W3122084917,Dr Sarah Louise Smithson,,Wellcome Trust,,G7291792222,,
W4288037877,Dr Sarah Louise Smithson,,National Institute for Health and Care Research,,G1981701,Translational genomics- maximising potential for NHS patient care.,
W4288037877,Dr Sarah Louise Smithson,,Wellcome,,G4054687066,,
W4288037877,Dr Sarah Louise Smithson,,Wellcome Trust,,G6364281818,,
W4288037877,Dr Sarah Louise Smithson,,Rosetrees Trust,,G6878755255,,
W3158013157,Dr Sarah Louise Smithson,,Genome British Columbia,,G1026964416,,
W3158013157,Dr Sarah Louise Smithson,,National Institutes of Health,,G1045455449,,
W3158013157,Dr Sarah Louise Smithson,,National Human Genome Research Institute,,G148350174,,
W3158013157,Dr Sarah Louise Smithson,,"National Heart, Lung, and Blood Institute",,G1565454821,,
W3158013157,Dr Sarah Louise Smithson,,Agence Nationale de la Recherche,,G2926826636,Homeotic transformation of the jaw and central respiratory disorders in Auriculo-Condylar syndrome,
W3158013157,Dr Sarah Louise Smithson,,National Human Genome Research Institute,,G3122687724,,
W3158013157,Dr Sarah Louise Smithson,,"National Heart, Lung, and Blood Institute",,G3158448865,,
W3158013157,Dr Sarah Louise Smithson,,National Human Genome Research Institute,,G3974007657,,
W3158013157,Dr Sarah Louise Smithson,,ZonMw,,G446810349,,
W3158013157,Dr Sarah Louise Smithson,,BC Children’s Hospital Foundation,,G4538819274,,
W3158013157,Dr Sarah Louise Smithson,,Ministry of Health and Family Welfare,,G4929549181,,
W3158013157,Dr Sarah Louise Smithson,,Agence Nationale de la Recherche,,G4972125436,Institut Hospitalo-Universitaire Imagine,
W3158013157,Dr Sarah Louise Smithson,,Ministry of Health and Family Welfare,,G6737056451,,
W3158013157,Dr Sarah Louise Smithson,,Eunice Kennedy Shriver National Institute of Child Health and Human Development,,G682928733,,
W3158013157,Dr Sarah Louise Smithson,,Agence Nationale de la Recherche,,G7124250406,,
W3092360474,Dr Sarah Louise Smithson,,Eunice Kennedy Shriver National Institute of Child Health and Human Development,,G2677733725,,
W3092360474,Dr Sarah Louise Smithson,,National Institute of Neurological Disorders and Stroke,,G6185193727,,
W3092360474,Dr Sarah Louise Smithson,,National Institute of Neurological Disorders and Stroke,,G6478393100,,
W4398175715,Dr Sarah Louise Smithson,,National Institute for Health and Care Research,,G1981701,Translational genomics- maximising potential for NHS patient care.,
W4398175715,Dr Sarah Louise Smithson,,U.S. Army Medical Research Acquisition Activity,,G2766962502,,
W4398175715,Dr Sarah Louise Smithson,,Wellcome Trust,,G3071627590,,
W4398175715,Dr Sarah Louise Smithson,,European Commission,,G4431990245,,
W4398175715,Dr Sarah Louise Smithson,,Medical Research Council,,G5075428018,"Identifying New Disease Genes &amp; Mechanisms for Musculoskeletal Disorders in 100K Genomes Project using Bioinformatics, Phenotyping &amp; Machine Learning",
W4398175715,Dr Sarah Louise Smithson,,Medical Research Council,,G5563769041,,
W4398175715,Dr Sarah Louise Smithson,,National Institute for Health and Care Research,,G5776981858,,
W4398175715,Dr Sarah Louise Smithson,,Medical Research Council,,G5815037128,,
W4398175715,Dr Sarah Louise Smithson,,National Institute for Health and Care Research,,G6206044308,,
W4398175715,Dr Sarah Louise Smithson,,National Institute for Health and Care Research,,G7222005475,,
W4398175715,Dr Sarah Louise Smithson,,European Commission,,G7759977657,Solving the unsolved Rare Diseases,
W4398175715,Dr Sarah Louise Smithson,,European Commission,,G7842005466,,
W4398175715,Dr Sarah Louise Smithson,,National Institute for Health and Care Research,,G7864601654,,
W4398175715,Dr Sarah Louise Smithson,,Congressionally Directed Medical Research Programs,,G8071389774,,
W4398175715,Dr Sarah Louise Smithson,,National Institute for Health and Care Research,,G8409271866,,
W4307854883,Dr Sarah Louise Smithson,,Kavli Foundation,,G2390462417,,
W4307854883,Dr Sarah Louise Smithson,,Wellcome,,G5033441896,,
W4307854883,Dr Sarah Louise Smithson,,Medical Research Council,,G5823484770,,
W4307854883,Dr Sarah Louise Smithson,,Kavli Foundation,,G6966453737,,
W4307854883,Dr Sarah Louise Smithson,,Wellcome Trust,,G7318746411,,
W2101590636,Dr Sarah Louise Smithson,,British Heart Foundation,,G1167193394,Genetic analysis of phenotypically well defined patients with primary lymphoedema using next generation sequencing,
W2138396428,Dr Sarah Louise Smithson,,National Institute for Health and Care Research,,G2229261793,,
W2138396428,Dr Sarah Louise Smithson,,National Institute for Health and Care Research,,G2345942123,Molecular characterisation of multisystem disorders associated with corneal thinning.,
W2138396428,Dr Sarah Louise Smithson,,National Institute for Health and Care Research,,G2975643818,NIHR Senior Investigator Award,
W2598238115,Dr Sarah Louise Smithson,,Wellcome Trust,,G112998488,,
W2598238115,Dr Sarah Louise Smithson,,National Institute for Health and Care Research,,G1851182329,,
W2598238115,Dr Sarah Louise Smithson,,National Institute for Health and Care Research,,G5654121726,Deciphering Developmental Disorders,
W2598238115,Dr Sarah Louise Smithson,,Wellcome Trust,,G7291792222,,
W2598238115,Dr Sarah Louise Smithson,,Wellcome Trust,,G8666890344,Wellcome Trust Sanger Institute - generic account for deposition of all core- funded research papers,
W2301847182,Dr Sarah Louise Smithson,,Japan Society for the Promotion of Science,,G1026864290,Search for genetic causes and autoantibodies of retinitis pigmentosa sine pigmento,
W2301847182,Dr Sarah Louise Smithson,,Japan Society for the Promotion of Science,,G4867727224,Gene identification using the efficient massive parallel sequencing and elucidation of the pathomechanism of the intractable diseases,
W2888445925,Dr Sarah Louise Smithson,,Wellcome Trust,,G1658735394,,
W2888445925,Dr Sarah Louise Smithson,,Wellcome Trust,,G6201538088,,
W3129262272,Dr Sarah Louise Smithson,,Deutsche Forschungsgemeinschaft,,G151055541,,
W4214650385,Dr Sarah Louise Smithson,,Wellcome Trust,,G112998488,,
W4214650385,Dr Sarah Louise Smithson,,National Institute for Health and Care Research,,G1851182329,,
W4214650385,Dr Sarah Louise Smithson,,Ministero della Salute,,G3265089919,,
W4214650385,Dr Sarah Louise Smithson,,Nederlandse Organisatie voor Wetenschappelijk Onderzoek,,G401494506,Pacing the heart; studying the underlying principles of biological pacemakers,
W4214650385,Dr Sarah Louise Smithson,,Ministero della Salute,,G4773071290,,
W4214650385,Dr Sarah Louise Smithson,,National Institute for Health and Care Research,,G5654121726,Deciphering Developmental Disorders,
W4214650385,Dr Sarah Louise Smithson,,Ministero della Salute,,G6238747809,,
W4214650385,Dr Sarah Louise Smithson,,Wellcome Trust,,G7291792222,,
W4214650385,Dr Sarah Louise Smithson,,Nederlandse Organisatie voor Wetenschappelijk Onderzoek,,G7673600251,,
W4214650385,Dr Sarah Louise Smithson,,Nederlandse Organisatie voor Wetenschappelijk Onderzoek,,G7681798550,,
W2952457689,Dr Sarah Louise Smithson,,National Institute for Health and Care Research,,G5654121726,Deciphering Developmental Disorders,
W2952457689,Dr Sarah Louise Smithson,,Wellcome Trust,,G7291792222,,
W3160712508,Dr Sarah Louise Smithson,,Deutsche Forschungsgemeinschaft,,G1467836869,,
W3160712508,Dr Sarah Louise Smithson,,Deutsche Forschungsgemeinschaft,,G2299038950,,
W3160712508,Dr Sarah Louise Smithson,,National Institute of General Medical Sciences,,G5156282654,,
W3160712508,Dr Sarah Louise Smithson,,National Institutes of Health,,G5950577451,,
W3160712508,Dr Sarah Louise Smithson,,National Institutes of Health,,G6609582107,,
W3160712508,Dr Sarah Louise Smithson,,National Institute of Neurological Disorders and Stroke,,G6931432906,,
W3160712508,Dr Sarah Louise Smithson,,Deutsche Forschungsgemeinschaft,,G7855166338,,
W2913780913,Dr Sarah Louise Smithson,,National Institute for Health and Care Research,,G5654121726,Deciphering Developmental Disorders,
W2913780913,Dr Sarah Louise Smithson,,Wellcome Trust,,G7291792222,,
W2908586881,Dr Sarah Louise Smithson,,National Institute for Health and Care Research,,G5654121726,Deciphering Developmental Disorders,
W2908586881,Dr Sarah Louise Smithson,,Wellcome Trust,,G7291792222,,
W2884271123,Dr Sarah Louise Smithson,,Wellcome Trust,,G2590545153,,
W2884271123,Dr Sarah Louise Smithson,,Medical Research Council,,G4900274166,,
W2884271123,Dr Sarah Louise Smithson,,Action Medical Research,,G6982058366,,
W2884271123,Dr Sarah Louise Smithson,,Medical Research Council,,G7057732170,,
W2884271123,Dr Sarah Louise Smithson,,Wellcome Trust,,G8979996711,Mutations in malformation and disease.,
W4309496707,Dr Sarah Louise Smithson,,Wellcome Trust,,G1186624241,,
W4309496707,Dr Sarah Louise Smithson,,Medical Research Council,,G3873106536,,
W4309496707,Dr Sarah Louise Smithson,,National Institute for Health and Care Research,,G4038272545,,
W4309496707,Dr Sarah Louise Smithson,,Medical Research Council,,G5075428018,"Identifying New Disease Genes &amp; Mechanisms for Musculoskeletal Disorders in 100K Genomes Project using Bioinformatics, Phenotyping &amp; Machine Learning",
W4309496707,Dr Sarah Louise Smithson,,Medical Research Council,,G5815037128,,
W4309496707,Dr Sarah Louise Smithson,,Medical Research Council,,G5823484770,,
W4309496707,Dr Sarah Louise Smithson,,Wellcome Trust,,G7328908021,Human Genetics and Disease Biology: Core Renewal for the Wellcome Trust Centre for Human Genetics,
W4391451362,Dr Sarah Louise Smithson,,National Institute of General Medical Sciences,,G3918619244,,
W2785517869,Dr Sarah Louise Smithson,,National Institute for Health and Care Research,,G5654121726,Deciphering Developmental Disorders,
W2785517869,Dr Sarah Louise Smithson,,Wellcome Trust,,G7291792222,,
W2988834236,Dr Sarah Louise Smithson,,National Institute for Health and Care Research,,G1981701,Translational genomics- maximising potential for NHS patient care.,
W2988834236,Dr Sarah Louise Smithson,,Wellcome Trust,,G448356136,Genetic and epigenetic investigations of childhood cancer and overgrowth syndromes.,
W2988834236,Dr Sarah Louise Smithson,,National Institute for Health and Care Research,,G5654121726,Deciphering Developmental Disorders,
W2988834236,Dr Sarah Louise Smithson,,Child Growth Foundation,,G6848707853,,
W2988834236,Dr Sarah Louise Smithson,,Wellcome Trust,,G8666890344,Wellcome Trust Sanger Institute - generic account for deposition of all core- funded research papers,
W3091879665,Dr Sarah Louise Smithson,,Japan Agency for Medical Research and Development,,G1795082036,,
W3091879665,Dr Sarah Louise Smithson,,"Ministry of Education, Culture, Sports, Science and Technology",,G1806469351,,
W3091879665,Dr Sarah Louise Smithson,,Japan Society for the Promotion of Science,,G3164046079,Identification of the genes for mechanical stress diseases,
W3091879665,Dr Sarah Louise Smithson,,Japan Agency for Medical Research and Development,,G3171261365,,
W3091879665,Dr Sarah Louise Smithson,,Japan Agency for Medical Research and Development,,G4979975710,,
W3091879665,Dr Sarah Louise Smithson,,Japan Agency for Medical Research and Development,,G5068815258,,
W3091879665,Dr Sarah Louise Smithson,,Japan Agency for Medical Research and Development,,G5599297411,,
W3091879665,Dr Sarah Louise Smithson,,Japan Agency for Medical Research and Development,,G7418066161,,
W4403402638,Dr Sarah Louise Smithson,,Wellcome Trust,,G3405197100,,
W4403402638,Dr Sarah Louise Smithson,,National Institute for Health and Care Research,,G356049427,“We know so much so use us!!” - Improving the treatment for children with GENetic Rare disease: Observational Cohort study (GenROC),
W4403402638,Dr Sarah Louise Smithson,,Wellcome Trust,,G3724418959,,
W4403402638,Dr Sarah Louise Smithson,,National Institute for Health and Care Research,,G5654121726,Deciphering Developmental Disorders,
W4403402638,Dr Sarah Louise Smithson,,NIHR Cambridge Biomedical Research Centre,,G5734552151,,
W4403402638,Dr Sarah Louise Smithson,,Medical Research Council,,G5823484770,,
W4403402638,Dr Sarah Louise Smithson,,Wellcome Trust,,G7291792222,,
W4403402638,Dr Sarah Louise Smithson,,National Institute for Health and Care Research,,G8209003063,,
W4403402638,Dr Sarah Louise Smithson,,National Institute for Health and Care Research,,G8920760558,,
W4407072044,Dr Sarah Louise Smithson,,Medical Research Council,,G5075428018,"Identifying New Disease Genes &amp; Mechanisms for Musculoskeletal Disorders in 100K Genomes Project using Bioinformatics, Phenotyping &amp; Machine Learning",
W4407072044,Dr Sarah Louise Smithson,,Medical Research Council,,G5815037128,,
W4376133397,Dr Sarah Louise Smithson,,Eunice Kennedy Shriver National Institute of Child Health and Human Development,,G1763840522,,
W4376133397,Dr Sarah Louise Smithson,,National Institute of Neurological Disorders and Stroke,,G2428055607,,
W4376133397,Dr Sarah Louise Smithson,,Fondazione Telethon,,G5426148586,,
W4376133397,Dr Sarah Louise Smithson,,National Institute of Neurological Disorders and Stroke,,G6042381346,,
W4376133397,Dr Sarah Louise Smithson,,Novo Nordisk,,G8442229051,,
W4376133397,Dr Sarah Louise Smithson,,Novo Nordisk Fonden,,G8589990331,,
W4376133397,Dr Sarah Louise Smithson,,National Institutes of Health,,G8909006153,,
W4410946338,Dr Sarah Louise Smithson,,Medical Research Council,,G3292477496,,
W4410946338,Dr Sarah Louise Smithson,,National Institute for Health and Care Research,,G3349962940,,
W4410946338,Dr Sarah Louise Smithson,,Medical Research Council,,G5075428018,"Identifying New Disease Genes &amp; Mechanisms for Musculoskeletal Disorders in 100K Genomes Project using Bioinformatics, Phenotyping &amp; Machine Learning",
W4410946338,Dr Sarah Louise Smithson,,National Institute for Health and Care Research,,G7222005475,,
W4410946338,Dr Sarah Louise Smithson,,Manchester Biomedical Research Centre,,G8622835774,,
W4386220115,Dr Sarah Louise Smithson,,Medical Research Council,,G6754730214,The role of DNA methylation in stratifying and understanding paediatric nephrotic syndrome - a combined bioinformatics and CRISPR-cas9 approach,
W4386220115,Dr Sarah Louise Smithson,,Medical Research Council,,G7026058071,,
W2569620721,Dr Sarah Louise Smithson,,"National Heart, Lung, and Blood Institute",,G7944938374,,
W3141146408,Dr Sarah Louise Smithson,,Wellcome Trust,,G2173447148,,
W3141146408,Dr Sarah Louise Smithson,,Wellcome Trust,,G2684152593,,
W3141146408,Dr Sarah Louise Smithson,,Medical Research Council,,G2717044860,,
W3141146408,Dr Sarah Louise Smithson,,Wellcome Trust,,G6667657284,A reappraisal of peripheral pain pathways,
W3141146408,Dr Sarah Louise Smithson,,Wellcome Trust,,G6868616705,,
W3141146408,Dr Sarah Louise Smithson,,King Abdulaziz City for Science and Technology,,G8622817678,,
W3141146408,Dr Sarah Louise Smithson,,Medical Research Council,,G988748577,,
W3211490251,Dr Sarah Louise Smithson,,Medical Research Council,,G5823484770,,
W4221009780,Dr Sarah Louise Smithson,,National Institute for Health and Care Research,,G1981701,Translational genomics- maximising potential for NHS patient care.,
W4221009780,Dr Sarah Louise Smithson,,Royal Society,,G2736277907,,
W4221009780,Dr Sarah Louise Smithson,,Wellcome Trust,,G3071627590,,
W4221009780,Dr Sarah Louise Smithson,,Wellcome Trust,,G6364281818,,
W4387770283,Dr Sarah Louise Smithson,,Medical Research Council,,G5823484770,,
W4387770283,Dr Sarah Louise Smithson,,Wellcome Trust,,G7291792222,,
W3100653960,Dr Sarah Louise Smithson,,Deutsche Forschungsgemeinschaft,,G2299038950,,
W3100653960,Dr Sarah Louise Smithson,,National Institutes of Health,,G5950577451,,
W3100653960,Dr Sarah Louise Smithson,,National Institutes of Health,,G6609582107,,
W3100653960,Dr Sarah Louise Smithson,,Deutsche Forschungsgemeinschaft,,G7855166338,,
W4376135357,Dr Sarah Louise Smithson,,Medical Research Council,,G6754730214,The role of DNA methylation in stratifying and understanding paediatric nephrotic syndrome - a combined bioinformatics and CRISPR-cas9 approach,
W4376135357,Dr Sarah Louise Smithson,,Medical Research Council,,G7026058071,,
W4407896242,Dr Sarah Louise Smithson,,Medical Research Council,,G5075428018,"Identifying New Disease Genes &amp; Mechanisms for Musculoskeletal Disorders in 100K Genomes Project using Bioinformatics, Phenotyping &amp; Machine Learning",
W4407896242,Dr Sarah Louise Smithson,,Medical Research Council,,G5815037128,,
W4407896242,Dr Sarah Louise Smithson,,National Institute for Health and Care Research,,G7222005475,,
W4407896242,Dr Sarah Louise Smithson,,Manchester Biomedical Research Centre,,G8622835774,,
W2089768697,Dr Sarvjit Kaur Sohal,,Medical Research Council Canada,,G2374865730,,
W2464237238,Dr Shireen Kaur Sidhu,,National Health and Medical Research Council,,G4686621147,,
W2433734112,Dr Simon Christopher Tucker,,National Science Foundation,,G8727334445,,
W1855035813,Dr Simon Christopher Tucker,,Innovate UK,,G2599808862,,
W2032279329,Dr Simon Christopher Tucker,,Engineering and Physical Sciences Research Council,,G3680741621,,
W2096717583,Dr Simon Christopher Tucker,,Engineering and Physical Sciences Research Council,,G1529201574,,
W2096717583,Dr Simon Christopher Tucker,,Engineering and Physical Sciences Research Council,,G3680741621,,
W2000909187,Dr Simon Christopher Tucker,,Engineering and Physical Sciences Research Council,,G8407324284,,
W2083812789,Dr Simon Christopher Tucker,,Engineering and Physical Sciences Research Council,,G3680741621,,
W2083812789,Dr Simon Christopher Tucker,,Engineering and Physical Sciences Research Council,,G6432504771,Developing better outputs from building thermal simulation tools to improve decision making in the design of low energy buildings,
W3204491771,Dr Simon Christopher Tucker,,Engineering and Physical Sciences Research Council,,G5034549478,,
W2473550768,Dr Simon Harrington Lee,,National Cancer Institute,,G117029065,,
W2473550768,Dr Simon Harrington Lee,,National Institute of General Medical Sciences,,G3567701794,,
W2473550768,Dr Simon Harrington Lee,,National Institutes of Health,,G6403558213,,
W2473550768,Dr Simon Harrington Lee,,National Institutes of Health,,G8914094167,,
W4353015424,Dr Simon Harrington Lee,,National Institutes of Health,,G232225701,,
W4353015424,Dr Simon Harrington Lee,,Eunice Kennedy Shriver National Institute of Child Health and Human Development,,G2611340371,,
W4353015424,Dr Simon Harrington Lee,,Eunice Kennedy Shriver National Institute of Child Health and Human Development,,G3603636952,,
W4353015424,Dr Simon Harrington Lee,,Eunice Kennedy Shriver National Institute of Child Health and Human Development,,G8743759296,,
W2315091222,Dr Simon Harrington Lee,,Wellcome Trust,,G1113230984,,
W2315091222,Dr Simon Harrington Lee,,Wellcome Trust,,G1464437694,Overcoming ethnic differences: A 3D approach to body physique for predicting lung function in children (suggested acronym: The SLIC [Size and Lung function In Children] Study),
W2315091222,Dr Simon Harrington Lee,,Medical Research Council,,G1563802488,The SITAR method of growth curve analysis for growth assessment in translational medicine and life course epidemiology,
W2315091222,Dr Simon Harrington Lee,,Medical Research Council,,G3645667453,,
W2315091222,Dr Simon Harrington Lee,,Medical Research Council,,G4492458937,,
W2315091222,Dr Simon Harrington Lee,,Medical Research Council,,G4493270760,,
W2315091222,Dr Simon Harrington Lee,,Wellcome,,G5339497586,,
W2315091222,Dr Simon Harrington Lee,,Asthma and Lung UK,,G5582454774,,
W2086437274,Dr Simon Harrington Lee,,Wellcome Trust,,G1113230984,,
W2086437274,Dr Simon Harrington Lee,,Asthma and Lung UK,,G5582454774,,
W4379618779,Dr Simon Harrington Lee,,National Institutes of Health,,G232225701,,
W4379618779,Dr Simon Harrington Lee,,Eunice Kennedy Shriver National Institute of Child Health and Human Development,,G2611340371,,
W4379618779,Dr Simon Harrington Lee,,Eunice Kennedy Shriver National Institute of Child Health and Human Development,,G3603636952,,
W4379618779,Dr Simon Harrington Lee,,Johns Hopkins University,,G7080451252,,
W4379618779,Dr Simon Harrington Lee,,Eunice Kennedy Shriver National Institute of Child Health and Human Development,,G8743759296,,
W4389490104,Dr Simon Harrington Lee,,National Institutes of Health,,G4859609725,,
W4389490104,Dr Simon Harrington Lee,,National Institutes of Health,,G5514976981,,
W4389490104,Dr Simon Harrington Lee,,National Institutes of Health,,G6308784901,,
W4389490104,Dr Simon Harrington Lee,,"National Heart, Lung, and Blood Institute",,G6366950917,,
W4389490104,Dr Simon Harrington Lee,,National Institutes of Health,,G6622323977,,
W4389490104,Dr Simon Harrington Lee,,National Institutes of Health,,G7087659305,,
W4320709757,Dr Simon Harrington Lee,,National Institutes of Health,,G790414970,,
W4327723899,Dr Simon Harrington Lee,,Blue Cross Blue Shield of Michigan Foundation,,G4203287418,,
W4390047059,Dr Simon Harrington Lee,,"National Heart, Lung, and Blood Institute",,G7332752112,,
W4390411975,Dr Simon Harrington Lee,,National Institutes of Health,,G232225701,,
W4390411975,Dr Simon Harrington Lee,,Eunice Kennedy Shriver National Institute of Child Health and Human Development,,G2611340371,,
W4390411975,Dr Simon Harrington Lee,,Eunice Kennedy Shriver National Institute of Child Health and Human Development,,G3335904248,,
W4390411975,Dr Simon Harrington Lee,,Eunice Kennedy Shriver National Institute of Child Health and Human Development,,G3603636952,,
W4390411975,Dr Simon Harrington Lee,,National Institutes of Health,,G4859609725,,
W4390411975,Dr Simon Harrington Lee,,National Institutes of Health,,G6253332170,,
W4390411975,Dr Simon Harrington Lee,,"National Heart, Lung, and Blood Institute",,G6366950917,,
W4390411975,Dr Simon Harrington Lee,,Johns Hopkins University,,G7080451252,,
W4390411975,Dr Simon Harrington Lee,,Johns Hopkins University,,G8343818084,,
W4409701906,Dr Simon Harrington Lee,,National Center for Advancing Translational Sciences,,G7572750961,,
W4408392708,Dr Simon Harrington Lee,,"National Heart, Lung, and Blood Institute",,G565580426,,
W4408392708,Dr Simon Harrington Lee,,"National Heart, Lung, and Blood Institute",,G6068504281,,
W1978353242,Dr Simon Harrington Lee,,Natural Environment Research Council,,G5785138334,,
W1978353242,Dr Simon Harrington Lee,,Sight Research UK,,G7382457657,,
W2767851359,Dr Simon Harrington Lee,,National Institute for Health and Care Research,,G7150902934,,
W2010567690,Dr Simon Harrington Lee,,National Medical Research Council,,G51409772,,
W2343554117,Dr Simon Harrington Lee,,Wellcome Trust,,G1113230984,,
W2343554117,Dr Simon Harrington Lee,,Schweizerischer Nationalfonds zur Förderung der Wissenschaftlichen Forschung,,G1356463148,,
W2343554117,Dr Simon Harrington Lee,,Schweizerischer Nationalfonds zur Förderung der Wissenschaftlichen Forschung,,G2592692799,Predicting onset and persistence of wheeze in children,
W2343554117,Dr Simon Harrington Lee,,Schweizerischer Nationalfonds zur Förderung der Wissenschaftlichen Forschung,,G2984959202,,
W2343554117,Dr Simon Harrington Lee,,Asthma and Lung UK,,G3617824655,,
W2343554117,Dr Simon Harrington Lee,,Medical Research Council,,G3770657026,,
W2343554117,Dr Simon Harrington Lee,,Medical Research Council,,G4493270760,,
W2343554117,Dr Simon Harrington Lee,,Wellcome,,G5339497586,,
W2343554117,Dr Simon Harrington Lee,,Schweizerischer Nationalfonds zur Förderung der Wissenschaftlichen Forschung,,G5341665618,,
W2343554117,Dr Simon Harrington Lee,,Asthma and Lung UK,,G5582454774,,
W2343554117,Dr Simon Harrington Lee,,Schweizerischer Nationalfonds zur Förderung der Wissenschaftlichen Forschung,,G5787402730,,
W2343554117,Dr Simon Harrington Lee,,Schweizerischer Nationalfonds zur Förderung der Wissenschaftlichen Forschung,,G6022598323,,
W2343554117,Dr Simon Harrington Lee,,Schweizerischer Nationalfonds zur Förderung der Wissenschaftlichen Forschung,,G6570423588,,
W2343554117,Dr Simon Harrington Lee,,Medical Research Council,,G682021231,,
W2343554117,Dr Simon Harrington Lee,,Wellcome,,G7869480240,,
W2343554117,Dr Simon Harrington Lee,,Schweizerischer Nationalfonds zur Förderung der Wissenschaftlichen Forschung,,G8229905738,Breastfeeding and the risk of childhood asthma: a population-based study,
W2343554117,Dr Simon Harrington Lee,,Schweizerischer Nationalfonds zur Förderung der Wissenschaftlichen Forschung,,G8555187586,,
W2343554117,Dr Simon Harrington Lee,,Asthma and Lung UK,,G876670135,,
W2343554117,Dr Simon Harrington Lee,,Wellcome Trust,,G8830984112,,
W2343554117,Dr Simon Harrington Lee,,Medical Research Council,,G8973908153,,
W4310137369,Dr Simon Harrington Lee,,National Institutes of Health,,G232225701,,
W4310137369,Dr Simon Harrington Lee,,Eunice Kennedy Shriver National Institute of Child Health and Human Development,,G2611340371,,
W4310137369,Dr Simon Harrington Lee,,Johns Hopkins University,,G7080451252,,
W4390630187,Dr Simon Harrington Lee,,"National Heart, Lung, and Blood Institute",,G4150901562,,
W4390630187,Dr Simon Harrington Lee,,National Institutes of Health,,G7944486712,,
W4297256458,Dr Simon Harrington Lee,,National Institutes of Health,,G4732852481,,
W4297256458,Dr Simon Harrington Lee,,"National Heart, Lung, and Blood Institute",,G8182587366,,
W4297256458,Dr Simon Harrington Lee,,National Science Foundation,,G8673788410,,
W4297256458,Dr Simon Harrington Lee,,National Science Foundation,,G8889873315,"MRI: Acquisition of Conflux, A Novel Platform for Data-Driven Computational Physics",
W2047095018,Dr Simon Harrington Lee,,Wellcome Trust,,G1113230984,,
W2047095018,Dr Simon Harrington Lee,,Medical Research Council,,G4493270760,,
W2047095018,Dr Simon Harrington Lee,,Asthma and Lung UK,,G5582454774,,
W2924313202,Dr Simon Harrington Lee,,U.S. Department of Veterans Affairs,,G3582750146,,
W2924313202,Dr Simon Harrington Lee,,U.S. Department of Veterans Affairs,,G500513763,,
W4223501873,Dr Simon Harrington Lee,,National Health and Medical Research Council,,G3611027794,,
W4223501873,Dr Simon Harrington Lee,,National Health and Medical Research Council,,G7993768393,,
W2752360385,Dr Simon Harrington Lee,,National Cancer Institute,,G117029065,,
W4400313972,Dr Simon Harrington Lee,,National Institutes of Health,,G1323876262,,
W4400313972,Dr Simon Harrington Lee,,Deutsche Forschungsgemeinschaft,,G4351155116,,
W4400313972,Dr Simon Harrington Lee,,Deutsche Forschungsgemeinschaft,,G4599222031,,
W4400313972,Dr Simon Harrington Lee,,National Cancer Institute,,G5110314844,,
W4400313972,Dr Simon Harrington Lee,,"National Heart, Lung, and Blood Institute",,G6325057283,,
W4400313972,Dr Simon Harrington Lee,,"National Heart, Lung, and Blood Institute",,G7670660294,,
W4408939651,Dr Simon Harrington Lee,,Eunice Kennedy Shriver National Institute of Child Health and Human Development,,G3603636952,,
W3196628571,Dr Simon Harrington Lee,,"National Heart, Lung, and Blood Institute",,G1738799229,,
W4386541527,Dr Simon Harrington Lee,,British Heart Foundation,,G3641729310,Role of fibrin biofilm and clot network architecture in thrombus stability (renewal),
W4386541527,Dr Simon Harrington Lee,,Royal Free Charity,,G8753105282,,
W1987759953,Dr Simon Harrington Lee,,National Center for Research Resources,,G1035128915,,
W1987759953,Dr Simon Harrington Lee,,National Institute of General Medical Sciences,,G4149924461,,
W4300639047,Dr Simon Harrington Lee,,National Institutes of Health,,G2632541354,,
W4300639047,Dr Simon Harrington Lee,,Cancer Prevention and Research Institute of Texas,,G3595715919,Lumen formation during blood vessel angiogenesis,
W4300639047,Dr Simon Harrington Lee,,Cancer Prevention and Research Institute of Texas,,G4779649325,,
W4300639047,Dr Simon Harrington Lee,,Cancer Prevention and Research Institute of Texas,,G5019561802,,
W4393135458,Dr Simon Harrington Lee,,"Ministry of Science, ICT and Future Planning",,G6163150685,,
W4415992065,Dr Simon Harrington Lee,,"National Heart, Lung, and Blood Institute",,G1400921683,,
W4415992065,Dr Simon Harrington Lee,,Radiological Society of North America,,G1516699754,,
W4415992065,Dr Simon Harrington Lee,,American Heart Association,,G179287284,Wideband Cardiac MRI for Predicting Right Heart Failure after LVAD Implantation,
W4415992065,Dr Simon Harrington Lee,,National Institute of Biomedical Imaging and Bioengineering,,G3436899064,,
W4415992065,Dr Simon Harrington Lee,,National Institutes of Health,,G3900021292,,
W4415992065,Dr Simon Harrington Lee,,American Heart Association,,G4335299064,Rapid Cardiovascular MRI for Quantifying Coronary Microvascular Dysfunction in COVID-19 Survivors,
W4415992065,Dr Simon Harrington Lee,,"National Heart, Lung, and Blood Institute",,G5538924722,,
W4415992065,Dr Simon Harrington Lee,,"National Heart, Lung, and Blood Institute",,G5831111913,,
W4415992065,Dr Simon Harrington Lee,,American Heart Association,,G5840287347,Diversity Supplement to Rapid Cardiovascular MRI for Screening Microvascular Angina in COVID-19 Survivors,
W4415992065,Dr Simon Harrington Lee,,"National Heart, Lung, and Blood Institute",,G7395950080,,
W4415992065,Dr Simon Harrington Lee,,National Institutes of Health,,G8347700841,,
W4415992065,Dr Simon Harrington Lee,,National Institutes of Health,,G8754818498,,
W4415992065,Dr Simon Harrington Lee,,National Institutes of Health,,G901479405,,
W7154274623,Dr Simon Harrington Lee,,Flinders University,,G404440373,,
W7160522095,Dr Simon Harrington Lee,,icare,,G8149033228,,
W7160522095,Dr Simon Harrington Lee,,Medical Research Future Fund,,G95865592,,
W2138720274,Dr Stephen James Gilmore,,Engineering and Physical Sciences Research Council,,G2355271421,,
W2138720274,Dr Stephen James Gilmore,,Engineering and Physical Sciences Research Council,,G570629271,,
W2138720274,Dr Stephen James Gilmore,,Engineering and Physical Sciences Research Council,,G6104029035,"Modelling, analysis and simulation of spatial patterning on evolving surfaces",
W2138720274,Dr Stephen James Gilmore,,Engineering and Physical Sciences Research Council,,G8095436610,Mathematical modelling of spatial patterning on evolving surfaces,
W2101826042,Dr Stephen James Gilmore,,National Institute of Arthritis and Musculoskeletal and Skin Diseases,,G4051058118,,
W2101826042,Dr Stephen James Gilmore,,National Institute of Arthritis and Musculoskeletal and Skin Diseases,,G8675508067,,
W4412009775,Dr Tania Maree Zappala,,National Health and Medical Research Council,,G5572538776,,
W4412009775,Dr Tania Maree Zappala,,National Health and Medical Research Council,,G8112930768,Sleep for Strong Souls (3S): Multisectoral partnership and co-designed solutions to improve the sleep health of First Nations Adolescents,
W4412009775,Dr Tania Maree Zappala,,National Health and Medical Research Council,,G8388869339,"Cystic Fibrosis - Insulin Deficiency, Early Action (CF-IDEA)",
W4410370323,Dr Tony Philip Caccetta,,National Health and Medical Research Council,,G7634800150,,
W4392292341,Dr Tony Philip Caccetta,,National Health and Medical Research Council,,G2711193317,Roadmap Options for Melanoma Screening in Australia (Melanoma-ROSA),
W4392292341,Dr Tony Philip Caccetta,,National Health and Medical Research Council,,G4725715576,,
